STARTFONT 2.1
COMMENT
COMMENT Converted from OpenType font "DepartureMonoNerdFont-Regular.otf" by "otf2bdf 3.0".
COMMENT
FONT -FreeType-DepartureMono Nerd Font-Medium-R-Normal--17-120-100-100-P-127-ISO10646-1
SIZE 12 100 100
FONTBOUNDINGBOX 23 22 -1 -5
STARTPROPERTIES 19
FOUNDRY "FreeType"
FAMILY_NAME "DepartureMono Nerd Font"
WEIGHT_NAME "Medium"
SLANT "R"
SETWIDTH_NAME "Normal"
ADD_STYLE_NAME ""
PIXEL_SIZE 17
POINT_SIZE 120
RESOLUTION_X 100
RESOLUTION_Y 100
SPACING "P"
AVERAGE_WIDTH 127
CHARSET_REGISTRY "ISO10646"
CHARSET_ENCODING "1"
FONT_ASCENT 17
FONT_DESCENT 4
COPYRIGHT "Copyright 20222024 Helena Zhang"
_OTF_FONTFILE "DepartureMonoNerdFont-Regular.otf"
_OTF_PSNAME "DepartureMonoNF"
ENDPROPERTIES
CHARS 4941
STARTCHAR 0020
ENCODING 32
SWIDTH 660 0
DWIDTH 11 0
BBX 0 0 0 0
BITMAP
ENDCHAR
STARTCHAR 0021
ENCODING 33
SWIDTH 660 0
DWIDTH 11 0
BBX 1 12 5 0
BITMAP
80
80
80
80
80
80
80
80
80
00
80
80
ENDCHAR
STARTCHAR 0022
ENCODING 34
SWIDTH 660 0
DWIDTH 11 0
BBX 5 4 3 8
BITMAP
D8
D8
D8
D8
ENDCHAR
STARTCHAR 0023
ENCODING 35
SWIDTH 660 0
DWIDTH 11 0
BBX 11 12 0 0
BITMAP
0480
0480
0480
3FE0
1B00
1B00
1B00
FF80
FF80
2400
2400
2400
ENDCHAR
STARTCHAR 0024
ENCODING 36
SWIDTH 660 0
DWIDTH 11 0
BBX 7 16 2 -2
BITMAP
10
10
7C
92
92
90
7C
7C
12
12
12
92
7C
7C
10
10
ENDCHAR
STARTCHAR 0025
ENCODING 37
SWIDTH 660 0
DWIDTH 11 0
BBX 9 12 2 0
BITMAP
6180
9180
9180
6200
0C00
0C00
1000
6200
6200
8D80
8200
8200
ENDCHAR
STARTCHAR 0026
ENCODING 38
SWIDTH 660 0
DWIDTH 11 0
BBX 9 12 2 0
BITMAP
7000
8C00
8C00
8000
6180
6180
8E00
8C00
8C00
8C00
7000
7000
ENDCHAR
STARTCHAR 0027
ENCODING 39
SWIDTH 660 0
DWIDTH 11 0
BBX 1 4 5 8
BITMAP
80
80
80
80
ENDCHAR
STARTCHAR 0028
ENCODING 40
SWIDTH 660 0
DWIDTH 11 0
BBX 5 16 3 -2
BITMAP
18
18
20
C0
C0
C0
C0
C0
C0
C0
C0
C0
20
20
18
18
ENDCHAR
STARTCHAR 0029
ENCODING 41
SWIDTH 660 0
DWIDTH 11 0
BBX 5 16 3 -2
BITMAP
C0
C0
20
18
18
18
18
18
18
18
18
18
20
20
C0
C0
ENDCHAR
STARTCHAR 002A
ENCODING 42
SWIDTH 660 0
DWIDTH 11 0
BBX 7 7 2 5
BITMAP
10
92
92
7C
92
92
10
ENDCHAR
STARTCHAR 002B
ENCODING 43
SWIDTH 660 0
DWIDTH 11 0
BBX 7 7 2 2
BITMAP
10
10
10
FE
10
10
10
ENDCHAR
STARTCHAR 002C
ENCODING 44
SWIDTH 660 0
DWIDTH 11 0
BBX 3 5 3 -2
BITMAP
20
20
20
C0
C0
ENDCHAR
STARTCHAR 002D
ENCODING 45
SWIDTH 660 0
DWIDTH 11 0
BBX 5 1 3 5
BITMAP
F8
ENDCHAR
STARTCHAR 002E
ENCODING 46
SWIDTH 660 0
DWIDTH 11 0
BBX 1 3 5 0
BITMAP
80
80
80
ENDCHAR
STARTCHAR 002F
ENCODING 47
SWIDTH 660 0
DWIDTH 11 0
BBX 7 16 2 -2
BITMAP
02
02
02
0C
0C
0C
10
10
10
60
60
60
80
80
80
80
ENDCHAR
STARTCHAR 0030
ENCODING 48
SWIDTH 660 0
DWIDTH 11 0
BBX 7 12 2 0
BITMAP
7C
82
82
8E
92
92
E2
82
82
82
7C
7C
ENDCHAR
STARTCHAR 0031
ENCODING 49
SWIDTH 660 0
DWIDTH 11 0
BBX 7 12 2 0
BITMAP
10
F0
F0
10
10
10
10
10
10
10
FE
FE
ENDCHAR
STARTCHAR 0032
ENCODING 50
SWIDTH 660 0
DWIDTH 11 0
BBX 7 12 2 0
BITMAP
7C
82
82
02
0C
0C
10
60
60
80
FE
FE
ENDCHAR
STARTCHAR 0033
ENCODING 51
SWIDTH 660 0
DWIDTH 11 0
BBX 7 12 2 0
BITMAP
7C
82
82
02
1C
1C
02
02
02
82
7C
7C
ENDCHAR
STARTCHAR 0034
ENCODING 52
SWIDTH 660 0
DWIDTH 11 0
BBX 7 12 2 0
BITMAP
0E
12
12
62
82
82
82
FE
FE
02
02
02
ENDCHAR
STARTCHAR 0035
ENCODING 53
SWIDTH 660 0
DWIDTH 11 0
BBX 7 12 2 0
BITMAP
FE
80
80
80
FC
FC
02
02
02
82
7C
7C
ENDCHAR
STARTCHAR 0036
ENCODING 54
SWIDTH 660 0
DWIDTH 11 0
BBX 7 12 2 0
BITMAP
7C
82
82
80
FC
FC
82
82
82
82
7C
7C
ENDCHAR
STARTCHAR 0037
ENCODING 55
SWIDTH 660 0
DWIDTH 11 0
BBX 7 12 2 0
BITMAP
FE
02
02
02
0C
0C
10
60
60
60
60
60
ENDCHAR
STARTCHAR 0038
ENCODING 56
SWIDTH 660 0
DWIDTH 11 0
BBX 7 12 2 0
BITMAP
7C
82
82
82
7C
7C
82
82
82
82
7C
7C
ENDCHAR
STARTCHAR 0039
ENCODING 57
SWIDTH 660 0
DWIDTH 11 0
BBX 7 12 2 0
BITMAP
7C
82
82
82
82
82
7E
02
02
82
7C
7C
ENDCHAR
STARTCHAR 003A
ENCODING 58
SWIDTH 660 0
DWIDTH 11 0
BBX 1 9 5 0
BITMAP
80
80
80
00
00
00
80
80
80
ENDCHAR
STARTCHAR 003B
ENCODING 59
SWIDTH 660 0
DWIDTH 11 0
BBX 3 11 3 -2
BITMAP
20
20
20
00
00
00
20
20
20
C0
C0
ENDCHAR
STARTCHAR 003C
ENCODING 60
SWIDTH 660 0
DWIDTH 11 0
BBX 6 11 2 0
BITMAP
0C
0C
10
60
60
80
60
60
10
0C
0C
ENDCHAR
STARTCHAR 003D
ENCODING 61
SWIDTH 660 0
DWIDTH 11 0
BBX 7 5 2 3
BITMAP
FE
FE
00
FE
FE
ENDCHAR
STARTCHAR 003E
ENCODING 62
SWIDTH 660 0
DWIDTH 11 0
BBX 6 11 3 0
BITMAP
C0
C0
20
18
18
04
18
18
20
C0
C0
ENDCHAR
STARTCHAR 003F
ENCODING 63
SWIDTH 660 0
DWIDTH 11 0
BBX 7 12 2 0
BITMAP
7C
82
82
02
0C
0C
10
10
10
00
10
10
ENDCHAR
STARTCHAR 0040
ENCODING 64
SWIDTH 660 0
DWIDTH 11 0
BBX 7 12 2 0
BITMAP
7C
82
82
02
72
72
92
92
92
92
6C
6C
ENDCHAR
STARTCHAR 0041
ENCODING 65
SWIDTH 660 0
DWIDTH 11 0
BBX 7 12 2 0
BITMAP
10
6C
6C
82
82
82
FE
82
82
82
82
82
ENDCHAR
STARTCHAR 0042
ENCODING 66
SWIDTH 660 0
DWIDTH 11 0
BBX 7 12 2 0
BITMAP
FC
82
82
82
FC
FC
82
82
82
82
FC
FC
ENDCHAR
STARTCHAR 0043
ENCODING 67
SWIDTH 660 0
DWIDTH 11 0
BBX 7 12 2 0
BITMAP
7C
82
82
80
80
80
80
80
80
82
7C
7C
ENDCHAR
STARTCHAR 0044
ENCODING 68
SWIDTH 660 0
DWIDTH 11 0
BBX 7 12 2 0
BITMAP
FC
82
82
82
82
82
82
82
82
82
FC
FC
ENDCHAR
STARTCHAR 0045
ENCODING 69
SWIDTH 660 0
DWIDTH 11 0
BBX 7 12 2 0
BITMAP
FE
80
80
80
FC
FC
80
80
80
80
FE
FE
ENDCHAR
STARTCHAR 0046
ENCODING 70
SWIDTH 660 0
DWIDTH 11 0
BBX 7 12 2 0
BITMAP
FE
80
80
80
FC
FC
80
80
80
80
80
80
ENDCHAR
STARTCHAR 0047
ENCODING 71
SWIDTH 660 0
DWIDTH 11 0
BBX 7 12 2 0
BITMAP
7C
82
82
80
80
80
8E
82
82
82
7C
7C
ENDCHAR
STARTCHAR 0048
ENCODING 72
SWIDTH 660 0
DWIDTH 11 0
BBX 7 12 2 0
BITMAP
82
82
82
82
FE
FE
82
82
82
82
82
82
ENDCHAR
STARTCHAR 0049
ENCODING 73
SWIDTH 660 0
DWIDTH 11 0
BBX 7 12 2 0
BITMAP
FE
10
10
10
10
10
10
10
10
10
FE
FE
ENDCHAR
STARTCHAR 004A
ENCODING 74
SWIDTH 660 0
DWIDTH 11 0
BBX 7 12 2 0
BITMAP
1E
02
02
02
02
02
02
02
02
82
7C
7C
ENDCHAR
STARTCHAR 004B
ENCODING 75
SWIDTH 660 0
DWIDTH 11 0
BBX 7 12 2 0
BITMAP
82
8C
8C
90
F0
F0
8C
8C
8C
82
82
82
ENDCHAR
STARTCHAR 004C
ENCODING 76
SWIDTH 660 0
DWIDTH 11 0
BBX 7 12 2 0
BITMAP
80
80
80
80
80
80
80
80
80
80
FE
FE
ENDCHAR
STARTCHAR 004D
ENCODING 77
SWIDTH 660 0
DWIDTH 11 0
BBX 7 12 2 0
BITMAP
82
82
82
EE
92
92
92
82
82
82
82
82
ENDCHAR
STARTCHAR 004E
ENCODING 78
SWIDTH 660 0
DWIDTH 11 0
BBX 7 12 2 0
BITMAP
82
82
82
E2
92
92
8E
82
82
82
82
82
ENDCHAR
STARTCHAR 004F
ENCODING 79
SWIDTH 660 0
DWIDTH 11 0
BBX 7 12 2 0
BITMAP
7C
82
82
82
82
82
82
82
82
82
7C
7C
ENDCHAR
STARTCHAR 0050
ENCODING 80
SWIDTH 660 0
DWIDTH 11 0
BBX 7 12 2 0
BITMAP
FC
82
82
82
82
82
FC
80
80
80
80
80
ENDCHAR
STARTCHAR 0051
ENCODING 81
SWIDTH 660 0
DWIDTH 11 0
BBX 7 14 2 -2
BITMAP
7C
82
82
82
82
82
82
82
82
82
7C
7C
0E
0E
ENDCHAR
STARTCHAR 0052
ENCODING 82
SWIDTH 660 0
DWIDTH 11 0
BBX 7 12 2 0
BITMAP
FC
82
82
82
82
82
FC
8C
8C
82
82
82
ENDCHAR
STARTCHAR 0053
ENCODING 83
SWIDTH 660 0
DWIDTH 11 0
BBX 7 12 2 0
BITMAP
7C
82
82
80
7C
7C
02
02
02
82
7C
7C
ENDCHAR
STARTCHAR 0054
ENCODING 84
SWIDTH 660 0
DWIDTH 11 0
BBX 7 12 2 0
BITMAP
FE
10
10
10
10
10
10
10
10
10
10
10
ENDCHAR
STARTCHAR 0055
ENCODING 85
SWIDTH 660 0
DWIDTH 11 0
BBX 7 12 2 0
BITMAP
82
82
82
82
82
82
82
82
82
82
7C
7C
ENDCHAR
STARTCHAR 0056
ENCODING 86
SWIDTH 660 0
DWIDTH 11 0
BBX 7 12 2 0
BITMAP
82
82
82
82
82
82
82
6C
6C
6C
10
10
ENDCHAR
STARTCHAR 0057
ENCODING 87
SWIDTH 660 0
DWIDTH 11 0
BBX 7 12 2 0
BITMAP
82
82
82
82
92
92
92
6C
6C
6C
6C
6C
ENDCHAR
STARTCHAR 0058
ENCODING 88
SWIDTH 660 0
DWIDTH 11 0
BBX 7 12 2 0
BITMAP
82
82
82
6C
10
10
6C
82
82
82
82
82
ENDCHAR
STARTCHAR 0059
ENCODING 89
SWIDTH 660 0
DWIDTH 11 0
BBX 7 12 2 0
BITMAP
82
82
82
82
6C
6C
10
10
10
10
10
10
ENDCHAR
STARTCHAR 005A
ENCODING 90
SWIDTH 660 0
DWIDTH 11 0
BBX 7 12 2 0
BITMAP
FE
02
02
0C
10
10
60
80
80
80
FE
FE
ENDCHAR
STARTCHAR 005B
ENCODING 91
SWIDTH 660 0
DWIDTH 11 0
BBX 5 16 3 -2
BITMAP
F8
F8
C0
C0
C0
C0
C0
C0
C0
C0
C0
C0
C0
C0
F8
F8
ENDCHAR
STARTCHAR 005C
ENCODING 92
SWIDTH 660 0
DWIDTH 11 0
BBX 7 16 2 -2
BITMAP
80
80
80
60
60
60
10
10
10
0C
0C
0C
02
02
02
02
ENDCHAR
STARTCHAR 005D
ENCODING 93
SWIDTH 660 0
DWIDTH 11 0
BBX 5 16 3 -2
BITMAP
F8
F8
18
18
18
18
18
18
18
18
18
18
18
18
F8
F8
ENDCHAR
STARTCHAR 005E
ENCODING 94
SWIDTH 660 0
DWIDTH 11 0
BBX 5 3 3 9
BITMAP
20
D8
D8
ENDCHAR
STARTCHAR 005F
ENCODING 95
SWIDTH 660 0
DWIDTH 11 0
BBX 7 2 2 0
BITMAP
FE
FE
ENDCHAR
STARTCHAR 0060
ENCODING 96
SWIDTH 660 0
DWIDTH 11 0
BBX 3 3 3 11
BITMAP
C0
C0
20
ENDCHAR
STARTCHAR 0061
ENCODING 97
SWIDTH 660 0
DWIDTH 11 0
BBX 7 9 2 0
BITMAP
7C
02
02
7E
82
82
8E
72
72
ENDCHAR
STARTCHAR 0062
ENCODING 98
SWIDTH 660 0
DWIDTH 11 0
BBX 7 12 2 0
BITMAP
80
80
80
9C
E2
E2
82
82
82
E2
9C
9C
ENDCHAR
STARTCHAR 0063
ENCODING 99
SWIDTH 660 0
DWIDTH 11 0
BBX 7 9 2 0
BITMAP
7C
82
82
80
80
80
82
7C
7C
ENDCHAR
STARTCHAR 0064
ENCODING 100
SWIDTH 660 0
DWIDTH 11 0
BBX 7 12 2 0
BITMAP
02
02
02
72
8E
8E
82
82
82
8E
72
72
ENDCHAR
STARTCHAR 0065
ENCODING 101
SWIDTH 660 0
DWIDTH 11 0
BBX 7 9 2 0
BITMAP
7C
82
82
FE
80
80
82
7C
7C
ENDCHAR
STARTCHAR 0066
ENCODING 102
SWIDTH 660 0
DWIDTH 11 0
BBX 7 12 2 0
BITMAP
1E
60
60
FE
60
60
60
60
60
60
FC
FC
ENDCHAR
STARTCHAR 0067
ENCODING 103
SWIDTH 660 0
DWIDTH 11 0
BBX 7 12 2 -3
BITMAP
72
8E
8E
82
82
82
8E
72
72
02
02
7C
ENDCHAR
STARTCHAR 0068
ENCODING 104
SWIDTH 660 0
DWIDTH 11 0
BBX 7 12 2 0
BITMAP
80
80
80
9C
E2
E2
82
82
82
82
82
82
ENDCHAR
STARTCHAR 0069
ENCODING 105
SWIDTH 660 0
DWIDTH 11 0
BBX 7 12 2 0
BITMAP
10
00
00
F0
10
10
10
10
10
10
FE
FE
ENDCHAR
STARTCHAR 006A
ENCODING 106
SWIDTH 660 0
DWIDTH 11 0
BBX 6 15 2 -3
BITMAP
0C
00
00
7C
0C
0C
0C
0C
0C
0C
0C
0C
8C
8C
70
ENDCHAR
STARTCHAR 006B
ENCODING 107
SWIDTH 660 0
DWIDTH 11 0
BBX 7 12 2 0
BITMAP
80
80
80
82
8C
8C
90
F0
F0
8C
82
82
ENDCHAR
STARTCHAR 006C
ENCODING 108
SWIDTH 660 0
DWIDTH 11 0
BBX 7 12 2 0
BITMAP
F0
10
10
10
10
10
10
10
10
10
FE
FE
ENDCHAR
STARTCHAR 006D
ENCODING 109
SWIDTH 660 0
DWIDTH 11 0
BBX 7 9 2 0
BITMAP
EC
92
92
92
92
92
92
92
92
ENDCHAR
STARTCHAR 006E
ENCODING 110
SWIDTH 660 0
DWIDTH 11 0
BBX 7 9 2 0
BITMAP
9C
E2
E2
82
82
82
82
82
82
ENDCHAR
STARTCHAR 006F
ENCODING 111
SWIDTH 660 0
DWIDTH 11 0
BBX 7 9 2 0
BITMAP
7C
82
82
82
82
82
82
7C
7C
ENDCHAR
STARTCHAR 0070
ENCODING 112
SWIDTH 660 0
DWIDTH 11 0
BBX 7 12 2 -3
BITMAP
9C
E2
E2
82
82
82
E2
9C
9C
80
80
80
ENDCHAR
STARTCHAR 0071
ENCODING 113
SWIDTH 660 0
DWIDTH 11 0
BBX 7 12 2 -3
BITMAP
72
8E
8E
82
82
82
8E
72
72
02
02
02
ENDCHAR
STARTCHAR 0072
ENCODING 114
SWIDTH 660 0
DWIDTH 11 0
BBX 7 9 2 0
BITMAP
EE
70
70
60
60
60
60
FC
FC
ENDCHAR
STARTCHAR 0073
ENCODING 115
SWIDTH 660 0
DWIDTH 11 0
BBX 7 9 2 0
BITMAP
7C
82
82
7C
02
02
82
7C
7C
ENDCHAR
STARTCHAR 0074
ENCODING 116
SWIDTH 660 0
DWIDTH 11 0
BBX 7 12 2 0
BITMAP
60
60
60
FE
60
60
60
60
60
62
1C
1C
ENDCHAR
STARTCHAR 0075
ENCODING 117
SWIDTH 660 0
DWIDTH 11 0
BBX 7 9 2 0
BITMAP
82
82
82
82
82
82
8E
72
72
ENDCHAR
STARTCHAR 0076
ENCODING 118
SWIDTH 660 0
DWIDTH 11 0
BBX 7 9 2 0
BITMAP
82
82
82
82
6C
6C
6C
10
10
ENDCHAR
STARTCHAR 0077
ENCODING 119
SWIDTH 660 0
DWIDTH 11 0
BBX 7 9 2 0
BITMAP
92
92
92
92
92
92
92
6E
6E
ENDCHAR
STARTCHAR 0078
ENCODING 120
SWIDTH 660 0
DWIDTH 11 0
BBX 7 9 2 0
BITMAP
82
6C
6C
10
6C
6C
82
82
82
ENDCHAR
STARTCHAR 0079
ENCODING 121
SWIDTH 660 0
DWIDTH 11 0
BBX 7 12 2 -3
BITMAP
82
82
82
82
6C
6C
6C
10
10
10
10
E0
ENDCHAR
STARTCHAR 007A
ENCODING 122
SWIDTH 660 0
DWIDTH 11 0
BBX 7 9 2 0
BITMAP
FE
0C
0C
10
60
60
80
FE
FE
ENDCHAR
STARTCHAR 007B
ENCODING 123
SWIDTH 660 0
DWIDTH 11 0
BBX 8 16 0 -2
BITMAP
07
07
18
18
18
18
E0
E0
18
18
18
18
18
18
07
07
ENDCHAR
STARTCHAR 007C
ENCODING 124
SWIDTH 660 0
DWIDTH 11 0
BBX 1 16 5 -2
BITMAP
80
80
80
80
80
80
80
80
80
80
80
80
80
80
80
80
ENDCHAR
STARTCHAR 007D
ENCODING 125
SWIDTH 660 0
DWIDTH 11 0
BBX 8 16 3 -2
BITMAP
E0
E0
18
18
18
18
07
07
18
18
18
18
18
18
E0
E0
ENDCHAR
STARTCHAR 007E
ENCODING 126
SWIDTH 660 0
DWIDTH 11 0
BBX 7 5 2 3
BITMAP
60
60
92
0C
0C
ENDCHAR
STARTCHAR 00A0
ENCODING 160
SWIDTH 660 0
DWIDTH 11 0
BBX 0 0 0 0
BITMAP
ENDCHAR
STARTCHAR 00A1
ENCODING 161
SWIDTH 660 0
DWIDTH 11 0
BBX 1 12 5 -3
BITMAP
80
00
00
80
80
80
80
80
80
80
80
80
ENDCHAR
STARTCHAR 00A2
ENCODING 162
SWIDTH 660 0
DWIDTH 11 0
BBX 7 11 2 0
BITMAP
10
10
7C
92
92
90
92
92
7C
10
10
ENDCHAR
STARTCHAR 00A3
ENCODING 163
SWIDTH 660 0
DWIDTH 11 0
BBX 7 12 2 0
BITMAP
1C
62
62
60
60
60
FC
60
60
60
FE
FE
ENDCHAR
STARTCHAR 00A4
ENCODING 164
SWIDTH 660 0
DWIDTH 11 0
BBX 7 9 2 0
BITMAP
92
6C
6C
82
82
82
6C
92
92
ENDCHAR
STARTCHAR 00A5
ENCODING 165
SWIDTH 660 0
DWIDTH 11 0
BBX 7 12 2 0
BITMAP
82
82
82
6C
10
10
FE
10
10
FE
10
10
ENDCHAR
STARTCHAR 00A6
ENCODING 166
SWIDTH 660 0
DWIDTH 11 0
BBX 1 16 5 -2
BITMAP
80
80
80
80
80
80
00
00
00
80
80
80
80
80
80
80
ENDCHAR
STARTCHAR 00A7
ENCODING 167
SWIDTH 660 0
DWIDTH 11 0
BBX 7 14 2 -2
BITMAP
7C
82
82
E0
7C
7C
82
7C
7C
0E
82
82
7C
7C
ENDCHAR
STARTCHAR 00A8
ENCODING 168
SWIDTH 660 0
DWIDTH 11 0
BBX 5 1 3 11
BITMAP
D8
ENDCHAR
STARTCHAR 00A9
ENCODING 169
SWIDTH 660 0
DWIDTH 11 0
BBX 7 18 2 -3
BITMAP
7C
82
82
00
10
10
6C
60
60
60
6C
6C
10
00
00
82
82
7C
ENDCHAR
STARTCHAR 00AA
ENCODING 170
SWIDTH 660 0
DWIDTH 11 0
BBX 7 7 2 5
BITMAP
7E
82
82
82
8E
8E
72
ENDCHAR
STARTCHAR 00AB
ENCODING 171
SWIDTH 660 0
DWIDTH 11 0
BBX 9 7 0 2
BITMAP
1880
2300
2300
C400
2300
2300
1880
ENDCHAR
STARTCHAR 00AC
ENCODING 172
SWIDTH 660 0
DWIDTH 11 0
BBX 7 4 2 2
BITMAP
FE
02
02
02
ENDCHAR
STARTCHAR 00AD
ENCODING 173
SWIDTH 660 0
DWIDTH 11 0
BBX 5 1 3 5
BITMAP
F8
ENDCHAR
STARTCHAR 00AE
ENCODING 174
SWIDTH 660 0
DWIDTH 11 0
BBX 7 18 2 -3
BITMAP
7C
82
82
00
70
70
6C
6C
6C
70
6C
6C
6C
00
00
82
82
7C
ENDCHAR
STARTCHAR 00AF
ENCODING 175
SWIDTH 660 0
DWIDTH 11 0
BBX 5 1 3 11
BITMAP
F8
ENDCHAR
STARTCHAR 00B0
ENCODING 176
SWIDTH 660 0
DWIDTH 11 0
BBX 5 4 3 8
BITMAP
20
D8
D8
20
ENDCHAR
STARTCHAR 00B1
ENCODING 177
SWIDTH 660 0
DWIDTH 11 0
BBX 7 11 2 0
BITMAP
10
10
10
FE
FE
10
10
10
00
FE
FE
ENDCHAR
STARTCHAR 00B2
ENCODING 178
SWIDTH 660 0
DWIDTH 11 0
BBX 7 9 2 5
BITMAP
7C
7C
82
0C
0C
10
60
60
FE
ENDCHAR
STARTCHAR 00B3
ENCODING 179
SWIDTH 660 0
DWIDTH 11 0
BBX 7 9 2 5
BITMAP
7C
7C
82
1C
1C
02
82
82
7C
ENDCHAR
STARTCHAR 00B4
ENCODING 180
SWIDTH 660 0
DWIDTH 11 0
BBX 3 3 5 11
BITMAP
60
60
80
ENDCHAR
STARTCHAR 00B5
ENCODING 181
SWIDTH 660 0
DWIDTH 11 0
BBX 7 12 2 -3
BITMAP
82
82
82
82
82
82
8E
F2
F2
80
80
80
ENDCHAR
STARTCHAR 00B6
ENCODING 182
SWIDTH 660 0
DWIDTH 11 0
BBX 7 12 2 0
BITMAP
7E
F2
F2
F2
F2
F2
72
02
02
02
02
02
ENDCHAR
STARTCHAR 00B7
ENCODING 183
SWIDTH 660 0
DWIDTH 11 0
BBX 1 3 5 5
BITMAP
80
80
80
ENDCHAR
STARTCHAR 00B8
ENCODING 184
SWIDTH 660 0
DWIDTH 11 0
BBX 3 5 5 -5
BITMAP
80
80
60
80
80
ENDCHAR
STARTCHAR 00B9
ENCODING 185
SWIDTH 660 0
DWIDTH 11 0
BBX 5 9 3 5
BITMAP
20
20
E0
20
20
20
20
20
F8
ENDCHAR
STARTCHAR 00BA
ENCODING 186
SWIDTH 660 0
DWIDTH 11 0
BBX 7 7 2 5
BITMAP
7C
82
82
82
82
82
7C
ENDCHAR
STARTCHAR 00BB
ENCODING 187
SWIDTH 660 0
DWIDTH 11 0
BBX 9 7 2 2
BITMAP
8C00
6200
6200
1180
6200
6200
8C00
ENDCHAR
STARTCHAR 00BC
ENCODING 188
SWIDTH 660 0
DWIDTH 11 0
BBX 11 20 0 -5
BITMAP
2000
E000
E000
2000
2000
2000
F800
00E0
00E0
1F00
E000
E000
00E0
0360
0360
0460
0460
07E0
0060
0060
ENDCHAR
STARTCHAR 00BD
ENCODING 189
SWIDTH 660 0
DWIDTH 11 0
BBX 11 20 0 -5
BITMAP
2000
E000
E000
2000
2000
2000
F800
00E0
00E0
1F00
E000
E000
0380
0460
0460
0080
0080
0300
07E0
07E0
ENDCHAR
STARTCHAR 00BE
ENCODING 190
SWIDTH 660 0
DWIDTH 11 0
BBX 11 20 0 -5
BITMAP
3800
C400
C400
1800
C400
C400
3800
00E0
00E0
1F00
E000
E000
00E0
0360
0360
0460
0460
07E0
0060
0060
ENDCHAR
STARTCHAR 00BF
ENCODING 191
SWIDTH 660 0
DWIDTH 11 0
BBX 7 12 2 -3
BITMAP
10
00
00
10
10
10
60
80
80
82
82
7C
ENDCHAR
STARTCHAR 00C0
ENCODING 192
SWIDTH 660 0
DWIDTH 11 0
BBX 7 17 2 0
BITMAP
60
60
10
00
00
10
6C
6C
82
82
82
FE
82
82
82
82
82
ENDCHAR
STARTCHAR 00C1
ENCODING 193
SWIDTH 660 0
DWIDTH 11 0
BBX 7 17 2 0
BITMAP
0C
0C
10
00
00
10
6C
6C
82
82
82
FE
82
82
82
82
82
ENDCHAR
STARTCHAR 00C2
ENCODING 194
SWIDTH 660 0
DWIDTH 11 0
BBX 7 17 2 0
BITMAP
10
10
6C
00
00
10
6C
6C
82
82
82
FE
82
82
82
82
82
ENDCHAR
STARTCHAR 00C3
ENCODING 195
SWIDTH 660 0
DWIDTH 11 0
BBX 7 17 2 0
BITMAP
12
12
6C
00
00
10
6C
6C
82
82
82
FE
82
82
82
82
82
ENDCHAR
STARTCHAR 00C4
ENCODING 196
SWIDTH 660 0
DWIDTH 11 0
BBX 7 15 2 0
BITMAP
6C
00
00
10
6C
6C
82
82
82
FE
82
82
82
82
82
ENDCHAR
STARTCHAR 00C5
ENCODING 197
SWIDTH 660 0
DWIDTH 11 0
BBX 7 17 2 0
BITMAP
10
10
6C
10
10
10
6C
6C
82
82
82
FE
82
82
82
82
82
ENDCHAR
STARTCHAR 00C6
ENCODING 198
SWIDTH 660 0
DWIDTH 11 0
BBX 11 12 0 0
BITMAP
1FE0
2400
2400
C400
C780
C780
FC00
C400
C400
C400
C7E0
C7E0
ENDCHAR
STARTCHAR 00C7
ENCODING 199
SWIDTH 660 0
DWIDTH 11 0
BBX 7 17 2 -5
BITMAP
7C
82
82
80
80
80
80
80
80
82
7C
7C
10
10
0C
10
10
ENDCHAR
STARTCHAR 00C8
ENCODING 200
SWIDTH 660 0
DWIDTH 11 0
BBX 7 17 2 0
BITMAP
60
60
10
00
00
FE
80
80
80
FC
FC
80
80
80
80
FE
FE
ENDCHAR
STARTCHAR 00C9
ENCODING 201
SWIDTH 660 0
DWIDTH 11 0
BBX 7 17 2 0
BITMAP
0C
0C
10
00
00
FE
80
80
80
FC
FC
80
80
80
80
FE
FE
ENDCHAR
STARTCHAR 00CA
ENCODING 202
SWIDTH 660 0
DWIDTH 11 0
BBX 7 17 2 0
BITMAP
10
10
6C
00
00
FE
80
80
80
FC
FC
80
80
80
80
FE
FE
ENDCHAR
STARTCHAR 00CB
ENCODING 203
SWIDTH 660 0
DWIDTH 11 0
BBX 7 15 2 0
BITMAP
6C
00
00
FE
80
80
80
FC
FC
80
80
80
80
FE
FE
ENDCHAR
STARTCHAR 00CC
ENCODING 204
SWIDTH 660 0
DWIDTH 11 0
BBX 7 17 2 0
BITMAP
60
60
10
00
00
FE
10
10
10
10
10
10
10
10
10
FE
FE
ENDCHAR
STARTCHAR 00CD
ENCODING 205
SWIDTH 660 0
DWIDTH 11 0
BBX 7 17 2 0
BITMAP
0C
0C
10
00
00
FE
10
10
10
10
10
10
10
10
10
FE
FE
ENDCHAR
STARTCHAR 00CE
ENCODING 206
SWIDTH 660 0
DWIDTH 11 0
BBX 7 17 2 0
BITMAP
10
10
6C
00
00
FE
10
10
10
10
10
10
10
10
10
FE
FE
ENDCHAR
STARTCHAR 00CF
ENCODING 207
SWIDTH 660 0
DWIDTH 11 0
BBX 7 15 2 0
BITMAP
6C
00
00
FE
10
10
10
10
10
10
10
10
10
FE
FE
ENDCHAR
STARTCHAR 00D0
ENCODING 208
SWIDTH 660 0
DWIDTH 11 0
BBX 9 12 0 0
BITMAP
3F00
2080
2080
2080
FC80
FC80
2080
2080
2080
2080
3F00
3F00
ENDCHAR
STARTCHAR 00D1
ENCODING 209
SWIDTH 660 0
DWIDTH 11 0
BBX 7 17 2 0
BITMAP
12
12
6C
00
00
82
82
82
E2
92
92
8E
82
82
82
82
82
ENDCHAR
STARTCHAR 00D2
ENCODING 210
SWIDTH 660 0
DWIDTH 11 0
BBX 7 17 2 0
BITMAP
60
60
10
00
00
7C
82
82
82
82
82
82
82
82
82
7C
7C
ENDCHAR
STARTCHAR 00D3
ENCODING 211
SWIDTH 660 0
DWIDTH 11 0
BBX 7 17 2 0
BITMAP
0C
0C
10
00
00
7C
82
82
82
82
82
82
82
82
82
7C
7C
ENDCHAR
STARTCHAR 00D4
ENCODING 212
SWIDTH 660 0
DWIDTH 11 0
BBX 7 17 2 0
BITMAP
10
10
6C
00
00
7C
82
82
82
82
82
82
82
82
82
7C
7C
ENDCHAR
STARTCHAR 00D5
ENCODING 213
SWIDTH 660 0
DWIDTH 11 0
BBX 7 17 2 0
BITMAP
12
12
6C
00
00
7C
82
82
82
82
82
82
82
82
82
7C
7C
ENDCHAR
STARTCHAR 00D6
ENCODING 214
SWIDTH 660 0
DWIDTH 11 0
BBX 7 15 2 0
BITMAP
6C
00
00
7C
82
82
82
82
82
82
82
82
82
7C
7C
ENDCHAR
STARTCHAR 00D7
ENCODING 215
SWIDTH 660 0
DWIDTH 11 0
BBX 7 7 2 2
BITMAP
82
6C
6C
10
6C
6C
82
ENDCHAR
STARTCHAR 00D8
ENCODING 216
SWIDTH 660 0
DWIDTH 11 0
BBX 11 12 0 0
BITMAP
1F60
2080
2080
2380
2480
2480
3880
2080
2080
E080
1F00
1F00
ENDCHAR
STARTCHAR 00D9
ENCODING 217
SWIDTH 660 0
DWIDTH 11 0
BBX 7 17 2 0
BITMAP
60
60
10
00
00
82
82
82
82
82
82
82
82
82
82
7C
7C
ENDCHAR
STARTCHAR 00DA
ENCODING 218
SWIDTH 660 0
DWIDTH 11 0
BBX 7 17 2 0
BITMAP
0C
0C
10
00
00
82
82
82
82
82
82
82
82
82
82
7C
7C
ENDCHAR
STARTCHAR 00DB
ENCODING 219
SWIDTH 660 0
DWIDTH 11 0
BBX 7 17 2 0
BITMAP
10
10
6C
00
00
82
82
82
82
82
82
82
82
82
82
7C
7C
ENDCHAR
STARTCHAR 00DC
ENCODING 220
SWIDTH 660 0
DWIDTH 11 0
BBX 7 15 2 0
BITMAP
6C
00
00
82
82
82
82
82
82
82
82
82
82
7C
7C
ENDCHAR
STARTCHAR 00DD
ENCODING 221
SWIDTH 660 0
DWIDTH 11 0
BBX 7 17 2 0
BITMAP
0C
0C
10
00
00
82
82
82
82
6C
6C
10
10
10
10
10
10
ENDCHAR
STARTCHAR 00DE
ENCODING 222
SWIDTH 660 0
DWIDTH 11 0
BBX 7 12 2 0
BITMAP
80
FC
FC
82
82
82
82
FC
FC
80
80
80
ENDCHAR
STARTCHAR 00DF
ENCODING 223
SWIDTH 660 0
DWIDTH 11 0
BBX 7 15 2 -3
BITMAP
70
8C
8C
8C
8C
8C
82
82
82
82
9C
9C
80
80
80
ENDCHAR
STARTCHAR 00E0
ENCODING 224
SWIDTH 660 0
DWIDTH 11 0
BBX 7 14 2 0
BITMAP
60
60
10
00
00
7C
02
02
7E
82
82
8E
72
72
ENDCHAR
STARTCHAR 00E1
ENCODING 225
SWIDTH 660 0
DWIDTH 11 0
BBX 7 14 2 0
BITMAP
0C
0C
10
00
00
7C
02
02
7E
82
82
8E
72
72
ENDCHAR
STARTCHAR 00E2
ENCODING 226
SWIDTH 660 0
DWIDTH 11 0
BBX 7 14 2 0
BITMAP
10
10
6C
00
00
7C
02
02
7E
82
82
8E
72
72
ENDCHAR
STARTCHAR 00E3
ENCODING 227
SWIDTH 660 0
DWIDTH 11 0
BBX 7 14 2 0
BITMAP
12
12
6C
00
00
7C
02
02
7E
82
82
8E
72
72
ENDCHAR
STARTCHAR 00E4
ENCODING 228
SWIDTH 660 0
DWIDTH 11 0
BBX 7 12 2 0
BITMAP
6C
00
00
7C
02
02
7E
82
82
8E
72
72
ENDCHAR
STARTCHAR 00E5
ENCODING 229
SWIDTH 660 0
DWIDTH 11 0
BBX 7 15 2 0
BITMAP
10
6C
6C
10
00
00
7C
02
02
7E
82
82
8E
72
72
ENDCHAR
STARTCHAR 00E6
ENCODING 230
SWIDTH 660 0
DWIDTH 11 0
BBX 11 9 0 0
BITMAP
3B80
0460
0460
3FE0
C400
C400
C460
3B80
3B80
ENDCHAR
STARTCHAR 00E7
ENCODING 231
SWIDTH 660 0
DWIDTH 11 0
BBX 7 14 2 -5
BITMAP
7C
82
82
80
80
80
82
7C
7C
10
10
0C
10
10
ENDCHAR
STARTCHAR 00E8
ENCODING 232
SWIDTH 660 0
DWIDTH 11 0
BBX 7 14 2 0
BITMAP
60
60
10
00
00
7C
82
82
FE
80
80
82
7C
7C
ENDCHAR
STARTCHAR 00E9
ENCODING 233
SWIDTH 660 0
DWIDTH 11 0
BBX 7 14 2 0
BITMAP
0C
0C
10
00
00
7C
82
82
FE
80
80
82
7C
7C
ENDCHAR
STARTCHAR 00EA
ENCODING 234
SWIDTH 660 0
DWIDTH 11 0
BBX 7 14 2 0
BITMAP
10
10
6C
00
00
7C
82
82
FE
80
80
82
7C
7C
ENDCHAR
STARTCHAR 00EB
ENCODING 235
SWIDTH 660 0
DWIDTH 11 0
BBX 7 12 2 0
BITMAP
6C
00
00
7C
82
82
FE
80
80
82
7C
7C
ENDCHAR
STARTCHAR 00EC
ENCODING 236
SWIDTH 660 0
DWIDTH 11 0
BBX 7 14 2 0
BITMAP
60
60
10
00
00
F0
10
10
10
10
10
10
FE
FE
ENDCHAR
STARTCHAR 00ED
ENCODING 237
SWIDTH 660 0
DWIDTH 11 0
BBX 7 14 2 0
BITMAP
0C
0C
10
00
00
F0
10
10
10
10
10
10
FE
FE
ENDCHAR
STARTCHAR 00EE
ENCODING 238
SWIDTH 660 0
DWIDTH 11 0
BBX 7 14 2 0
BITMAP
10
10
6C
00
00
F0
10
10
10
10
10
10
FE
FE
ENDCHAR
STARTCHAR 00EF
ENCODING 239
SWIDTH 660 0
DWIDTH 11 0
BBX 7 12 2 0
BITMAP
6C
00
00
F0
10
10
10
10
10
10
FE
FE
ENDCHAR
STARTCHAR 00F0
ENCODING 240
SWIDTH 660 0
DWIDTH 11 0
BBX 7 12 2 0
BITMAP
72
0C
0C
72
8E
8E
82
82
82
82
7C
7C
ENDCHAR
STARTCHAR 00F1
ENCODING 241
SWIDTH 660 0
DWIDTH 11 0
BBX 7 14 2 0
BITMAP
12
12
6C
00
00
9C
E2
E2
82
82
82
82
82
82
ENDCHAR
STARTCHAR 00F2
ENCODING 242
SWIDTH 660 0
DWIDTH 11 0
BBX 7 14 2 0
BITMAP
60
60
10
00
00
7C
82
82
82
82
82
82
7C
7C
ENDCHAR
STARTCHAR 00F3
ENCODING 243
SWIDTH 660 0
DWIDTH 11 0
BBX 7 14 2 0
BITMAP
0C
0C
10
00
00
7C
82
82
82
82
82
82
7C
7C
ENDCHAR
STARTCHAR 00F4
ENCODING 244
SWIDTH 660 0
DWIDTH 11 0
BBX 7 14 2 0
BITMAP
10
10
6C
00
00
7C
82
82
82
82
82
82
7C
7C
ENDCHAR
STARTCHAR 00F5
ENCODING 245
SWIDTH 660 0
DWIDTH 11 0
BBX 7 14 2 0
BITMAP
12
12
6C
00
00
7C
82
82
82
82
82
82
7C
7C
ENDCHAR
STARTCHAR 00F6
ENCODING 246
SWIDTH 660 0
DWIDTH 11 0
BBX 7 12 2 0
BITMAP
6C
00
00
7C
82
82
82
82
82
82
7C
7C
ENDCHAR
STARTCHAR 00F7
ENCODING 247
SWIDTH 660 0
DWIDTH 11 0
BBX 7 7 2 2
BITMAP
10
00
00
FE
00
00
10
ENDCHAR
STARTCHAR 00F8
ENCODING 248
SWIDTH 660 0
DWIDTH 11 0
BBX 11 11 0 -2
BITMAP
1F60
2080
2080
2380
2480
2480
3880
3F00
3F00
C000
C000
ENDCHAR
STARTCHAR 00F9
ENCODING 249
SWIDTH 660 0
DWIDTH 11 0
BBX 7 14 2 0
BITMAP
60
60
10
00
00
82
82
82
82
82
82
8E
72
72
ENDCHAR
STARTCHAR 00FA
ENCODING 250
SWIDTH 660 0
DWIDTH 11 0
BBX 7 14 2 0
BITMAP
0C
0C
10
00
00
82
82
82
82
82
82
8E
72
72
ENDCHAR
STARTCHAR 00FB
ENCODING 251
SWIDTH 660 0
DWIDTH 11 0
BBX 7 14 2 0
BITMAP
10
10
6C
00
00
82
82
82
82
82
82
8E
72
72
ENDCHAR
STARTCHAR 00FC
ENCODING 252
SWIDTH 660 0
DWIDTH 11 0
BBX 7 12 2 0
BITMAP
6C
00
00
82
82
82
82
82
82
8E
72
72
ENDCHAR
STARTCHAR 00FD
ENCODING 253
SWIDTH 660 0
DWIDTH 11 0
BBX 7 17 2 -3
BITMAP
0C
0C
10
00
00
82
82
82
82
6C
6C
6C
10
10
10
10
E0
ENDCHAR
STARTCHAR 00FE
ENCODING 254
SWIDTH 660 0
DWIDTH 11 0
BBX 7 15 2 -3
BITMAP
80
80
80
9C
E2
E2
82
82
82
E2
9C
9C
80
80
80
ENDCHAR
STARTCHAR 00FF
ENCODING 255
SWIDTH 660 0
DWIDTH 11 0
BBX 7 15 2 -3
BITMAP
6C
00
00
82
82
82
82
6C
6C
6C
10
10
10
10
E0
ENDCHAR
STARTCHAR 0100
ENCODING 256
SWIDTH 660 0
DWIDTH 11 0
BBX 7 15 2 0
BITMAP
7C
00
00
10
6C
6C
82
82
82
FE
82
82
82
82
82
ENDCHAR
STARTCHAR 0101
ENCODING 257
SWIDTH 660 0
DWIDTH 11 0
BBX 7 12 2 0
BITMAP
7C
00
00
7C
02
02
7E
82
82
8E
72
72
ENDCHAR
STARTCHAR 0102
ENCODING 258
SWIDTH 660 0
DWIDTH 11 0
BBX 7 17 2 0
BITMAP
82
82
7C
00
00
10
6C
6C
82
82
82
FE
82
82
82
82
82
ENDCHAR
STARTCHAR 0103
ENCODING 259
SWIDTH 660 0
DWIDTH 11 0
BBX 7 14 2 0
BITMAP
82
82
7C
00
00
7C
02
02
7E
82
82
8E
72
72
ENDCHAR
STARTCHAR 0104
ENCODING 260
SWIDTH 660 0
DWIDTH 11 0
BBX 7 17 2 -5
BITMAP
10
6C
6C
82
82
82
FE
82
82
82
82
82
02
02
0C
02
02
ENDCHAR
STARTCHAR 0105
ENCODING 261
SWIDTH 660 0
DWIDTH 11 0
BBX 7 14 2 -5
BITMAP
7C
02
02
7E
82
82
8E
72
72
02
02
0C
02
02
ENDCHAR
STARTCHAR 0106
ENCODING 262
SWIDTH 660 0
DWIDTH 11 0
BBX 7 17 2 0
BITMAP
0C
0C
10
00
00
7C
82
82
80
80
80
80
80
80
82
7C
7C
ENDCHAR
STARTCHAR 0107
ENCODING 263
SWIDTH 660 0
DWIDTH 11 0
BBX 7 14 2 0
BITMAP
0C
0C
10
00
00
7C
82
82
80
80
80
82
7C
7C
ENDCHAR
STARTCHAR 0108
ENCODING 264
SWIDTH 660 0
DWIDTH 11 0
BBX 7 17 2 0
BITMAP
10
10
6C
00
00
7C
82
82
80
80
80
80
80
80
82
7C
7C
ENDCHAR
STARTCHAR 0109
ENCODING 265
SWIDTH 660 0
DWIDTH 11 0
BBX 7 14 2 0
BITMAP
10
10
6C
00
00
7C
82
82
80
80
80
82
7C
7C
ENDCHAR
STARTCHAR 010A
ENCODING 266
SWIDTH 660 0
DWIDTH 11 0
BBX 7 15 2 0
BITMAP
10
00
00
7C
82
82
80
80
80
80
80
80
82
7C
7C
ENDCHAR
STARTCHAR 010B
ENCODING 267
SWIDTH 660 0
DWIDTH 11 0
BBX 7 12 2 0
BITMAP
10
00
00
7C
82
82
80
80
80
82
7C
7C
ENDCHAR
STARTCHAR 010C
ENCODING 268
SWIDTH 660 0
DWIDTH 11 0
BBX 7 17 2 0
BITMAP
6C
6C
10
00
00
7C
82
82
80
80
80
80
80
80
82
7C
7C
ENDCHAR
STARTCHAR 010D
ENCODING 269
SWIDTH 660 0
DWIDTH 11 0
BBX 7 14 2 0
BITMAP
6C
6C
10
00
00
7C
82
82
80
80
80
82
7C
7C
ENDCHAR
STARTCHAR 010E
ENCODING 270
SWIDTH 660 0
DWIDTH 11 0
BBX 7 17 2 0
BITMAP
6C
6C
10
00
00
FC
82
82
82
82
82
82
82
82
82
FC
FC
ENDCHAR
STARTCHAR 010F
ENCODING 271
SWIDTH 660 0
DWIDTH 11 0
BBX 11 12 0 0
BITMAP
0360
0380
0380
3B00
C700
C700
C300
C300
C300
C700
3B00
3B00
ENDCHAR
STARTCHAR 0110
ENCODING 272
SWIDTH 660 0
DWIDTH 11 0
BBX 9 12 0 0
BITMAP
3F00
2080
2080
2080
FC80
FC80
2080
2080
2080
2080
3F00
3F00
ENDCHAR
STARTCHAR 0111
ENCODING 273
SWIDTH 660 0
DWIDTH 11 0
BBX 9 12 2 0
BITMAP
1F80
0200
0200
7200
8E00
8E00
8200
8200
8200
8E00
7200
7200
ENDCHAR
STARTCHAR 0112
ENCODING 274
SWIDTH 660 0
DWIDTH 11 0
BBX 7 15 2 0
BITMAP
7C
00
00
FE
80
80
80
FC
FC
80
80
80
80
FE
FE
ENDCHAR
STARTCHAR 0113
ENCODING 275
SWIDTH 660 0
DWIDTH 11 0
BBX 7 12 2 0
BITMAP
7C
00
00
7C
82
82
FE
80
80
82
7C
7C
ENDCHAR
STARTCHAR 0114
ENCODING 276
SWIDTH 660 0
DWIDTH 11 0
BBX 7 17 2 0
BITMAP
82
82
7C
00
00
FE
80
80
80
FC
FC
80
80
80
80
FE
FE
ENDCHAR
STARTCHAR 0115
ENCODING 277
SWIDTH 660 0
DWIDTH 11 0
BBX 7 14 2 0
BITMAP
82
82
7C
00
00
7C
82
82
FE
80
80
82
7C
7C
ENDCHAR
STARTCHAR 0116
ENCODING 278
SWIDTH 660 0
DWIDTH 11 0
BBX 7 15 2 0
BITMAP
10
00
00
FE
80
80
80
FC
FC
80
80
80
80
FE
FE
ENDCHAR
STARTCHAR 0117
ENCODING 279
SWIDTH 660 0
DWIDTH 11 0
BBX 7 12 2 0
BITMAP
10
00
00
7C
82
82
FE
80
80
82
7C
7C
ENDCHAR
STARTCHAR 0118
ENCODING 280
SWIDTH 660 0
DWIDTH 11 0
BBX 7 17 2 -5
BITMAP
FE
80
80
80
FC
FC
80
80
80
80
FE
FE
02
02
0C
02
02
ENDCHAR
STARTCHAR 0119
ENCODING 281
SWIDTH 660 0
DWIDTH 11 0
BBX 7 14 2 -5
BITMAP
7C
82
82
FE
80
80
82
7C
7C
10
10
60
10
10
ENDCHAR
STARTCHAR 011A
ENCODING 282
SWIDTH 660 0
DWIDTH 11 0
BBX 7 17 2 0
BITMAP
6C
6C
10
00
00
FE
80
80
80
FC
FC
80
80
80
80
FE
FE
ENDCHAR
STARTCHAR 011B
ENCODING 283
SWIDTH 660 0
DWIDTH 11 0
BBX 7 14 2 0
BITMAP
6C
6C
10
00
00
7C
82
82
FE
80
80
82
7C
7C
ENDCHAR
STARTCHAR 011C
ENCODING 284
SWIDTH 660 0
DWIDTH 11 0
BBX 7 17 2 0
BITMAP
10
10
6C
00
00
7C
82
82
80
80
80
8E
82
82
82
7C
7C
ENDCHAR
STARTCHAR 011D
ENCODING 285
SWIDTH 660 0
DWIDTH 11 0
BBX 7 17 2 -3
BITMAP
10
10
6C
00
00
72
8E
8E
82
82
82
8E
72
72
02
02
7C
ENDCHAR
STARTCHAR 011E
ENCODING 286
SWIDTH 660 0
DWIDTH 11 0
BBX 7 17 2 0
BITMAP
82
82
7C
00
00
7C
82
82
80
80
80
8E
82
82
82
7C
7C
ENDCHAR
STARTCHAR 011F
ENCODING 287
SWIDTH 660 0
DWIDTH 11 0
BBX 7 17 2 -3
BITMAP
82
82
7C
00
00
72
8E
8E
82
82
82
8E
72
72
02
02
7C
ENDCHAR
STARTCHAR 0120
ENCODING 288
SWIDTH 660 0
DWIDTH 11 0
BBX 7 15 2 0
BITMAP
10
00
00
7C
82
82
80
80
80
8E
82
82
82
7C
7C
ENDCHAR
STARTCHAR 0121
ENCODING 289
SWIDTH 660 0
DWIDTH 11 0
BBX 7 15 2 -3
BITMAP
10
00
00
72
8E
8E
82
82
82
8E
72
72
02
02
7C
ENDCHAR
STARTCHAR 0122
ENCODING 290
SWIDTH 660 0
DWIDTH 11 0
BBX 7 17 2 -5
BITMAP
7C
82
82
80
80
80
8E
82
82
82
7C
7C
00
00
10
60
60
ENDCHAR
STARTCHAR 0123
ENCODING 291
SWIDTH 660 0
DWIDTH 11 0
BBX 7 17 2 -3
BITMAP
0C
0C
10
00
00
72
8E
8E
82
82
82
8E
72
72
02
02
7C
ENDCHAR
STARTCHAR 0124
ENCODING 292
SWIDTH 660 0
DWIDTH 11 0
BBX 7 17 2 0
BITMAP
10
10
6C
00
00
82
82
82
82
FE
FE
82
82
82
82
82
82
ENDCHAR
STARTCHAR 0125
ENCODING 293
SWIDTH 660 0
DWIDTH 11 0
BBX 9 17 0 0
BITMAP
2000
2000
D800
0000
0000
2000
2000
2000
2700
3880
3880
2080
2080
2080
2080
2080
2080
ENDCHAR
STARTCHAR 0126
ENCODING 294
SWIDTH 660 0
DWIDTH 11 0
BBX 11 12 0 0
BITMAP
2080
FFE0
FFE0
2080
3F80
3F80
2080
2080
2080
2080
2080
2080
ENDCHAR
STARTCHAR 0127
ENCODING 295
SWIDTH 660 0
DWIDTH 11 0
BBX 9 12 0 0
BITMAP
FC00
2000
2000
2700
3880
3880
2080
2080
2080
2080
2080
2080
ENDCHAR
STARTCHAR 0128
ENCODING 296
SWIDTH 660 0
DWIDTH 11 0
BBX 7 17 2 0
BITMAP
12
12
6C
00
00
FE
10
10
10
10
10
10
10
10
10
FE
FE
ENDCHAR
STARTCHAR 0129
ENCODING 297
SWIDTH 660 0
DWIDTH 11 0
BBX 7 14 2 0
BITMAP
6C
6C
90
00
00
F0
10
10
10
10
10
10
FE
FE
ENDCHAR
STARTCHAR 012A
ENCODING 298
SWIDTH 660 0
DWIDTH 11 0
BBX 7 15 2 0
BITMAP
7C
00
00
FE
10
10
10
10
10
10
10
10
10
FE
FE
ENDCHAR
STARTCHAR 012B
ENCODING 299
SWIDTH 660 0
DWIDTH 11 0
BBX 7 12 2 0
BITMAP
7C
00
00
F0
10
10
10
10
10
10
FE
FE
ENDCHAR
STARTCHAR 012C
ENCODING 300
SWIDTH 660 0
DWIDTH 11 0
BBX 7 17 2 0
BITMAP
82
82
7C
00
00
FE
10
10
10
10
10
10
10
10
10
FE
FE
ENDCHAR
STARTCHAR 012D
ENCODING 301
SWIDTH 660 0
DWIDTH 11 0
BBX 7 14 2 0
BITMAP
82
82
7C
00
00
F0
10
10
10
10
10
10
FE
FE
ENDCHAR
STARTCHAR 012E
ENCODING 302
SWIDTH 660 0
DWIDTH 11 0
BBX 7 17 2 -5
BITMAP
FE
10
10
10
10
10
10
10
10
10
FE
FE
10
10
60
10
10
ENDCHAR
STARTCHAR 012F
ENCODING 303
SWIDTH 660 0
DWIDTH 11 0
BBX 7 14 2 -5
BITMAP
F0
10
10
10
10
10
10
FE
FE
10
10
60
10
10
ENDCHAR
STARTCHAR 0130
ENCODING 304
SWIDTH 660 0
DWIDTH 11 0
BBX 7 15 2 0
BITMAP
10
00
00
FE
10
10
10
10
10
10
10
10
10
FE
FE
ENDCHAR
STARTCHAR 0131
ENCODING 305
SWIDTH 660 0
DWIDTH 11 0
BBX 7 9 2 0
BITMAP
F0
10
10
10
10
10
10
FE
FE
ENDCHAR
STARTCHAR 0132
ENCODING 306
SWIDTH 660 0
DWIDTH 11 0
BBX 7 12 2 0
BITMAP
8E
82
82
82
82
82
02
02
02
82
7C
7C
ENDCHAR
STARTCHAR 0133
ENCODING 307
SWIDTH 660 0
DWIDTH 11 0
BBX 7 15 2 -3
BITMAP
82
00
00
82
82
82
82
82
82
8E
72
72
02
02
1C
ENDCHAR
STARTCHAR 0134
ENCODING 308
SWIDTH 660 0
DWIDTH 11 0
BBX 7 17 2 0
BITMAP
0C
0C
12
00
00
1E
02
02
02
02
02
02
02
02
82
7C
7C
ENDCHAR
STARTCHAR 0135
ENCODING 309
SWIDTH 660 0
DWIDTH 11 0
BBX 6 17 2 -3
BITMAP
10
10
6C
00
00
7C
0C
0C
0C
0C
0C
0C
0C
0C
8C
8C
70
ENDCHAR
STARTCHAR 0136
ENCODING 310
SWIDTH 660 0
DWIDTH 11 0
BBX 7 17 2 -5
BITMAP
82
8C
8C
90
F0
F0
8C
8C
8C
82
82
82
00
00
10
60
60
ENDCHAR
STARTCHAR 0137
ENCODING 311
SWIDTH 660 0
DWIDTH 11 0
BBX 7 17 2 -5
BITMAP
80
80
80
82
8C
8C
90
F0
F0
8C
82
82
00
00
10
60
60
ENDCHAR
STARTCHAR 0138
ENCODING 312
SWIDTH 660 0
DWIDTH 11 0
BBX 7 9 2 0
BITMAP
82
8C
8C
90
F0
F0
8C
82
82
ENDCHAR
STARTCHAR 0139
ENCODING 313
SWIDTH 660 0
DWIDTH 11 0
BBX 7 17 2 0
BITMAP
60
60
80
00
00
80
80
80
80
80
80
80
80
80
80
FE
FE
ENDCHAR
STARTCHAR 013A
ENCODING 314
SWIDTH 660 0
DWIDTH 11 0
BBX 7 17 2 0
BITMAP
0C
0C
10
00
00
F0
10
10
10
10
10
10
10
10
10
FE
FE
ENDCHAR
STARTCHAR 013B
ENCODING 315
SWIDTH 660 0
DWIDTH 11 0
BBX 7 17 2 -5
BITMAP
80
80
80
80
80
80
80
80
80
80
FE
FE
00
00
10
60
60
ENDCHAR
STARTCHAR 013C
ENCODING 316
SWIDTH 660 0
DWIDTH 11 0
BBX 7 17 2 -5
BITMAP
F0
10
10
10
10
10
10
10
10
10
FE
FE
00
00
10
60
60
ENDCHAR
STARTCHAR 013D
ENCODING 317
SWIDTH 660 0
DWIDTH 11 0
BBX 7 12 2 0
BITMAP
8C
90
90
80
80
80
80
80
80
80
FE
FE
ENDCHAR
STARTCHAR 013E
ENCODING 318
SWIDTH 660 0
DWIDTH 11 0
BBX 9 12 2 0
BITMAP
F180
1200
1200
1000
1000
1000
1000
1000
1000
1000
FE00
FE00
ENDCHAR
STARTCHAR 013F
ENCODING 319
SWIDTH 660 0
DWIDTH 11 0
BBX 7 12 2 0
BITMAP
80
80
80
80
8C
8C
8C
80
80
80
FE
FE
ENDCHAR
STARTCHAR 0140
ENCODING 320
SWIDTH 660 0
DWIDTH 11 0
BBX 7 12 2 0
BITMAP
F0
10
10
10
12
12
12
10
10
10
FE
FE
ENDCHAR
STARTCHAR 0141
ENCODING 321
SWIDTH 660 0
DWIDTH 11 0
BBX 9 12 0 0
BITMAP
2000
2300
2300
2400
3800
3800
2000
E000
E000
2000
3F80
3F80
ENDCHAR
STARTCHAR 0142
ENCODING 322
SWIDTH 660 0
DWIDTH 11 0
BBX 7 12 2 0
BITMAP
F0
12
12
1C
10
10
70
90
90
10
FE
FE
ENDCHAR
STARTCHAR 0143
ENCODING 323
SWIDTH 660 0
DWIDTH 11 0
BBX 7 17 2 0
BITMAP
0C
0C
10
00
00
82
82
82
E2
92
92
8E
82
82
82
82
82
ENDCHAR
STARTCHAR 0144
ENCODING 324
SWIDTH 660 0
DWIDTH 11 0
BBX 7 14 2 0
BITMAP
0C
0C
10
00
00
9C
E2
E2
82
82
82
82
82
82
ENDCHAR
STARTCHAR 0145
ENCODING 325
SWIDTH 660 0
DWIDTH 11 0
BBX 7 17 2 -5
BITMAP
82
82
82
E2
92
92
8E
82
82
82
82
82
00
00
10
60
60
ENDCHAR
STARTCHAR 0146
ENCODING 326
SWIDTH 660 0
DWIDTH 11 0
BBX 7 14 2 -5
BITMAP
9C
E2
E2
82
82
82
82
82
82
00
00
10
60
60
ENDCHAR
STARTCHAR 0147
ENCODING 327
SWIDTH 660 0
DWIDTH 11 0
BBX 7 17 2 0
BITMAP
6C
6C
10
00
00
82
82
82
E2
92
92
8E
82
82
82
82
82
ENDCHAR
STARTCHAR 0148
ENCODING 328
SWIDTH 660 0
DWIDTH 11 0
BBX 7 14 2 0
BITMAP
6C
6C
10
00
00
9C
E2
E2
82
82
82
82
82
82
ENDCHAR
STARTCHAR 014A
ENCODING 330
SWIDTH 660 0
DWIDTH 11 0
BBX 7 15 2 -3
BITMAP
82
82
82
E2
92
92
8E
82
82
82
82
82
02
02
0C
ENDCHAR
STARTCHAR 014B
ENCODING 331
SWIDTH 660 0
DWIDTH 11 0
BBX 7 12 2 -3
BITMAP
9C
E2
E2
82
82
82
82
82
82
02
02
0C
ENDCHAR
STARTCHAR 014C
ENCODING 332
SWIDTH 660 0
DWIDTH 11 0
BBX 7 15 2 0
BITMAP
7C
00
00
7C
82
82
82
82
82
82
82
82
82
7C
7C
ENDCHAR
STARTCHAR 014D
ENCODING 333
SWIDTH 660 0
DWIDTH 11 0
BBX 7 12 2 0
BITMAP
7C
00
00
7C
82
82
82
82
82
82
7C
7C
ENDCHAR
STARTCHAR 014E
ENCODING 334
SWIDTH 660 0
DWIDTH 11 0
BBX 7 17 2 0
BITMAP
82
82
7C
00
00
7C
82
82
82
82
82
82
82
82
82
7C
7C
ENDCHAR
STARTCHAR 014F
ENCODING 335
SWIDTH 660 0
DWIDTH 11 0
BBX 7 14 2 0
BITMAP
82
82
7C
00
00
7C
82
82
82
82
82
82
7C
7C
ENDCHAR
STARTCHAR 0150
ENCODING 336
SWIDTH 660 0
DWIDTH 11 0
BBX 7 17 2 0
BITMAP
6C
6C
6C
00
00
7C
82
82
82
82
82
82
82
82
82
7C
7C
ENDCHAR
STARTCHAR 0151
ENCODING 337
SWIDTH 660 0
DWIDTH 11 0
BBX 7 14 2 0
BITMAP
6C
6C
6C
00
00
7C
82
82
82
82
82
82
7C
7C
ENDCHAR
STARTCHAR 0152
ENCODING 338
SWIDTH 660 0
DWIDTH 11 0
BBX 11 12 0 0
BITMAP
3FE0
C400
C400
C400
C780
C780
C400
C400
C400
C400
3FE0
3FE0
ENDCHAR
STARTCHAR 0153
ENCODING 339
SWIDTH 660 0
DWIDTH 11 0
BBX 11 9 0 0
BITMAP
3B80
C460
C460
C7E0
C400
C400
C460
3B80
3B80
ENDCHAR
STARTCHAR 0154
ENCODING 340
SWIDTH 660 0
DWIDTH 11 0
BBX 7 17 2 0
BITMAP
0C
0C
10
00
00
FC
82
82
82
82
82
FC
8C
8C
82
82
82
ENDCHAR
STARTCHAR 0155
ENCODING 341
SWIDTH 660 0
DWIDTH 11 0
BBX 7 14 2 0
BITMAP
0C
0C
10
00
00
EE
70
70
60
60
60
60
FC
FC
ENDCHAR
STARTCHAR 0156
ENCODING 342
SWIDTH 660 0
DWIDTH 11 0
BBX 7 17 2 -5
BITMAP
FC
82
82
82
82
82
FC
8C
8C
82
82
82
00
00
10
60
60
ENDCHAR
STARTCHAR 0157
ENCODING 343
SWIDTH 660 0
DWIDTH 11 0
BBX 7 14 2 -5
BITMAP
EE
70
70
60
60
60
60
FC
FC
00
00
60
80
80
ENDCHAR
STARTCHAR 0158
ENCODING 344
SWIDTH 660 0
DWIDTH 11 0
BBX 7 17 2 0
BITMAP
6C
6C
10
00
00
FC
82
82
82
82
82
FC
8C
8C
82
82
82
ENDCHAR
STARTCHAR 0159
ENCODING 345
SWIDTH 660 0
DWIDTH 11 0
BBX 7 14 2 0
BITMAP
6C
6C
10
00
00
EE
70
70
60
60
60
60
FC
FC
ENDCHAR
STARTCHAR 015A
ENCODING 346
SWIDTH 660 0
DWIDTH 11 0
BBX 7 17 2 0
BITMAP
0C
0C
10
00
00
7C
82
82
80
7C
7C
02
02
02
82
7C
7C
ENDCHAR
STARTCHAR 015B
ENCODING 347
SWIDTH 660 0
DWIDTH 11 0
BBX 7 14 2 0
BITMAP
0C
0C
10
00
00
7C
82
82
7C
02
02
82
7C
7C
ENDCHAR
STARTCHAR 015C
ENCODING 348
SWIDTH 660 0
DWIDTH 11 0
BBX 7 17 2 0
BITMAP
10
10
6C
00
00
7C
82
82
80
7C
7C
02
02
02
82
7C
7C
ENDCHAR
STARTCHAR 015D
ENCODING 349
SWIDTH 660 0
DWIDTH 11 0
BBX 7 14 2 0
BITMAP
10
10
6C
00
00
7C
82
82
7C
02
02
82
7C
7C
ENDCHAR
STARTCHAR 015E
ENCODING 350
SWIDTH 660 0
DWIDTH 11 0
BBX 7 17 2 -5
BITMAP
7C
82
82
80
7C
7C
02
02
02
82
7C
7C
10
10
0C
10
10
ENDCHAR
STARTCHAR 015F
ENCODING 351
SWIDTH 660 0
DWIDTH 11 0
BBX 7 14 2 -5
BITMAP
7C
82
82
7C
02
02
82
7C
7C
10
10
0C
10
10
ENDCHAR
STARTCHAR 0160
ENCODING 352
SWIDTH 660 0
DWIDTH 11 0
BBX 7 17 2 0
BITMAP
6C
6C
10
00
00
7C
82
82
80
7C
7C
02
02
02
82
7C
7C
ENDCHAR
STARTCHAR 0161
ENCODING 353
SWIDTH 660 0
DWIDTH 11 0
BBX 7 14 2 0
BITMAP
6C
6C
10
00
00
7C
82
82
7C
02
02
82
7C
7C
ENDCHAR
STARTCHAR 0162
ENCODING 354
SWIDTH 660 0
DWIDTH 11 0
BBX 7 17 2 -5
BITMAP
FE
10
10
10
10
10
10
10
10
10
10
10
10
10
0C
10
10
ENDCHAR
STARTCHAR 0163
ENCODING 355
SWIDTH 660 0
DWIDTH 11 0
BBX 7 17 2 -5
BITMAP
60
60
60
FE
60
60
60
60
60
62
1C
1C
10
10
0C
10
10
ENDCHAR
STARTCHAR 0164
ENCODING 356
SWIDTH 660 0
DWIDTH 11 0
BBX 7 17 2 0
BITMAP
6C
6C
10
00
00
FE
10
10
10
10
10
10
10
10
10
10
10
ENDCHAR
STARTCHAR 0165
ENCODING 357
SWIDTH 660 0
DWIDTH 11 0
BBX 7 14 2 0
BITMAP
02
02
6C
60
60
FE
60
60
60
60
60
62
1C
1C
ENDCHAR
STARTCHAR 0166
ENCODING 358
SWIDTH 660 0
DWIDTH 11 0
BBX 7 12 2 0
BITMAP
FE
10
10
10
7C
7C
10
10
10
10
10
10
ENDCHAR
STARTCHAR 0167
ENCODING 359
SWIDTH 660 0
DWIDTH 11 0
BBX 7 12 2 0
BITMAP
60
60
60
FE
60
60
FE
60
60
62
1C
1C
ENDCHAR
STARTCHAR 0168
ENCODING 360
SWIDTH 660 0
DWIDTH 11 0
BBX 7 17 2 0
BITMAP
12
12
6C
00
00
82
82
82
82
82
82
82
82
82
82
7C
7C
ENDCHAR
STARTCHAR 0169
ENCODING 361
SWIDTH 660 0
DWIDTH 11 0
BBX 7 14 2 0
BITMAP
12
12
6C
00
00
82
82
82
82
82
82
8E
72
72
ENDCHAR
STARTCHAR 016A
ENCODING 362
SWIDTH 660 0
DWIDTH 11 0
BBX 7 15 2 0
BITMAP
7C
00
00
82
82
82
82
82
82
82
82
82
82
7C
7C
ENDCHAR
STARTCHAR 016B
ENCODING 363
SWIDTH 660 0
DWIDTH 11 0
BBX 7 12 2 0
BITMAP
7C
00
00
82
82
82
82
82
82
8E
72
72
ENDCHAR
STARTCHAR 016C
ENCODING 364
SWIDTH 660 0
DWIDTH 11 0
BBX 7 17 2 0
BITMAP
82
82
7C
00
00
82
82
82
82
82
82
82
82
82
82
7C
7C
ENDCHAR
STARTCHAR 016D
ENCODING 365
SWIDTH 660 0
DWIDTH 11 0
BBX 7 14 2 0
BITMAP
82
82
7C
00
00
82
82
82
82
82
82
8E
72
72
ENDCHAR
STARTCHAR 016E
ENCODING 366
SWIDTH 660 0
DWIDTH 11 0
BBX 7 17 2 0
BITMAP
10
10
6C
10
10
82
82
82
82
82
82
82
82
82
82
7C
7C
ENDCHAR
STARTCHAR 016F
ENCODING 367
SWIDTH 660 0
DWIDTH 11 0
BBX 7 15 2 0
BITMAP
10
6C
6C
10
00
00
82
82
82
82
82
82
8E
72
72
ENDCHAR
STARTCHAR 0170
ENCODING 368
SWIDTH 660 0
DWIDTH 11 0
BBX 7 17 2 0
BITMAP
6C
6C
6C
00
00
82
82
82
82
82
82
82
82
82
82
7C
7C
ENDCHAR
STARTCHAR 0171
ENCODING 369
SWIDTH 660 0
DWIDTH 11 0
BBX 7 14 2 0
BITMAP
6C
6C
6C
00
00
82
82
82
82
82
82
8E
72
72
ENDCHAR
STARTCHAR 0172
ENCODING 370
SWIDTH 660 0
DWIDTH 11 0
BBX 7 17 2 -5
BITMAP
82
82
82
82
82
82
82
82
82
82
7C
7C
10
10
60
10
10
ENDCHAR
STARTCHAR 0173
ENCODING 371
SWIDTH 660 0
DWIDTH 11 0
BBX 7 14 2 -5
BITMAP
82
82
82
82
82
82
8E
72
72
02
02
0C
02
02
ENDCHAR
STARTCHAR 0174
ENCODING 372
SWIDTH 660 0
DWIDTH 11 0
BBX 7 17 2 0
BITMAP
10
10
6C
00
00
82
82
82
82
92
92
92
6C
6C
6C
6C
6C
ENDCHAR
STARTCHAR 0175
ENCODING 373
SWIDTH 660 0
DWIDTH 11 0
BBX 7 14 2 0
BITMAP
10
10
6C
00
00
92
92
92
92
92
92
92
6E
6E
ENDCHAR
STARTCHAR 0176
ENCODING 374
SWIDTH 660 0
DWIDTH 11 0
BBX 7 17 2 0
BITMAP
10
10
6C
00
00
82
82
82
82
6C
6C
10
10
10
10
10
10
ENDCHAR
STARTCHAR 0177
ENCODING 375
SWIDTH 660 0
DWIDTH 11 0
BBX 7 17 2 -3
BITMAP
10
10
6C
00
00
82
82
82
82
6C
6C
6C
10
10
10
10
E0
ENDCHAR
STARTCHAR 0178
ENCODING 376
SWIDTH 660 0
DWIDTH 11 0
BBX 7 15 2 0
BITMAP
6C
00
00
82
82
82
82
6C
6C
10
10
10
10
10
10
ENDCHAR
STARTCHAR 0179
ENCODING 377
SWIDTH 660 0
DWIDTH 11 0
BBX 7 17 2 0
BITMAP
0C
0C
10
00
00
FE
02
02
0C
10
10
60
80
80
80
FE
FE
ENDCHAR
STARTCHAR 017A
ENCODING 378
SWIDTH 660 0
DWIDTH 11 0
BBX 7 14 2 0
BITMAP
0C
0C
10
00
00
FE
0C
0C
10
60
60
80
FE
FE
ENDCHAR
STARTCHAR 017B
ENCODING 379
SWIDTH 660 0
DWIDTH 11 0
BBX 7 15 2 0
BITMAP
10
00
00
FE
02
02
0C
10
10
60
80
80
80
FE
FE
ENDCHAR
STARTCHAR 017C
ENCODING 380
SWIDTH 660 0
DWIDTH 11 0
BBX 7 12 2 0
BITMAP
10
00
00
FE
0C
0C
10
60
60
80
FE
FE
ENDCHAR
STARTCHAR 017D
ENCODING 381
SWIDTH 660 0
DWIDTH 11 0
BBX 7 17 2 0
BITMAP
6C
6C
10
00
00
FE
02
02
0C
10
10
60
80
80
80
FE
FE
ENDCHAR
STARTCHAR 017E
ENCODING 382
SWIDTH 660 0
DWIDTH 11 0
BBX 7 14 2 0
BITMAP
6C
6C
10
00
00
FE
0C
0C
10
60
60
80
FE
FE
ENDCHAR
STARTCHAR 017F
ENCODING 383
SWIDTH 660 0
DWIDTH 11 0
BBX 7 12 2 0
BITMAP
0E
10
10
10
10
10
10
10
10
10
FE
FE
ENDCHAR
STARTCHAR 0181
ENCODING 385
SWIDTH 660 0
DWIDTH 11 0
BBX 9 12 0 0
BITMAP
FF00
2080
2080
2080
3F00
3F00
2080
2080
2080
2080
3F00
3F00
ENDCHAR
STARTCHAR 0186
ENCODING 390
SWIDTH 660 0
DWIDTH 11 0
BBX 7 12 2 0
BITMAP
7C
82
82
02
02
02
02
02
02
82
7C
7C
ENDCHAR
STARTCHAR 0189
ENCODING 393
SWIDTH 660 0
DWIDTH 11 0
BBX 9 12 0 0
BITMAP
3F00
2080
2080
2080
FC80
FC80
2080
2080
2080
2080
3F00
3F00
ENDCHAR
STARTCHAR 018A
ENCODING 394
SWIDTH 660 0
DWIDTH 11 0
BBX 9 12 0 0
BITMAP
FF00
2080
2080
2080
2080
2080
2080
2080
2080
2080
3F00
3F00
ENDCHAR
STARTCHAR 018E
ENCODING 398
SWIDTH 660 0
DWIDTH 11 0
BBX 7 12 2 0
BITMAP
FE
02
02
02
7E
7E
02
02
02
02
FE
FE
ENDCHAR
STARTCHAR 018F
ENCODING 399
SWIDTH 660 0
DWIDTH 11 0
BBX 7 12 2 0
BITMAP
7C
82
82
02
02
02
FE
82
82
82
7C
7C
ENDCHAR
STARTCHAR 0190
ENCODING 400
SWIDTH 660 0
DWIDTH 11 0
BBX 7 12 2 0
BITMAP
7C
82
82
80
70
70
80
80
80
82
7C
7C
ENDCHAR
STARTCHAR 0191
ENCODING 401
SWIDTH 660 0
DWIDTH 11 0
BBX 9 15 0 -3
BITMAP
3F80
2000
2000
2000
3F00
3F00
2000
2000
2000
2000
2000
2000
2000
2000
C000
ENDCHAR
STARTCHAR 0192
ENCODING 402
SWIDTH 660 0
DWIDTH 11 0
BBX 9 14 2 -2
BITMAP
0F80
1000
1000
7F80
1000
1000
1000
1000
1000
1000
1000
1000
E000
E000
ENDCHAR
STARTCHAR 0193
ENCODING 403
SWIDTH 660 0
DWIDTH 11 0
BBX 9 15 2 0
BITMAP
0180
0200
0200
7E00
8200
8200
8000
8000
8000
8E00
8200
8200
8200
7C00
7C00
ENDCHAR
STARTCHAR 0194
ENCODING 404
SWIDTH 660 0
DWIDTH 11 0
BBX 7 17 2 -5
BITMAP
82
82
82
82
82
82
82
6C
6C
6C
10
10
10
10
6C
10
10
ENDCHAR
STARTCHAR 0197
ENCODING 407
SWIDTH 660 0
DWIDTH 11 0
BBX 7 12 2 0
BITMAP
FE
10
10
10
7C
7C
10
10
10
10
FE
FE
ENDCHAR
STARTCHAR 0198
ENCODING 408
SWIDTH 660 0
DWIDTH 11 0
BBX 9 12 2 0
BITMAP
8380
8C00
8C00
9000
F000
F000
8C00
8C00
8C00
8200
8200
8200
ENDCHAR
STARTCHAR 0199
ENCODING 409
SWIDTH 660 0
DWIDTH 11 0
BBX 7 12 2 0
BITMAP
70
80
80
82
8C
8C
90
F0
F0
8C
82
82
ENDCHAR
STARTCHAR 019D
ENCODING 413
SWIDTH 660 0
DWIDTH 11 0
BBX 9 15 0 -3
BITMAP
2080
2080
2080
3880
2480
2480
2380
2080
2080
2080
2080
2080
2000
2000
C000
ENDCHAR
STARTCHAR 01AF
ENCODING 431
SWIDTH 660 0
DWIDTH 11 0
BBX 9 15 2 0
BITMAP
0180
0180
0180
8200
8200
8200
8200
8200
8200
8200
8200
8200
8200
7C00
7C00
ENDCHAR
STARTCHAR 01B0
ENCODING 432
SWIDTH 660 0
DWIDTH 11 0
BBX 9 11 2 0
BITMAP
0180
0180
8200
8200
8200
8200
8200
8200
8E00
7200
7200
ENDCHAR
STARTCHAR 01B2
ENCODING 434
SWIDTH 660 0
DWIDTH 11 0
BBX 7 12 2 0
BITMAP
8C
82
82
82
82
82
82
82
82
82
7C
7C
ENDCHAR
STARTCHAR 01B3
ENCODING 435
SWIDTH 660 0
DWIDTH 11 0
BBX 9 12 2 0
BITMAP
8180
8200
8200
8200
6C00
6C00
1000
1000
1000
1000
1000
1000
ENDCHAR
STARTCHAR 01B4
ENCODING 436
SWIDTH 660 0
DWIDTH 11 0
BBX 9 12 2 -3
BITMAP
8180
8200
8200
8200
6C00
6C00
6C00
1000
1000
1000
1000
E000
ENDCHAR
STARTCHAR 01C0
ENCODING 448
SWIDTH 660 0
DWIDTH 11 0
BBX 1 16 5 -2
BITMAP
80
80
80
80
80
80
80
80
80
80
80
80
80
80
80
80
ENDCHAR
STARTCHAR 01C1
ENCODING 449
SWIDTH 660 0
DWIDTH 11 0
BBX 5 16 3 -2
BITMAP
D8
D8
D8
D8
D8
D8
D8
D8
D8
D8
D8
D8
D8
D8
D8
D8
ENDCHAR
STARTCHAR 01C2
ENCODING 450
SWIDTH 660 0
DWIDTH 11 0
BBX 7 16 2 -2
BITMAP
10
10
10
10
10
FE
10
10
10
FE
FE
10
10
10
10
10
ENDCHAR
STARTCHAR 01C3
ENCODING 451
SWIDTH 660 0
DWIDTH 11 0
BBX 1 12 5 0
BITMAP
80
80
80
80
80
80
80
80
80
00
80
80
ENDCHAR
STARTCHAR 01CD
ENCODING 461
SWIDTH 660 0
DWIDTH 11 0
BBX 7 17 2 0
BITMAP
6C
6C
10
00
00
10
6C
6C
82
82
82
FE
82
82
82
82
82
ENDCHAR
STARTCHAR 01CE
ENCODING 462
SWIDTH 660 0
DWIDTH 11 0
BBX 7 14 2 0
BITMAP
6C
6C
10
00
00
7C
02
02
7E
82
82
8E
72
72
ENDCHAR
STARTCHAR 01CF
ENCODING 463
SWIDTH 660 0
DWIDTH 11 0
BBX 7 17 2 0
BITMAP
6C
6C
10
00
00
FE
10
10
10
10
10
10
10
10
10
FE
FE
ENDCHAR
STARTCHAR 01D0
ENCODING 464
SWIDTH 660 0
DWIDTH 11 0
BBX 7 14 2 0
BITMAP
6C
6C
10
00
00
F0
10
10
10
10
10
10
FE
FE
ENDCHAR
STARTCHAR 01D1
ENCODING 465
SWIDTH 660 0
DWIDTH 11 0
BBX 7 17 2 0
BITMAP
6C
6C
10
00
00
7C
82
82
82
82
82
82
82
82
82
7C
7C
ENDCHAR
STARTCHAR 01D2
ENCODING 466
SWIDTH 660 0
DWIDTH 11 0
BBX 7 14 2 0
BITMAP
6C
6C
10
00
00
7C
82
82
82
82
82
82
7C
7C
ENDCHAR
STARTCHAR 01D3
ENCODING 467
SWIDTH 660 0
DWIDTH 11 0
BBX 7 17 2 0
BITMAP
6C
6C
10
00
00
82
82
82
82
82
82
82
82
82
82
7C
7C
ENDCHAR
STARTCHAR 01D4
ENCODING 468
SWIDTH 660 0
DWIDTH 11 0
BBX 7 14 2 0
BITMAP
6C
6C
10
00
00
82
82
82
82
82
82
8E
72
72
ENDCHAR
STARTCHAR 01DD
ENCODING 477
SWIDTH 660 0
DWIDTH 11 0
BBX 7 9 2 0
BITMAP
7C
82
82
02
FE
FE
82
7C
7C
ENDCHAR
STARTCHAR 01E6
ENCODING 486
SWIDTH 660 0
DWIDTH 11 0
BBX 7 17 2 0
BITMAP
6C
6C
10
00
00
7C
82
82
80
80
80
8E
82
82
82
7C
7C
ENDCHAR
STARTCHAR 01E7
ENCODING 487
SWIDTH 660 0
DWIDTH 11 0
BBX 7 17 2 -3
BITMAP
6C
6C
10
00
00
72
8E
8E
82
82
82
8E
72
72
02
02
7C
ENDCHAR
STARTCHAR 01EA
ENCODING 490
SWIDTH 660 0
DWIDTH 11 0
BBX 7 17 2 -5
BITMAP
7C
82
82
82
82
82
82
82
82
82
7C
7C
10
10
60
10
10
ENDCHAR
STARTCHAR 01EB
ENCODING 491
SWIDTH 660 0
DWIDTH 11 0
BBX 7 14 2 -5
BITMAP
7C
82
82
82
82
82
82
7C
7C
10
10
60
10
10
ENDCHAR
STARTCHAR 01F8
ENCODING 504
SWIDTH 660 0
DWIDTH 11 0
BBX 7 17 2 0
BITMAP
60
60
10
00
00
82
82
82
E2
92
92
8E
82
82
82
82
82
ENDCHAR
STARTCHAR 01F9
ENCODING 505
SWIDTH 660 0
DWIDTH 11 0
BBX 7 14 2 0
BITMAP
60
60
10
00
00
9C
E2
E2
82
82
82
82
82
82
ENDCHAR
STARTCHAR 01FA
ENCODING 506
SWIDTH 660 0
DWIDTH 11 0
BBX 7 17 2 0
BITMAP
1E
1E
6C
10
10
10
6C
6C
82
82
82
FE
82
82
82
82
82
ENDCHAR
STARTCHAR 01FB
ENCODING 507
SWIDTH 660 0
DWIDTH 11 0
BBX 7 15 2 0
BITMAP
1E
6C
6C
10
00
00
7C
02
02
7E
82
82
8E
72
72
ENDCHAR
STARTCHAR 01FC
ENCODING 508
SWIDTH 660 0
DWIDTH 11 0
BBX 11 17 0 0
BITMAP
0300
0300
0400
0000
0000
1FE0
2400
2400
C400
C780
C780
FC00
C400
C400
C400
C7E0
C7E0
ENDCHAR
STARTCHAR 01FD
ENCODING 509
SWIDTH 660 0
DWIDTH 11 0
BBX 11 14 0 0
BITMAP
0300
0300
0400
0000
0000
3B80
0460
0460
3FE0
C400
C400
C460
3B80
3B80
ENDCHAR
STARTCHAR 01FE
ENCODING 510
SWIDTH 660 0
DWIDTH 11 0
BBX 11 17 0 0
BITMAP
0300
0300
0400
0000
0000
1F60
2080
2080
2380
2480
2480
3880
2080
2080
E080
1F00
1F00
ENDCHAR
STARTCHAR 01FF
ENCODING 511
SWIDTH 660 0
DWIDTH 11 0
BBX 11 16 0 -2
BITMAP
0300
0300
0400
0000
0000
1F60
2080
2080
2380
2480
2480
3880
3F00
3F00
C000
C000
ENDCHAR
STARTCHAR 0218
ENCODING 536
SWIDTH 660 0
DWIDTH 11 0
BBX 7 17 2 -5
BITMAP
7C
82
82
80
7C
7C
02
02
02
82
7C
7C
00
00
10
60
60
ENDCHAR
STARTCHAR 0219
ENCODING 537
SWIDTH 660 0
DWIDTH 11 0
BBX 7 14 2 -5
BITMAP
7C
82
82
7C
02
02
82
7C
7C
00
00
10
60
60
ENDCHAR
STARTCHAR 021A
ENCODING 538
SWIDTH 660 0
DWIDTH 11 0
BBX 7 17 2 -5
BITMAP
FE
10
10
10
10
10
10
10
10
10
10
10
00
00
10
60
60
ENDCHAR
STARTCHAR 021B
ENCODING 539
SWIDTH 660 0
DWIDTH 11 0
BBX 7 17 2 -5
BITMAP
60
60
60
FE
60
60
60
60
60
62
1C
1C
00
00
10
60
60
ENDCHAR
STARTCHAR 021E
ENCODING 542
SWIDTH 660 0
DWIDTH 11 0
BBX 7 17 2 0
BITMAP
6C
6C
10
00
00
82
82
82
82
FE
FE
82
82
82
82
82
82
ENDCHAR
STARTCHAR 021F
ENCODING 543
SWIDTH 660 0
DWIDTH 11 0
BBX 9 17 0 0
BITMAP
D800
D800
2000
0000
0000
2000
2000
2000
2700
3880
3880
2080
2080
2080
2080
2080
2080
ENDCHAR
STARTCHAR 0232
ENCODING 562
SWIDTH 660 0
DWIDTH 11 0
BBX 7 15 2 0
BITMAP
7C
00
00
82
82
82
82
6C
6C
10
10
10
10
10
10
ENDCHAR
STARTCHAR 0233
ENCODING 563
SWIDTH 660 0
DWIDTH 11 0
BBX 7 15 2 -3
BITMAP
7C
00
00
82
82
82
82
6C
6C
6C
10
10
10
10
E0
ENDCHAR
STARTCHAR 0237
ENCODING 567
SWIDTH 660 0
DWIDTH 11 0
BBX 6 12 2 -3
BITMAP
7C
0C
0C
0C
0C
0C
0C
0C
0C
8C
8C
70
ENDCHAR
STARTCHAR 0244
ENCODING 580
SWIDTH 660 0
DWIDTH 11 0
BBX 11 12 0 0
BITMAP
2080
2080
2080
2080
FFE0
FFE0
2080
2080
2080
2080
1F00
1F00
ENDCHAR
STARTCHAR 0253
ENCODING 595
SWIDTH 660 0
DWIDTH 11 0
BBX 7 12 2 0
BITMAP
70
80
80
9C
E2
E2
82
82
82
E2
9C
9C
ENDCHAR
STARTCHAR 0254
ENCODING 596
SWIDTH 660 0
DWIDTH 11 0
BBX 7 9 2 0
BITMAP
7C
82
82
02
02
02
82
7C
7C
ENDCHAR
STARTCHAR 0256
ENCODING 598
SWIDTH 660 0
DWIDTH 11 0
BBX 9 15 2 -3
BITMAP
0200
0200
0200
7200
8E00
8E00
8200
8200
8200
8E00
7200
7200
0200
0200
0180
ENDCHAR
STARTCHAR 0257
ENCODING 599
SWIDTH 660 0
DWIDTH 11 0
BBX 9 12 2 0
BITMAP
0180
0200
0200
7200
8E00
8E00
8200
8200
8200
8E00
7200
7200
ENDCHAR
STARTCHAR 0259
ENCODING 601
SWIDTH 660 0
DWIDTH 11 0
BBX 7 9 2 0
BITMAP
7C
82
82
02
FE
FE
82
7C
7C
ENDCHAR
STARTCHAR 025B
ENCODING 603
SWIDTH 660 0
DWIDTH 11 0
BBX 7 9 2 0
BITMAP
7C
82
82
70
80
80
82
7C
7C
ENDCHAR
STARTCHAR 0260
ENCODING 608
SWIDTH 660 0
DWIDTH 11 0
BBX 9 15 2 -3
BITMAP
0180
0200
0200
7200
8E00
8E00
8200
8200
8200
8E00
7200
7200
0200
0200
7C00
ENDCHAR
STARTCHAR 0263
ENCODING 611
SWIDTH 660 0
DWIDTH 11 0
BBX 7 14 2 -5
BITMAP
82
82
82
82
6C
6C
6C
10
10
10
10
6C
10
10
ENDCHAR
STARTCHAR 0268
ENCODING 616
SWIDTH 660 0
DWIDTH 11 0
BBX 7 12 2 0
BITMAP
10
00
00
F0
10
10
FE
10
10
10
FE
FE
ENDCHAR
STARTCHAR 0272
ENCODING 626
SWIDTH 660 0
DWIDTH 11 0
BBX 9 12 0 -3
BITMAP
2700
3880
3880
2080
2080
2080
2080
2080
2080
2000
2000
C000
ENDCHAR
STARTCHAR 027C
ENCODING 636
SWIDTH 660 0
DWIDTH 11 0
BBX 7 12 2 -3
BITMAP
EE
70
70
60
60
60
60
60
60
60
60
FC
ENDCHAR
STARTCHAR 0289
ENCODING 649
SWIDTH 660 0
DWIDTH 11 0
BBX 11 9 0 0
BITMAP
2080
2080
2080
FFE0
2080
2080
2380
1C80
1C80
ENDCHAR
STARTCHAR 028B
ENCODING 651
SWIDTH 660 0
DWIDTH 11 0
BBX 7 9 2 0
BITMAP
8C
82
82
82
82
82
82
7C
7C
ENDCHAR
STARTCHAR 0294
ENCODING 660
SWIDTH 660 0
DWIDTH 11 0
BBX 7 12 2 0
BITMAP
7C
82
82
02
0C
0C
10
10
10
10
10
10
ENDCHAR
STARTCHAR 02BB
ENCODING 699
SWIDTH 660 0
DWIDTH 11 0
BBX 3 4 5 8
BITMAP
60
80
80
80
ENDCHAR
STARTCHAR 02BC
ENCODING 700
SWIDTH 660 0
DWIDTH 11 0
BBX 3 4 3 8
BITMAP
20
20
20
C0
ENDCHAR
STARTCHAR 02C6
ENCODING 710
SWIDTH 660 0
DWIDTH 11 0
BBX 5 3 3 11
BITMAP
20
20
D8
ENDCHAR
STARTCHAR 02C7
ENCODING 711
SWIDTH 660 0
DWIDTH 11 0
BBX 5 3 3 11
BITMAP
D8
D8
20
ENDCHAR
STARTCHAR 02D8
ENCODING 728
SWIDTH 660 0
DWIDTH 11 0
BBX 7 3 2 11
BITMAP
82
82
7C
ENDCHAR
STARTCHAR 02D9
ENCODING 729
SWIDTH 660 0
DWIDTH 11 0
BBX 1 1 5 11
BITMAP
80
ENDCHAR
STARTCHAR 02DA
ENCODING 730
SWIDTH 660 0
DWIDTH 11 0
BBX 5 4 3 11
BITMAP
20
D8
D8
20
ENDCHAR
STARTCHAR 02DB
ENCODING 731
SWIDTH 660 0
DWIDTH 11 0
BBX 3 5 3 -5
BITMAP
20
20
C0
20
20
ENDCHAR
STARTCHAR 02DC
ENCODING 732
SWIDTH 660 0
DWIDTH 11 0
BBX 6 3 3 11
BITMAP
24
24
D8
ENDCHAR
STARTCHAR 02DD
ENCODING 733
SWIDTH 660 0
DWIDTH 11 0
BBX 5 3 3 11
BITMAP
D8
D8
D8
ENDCHAR
STARTCHAR 0300
ENCODING 768
SWIDTH 660 0
DWIDTH 11 0
BBX 3 3 3 11
BITMAP
C0
C0
20
ENDCHAR
STARTCHAR 0301
ENCODING 769
SWIDTH 660 0
DWIDTH 11 0
BBX 3 3 5 11
BITMAP
60
60
80
ENDCHAR
STARTCHAR 0302
ENCODING 770
SWIDTH 660 0
DWIDTH 11 0
BBX 5 3 3 11
BITMAP
20
20
D8
ENDCHAR
STARTCHAR 0303
ENCODING 771
SWIDTH 660 0
DWIDTH 11 0
BBX 6 3 3 11
BITMAP
24
24
D8
ENDCHAR
STARTCHAR 0304
ENCODING 772
SWIDTH 660 0
DWIDTH 11 0
BBX 5 1 3 11
BITMAP
F8
ENDCHAR
STARTCHAR 0306
ENCODING 774
SWIDTH 660 0
DWIDTH 11 0
BBX 7 3 2 11
BITMAP
82
82
7C
ENDCHAR
STARTCHAR 0307
ENCODING 775
SWIDTH 660 0
DWIDTH 11 0
BBX 1 1 5 11
BITMAP
80
ENDCHAR
STARTCHAR 0308
ENCODING 776
SWIDTH 660 0
DWIDTH 11 0
BBX 5 1 3 11
BITMAP
D8
ENDCHAR
STARTCHAR 030A
ENCODING 778
SWIDTH 660 0
DWIDTH 11 0
BBX 5 4 3 11
BITMAP
20
D8
D8
20
ENDCHAR
STARTCHAR 030B
ENCODING 779
SWIDTH 660 0
DWIDTH 11 0
BBX 5 3 3 11
BITMAP
D8
D8
D8
ENDCHAR
STARTCHAR 030C
ENCODING 780
SWIDTH 660 0
DWIDTH 11 0
BBX 5 3 3 11
BITMAP
D8
D8
20
ENDCHAR
STARTCHAR 0312
ENCODING 786
SWIDTH 660 0
DWIDTH 11 0
BBX 3 3 5 11
BITMAP
60
60
80
ENDCHAR
STARTCHAR 0323
ENCODING 803
SWIDTH 660 0
DWIDTH 11 0
BBX 1 1 5 -3
BITMAP
80
ENDCHAR
STARTCHAR 0326
ENCODING 806
SWIDTH 660 0
DWIDTH 11 0
BBX 3 3 3 -5
BITMAP
20
C0
C0
ENDCHAR
STARTCHAR 0327
ENCODING 807
SWIDTH 660 0
DWIDTH 11 0
BBX 3 5 5 -5
BITMAP
80
80
60
80
80
ENDCHAR
STARTCHAR 0328
ENCODING 808
SWIDTH 660 0
DWIDTH 11 0
BBX 3 5 3 -5
BITMAP
20
20
C0
20
20
ENDCHAR
STARTCHAR 032E
ENCODING 814
SWIDTH 660 0
DWIDTH 11 0
BBX 7 3 2 -5
BITMAP
82
7C
7C
ENDCHAR
STARTCHAR 037A
ENCODING 890
SWIDTH 660 0
DWIDTH 11 0
BBX 4 5 5 -5
BITMAP
80
80
80
70
70
ENDCHAR
STARTCHAR 0384
ENCODING 900
SWIDTH 660 0
DWIDTH 11 0
BBX 3 3 5 11
BITMAP
60
60
80
ENDCHAR
STARTCHAR 0385
ENCODING 901
SWIDTH 660 0
DWIDTH 11 0
BBX 7 4 2 11
BITMAP
0C
10
10
82
ENDCHAR
STARTCHAR 0386
ENCODING 902
SWIDTH 660 0
DWIDTH 11 0
BBX 7 15 2 0
BITMAP
60
80
80
10
6C
6C
82
82
82
FE
82
82
82
82
82
ENDCHAR
STARTCHAR 0388
ENCODING 904
SWIDTH 660 0
DWIDTH 11 0
BBX 9 15 0 0
BITMAP
2000
C000
C000
3F80
2000
2000
2000
3F00
3F00
2000
2000
2000
2000
3F80
3F80
ENDCHAR
STARTCHAR 0389
ENCODING 905
SWIDTH 660 0
DWIDTH 11 0
BBX 9 15 0 0
BITMAP
2000
C000
C000
2080
2080
2080
2080
3F80
3F80
2080
2080
2080
2080
2080
2080
ENDCHAR
STARTCHAR 038A
ENCODING 906
SWIDTH 660 0
DWIDTH 11 0
BBX 9 15 0 0
BITMAP
2000
C000
C000
3F80
0400
0400
0400
0400
0400
0400
0400
0400
0400
3F80
3F80
ENDCHAR
STARTCHAR 038C
ENCODING 908
SWIDTH 660 0
DWIDTH 11 0
BBX 9 15 0 0
BITMAP
2000
C000
C000
1F00
2080
2080
2080
2080
2080
2080
2080
2080
2080
1F00
1F00
ENDCHAR
STARTCHAR 038E
ENCODING 910
SWIDTH 660 0
DWIDTH 11 0
BBX 9 15 0 0
BITMAP
2000
C000
C000
2080
2080
2080
2080
1B00
1B00
0400
0400
0400
0400
0400
0400
ENDCHAR
STARTCHAR 038F
ENCODING 911
SWIDTH 660 0
DWIDTH 11 0
BBX 9 15 0 0
BITMAP
2000
C000
C000
1F00
2080
2080
2080
2080
2080
2080
2080
2080
1B00
3B80
3B80
ENDCHAR
STARTCHAR 0390
ENCODING 912
SWIDTH 660 0
DWIDTH 11 0
BBX 7 15 2 0
BITMAP
0C
10
10
82
00
00
F0
10
10
10
10
10
10
0E
0E
ENDCHAR
STARTCHAR 0391
ENCODING 913
SWIDTH 660 0
DWIDTH 11 0
BBX 7 12 2 0
BITMAP
10
6C
6C
82
82
82
FE
82
82
82
82
82
ENDCHAR
STARTCHAR 0392
ENCODING 914
SWIDTH 660 0
DWIDTH 11 0
BBX 7 12 2 0
BITMAP
FC
82
82
82
FC
FC
82
82
82
82
FC
FC
ENDCHAR
STARTCHAR 0393
ENCODING 915
SWIDTH 660 0
DWIDTH 11 0
BBX 7 12 2 0
BITMAP
FE
82
82
80
80
80
80
80
80
80
80
80
ENDCHAR
STARTCHAR 0394
ENCODING 916
SWIDTH 660 0
DWIDTH 11 0
BBX 7 12 2 0
BITMAP
10
10
10
6C
6C
6C
6C
82
82
82
FE
FE
ENDCHAR
STARTCHAR 0395
ENCODING 917
SWIDTH 660 0
DWIDTH 11 0
BBX 7 12 2 0
BITMAP
FE
80
80
80
FC
FC
80
80
80
80
FE
FE
ENDCHAR
STARTCHAR 0396
ENCODING 918
SWIDTH 660 0
DWIDTH 11 0
BBX 7 12 2 0
BITMAP
FE
02
02
0C
10
10
60
80
80
80
FE
FE
ENDCHAR
STARTCHAR 0397
ENCODING 919
SWIDTH 660 0
DWIDTH 11 0
BBX 7 12 2 0
BITMAP
82
82
82
82
FE
FE
82
82
82
82
82
82
ENDCHAR
STARTCHAR 0398
ENCODING 920
SWIDTH 660 0
DWIDTH 11 0
BBX 7 12 2 0
BITMAP
7C
82
82
82
FE
FE
82
82
82
82
7C
7C
ENDCHAR
STARTCHAR 0399
ENCODING 921
SWIDTH 660 0
DWIDTH 11 0
BBX 7 12 2 0
BITMAP
FE
10
10
10
10
10
10
10
10
10
FE
FE
ENDCHAR
STARTCHAR 039A
ENCODING 922
SWIDTH 660 0
DWIDTH 11 0
BBX 7 12 2 0
BITMAP
82
8C
8C
90
F0
F0
8C
8C
8C
82
82
82
ENDCHAR
STARTCHAR 039B
ENCODING 923
SWIDTH 660 0
DWIDTH 11 0
BBX 7 12 2 0
BITMAP
10
10
10
6C
6C
6C
82
82
82
82
82
82
ENDCHAR
STARTCHAR 039C
ENCODING 924
SWIDTH 660 0
DWIDTH 11 0
BBX 7 12 2 0
BITMAP
82
82
82
EE
92
92
92
82
82
82
82
82
ENDCHAR
STARTCHAR 039D
ENCODING 925
SWIDTH 660 0
DWIDTH 11 0
BBX 7 12 2 0
BITMAP
82
82
82
E2
92
92
8E
82
82
82
82
82
ENDCHAR
STARTCHAR 039E
ENCODING 926
SWIDTH 660 0
DWIDTH 11 0
BBX 7 12 2 0
BITMAP
FE
00
00
00
7C
7C
00
00
00
00
FE
FE
ENDCHAR
STARTCHAR 039F
ENCODING 927
SWIDTH 660 0
DWIDTH 11 0
BBX 7 12 2 0
BITMAP
7C
82
82
82
82
82
82
82
82
82
7C
7C
ENDCHAR
STARTCHAR 03A0
ENCODING 928
SWIDTH 660 0
DWIDTH 11 0
BBX 7 12 2 0
BITMAP
FE
82
82
82
82
82
82
82
82
82
82
82
ENDCHAR
STARTCHAR 03A1
ENCODING 929
SWIDTH 660 0
DWIDTH 11 0
BBX 7 12 2 0
BITMAP
FC
82
82
82
82
82
FC
80
80
80
80
80
ENDCHAR
STARTCHAR 03A3
ENCODING 931
SWIDTH 660 0
DWIDTH 11 0
BBX 7 12 2 0
BITMAP
FE
82
82
60
10
10
60
80
80
82
FE
FE
ENDCHAR
STARTCHAR 03A4
ENCODING 932
SWIDTH 660 0
DWIDTH 11 0
BBX 7 12 2 0
BITMAP
FE
10
10
10
10
10
10
10
10
10
10
10
ENDCHAR
STARTCHAR 03A5
ENCODING 933
SWIDTH 660 0
DWIDTH 11 0
BBX 7 12 2 0
BITMAP
82
82
82
82
6C
6C
10
10
10
10
10
10
ENDCHAR
STARTCHAR 03A6
ENCODING 934
SWIDTH 660 0
DWIDTH 11 0
BBX 7 12 2 0
BITMAP
10
7C
7C
92
92
92
92
92
92
7C
10
10
ENDCHAR
STARTCHAR 03A7
ENCODING 935
SWIDTH 660 0
DWIDTH 11 0
BBX 7 12 2 0
BITMAP
82
82
82
6C
10
10
6C
82
82
82
82
82
ENDCHAR
STARTCHAR 03A8
ENCODING 936
SWIDTH 660 0
DWIDTH 11 0
BBX 7 12 2 0
BITMAP
92
92
92
92
92
92
92
7C
7C
10
10
10
ENDCHAR
STARTCHAR 03A9
ENCODING 937
SWIDTH 660 0
DWIDTH 11 0
BBX 7 12 2 0
BITMAP
7C
82
82
82
82
82
82
82
82
6C
EE
EE
ENDCHAR
STARTCHAR 03AA
ENCODING 938
SWIDTH 660 0
DWIDTH 11 0
BBX 7 15 2 0
BITMAP
6C
00
00
FE
10
10
10
10
10
10
10
10
10
FE
FE
ENDCHAR
STARTCHAR 03AB
ENCODING 939
SWIDTH 660 0
DWIDTH 11 0
BBX 7 15 2 0
BITMAP
6C
00
00
82
82
82
82
6C
6C
10
10
10
10
10
10
ENDCHAR
STARTCHAR 03AC
ENCODING 940
SWIDTH 660 0
DWIDTH 11 0
BBX 7 14 2 0
BITMAP
0C
0C
10
00
00
72
8E
8E
8C
8C
8C
8E
72
72
ENDCHAR
STARTCHAR 03AD
ENCODING 941
SWIDTH 660 0
DWIDTH 11 0
BBX 7 14 2 0
BITMAP
0C
0C
10
00
00
7C
82
82
70
80
80
82
7C
7C
ENDCHAR
STARTCHAR 03AE
ENCODING 942
SWIDTH 660 0
DWIDTH 11 0
BBX 7 17 2 -3
BITMAP
0C
0C
10
00
00
9C
E2
E2
82
82
82
82
82
82
02
02
02
ENDCHAR
STARTCHAR 03AF
ENCODING 943
SWIDTH 660 0
DWIDTH 11 0
BBX 7 14 2 0
BITMAP
0C
0C
10
00
00
F0
10
10
10
10
10
10
0E
0E
ENDCHAR
STARTCHAR 03B0
ENCODING 944
SWIDTH 660 0
DWIDTH 11 0
BBX 7 15 2 0
BITMAP
0C
10
10
82
00
00
8C
82
82
82
82
82
82
7C
7C
ENDCHAR
STARTCHAR 03B1
ENCODING 945
SWIDTH 660 0
DWIDTH 11 0
BBX 7 9 2 0
BITMAP
72
8E
8E
8C
8C
8C
8E
72
72
ENDCHAR
STARTCHAR 03B2
ENCODING 946
SWIDTH 660 0
DWIDTH 11 0
BBX 7 15 2 -3
BITMAP
7C
82
82
82
9C
9C
82
82
82
E2
9C
9C
80
80
80
ENDCHAR
STARTCHAR 03B3
ENCODING 947
SWIDTH 660 0
DWIDTH 11 0
BBX 7 12 2 -3
BITMAP
82
82
82
82
6C
6C
6C
10
10
10
10
10
ENDCHAR
STARTCHAR 03B4
ENCODING 948
SWIDTH 660 0
DWIDTH 11 0
BBX 7 12 2 0
BITMAP
FE
60
60
10
6C
6C
82
82
82
82
7C
7C
ENDCHAR
STARTCHAR 03B5
ENCODING 949
SWIDTH 660 0
DWIDTH 11 0
BBX 7 9 2 0
BITMAP
7C
82
82
70
80
80
82
7C
7C
ENDCHAR
STARTCHAR 03B6
ENCODING 950
SWIDTH 660 0
DWIDTH 11 0
BBX 7 15 2 -3
BITMAP
7E
0C
0C
10
60
60
60
80
80
80
7C
7C
02
02
0C
ENDCHAR
STARTCHAR 03B7
ENCODING 951
SWIDTH 660 0
DWIDTH 11 0
BBX 7 12 2 -3
BITMAP
9C
E2
E2
82
82
82
82
82
82
02
02
02
ENDCHAR
STARTCHAR 03B8
ENCODING 952
SWIDTH 660 0
DWIDTH 11 0
BBX 7 12 2 0
BITMAP
7C
82
82
82
FE
FE
82
82
82
82
7C
7C
ENDCHAR
STARTCHAR 03B9
ENCODING 953
SWIDTH 660 0
DWIDTH 11 0
BBX 7 9 2 0
BITMAP
F0
10
10
10
10
10
10
0E
0E
ENDCHAR
STARTCHAR 03BA
ENCODING 954
SWIDTH 660 0
DWIDTH 11 0
BBX 7 9 2 0
BITMAP
82
8C
8C
90
F0
F0
8C
82
82
ENDCHAR
STARTCHAR 03BB
ENCODING 955
SWIDTH 660 0
DWIDTH 11 0
BBX 7 12 2 0
BITMAP
E0
10
10
10
6C
6C
6C
82
82
82
82
82
ENDCHAR
STARTCHAR 03BC
ENCODING 956
SWIDTH 660 0
DWIDTH 11 0
BBX 7 12 2 -3
BITMAP
82
82
82
82
82
82
8E
F2
F2
80
80
80
ENDCHAR
STARTCHAR 03BD
ENCODING 957
SWIDTH 660 0
DWIDTH 11 0
BBX 7 9 2 0
BITMAP
82
82
82
82
6C
6C
6C
10
10
ENDCHAR
STARTCHAR 03BE
ENCODING 958
SWIDTH 660 0
DWIDTH 11 0
BBX 7 15 2 -3
BITMAP
7C
82
82
80
70
70
80
80
80
80
7C
7C
02
02
0C
ENDCHAR
STARTCHAR 03BF
ENCODING 959
SWIDTH 660 0
DWIDTH 11 0
BBX 7 9 2 0
BITMAP
7C
82
82
82
82
82
82
7C
7C
ENDCHAR
STARTCHAR 03C0
ENCODING 960
SWIDTH 660 0
DWIDTH 11 0
BBX 9 9 0 0
BITMAP
FF80
2300
2300
2300
2300
2300
2300
2080
2080
ENDCHAR
STARTCHAR 03C1
ENCODING 961
SWIDTH 660 0
DWIDTH 11 0
BBX 7 12 2 -3
BITMAP
7C
82
82
82
82
82
E2
9C
9C
80
80
80
ENDCHAR
STARTCHAR 03C2
ENCODING 962
SWIDTH 660 0
DWIDTH 11 0
BBX 7 12 2 -3
BITMAP
7C
82
82
80
80
80
80
7C
7C
02
02
0C
ENDCHAR
STARTCHAR 03C3
ENCODING 963
SWIDTH 660 0
DWIDTH 11 0
BBX 9 9 2 0
BITMAP
7F80
8200
8200
8200
8200
8200
8200
7C00
7C00
ENDCHAR
STARTCHAR 03C4
ENCODING 964
SWIDTH 660 0
DWIDTH 11 0
BBX 7 9 2 0
BITMAP
FE
10
10
10
10
10
10
0C
0C
ENDCHAR
STARTCHAR 03C5
ENCODING 965
SWIDTH 660 0
DWIDTH 11 0
BBX 7 9 2 0
BITMAP
8C
82
82
82
82
82
82
7C
7C
ENDCHAR
STARTCHAR 03C6
ENCODING 966
SWIDTH 660 0
DWIDTH 11 0
BBX 7 12 2 -3
BITMAP
1C
92
92
92
92
92
92
7C
7C
10
10
10
ENDCHAR
STARTCHAR 03C7
ENCODING 967
SWIDTH 660 0
DWIDTH 11 0
BBX 7 12 2 -3
BITMAP
82
82
82
6C
10
10
6C
82
82
82
82
82
ENDCHAR
STARTCHAR 03C8
ENCODING 968
SWIDTH 660 0
DWIDTH 11 0
BBX 7 12 2 -3
BITMAP
92
92
92
92
92
92
92
7C
7C
10
10
10
ENDCHAR
STARTCHAR 03C9
ENCODING 969
SWIDTH 660 0
DWIDTH 11 0
BBX 7 9 2 0
BITMAP
6C
82
82
92
92
92
92
6C
6C
ENDCHAR
STARTCHAR 03CA
ENCODING 970
SWIDTH 660 0
DWIDTH 11 0
BBX 7 12 2 0
BITMAP
6C
00
00
F0
10
10
10
10
10
10
0E
0E
ENDCHAR
STARTCHAR 03CB
ENCODING 971
SWIDTH 660 0
DWIDTH 11 0
BBX 7 12 2 0
BITMAP
6C
00
00
8C
82
82
82
82
82
82
7C
7C
ENDCHAR
STARTCHAR 03CC
ENCODING 972
SWIDTH 660 0
DWIDTH 11 0
BBX 7 14 2 0
BITMAP
0C
0C
10
00
00
7C
82
82
82
82
82
82
7C
7C
ENDCHAR
STARTCHAR 03CD
ENCODING 973
SWIDTH 660 0
DWIDTH 11 0
BBX 7 14 2 0
BITMAP
0C
0C
10
00
00
8C
82
82
82
82
82
82
7C
7C
ENDCHAR
STARTCHAR 03CE
ENCODING 974
SWIDTH 660 0
DWIDTH 11 0
BBX 7 14 2 0
BITMAP
0C
0C
10
00
00
6C
82
82
92
92
92
92
6C
6C
ENDCHAR
STARTCHAR 0400
ENCODING 1024
SWIDTH 660 0
DWIDTH 11 0
BBX 7 17 2 0
BITMAP
60
60
10
00
00
FE
80
80
80
FC
FC
80
80
80
80
FE
FE
ENDCHAR
STARTCHAR 0401
ENCODING 1025
SWIDTH 660 0
DWIDTH 11 0
BBX 7 15 2 0
BITMAP
6C
00
00
FE
80
80
80
FC
FC
80
80
80
80
FE
FE
ENDCHAR
STARTCHAR 0402
ENCODING 1026
SWIDTH 660 0
DWIDTH 11 0
BBX 9 12 0 0
BITMAP
FC00
2000
2000
2000
2700
2700
3880
2080
2080
2080
2700
2700
ENDCHAR
STARTCHAR 0403
ENCODING 1027
SWIDTH 660 0
DWIDTH 11 0
BBX 7 17 2 0
BITMAP
0C
0C
10
00
00
FE
62
62
60
60
60
60
60
60
60
F0
F0
ENDCHAR
STARTCHAR 0404
ENCODING 1028
SWIDTH 660 0
DWIDTH 11 0
BBX 7 12 2 0
BITMAP
7C
82
82
80
F0
F0
80
80
80
82
7C
7C
ENDCHAR
STARTCHAR 0405
ENCODING 1029
SWIDTH 660 0
DWIDTH 11 0
BBX 7 12 2 0
BITMAP
7C
82
82
80
7C
7C
02
02
02
82
7C
7C
ENDCHAR
STARTCHAR 0406
ENCODING 1030
SWIDTH 660 0
DWIDTH 11 0
BBX 7 12 2 0
BITMAP
FE
10
10
10
10
10
10
10
10
10
FE
FE
ENDCHAR
STARTCHAR 0407
ENCODING 1031
SWIDTH 660 0
DWIDTH 11 0
BBX 7 15 2 0
BITMAP
6C
00
00
FE
10
10
10
10
10
10
10
10
10
FE
FE
ENDCHAR
STARTCHAR 0408
ENCODING 1032
SWIDTH 660 0
DWIDTH 11 0
BBX 7 12 2 0
BITMAP
1E
02
02
02
02
02
02
02
02
82
7C
7C
ENDCHAR
STARTCHAR 0409
ENCODING 1033
SWIDTH 660 0
DWIDTH 11 0
BBX 11 12 0 0
BITMAP
3C00
2400
2400
2400
2780
2780
2460
C460
C460
C460
C780
C780
ENDCHAR
STARTCHAR 040A
ENCODING 1034
SWIDTH 660 0
DWIDTH 11 0
BBX 11 12 0 0
BITMAP
C400
C400
C400
C400
FF80
FF80
C460
C460
C460
C460
C780
C780
ENDCHAR
STARTCHAR 040B
ENCODING 1035
SWIDTH 660 0
DWIDTH 11 0
BBX 9 12 0 0
BITMAP
FC00
2000
2000
2000
2700
2700
3880
2080
2080
2080
2080
2080
ENDCHAR
STARTCHAR 040C
ENCODING 1036
SWIDTH 660 0
DWIDTH 11 0
BBX 7 17 2 0
BITMAP
0C
0C
10
00
00
82
8C
8C
8C
F0
F0
8C
8C
8C
82
82
82
ENDCHAR
STARTCHAR 040D
ENCODING 1037
SWIDTH 660 0
DWIDTH 11 0
BBX 7 17 2 0
BITMAP
60
60
10
00
00
82
82
82
8E
92
92
E2
82
82
82
82
82
ENDCHAR
STARTCHAR 040E
ENCODING 1038
SWIDTH 660 0
DWIDTH 11 0
BBX 7 17 2 0
BITMAP
82
82
7C
00
00
82
82
82
82
6C
6C
6C
10
10
10
E0
E0
ENDCHAR
STARTCHAR 040F
ENCODING 1039
SWIDTH 660 0
DWIDTH 11 0
BBX 7 15 2 -3
BITMAP
82
82
82
82
82
82
82
82
82
82
FE
FE
10
10
10
ENDCHAR
STARTCHAR 0410
ENCODING 1040
SWIDTH 660 0
DWIDTH 11 0
BBX 7 12 2 0
BITMAP
10
6C
6C
82
82
82
FE
82
82
82
82
82
ENDCHAR
STARTCHAR 0411
ENCODING 1041
SWIDTH 660 0
DWIDTH 11 0
BBX 7 12 2 0
BITMAP
FC
80
80
80
FC
FC
82
82
82
82
FC
FC
ENDCHAR
STARTCHAR 0412
ENCODING 1042
SWIDTH 660 0
DWIDTH 11 0
BBX 7 12 2 0
BITMAP
FC
82
82
82
FC
FC
82
82
82
82
FC
FC
ENDCHAR
STARTCHAR 0413
ENCODING 1043
SWIDTH 660 0
DWIDTH 11 0
BBX 7 12 2 0
BITMAP
FE
62
62
60
60
60
60
60
60
60
F0
F0
ENDCHAR
STARTCHAR 0414
ENCODING 1044
SWIDTH 660 0
DWIDTH 11 0
BBX 11 15 0 -3
BITMAP
1F80
1880
1880
1880
1880
1880
1880
2080
2080
2080
FFE0
FFE0
C060
C060
C060
ENDCHAR
STARTCHAR 0415
ENCODING 1045
SWIDTH 660 0
DWIDTH 11 0
BBX 7 12 2 0
BITMAP
FE
80
80
80
FC
FC
80
80
80
80
FE
FE
ENDCHAR
STARTCHAR 0416
ENCODING 1046
SWIDTH 660 0
DWIDTH 11 0
BBX 11 12 0 0
BITMAP
C460
2480
2480
2480
1F00
1F00
2480
2480
2480
2480
C460
C460
ENDCHAR
STARTCHAR 0417
ENCODING 1047
SWIDTH 660 0
DWIDTH 11 0
BBX 7 12 2 0
BITMAP
7C
82
82
02
1C
1C
02
02
02
82
7C
7C
ENDCHAR
STARTCHAR 0418
ENCODING 1048
SWIDTH 660 0
DWIDTH 11 0
BBX 7 12 2 0
BITMAP
82
82
82
8E
92
92
E2
82
82
82
82
82
ENDCHAR
STARTCHAR 0419
ENCODING 1049
SWIDTH 660 0
DWIDTH 11 0
BBX 7 17 2 0
BITMAP
82
82
7C
00
00
82
82
82
8E
92
92
E2
82
82
82
82
82
ENDCHAR
STARTCHAR 041A
ENCODING 1050
SWIDTH 660 0
DWIDTH 11 0
BBX 7 12 2 0
BITMAP
82
8C
8C
8C
F0
F0
8C
8C
8C
82
82
82
ENDCHAR
STARTCHAR 041B
ENCODING 1051
SWIDTH 660 0
DWIDTH 11 0
BBX 7 12 2 0
BITMAP
7E
62
62
62
62
62
62
82
82
82
82
82
ENDCHAR
STARTCHAR 041C
ENCODING 1052
SWIDTH 660 0
DWIDTH 11 0
BBX 7 12 2 0
BITMAP
82
82
82
EE
92
92
92
82
82
82
82
82
ENDCHAR
STARTCHAR 041D
ENCODING 1053
SWIDTH 660 0
DWIDTH 11 0
BBX 7 12 2 0
BITMAP
82
82
82
82
FE
FE
82
82
82
82
82
82
ENDCHAR
STARTCHAR 041E
ENCODING 1054
SWIDTH 660 0
DWIDTH 11 0
BBX 7 12 2 0
BITMAP
7C
82
82
82
82
82
82
82
82
82
7C
7C
ENDCHAR
STARTCHAR 041F
ENCODING 1055
SWIDTH 660 0
DWIDTH 11 0
BBX 7 12 2 0
BITMAP
FE
82
82
82
82
82
82
82
82
82
82
82
ENDCHAR
STARTCHAR 0420
ENCODING 1056
SWIDTH 660 0
DWIDTH 11 0
BBX 7 12 2 0
BITMAP
FC
82
82
82
82
82
FC
80
80
80
80
80
ENDCHAR
STARTCHAR 0421
ENCODING 1057
SWIDTH 660 0
DWIDTH 11 0
BBX 7 12 2 0
BITMAP
7C
82
82
80
80
80
80
80
80
82
7C
7C
ENDCHAR
STARTCHAR 0422
ENCODING 1058
SWIDTH 660 0
DWIDTH 11 0
BBX 7 12 2 0
BITMAP
FE
10
10
10
10
10
10
10
10
10
10
10
ENDCHAR
STARTCHAR 0423
ENCODING 1059
SWIDTH 660 0
DWIDTH 11 0
BBX 7 12 2 0
BITMAP
82
82
82
82
6C
6C
6C
10
10
10
E0
E0
ENDCHAR
STARTCHAR 0424
ENCODING 1060
SWIDTH 660 0
DWIDTH 11 0
BBX 7 12 2 0
BITMAP
10
7C
7C
92
92
92
92
92
92
7C
10
10
ENDCHAR
STARTCHAR 0425
ENCODING 1061
SWIDTH 660 0
DWIDTH 11 0
BBX 7 12 2 0
BITMAP
82
82
82
6C
10
10
6C
82
82
82
82
82
ENDCHAR
STARTCHAR 0426
ENCODING 1062
SWIDTH 660 0
DWIDTH 11 0
BBX 9 15 2 -3
BITMAP
8200
8200
8200
8200
8200
8200
8200
8200
8200
8200
FF80
FF80
0180
0180
0180
ENDCHAR
STARTCHAR 0427
ENCODING 1063
SWIDTH 660 0
DWIDTH 11 0
BBX 7 12 2 0
BITMAP
82
82
82
82
8E
8E
72
02
02
02
02
02
ENDCHAR
STARTCHAR 0428
ENCODING 1064
SWIDTH 660 0
DWIDTH 11 0
BBX 7 12 2 0
BITMAP
92
92
92
92
92
92
92
92
92
92
FE
FE
ENDCHAR
STARTCHAR 0429
ENCODING 1065
SWIDTH 660 0
DWIDTH 11 0
BBX 9 15 2 -3
BITMAP
9200
9200
9200
9200
9200
9200
9200
9200
9200
9200
FF80
FF80
0180
0180
0180
ENDCHAR
STARTCHAR 042A
ENCODING 1066
SWIDTH 660 0
DWIDTH 11 0
BBX 9 12 0 0
BITMAP
E000
2000
2000
2000
3F00
3F00
2080
2080
2080
2080
3F00
3F00
ENDCHAR
STARTCHAR 042B
ENCODING 1067
SWIDTH 660 0
DWIDTH 11 0
BBX 7 12 2 0
BITMAP
82
82
82
82
E2
E2
92
92
92
92
E2
E2
ENDCHAR
STARTCHAR 042C
ENCODING 1068
SWIDTH 660 0
DWIDTH 11 0
BBX 7 12 2 0
BITMAP
80
80
80
80
FC
FC
82
82
82
82
FC
FC
ENDCHAR
STARTCHAR 042D
ENCODING 1069
SWIDTH 660 0
DWIDTH 11 0
BBX 7 12 2 0
BITMAP
7C
82
82
02
1E
1E
02
02
02
82
7C
7C
ENDCHAR
STARTCHAR 042E
ENCODING 1070
SWIDTH 660 0
DWIDTH 11 0
BBX 9 12 2 0
BITMAP
8E00
9180
9180
9180
F180
F180
9180
9180
9180
9180
8E00
8E00
ENDCHAR
STARTCHAR 042F
ENCODING 1071
SWIDTH 660 0
DWIDTH 11 0
BBX 7 12 2 0
BITMAP
7E
82
82
82
82
82
7E
62
62
82
82
82
ENDCHAR
STARTCHAR 0430
ENCODING 1072
SWIDTH 660 0
DWIDTH 11 0
BBX 7 9 2 0
BITMAP
7C
02
02
7E
82
82
8E
72
72
ENDCHAR
STARTCHAR 0431
ENCODING 1073
SWIDTH 660 0
DWIDTH 11 0
BBX 7 12 2 0
BITMAP
02
7C
7C
80
FC
FC
82
82
82
82
7C
7C
ENDCHAR
STARTCHAR 0432
ENCODING 1074
SWIDTH 660 0
DWIDTH 11 0
BBX 7 9 2 0
BITMAP
FC
82
82
FC
82
82
82
FC
FC
ENDCHAR
STARTCHAR 0433
ENCODING 1075
SWIDTH 660 0
DWIDTH 11 0
BBX 7 9 2 0
BITMAP
FE
62
62
60
60
60
60
F0
F0
ENDCHAR
STARTCHAR 0434
ENCODING 1076
SWIDTH 660 0
DWIDTH 11 0
BBX 11 12 0 -3
BITMAP
1F80
1880
1880
1880
1880
1880
2080
FFE0
FFE0
C060
C060
C060
ENDCHAR
STARTCHAR 0435
ENCODING 1077
SWIDTH 660 0
DWIDTH 11 0
BBX 7 9 2 0
BITMAP
7C
82
82
FE
80
80
82
7C
7C
ENDCHAR
STARTCHAR 0436
ENCODING 1078
SWIDTH 660 0
DWIDTH 11 0
BBX 11 9 0 0
BITMAP
C460
2480
2480
1F00
2480
2480
2480
C460
C460
ENDCHAR
STARTCHAR 0437
ENCODING 1079
SWIDTH 660 0
DWIDTH 11 0
BBX 7 9 2 0
BITMAP
7C
82
82
1C
02
02
82
7C
7C
ENDCHAR
STARTCHAR 0438
ENCODING 1080
SWIDTH 660 0
DWIDTH 11 0
BBX 7 9 2 0
BITMAP
82
8E
8E
92
E2
E2
82
82
82
ENDCHAR
STARTCHAR 0439
ENCODING 1081
SWIDTH 660 0
DWIDTH 11 0
BBX 7 14 2 0
BITMAP
82
82
7C
00
00
82
8E
8E
92
E2
E2
82
82
82
ENDCHAR
STARTCHAR 043A
ENCODING 1082
SWIDTH 660 0
DWIDTH 11 0
BBX 7 9 2 0
BITMAP
82
8C
8C
90
F0
F0
8C
82
82
ENDCHAR
STARTCHAR 043B
ENCODING 1083
SWIDTH 660 0
DWIDTH 11 0
BBX 7 9 2 0
BITMAP
7E
62
62
62
62
62
82
82
82
ENDCHAR
STARTCHAR 043C
ENCODING 1084
SWIDTH 660 0
DWIDTH 11 0
BBX 7 9 2 0
BITMAP
82
EE
EE
92
92
92
82
82
82
ENDCHAR
STARTCHAR 043D
ENCODING 1085
SWIDTH 660 0
DWIDTH 11 0
BBX 7 9 2 0
BITMAP
82
82
82
FE
82
82
82
82
82
ENDCHAR
STARTCHAR 043E
ENCODING 1086
SWIDTH 660 0
DWIDTH 11 0
BBX 7 9 2 0
BITMAP
7C
82
82
82
82
82
82
7C
7C
ENDCHAR
STARTCHAR 043F
ENCODING 1087
SWIDTH 660 0
DWIDTH 11 0
BBX 7 9 2 0
BITMAP
FE
82
82
82
82
82
82
82
82
ENDCHAR
STARTCHAR 0440
ENCODING 1088
SWIDTH 660 0
DWIDTH 11 0
BBX 7 12 2 -3
BITMAP
9C
E2
E2
82
82
82
E2
9C
9C
80
80
80
ENDCHAR
STARTCHAR 0441
ENCODING 1089
SWIDTH 660 0
DWIDTH 11 0
BBX 7 9 2 0
BITMAP
7C
82
82
80
80
80
82
7C
7C
ENDCHAR
STARTCHAR 0442
ENCODING 1090
SWIDTH 660 0
DWIDTH 11 0
BBX 7 9 2 0
BITMAP
FE
10
10
10
10
10
10
10
10
ENDCHAR
STARTCHAR 0443
ENCODING 1091
SWIDTH 660 0
DWIDTH 11 0
BBX 7 12 2 -3
BITMAP
82
82
82
82
6C
6C
6C
10
10
10
10
E0
ENDCHAR
STARTCHAR 0444
ENCODING 1092
SWIDTH 660 0
DWIDTH 11 0
BBX 7 15 2 -3
BITMAP
10
10
10
7C
92
92
92
92
92
92
7C
7C
10
10
10
ENDCHAR
STARTCHAR 0445
ENCODING 1093
SWIDTH 660 0
DWIDTH 11 0
BBX 7 9 2 0
BITMAP
82
6C
6C
10
6C
6C
82
82
82
ENDCHAR
STARTCHAR 0446
ENCODING 1094
SWIDTH 660 0
DWIDTH 11 0
BBX 9 12 2 -3
BITMAP
8200
8200
8200
8200
8200
8200
8200
FF80
FF80
0180
0180
0180
ENDCHAR
STARTCHAR 0447
ENCODING 1095
SWIDTH 660 0
DWIDTH 11 0
BBX 7 9 2 0
BITMAP
82
82
82
8E
72
72
02
02
02
ENDCHAR
STARTCHAR 0448
ENCODING 1096
SWIDTH 660 0
DWIDTH 11 0
BBX 7 9 2 0
BITMAP
92
92
92
92
92
92
92
FE
FE
ENDCHAR
STARTCHAR 0449
ENCODING 1097
SWIDTH 660 0
DWIDTH 11 0
BBX 9 12 2 -3
BITMAP
9200
9200
9200
9200
9200
9200
9200
FF80
FF80
0180
0180
0180
ENDCHAR
STARTCHAR 044A
ENCODING 1098
SWIDTH 660 0
DWIDTH 11 0
BBX 9 9 0 0
BITMAP
E000
2000
2000
3F00
2080
2080
2080
3F00
3F00
ENDCHAR
STARTCHAR 044B
ENCODING 1099
SWIDTH 660 0
DWIDTH 11 0
BBX 7 9 2 0
BITMAP
82
82
82
E2
92
92
92
E2
E2
ENDCHAR
STARTCHAR 044C
ENCODING 1100
SWIDTH 660 0
DWIDTH 11 0
BBX 7 9 2 0
BITMAP
80
80
80
FC
82
82
82
FC
FC
ENDCHAR
STARTCHAR 044D
ENCODING 1101
SWIDTH 660 0
DWIDTH 11 0
BBX 7 9 2 0
BITMAP
7C
82
82
1E
02
02
82
7C
7C
ENDCHAR
STARTCHAR 044E
ENCODING 1102
SWIDTH 660 0
DWIDTH 11 0
BBX 9 9 2 0
BITMAP
8E00
9180
9180
F180
9180
9180
9180
8E00
8E00
ENDCHAR
STARTCHAR 044F
ENCODING 1103
SWIDTH 660 0
DWIDTH 11 0
BBX 7 9 2 0
BITMAP
7E
82
82
82
7E
7E
62
82
82
ENDCHAR
STARTCHAR 0450
ENCODING 1104
SWIDTH 660 0
DWIDTH 11 0
BBX 7 14 2 0
BITMAP
60
60
10
00
00
7C
82
82
FE
80
80
82
7C
7C
ENDCHAR
STARTCHAR 0451
ENCODING 1105
SWIDTH 660 0
DWIDTH 11 0
BBX 7 12 2 0
BITMAP
6C
00
00
7C
82
82
FE
80
80
82
7C
7C
ENDCHAR
STARTCHAR 0452
ENCODING 1106
SWIDTH 660 0
DWIDTH 11 0
BBX 9 15 0 -3
BITMAP
2000
FC00
FC00
2000
2700
2700
3880
2080
2080
2080
2080
2080
0080
0080
0300
ENDCHAR
STARTCHAR 0453
ENCODING 1107
SWIDTH 660 0
DWIDTH 11 0
BBX 7 14 2 0
BITMAP
0C
0C
10
00
00
FE
62
62
60
60
60
60
F0
F0
ENDCHAR
STARTCHAR 0454
ENCODING 1108
SWIDTH 660 0
DWIDTH 11 0
BBX 7 9 2 0
BITMAP
7C
82
82
F0
80
80
82
7C
7C
ENDCHAR
STARTCHAR 0455
ENCODING 1109
SWIDTH 660 0
DWIDTH 11 0
BBX 7 9 2 0
BITMAP
7C
82
82
7C
02
02
82
7C
7C
ENDCHAR
STARTCHAR 0456
ENCODING 1110
SWIDTH 660 0
DWIDTH 11 0
BBX 7 12 2 0
BITMAP
10
00
00
F0
10
10
10
10
10
10
FE
FE
ENDCHAR
STARTCHAR 0457
ENCODING 1111
SWIDTH 660 0
DWIDTH 11 0
BBX 7 12 2 0
BITMAP
6C
00
00
F0
10
10
10
10
10
10
FE
FE
ENDCHAR
STARTCHAR 0458
ENCODING 1112
SWIDTH 660 0
DWIDTH 11 0
BBX 6 15 2 -3
BITMAP
0C
00
00
7C
0C
0C
0C
0C
0C
0C
0C
0C
8C
8C
70
ENDCHAR
STARTCHAR 0459
ENCODING 1113
SWIDTH 660 0
DWIDTH 11 0
BBX 11 9 0 0
BITMAP
3C00
2400
2400
2780
2460
2460
C460
C780
C780
ENDCHAR
STARTCHAR 045A
ENCODING 1114
SWIDTH 660 0
DWIDTH 11 0
BBX 11 9 0 0
BITMAP
C400
C400
C400
FF80
C460
C460
C460
C780
C780
ENDCHAR
STARTCHAR 045B
ENCODING 1115
SWIDTH 660 0
DWIDTH 11 0
BBX 9 12 0 0
BITMAP
2000
FC00
FC00
2000
2700
2700
3880
2080
2080
2080
2080
2080
ENDCHAR
STARTCHAR 045C
ENCODING 1116
SWIDTH 660 0
DWIDTH 11 0
BBX 7 14 2 0
BITMAP
0C
0C
10
00
00
82
8C
8C
90
F0
F0
8C
82
82
ENDCHAR
STARTCHAR 045D
ENCODING 1117
SWIDTH 660 0
DWIDTH 11 0
BBX 7 14 2 0
BITMAP
60
60
10
00
00
82
8E
8E
92
E2
E2
82
82
82
ENDCHAR
STARTCHAR 045E
ENCODING 1118
SWIDTH 660 0
DWIDTH 11 0
BBX 7 17 2 -3
BITMAP
82
82
7C
00
00
82
82
82
82
6C
6C
6C
10
10
10
10
E0
ENDCHAR
STARTCHAR 045F
ENCODING 1119
SWIDTH 660 0
DWIDTH 11 0
BBX 7 12 2 -3
BITMAP
82
82
82
82
82
82
82
FE
FE
10
10
10
ENDCHAR
STARTCHAR 0462
ENCODING 1122
SWIDTH 660 0
DWIDTH 11 0
BBX 9 12 0 0
BITMAP
2000
FC00
FC00
2000
3F00
3F00
2080
2080
2080
2080
3F00
3F00
ENDCHAR
STARTCHAR 0463
ENCODING 1123
SWIDTH 660 0
DWIDTH 11 0
BBX 9 12 0 0
BITMAP
2000
2000
2000
FC00
2000
2000
3F00
2080
2080
2080
3F00
3F00
ENDCHAR
STARTCHAR 0474
ENCODING 1140
SWIDTH 660 0
DWIDTH 11 0
BBX 9 12 2 0
BITMAP
8180
8200
8200
8200
8200
8200
8200
6C00
6C00
6C00
1000
1000
ENDCHAR
STARTCHAR 0475
ENCODING 1141
SWIDTH 660 0
DWIDTH 11 0
BBX 9 9 2 0
BITMAP
8180
8200
8200
8200
6C00
6C00
6C00
1000
1000
ENDCHAR
STARTCHAR 048A
ENCODING 1162
SWIDTH 660 0
DWIDTH 11 0
BBX 9 20 2 -3
BITMAP
8200
8200
7C00
0000
0000
8200
8200
8200
8E00
9200
9200
E200
8200
8200
8200
8380
8380
0180
0180
0200
ENDCHAR
STARTCHAR 048B
ENCODING 1163
SWIDTH 660 0
DWIDTH 11 0
BBX 9 17 2 -3
BITMAP
8200
8200
7C00
0000
0000
8200
8E00
8E00
9200
E200
E200
8200
8380
8380
0180
0180
0200
ENDCHAR
STARTCHAR 048C
ENCODING 1164
SWIDTH 660 0
DWIDTH 11 0
BBX 9 12 0 0
BITMAP
2000
FC00
FC00
2000
3F00
3F00
2080
2080
2080
2080
3F00
3F00
ENDCHAR
STARTCHAR 048D
ENCODING 1165
SWIDTH 660 0
DWIDTH 11 0
BBX 9 12 0 0
BITMAP
2000
2000
2000
FC00
2000
2000
3F00
2080
2080
2080
3F00
3F00
ENDCHAR
STARTCHAR 048E
ENCODING 1166
SWIDTH 660 0
DWIDTH 11 0
BBX 7 12 2 0
BITMAP
FC
82
82
82
92
92
FC
82
82
80
80
80
ENDCHAR
STARTCHAR 048F
ENCODING 1167
SWIDTH 660 0
DWIDTH 11 0
BBX 9 12 2 -3
BITMAP
9C00
E200
E200
8200
9200
9200
EE00
9E00
9E00
8180
8180
8000
ENDCHAR
STARTCHAR 0490
ENCODING 1168
SWIDTH 660 0
DWIDTH 11 0
BBX 7 14 2 0
BITMAP
02
02
FE
62
62
60
60
60
60
60
60
60
F0
F0
ENDCHAR
STARTCHAR 0491
ENCODING 1169
SWIDTH 660 0
DWIDTH 11 0
BBX 7 11 2 0
BITMAP
02
02
FE
62
62
60
60
60
60
F0
F0
ENDCHAR
STARTCHAR 0492
ENCODING 1170
SWIDTH 660 0
DWIDTH 11 0
BBX 9 12 0 0
BITMAP
3F80
2000
2000
2000
FF00
FF00
2000
2000
2000
2000
2000
2000
ENDCHAR
STARTCHAR 0493
ENCODING 1171
SWIDTH 660 0
DWIDTH 11 0
BBX 9 9 0 0
BITMAP
3F80
2000
2000
FF00
2000
2000
2000
2000
2000
ENDCHAR
STARTCHAR 0494
ENCODING 1172
SWIDTH 660 0
DWIDTH 11 0
BBX 7 15 2 -3
BITMAP
FC
80
80
80
9C
9C
E2
82
82
82
82
82
02
02
0C
ENDCHAR
STARTCHAR 0495
ENCODING 1173
SWIDTH 660 0
DWIDTH 11 0
BBX 7 12 2 -3
BITMAP
FC
80
80
9C
E2
E2
82
82
82
02
02
0C
ENDCHAR
STARTCHAR 0496
ENCODING 1174
SWIDTH 660 0
DWIDTH 11 0
BBX 11 15 0 -3
BITMAP
C460
2480
2480
2480
1F00
1F00
2480
2480
2480
2480
C460
C460
0060
0060
0060
ENDCHAR
STARTCHAR 0497
ENCODING 1175
SWIDTH 660 0
DWIDTH 11 0
BBX 11 12 0 -3
BITMAP
C460
2480
2480
1F00
2480
2480
2480
C460
C460
0060
0060
0060
ENDCHAR
STARTCHAR 0498
ENCODING 1176
SWIDTH 660 0
DWIDTH 11 0
BBX 7 17 2 -5
BITMAP
7C
82
82
02
1C
1C
02
02
02
82
7C
7C
10
10
0C
10
10
ENDCHAR
STARTCHAR 0499
ENCODING 1177
SWIDTH 660 0
DWIDTH 11 0
BBX 7 14 2 -5
BITMAP
7C
82
82
1C
02
02
82
7C
7C
10
10
0C
10
10
ENDCHAR
STARTCHAR 049A
ENCODING 1178
SWIDTH 660 0
DWIDTH 11 0
BBX 9 15 2 -3
BITMAP
8200
8C00
8C00
8C00
F000
F000
8C00
8C00
8C00
8200
8380
8380
0180
0180
0180
ENDCHAR
STARTCHAR 049B
ENCODING 1179
SWIDTH 660 0
DWIDTH 11 0
BBX 9 12 2 -3
BITMAP
8200
8C00
8C00
9000
F000
F000
8C00
8380
8380
0180
0180
0180
ENDCHAR
STARTCHAR 049E
ENCODING 1182
SWIDTH 660 0
DWIDTH 11 0
BBX 9 12 0 0
BITMAP
2080
FB00
FB00
2300
3C00
3C00
2300
2300
2300
2080
2080
2080
ENDCHAR
STARTCHAR 049F
ENCODING 1183
SWIDTH 660 0
DWIDTH 11 0
BBX 9 12 0 0
BITMAP
2000
F800
F800
2080
2300
2300
2400
3C00
3C00
2300
2080
2080
ENDCHAR
STARTCHAR 04A0
ENCODING 1184
SWIDTH 660 0
DWIDTH 11 0
BBX 9 12 0 0
BITMAP
E080
2300
2300
2300
3C00
3C00
2300
2300
2300
2080
2080
2080
ENDCHAR
STARTCHAR 04A1
ENCODING 1185
SWIDTH 660 0
DWIDTH 11 0
BBX 9 9 0 0
BITMAP
E080
2300
2300
2400
3C00
3C00
2300
2080
2080
ENDCHAR
STARTCHAR 04A2
ENCODING 1186
SWIDTH 660 0
DWIDTH 11 0
BBX 9 15 2 -3
BITMAP
8200
8200
8200
8200
FE00
FE00
8200
8200
8200
8200
8380
8380
0180
0180
0180
ENDCHAR
STARTCHAR 04A3
ENCODING 1187
SWIDTH 660 0
DWIDTH 11 0
BBX 9 12 2 -3
BITMAP
8200
8200
8200
FE00
8200
8200
8200
8380
8380
0180
0180
0180
ENDCHAR
STARTCHAR 04A4
ENCODING 1188
SWIDTH 660 0
DWIDTH 11 0
BBX 9 12 2 0
BITMAP
8380
8200
8200
8200
FE00
FE00
8200
8200
8200
8200
8200
8200
ENDCHAR
STARTCHAR 04A5
ENCODING 1189
SWIDTH 660 0
DWIDTH 11 0
BBX 9 9 2 0
BITMAP
8380
8200
8200
FE00
8200
8200
8200
8200
8200
ENDCHAR
STARTCHAR 04A6
ENCODING 1190
SWIDTH 660 0
DWIDTH 11 0
BBX 7 15 2 -3
BITMAP
F0
90
90
90
9C
9C
92
92
92
92
92
92
02
02
0C
ENDCHAR
STARTCHAR 04A7
ENCODING 1191
SWIDTH 660 0
DWIDTH 11 0
BBX 7 12 2 -3
BITMAP
F0
90
90
9C
92
92
92
92
92
02
02
0C
ENDCHAR
STARTCHAR 04A8
ENCODING 1192
SWIDTH 660 0
DWIDTH 11 0
BBX 7 14 2 -2
BITMAP
10
60
60
8C
92
92
92
92
92
92
8C
8C
72
72
ENDCHAR
STARTCHAR 04A9
ENCODING 1193
SWIDTH 660 0
DWIDTH 11 0
BBX 7 11 2 -2
BITMAP
60
8C
8C
92
92
92
92
8C
8C
72
72
ENDCHAR
STARTCHAR 04AA
ENCODING 1194
SWIDTH 660 0
DWIDTH 11 0
BBX 7 17 2 -5
BITMAP
7C
82
82
80
80
80
80
80
80
82
7C
7C
10
10
0C
10
10
ENDCHAR
STARTCHAR 04AB
ENCODING 1195
SWIDTH 660 0
DWIDTH 11 0
BBX 7 14 2 -5
BITMAP
7C
82
82
80
80
80
82
7C
7C
10
10
0C
10
10
ENDCHAR
STARTCHAR 04AC
ENCODING 1196
SWIDTH 660 0
DWIDTH 11 0
BBX 7 15 2 -3
BITMAP
FE
10
10
10
10
10
10
10
10
10
1C
1C
0C
0C
0C
ENDCHAR
STARTCHAR 04AD
ENCODING 1197
SWIDTH 660 0
DWIDTH 11 0
BBX 7 12 2 -3
BITMAP
FE
10
10
10
10
10
10
1C
1C
0C
0C
0C
ENDCHAR
STARTCHAR 04AE
ENCODING 1198
SWIDTH 660 0
DWIDTH 11 0
BBX 7 12 2 0
BITMAP
82
82
82
82
6C
6C
10
10
10
10
10
10
ENDCHAR
STARTCHAR 04AF
ENCODING 1199
SWIDTH 660 0
DWIDTH 11 0
BBX 7 12 2 -3
BITMAP
82
82
82
82
6C
6C
6C
10
10
10
10
10
ENDCHAR
STARTCHAR 04B0
ENCODING 1200
SWIDTH 660 0
DWIDTH 11 0
BBX 7 12 2 0
BITMAP
82
82
82
82
6C
6C
10
7C
7C
10
10
10
ENDCHAR
STARTCHAR 04B1
ENCODING 1201
SWIDTH 660 0
DWIDTH 11 0
BBX 7 12 2 -3
BITMAP
82
82
82
82
6C
6C
6C
10
10
7C
7C
10
ENDCHAR
STARTCHAR 04B2
ENCODING 1202
SWIDTH 660 0
DWIDTH 11 0
BBX 9 15 2 -3
BITMAP
8200
8200
8200
6C00
1000
1000
6C00
8200
8200
8200
8380
8380
0180
0180
0180
ENDCHAR
STARTCHAR 04B3
ENCODING 1203
SWIDTH 660 0
DWIDTH 11 0
BBX 9 12 2 -3
BITMAP
8200
6C00
6C00
1000
6C00
6C00
8200
8380
8380
0180
0180
0180
ENDCHAR
STARTCHAR 04B4
ENCODING 1204
SWIDTH 660 0
DWIDTH 11 0
BBX 11 15 0 -3
BITMAP
F880
2080
2080
2080
2080
2080
2080
2080
2080
2080
3FE0
3FE0
0060
0060
0060
ENDCHAR
STARTCHAR 04B5
ENCODING 1205
SWIDTH 660 0
DWIDTH 11 0
BBX 11 12 0 -3
BITMAP
F880
2080
2080
2080
2080
2080
2080
3FE0
3FE0
0060
0060
0060
ENDCHAR
STARTCHAR 04B6
ENCODING 1206
SWIDTH 660 0
DWIDTH 11 0
BBX 9 15 2 -3
BITMAP
8200
8200
8200
8200
8E00
8E00
7200
0200
0200
0200
0380
0380
0180
0180
0180
ENDCHAR
STARTCHAR 04B7
ENCODING 1207
SWIDTH 660 0
DWIDTH 11 0
BBX 9 12 2 -3
BITMAP
8200
8200
8200
8E00
7200
7200
0200
0380
0380
0180
0180
0180
ENDCHAR
STARTCHAR 04BA
ENCODING 1210
SWIDTH 660 0
DWIDTH 11 0
BBX 7 12 2 0
BITMAP
80
80
80
80
9C
9C
E2
82
82
82
82
82
ENDCHAR
STARTCHAR 04BB
ENCODING 1211
SWIDTH 660 0
DWIDTH 11 0
BBX 7 12 2 0
BITMAP
80
80
80
9C
E2
E2
82
82
82
82
82
82
ENDCHAR
STARTCHAR 04BC
ENCODING 1212
SWIDTH 660 0
DWIDTH 11 0
BBX 9 12 0 0
BITMAP
1F00
2080
2080
2080
FF80
FF80
2000
2000
2000
2080
1F00
1F00
ENDCHAR
STARTCHAR 04BD
ENCODING 1213
SWIDTH 660 0
DWIDTH 11 0
BBX 9 9 0 0
BITMAP
1F00
2080
2080
FF80
2000
2000
2080
1F00
1F00
ENDCHAR
STARTCHAR 04BE
ENCODING 1214
SWIDTH 660 0
DWIDTH 11 0
BBX 9 15 0 -3
BITMAP
1F00
2080
2080
2080
FF80
FF80
2000
2000
2000
2080
1F00
1F00
0400
0400
0400
ENDCHAR
STARTCHAR 04BF
ENCODING 1215
SWIDTH 660 0
DWIDTH 11 0
BBX 9 12 0 -3
BITMAP
1F00
2080
2080
FF80
2000
2000
2080
1F00
1F00
0400
0400
0400
ENDCHAR
STARTCHAR 04C0
ENCODING 1216
SWIDTH 660 0
DWIDTH 11 0
BBX 7 12 2 0
BITMAP
FE
10
10
10
10
10
10
10
10
10
FE
FE
ENDCHAR
STARTCHAR 04C1
ENCODING 1217
SWIDTH 660 0
DWIDTH 11 0
BBX 11 17 0 0
BITMAP
2080
2080
1F00
0000
0000
C460
2480
2480
2480
1F00
1F00
2480
2480
2480
2480
C460
C460
ENDCHAR
STARTCHAR 04C2
ENCODING 1218
SWIDTH 660 0
DWIDTH 11 0
BBX 11 14 0 0
BITMAP
2080
2080
1F00
0000
0000
C460
2480
2480
1F00
2480
2480
2480
C460
C460
ENDCHAR
STARTCHAR 04C3
ENCODING 1219
SWIDTH 660 0
DWIDTH 11 0
BBX 7 15 2 -3
BITMAP
82
8C
8C
8C
F0
F0
8C
82
82
82
82
82
02
02
0C
ENDCHAR
STARTCHAR 04C4
ENCODING 1220
SWIDTH 660 0
DWIDTH 11 0
BBX 7 12 2 -3
BITMAP
82
8C
8C
90
F0
F0
8C
82
82
02
02
0C
ENDCHAR
STARTCHAR 04C5
ENCODING 1221
SWIDTH 660 0
DWIDTH 11 0
BBX 9 15 2 -3
BITMAP
7E00
6200
6200
6200
6200
6200
6200
8200
8200
8200
8380
8380
0180
0180
0200
ENDCHAR
STARTCHAR 04C6
ENCODING 1222
SWIDTH 660 0
DWIDTH 11 0
BBX 9 12 2 -3
BITMAP
7E00
6200
6200
6200
6200
6200
8200
8380
8380
0180
0180
0200
ENDCHAR
STARTCHAR 04C7
ENCODING 1223
SWIDTH 660 0
DWIDTH 11 0
BBX 7 15 2 -3
BITMAP
82
82
82
82
FE
FE
82
82
82
82
82
82
02
02
0C
ENDCHAR
STARTCHAR 04C8
ENCODING 1224
SWIDTH 660 0
DWIDTH 11 0
BBX 7 12 2 -3
BITMAP
82
82
82
FE
82
82
82
82
82
02
02
0C
ENDCHAR
STARTCHAR 04C9
ENCODING 1225
SWIDTH 660 0
DWIDTH 11 0
BBX 9 15 2 -3
BITMAP
8200
8200
8200
8200
FE00
FE00
8200
8200
8200
8200
8380
8380
0180
0180
0200
ENDCHAR
STARTCHAR 04CA
ENCODING 1226
SWIDTH 660 0
DWIDTH 11 0
BBX 9 12 2 -3
BITMAP
8200
8200
8200
FE00
8200
8200
8200
8380
8380
0180
0180
0200
ENDCHAR
STARTCHAR 04CB
ENCODING 1227
SWIDTH 660 0
DWIDTH 11 0
BBX 7 15 2 -3
BITMAP
82
82
82
82
8E
8E
72
02
02
02
0E
0E
0C
0C
0C
ENDCHAR
STARTCHAR 04CC
ENCODING 1228
SWIDTH 660 0
DWIDTH 11 0
BBX 7 12 2 -3
BITMAP
82
82
82
8E
72
72
02
0E
0E
0C
0C
0C
ENDCHAR
STARTCHAR 04CD
ENCODING 1229
SWIDTH 660 0
DWIDTH 11 0
BBX 9 15 2 -3
BITMAP
8200
8200
8200
EE00
9200
9200
9200
8200
8200
8200
8380
8380
0180
0180
0200
ENDCHAR
STARTCHAR 04CE
ENCODING 1230
SWIDTH 660 0
DWIDTH 11 0
BBX 9 12 2 -3
BITMAP
8200
EE00
EE00
9200
9200
9200
8200
8380
8380
0180
0180
0200
ENDCHAR
STARTCHAR 04CF
ENCODING 1231
SWIDTH 660 0
DWIDTH 11 0
BBX 7 12 2 0
BITMAP
FE
10
10
10
10
10
10
10
10
10
FE
FE
ENDCHAR
STARTCHAR 04D0
ENCODING 1232
SWIDTH 660 0
DWIDTH 11 0
BBX 7 17 2 0
BITMAP
82
82
7C
00
00
10
6C
6C
82
82
82
FE
82
82
82
82
82
ENDCHAR
STARTCHAR 04D1
ENCODING 1233
SWIDTH 660 0
DWIDTH 11 0
BBX 7 14 2 0
BITMAP
82
82
7C
00
00
7C
02
02
7E
82
82
8E
72
72
ENDCHAR
STARTCHAR 04D2
ENCODING 1234
SWIDTH 660 0
DWIDTH 11 0
BBX 7 15 2 0
BITMAP
6C
00
00
10
6C
6C
82
82
82
FE
82
82
82
82
82
ENDCHAR
STARTCHAR 04D3
ENCODING 1235
SWIDTH 660 0
DWIDTH 11 0
BBX 7 12 2 0
BITMAP
6C
00
00
7C
02
02
7E
82
82
8E
72
72
ENDCHAR
STARTCHAR 04D4
ENCODING 1236
SWIDTH 660 0
DWIDTH 11 0
BBX 11 12 0 0
BITMAP
1FE0
2400
2400
C400
C780
C780
FC00
C400
C400
C400
C7E0
C7E0
ENDCHAR
STARTCHAR 04D5
ENCODING 1237
SWIDTH 660 0
DWIDTH 11 0
BBX 11 9 0 0
BITMAP
3B80
0460
0460
3FE0
C400
C400
C460
3B80
3B80
ENDCHAR
STARTCHAR 04D6
ENCODING 1238
SWIDTH 660 0
DWIDTH 11 0
BBX 7 17 2 0
BITMAP
82
82
7C
00
00
FE
80
80
80
FC
FC
80
80
80
80
FE
FE
ENDCHAR
STARTCHAR 04D7
ENCODING 1239
SWIDTH 660 0
DWIDTH 11 0
BBX 7 14 2 0
BITMAP
82
82
7C
00
00
7C
82
82
FE
80
80
82
7C
7C
ENDCHAR
STARTCHAR 04DC
ENCODING 1244
SWIDTH 660 0
DWIDTH 11 0
BBX 11 15 0 0
BITMAP
1B00
0000
0000
C460
2480
2480
2480
1F00
1F00
2480
2480
2480
2480
C460
C460
ENDCHAR
STARTCHAR 04DD
ENCODING 1245
SWIDTH 660 0
DWIDTH 11 0
BBX 11 12 0 0
BITMAP
1B00
0000
0000
C460
2480
2480
1F00
2480
2480
2480
C460
C460
ENDCHAR
STARTCHAR 04DE
ENCODING 1246
SWIDTH 660 0
DWIDTH 11 0
BBX 7 15 2 0
BITMAP
6C
00
00
7C
82
82
02
1C
1C
02
02
02
82
7C
7C
ENDCHAR
STARTCHAR 04DF
ENCODING 1247
SWIDTH 660 0
DWIDTH 11 0
BBX 7 12 2 0
BITMAP
6C
00
00
7C
82
82
1C
02
02
82
7C
7C
ENDCHAR
STARTCHAR 04E0
ENCODING 1248
SWIDTH 660 0
DWIDTH 11 0
BBX 7 12 2 0
BITMAP
FE
0C
0C
10
0C
0C
02
02
02
82
7C
7C
ENDCHAR
STARTCHAR 04E1
ENCODING 1249
SWIDTH 660 0
DWIDTH 11 0
BBX 7 12 2 -3
BITMAP
FE
0C
0C
10
0C
0C
02
02
02
82
82
7C
ENDCHAR
STARTCHAR 04E2
ENCODING 1250
SWIDTH 660 0
DWIDTH 11 0
BBX 7 15 2 0
BITMAP
7C
00
00
82
82
82
8E
92
92
E2
82
82
82
82
82
ENDCHAR
STARTCHAR 04E3
ENCODING 1251
SWIDTH 660 0
DWIDTH 11 0
BBX 7 12 2 0
BITMAP
7C
00
00
82
8E
8E
92
E2
E2
82
82
82
ENDCHAR
STARTCHAR 04E4
ENCODING 1252
SWIDTH 660 0
DWIDTH 11 0
BBX 7 15 2 0
BITMAP
6C
00
00
82
82
82
8E
92
92
E2
82
82
82
82
82
ENDCHAR
STARTCHAR 04E5
ENCODING 1253
SWIDTH 660 0
DWIDTH 11 0
BBX 7 12 2 0
BITMAP
6C
00
00
82
8E
8E
92
E2
E2
82
82
82
ENDCHAR
STARTCHAR 04E6
ENCODING 1254
SWIDTH 660 0
DWIDTH 11 0
BBX 7 15 2 0
BITMAP
6C
00
00
7C
82
82
82
82
82
82
82
82
82
7C
7C
ENDCHAR
STARTCHAR 04E7
ENCODING 1255
SWIDTH 660 0
DWIDTH 11 0
BBX 7 12 2 0
BITMAP
6C
00
00
7C
82
82
82
82
82
82
7C
7C
ENDCHAR
STARTCHAR 04E8
ENCODING 1256
SWIDTH 660 0
DWIDTH 11 0
BBX 7 12 2 0
BITMAP
7C
82
82
82
FE
FE
82
82
82
82
7C
7C
ENDCHAR
STARTCHAR 04E9
ENCODING 1257
SWIDTH 660 0
DWIDTH 11 0
BBX 7 9 2 0
BITMAP
7C
82
82
FE
82
82
82
7C
7C
ENDCHAR
STARTCHAR 04EA
ENCODING 1258
SWIDTH 660 0
DWIDTH 11 0
BBX 7 15 2 0
BITMAP
6C
00
00
7C
82
82
82
FE
FE
82
82
82
82
7C
7C
ENDCHAR
STARTCHAR 04EB
ENCODING 1259
SWIDTH 660 0
DWIDTH 11 0
BBX 7 12 2 0
BITMAP
6C
00
00
7C
82
82
FE
82
82
82
7C
7C
ENDCHAR
STARTCHAR 04EC
ENCODING 1260
SWIDTH 660 0
DWIDTH 11 0
BBX 7 15 2 0
BITMAP
6C
00
00
7C
82
82
02
1E
1E
02
02
02
82
7C
7C
ENDCHAR
STARTCHAR 04ED
ENCODING 1261
SWIDTH 660 0
DWIDTH 11 0
BBX 7 12 2 0
BITMAP
6C
00
00
7C
82
82
1E
02
02
82
7C
7C
ENDCHAR
STARTCHAR 04EE
ENCODING 1262
SWIDTH 660 0
DWIDTH 11 0
BBX 7 15 2 0
BITMAP
7C
00
00
82
82
82
82
6C
6C
6C
10
10
10
E0
E0
ENDCHAR
STARTCHAR 04EF
ENCODING 1263
SWIDTH 660 0
DWIDTH 11 0
BBX 7 15 2 -3
BITMAP
7C
00
00
82
82
82
82
6C
6C
6C
10
10
10
10
E0
ENDCHAR
STARTCHAR 04F0
ENCODING 1264
SWIDTH 660 0
DWIDTH 11 0
BBX 7 15 2 0
BITMAP
6C
00
00
82
82
82
82
6C
6C
6C
10
10
10
E0
E0
ENDCHAR
STARTCHAR 04F1
ENCODING 1265
SWIDTH 660 0
DWIDTH 11 0
BBX 7 15 2 -3
BITMAP
6C
00
00
82
82
82
82
6C
6C
6C
10
10
10
10
E0
ENDCHAR
STARTCHAR 04F2
ENCODING 1266
SWIDTH 660 0
DWIDTH 11 0
BBX 7 17 2 0
BITMAP
6C
6C
6C
00
00
82
82
82
82
6C
6C
6C
10
10
10
E0
E0
ENDCHAR
STARTCHAR 04F3
ENCODING 1267
SWIDTH 660 0
DWIDTH 11 0
BBX 7 17 2 -3
BITMAP
6C
6C
6C
00
00
82
82
82
82
6C
6C
6C
10
10
10
10
E0
ENDCHAR
STARTCHAR 04F4
ENCODING 1268
SWIDTH 660 0
DWIDTH 11 0
BBX 7 15 2 0
BITMAP
6C
00
00
82
82
82
82
8E
8E
72
02
02
02
02
02
ENDCHAR
STARTCHAR 04F5
ENCODING 1269
SWIDTH 660 0
DWIDTH 11 0
BBX 7 12 2 0
BITMAP
6C
00
00
82
82
82
8E
72
72
02
02
02
ENDCHAR
STARTCHAR 04F6
ENCODING 1270
SWIDTH 660 0
DWIDTH 11 0
BBX 7 15 2 -3
BITMAP
FE
62
62
60
60
60
60
60
60
60
F0
F0
10
10
10
ENDCHAR
STARTCHAR 04F7
ENCODING 1271
SWIDTH 660 0
DWIDTH 11 0
BBX 7 12 2 -3
BITMAP
FE
62
62
60
60
60
60
F0
F0
10
10
10
ENDCHAR
STARTCHAR 04F8
ENCODING 1272
SWIDTH 660 0
DWIDTH 11 0
BBX 7 15 2 0
BITMAP
6C
00
00
82
82
82
82
E2
E2
92
92
92
92
E2
E2
ENDCHAR
STARTCHAR 04F9
ENCODING 1273
SWIDTH 660 0
DWIDTH 11 0
BBX 7 12 2 0
BITMAP
6C
00
00
82
82
82
E2
92
92
92
E2
E2
ENDCHAR
STARTCHAR 04FC
ENCODING 1276
SWIDTH 660 0
DWIDTH 11 0
BBX 7 15 2 -3
BITMAP
82
82
82
6C
10
10
6C
82
82
82
82
82
02
02
0C
ENDCHAR
STARTCHAR 04FD
ENCODING 1277
SWIDTH 660 0
DWIDTH 11 0
BBX 7 12 2 -3
BITMAP
82
6C
6C
10
6C
6C
82
82
82
02
02
0C
ENDCHAR
STARTCHAR 0510
ENCODING 1296
SWIDTH 660 0
DWIDTH 11 0
BBX 7 12 2 0
BITMAP
7C
82
82
80
70
70
80
80
80
82
7C
7C
ENDCHAR
STARTCHAR 0511
ENCODING 1297
SWIDTH 660 0
DWIDTH 11 0
BBX 7 9 2 0
BITMAP
7C
82
82
70
80
80
82
7C
7C
ENDCHAR
STARTCHAR 0512
ENCODING 1298
SWIDTH 660 0
DWIDTH 11 0
BBX 7 15 2 -3
BITMAP
7E
62
62
62
62
62
62
82
82
82
82
82
02
02
0C
ENDCHAR
STARTCHAR 0513
ENCODING 1299
SWIDTH 660 0
DWIDTH 11 0
BBX 7 12 2 -3
BITMAP
7E
62
62
62
62
62
82
82
82
02
02
0C
ENDCHAR
STARTCHAR 051C
ENCODING 1308
SWIDTH 660 0
DWIDTH 11 0
BBX 7 12 2 0
BITMAP
82
82
82
82
92
92
92
6C
6C
6C
6C
6C
ENDCHAR
STARTCHAR 051D
ENCODING 1309
SWIDTH 660 0
DWIDTH 11 0
BBX 7 9 2 0
BITMAP
92
92
92
92
92
92
92
6E
6E
ENDCHAR
STARTCHAR 0524
ENCODING 1316
SWIDTH 660 0
DWIDTH 11 0
BBX 9 15 2 -3
BITMAP
FE00
8200
8200
8200
8200
8200
8200
8200
8200
8200
8380
8380
0180
0180
0180
ENDCHAR
STARTCHAR 0525
ENCODING 1317
SWIDTH 660 0
DWIDTH 11 0
BBX 9 12 2 -3
BITMAP
FE00
8200
8200
8200
8200
8200
8200
8380
8380
0180
0180
0180
ENDCHAR
STARTCHAR 0526
ENCODING 1318
SWIDTH 660 0
DWIDTH 11 0
BBX 9 15 2 -3
BITMAP
8000
8000
8000
8000
9C00
9C00
E200
8200
8200
8200
8380
8380
0180
0180
0180
ENDCHAR
STARTCHAR 0527
ENCODING 1319
SWIDTH 660 0
DWIDTH 11 0
BBX 9 15 2 -3
BITMAP
8000
8000
8000
9C00
E200
E200
8200
8200
8200
8200
8380
8380
0180
0180
0180
ENDCHAR
STARTCHAR 0E3F
ENCODING 3647
SWIDTH 660 0
DWIDTH 11 0
BBX 7 16 2 -2
BITMAP
10
10
FC
92
92
92
FC
FC
92
92
92
92
FC
FC
10
10
ENDCHAR
STARTCHAR 1E02
ENCODING 7682
SWIDTH 660 0
DWIDTH 11 0
BBX 7 15 2 0
BITMAP
10
00
00
FC
82
82
82
FC
FC
82
82
82
82
FC
FC
ENDCHAR
STARTCHAR 1E03
ENCODING 7683
SWIDTH 660 0
DWIDTH 11 0
BBX 7 12 2 0
BITMAP
90
80
80
9C
E2
E2
82
82
82
E2
9C
9C
ENDCHAR
STARTCHAR 1E0A
ENCODING 7690
SWIDTH 660 0
DWIDTH 11 0
BBX 7 15 2 0
BITMAP
10
00
00
FC
82
82
82
82
82
82
82
82
82
FC
FC
ENDCHAR
STARTCHAR 1E0B
ENCODING 7691
SWIDTH 660 0
DWIDTH 11 0
BBX 7 12 2 0
BITMAP
12
02
02
72
8E
8E
82
82
82
8E
72
72
ENDCHAR
STARTCHAR 1E0C
ENCODING 7692
SWIDTH 660 0
DWIDTH 11 0
BBX 7 15 2 -3
BITMAP
FC
82
82
82
82
82
82
82
82
82
FC
FC
00
00
10
ENDCHAR
STARTCHAR 1E0D
ENCODING 7693
SWIDTH 660 0
DWIDTH 11 0
BBX 7 15 2 -3
BITMAP
02
02
02
72
8E
8E
82
82
82
8E
72
72
00
00
10
ENDCHAR
STARTCHAR 1E10
ENCODING 7696
SWIDTH 660 0
DWIDTH 11 0
BBX 7 17 2 -5
BITMAP
FC
82
82
82
82
82
82
82
82
82
FC
FC
10
10
0C
10
10
ENDCHAR
STARTCHAR 1E11
ENCODING 7697
SWIDTH 660 0
DWIDTH 11 0
BBX 7 17 2 -5
BITMAP
02
02
02
72
8E
8E
82
82
82
8E
72
72
10
10
0C
10
10
ENDCHAR
STARTCHAR 1E1E
ENCODING 7710
SWIDTH 660 0
DWIDTH 11 0
BBX 7 15 2 0
BITMAP
10
00
00
FE
80
80
80
FC
FC
80
80
80
80
80
80
ENDCHAR
STARTCHAR 1E1F
ENCODING 7711
SWIDTH 660 0
DWIDTH 11 0
BBX 7 15 2 0
BITMAP
10
00
00
1E
60
60
FE
60
60
60
60
60
60
FC
FC
ENDCHAR
STARTCHAR 1E20
ENCODING 7712
SWIDTH 660 0
DWIDTH 11 0
BBX 7 15 2 0
BITMAP
7C
00
00
7C
82
82
80
80
80
8E
82
82
82
7C
7C
ENDCHAR
STARTCHAR 1E21
ENCODING 7713
SWIDTH 660 0
DWIDTH 11 0
BBX 7 15 2 -3
BITMAP
7C
00
00
72
8E
8E
82
82
82
8E
72
72
02
02
7C
ENDCHAR
STARTCHAR 1E24
ENCODING 7716
SWIDTH 660 0
DWIDTH 11 0
BBX 7 15 2 -3
BITMAP
82
82
82
82
FE
FE
82
82
82
82
82
82
00
00
10
ENDCHAR
STARTCHAR 1E25
ENCODING 7717
SWIDTH 660 0
DWIDTH 11 0
BBX 7 15 2 -3
BITMAP
80
80
80
9C
E2
E2
82
82
82
82
82
82
00
00
10
ENDCHAR
STARTCHAR 1E2A
ENCODING 7722
SWIDTH 660 0
DWIDTH 11 0
BBX 7 17 2 -5
BITMAP
82
82
82
82
FE
FE
82
82
82
82
82
82
00
00
82
7C
7C
ENDCHAR
STARTCHAR 1E2B
ENCODING 7723
SWIDTH 660 0
DWIDTH 11 0
BBX 7 17 2 -5
BITMAP
80
80
80
9C
E2
E2
82
82
82
82
82
82
00
00
82
7C
7C
ENDCHAR
STARTCHAR 1E32
ENCODING 7730
SWIDTH 660 0
DWIDTH 11 0
BBX 7 15 2 -3
BITMAP
82
8C
8C
90
F0
F0
8C
8C
8C
82
82
82
00
00
10
ENDCHAR
STARTCHAR 1E33
ENCODING 7731
SWIDTH 660 0
DWIDTH 11 0
BBX 7 15 2 -3
BITMAP
80
80
80
82
8C
8C
90
F0
F0
8C
82
82
00
00
10
ENDCHAR
STARTCHAR 1E36
ENCODING 7734
SWIDTH 660 0
DWIDTH 11 0
BBX 7 15 2 -3
BITMAP
80
80
80
80
80
80
80
80
80
80
FE
FE
00
00
10
ENDCHAR
STARTCHAR 1E37
ENCODING 7735
SWIDTH 660 0
DWIDTH 11 0
BBX 7 15 2 -3
BITMAP
F0
10
10
10
10
10
10
10
10
10
FE
FE
00
00
10
ENDCHAR
STARTCHAR 1E3E
ENCODING 7742
SWIDTH 660 0
DWIDTH 11 0
BBX 7 17 2 0
BITMAP
0C
0C
10
00
00
82
82
82
EE
92
92
92
82
82
82
82
82
ENDCHAR
STARTCHAR 1E3F
ENCODING 7743
SWIDTH 660 0
DWIDTH 11 0
BBX 7 14 2 0
BITMAP
0C
0C
10
00
00
EC
92
92
92
92
92
92
92
92
ENDCHAR
STARTCHAR 1E40
ENCODING 7744
SWIDTH 660 0
DWIDTH 11 0
BBX 7 15 2 0
BITMAP
10
00
00
82
82
82
EE
92
92
92
82
82
82
82
82
ENDCHAR
STARTCHAR 1E41
ENCODING 7745
SWIDTH 660 0
DWIDTH 11 0
BBX 7 12 2 0
BITMAP
10
00
00
EC
92
92
92
92
92
92
92
92
ENDCHAR
STARTCHAR 1E44
ENCODING 7748
SWIDTH 660 0
DWIDTH 11 0
BBX 7 15 2 0
BITMAP
10
00
00
82
82
82
E2
92
92
8E
82
82
82
82
82
ENDCHAR
STARTCHAR 1E45
ENCODING 7749
SWIDTH 660 0
DWIDTH 11 0
BBX 7 12 2 0
BITMAP
10
00
00
9C
E2
E2
82
82
82
82
82
82
ENDCHAR
STARTCHAR 1E56
ENCODING 7766
SWIDTH 660 0
DWIDTH 11 0
BBX 7 15 2 0
BITMAP
10
00
00
FC
82
82
82
82
82
FC
80
80
80
80
80
ENDCHAR
STARTCHAR 1E57
ENCODING 7767
SWIDTH 660 0
DWIDTH 11 0
BBX 7 15 2 -3
BITMAP
10
00
00
9C
E2
E2
82
82
82
E2
9C
9C
80
80
80
ENDCHAR
STARTCHAR 1E5A
ENCODING 7770
SWIDTH 660 0
DWIDTH 11 0
BBX 7 15 2 -3
BITMAP
FC
82
82
82
82
82
FC
8C
8C
82
82
82
00
00
10
ENDCHAR
STARTCHAR 1E5B
ENCODING 7771
SWIDTH 660 0
DWIDTH 11 0
BBX 7 12 2 -3
BITMAP
EE
70
70
60
60
60
60
FC
FC
00
00
60
ENDCHAR
STARTCHAR 1E60
ENCODING 7776
SWIDTH 660 0
DWIDTH 11 0
BBX 7 15 2 0
BITMAP
10
00
00
7C
82
82
80
7C
7C
02
02
02
82
7C
7C
ENDCHAR
STARTCHAR 1E61
ENCODING 7777
SWIDTH 660 0
DWIDTH 11 0
BBX 7 12 2 0
BITMAP
10
00
00
7C
82
82
7C
02
02
82
7C
7C
ENDCHAR
STARTCHAR 1E62
ENCODING 7778
SWIDTH 660 0
DWIDTH 11 0
BBX 7 15 2 -3
BITMAP
7C
82
82
80
7C
7C
02
02
02
82
7C
7C
00
00
10
ENDCHAR
STARTCHAR 1E63
ENCODING 7779
SWIDTH 660 0
DWIDTH 11 0
BBX 7 12 2 -3
BITMAP
7C
82
82
7C
02
02
82
7C
7C
00
00
10
ENDCHAR
STARTCHAR 1E6A
ENCODING 7786
SWIDTH 660 0
DWIDTH 11 0
BBX 7 15 2 0
BITMAP
10
00
00
FE
10
10
10
10
10
10
10
10
10
10
10
ENDCHAR
STARTCHAR 1E6B
ENCODING 7787
SWIDTH 660 0
DWIDTH 11 0
BBX 7 15 2 0
BITMAP
60
00
00
60
60
60
FE
60
60
60
60
60
62
1C
1C
ENDCHAR
STARTCHAR 1E6C
ENCODING 7788
SWIDTH 660 0
DWIDTH 11 0
BBX 7 15 2 -3
BITMAP
FE
10
10
10
10
10
10
10
10
10
10
10
00
00
10
ENDCHAR
STARTCHAR 1E6D
ENCODING 7789
SWIDTH 660 0
DWIDTH 11 0
BBX 7 15 2 -3
BITMAP
60
60
60
FE
60
60
60
60
60
62
1C
1C
00
00
10
ENDCHAR
STARTCHAR 1E7C
ENCODING 7804
SWIDTH 660 0
DWIDTH 11 0
BBX 7 17 2 0
BITMAP
12
12
6C
00
00
82
82
82
82
82
82
82
6C
6C
6C
10
10
ENDCHAR
STARTCHAR 1E7D
ENCODING 7805
SWIDTH 660 0
DWIDTH 11 0
BBX 7 14 2 0
BITMAP
12
12
6C
00
00
82
82
82
82
6C
6C
6C
10
10
ENDCHAR
STARTCHAR 1E80
ENCODING 7808
SWIDTH 660 0
DWIDTH 11 0
BBX 7 17 2 0
BITMAP
60
60
10
00
00
82
82
82
82
92
92
92
6C
6C
6C
6C
6C
ENDCHAR
STARTCHAR 1E81
ENCODING 7809
SWIDTH 660 0
DWIDTH 11 0
BBX 7 14 2 0
BITMAP
60
60
10
00
00
92
92
92
92
92
92
92
6E
6E
ENDCHAR
STARTCHAR 1E82
ENCODING 7810
SWIDTH 660 0
DWIDTH 11 0
BBX 7 17 2 0
BITMAP
0C
0C
10
00
00
82
82
82
82
92
92
92
6C
6C
6C
6C
6C
ENDCHAR
STARTCHAR 1E83
ENCODING 7811
SWIDTH 660 0
DWIDTH 11 0
BBX 7 14 2 0
BITMAP
0C
0C
10
00
00
92
92
92
92
92
92
92
6E
6E
ENDCHAR
STARTCHAR 1E84
ENCODING 7812
SWIDTH 660 0
DWIDTH 11 0
BBX 7 15 2 0
BITMAP
6C
00
00
82
82
82
82
92
92
92
6C
6C
6C
6C
6C
ENDCHAR
STARTCHAR 1E85
ENCODING 7813
SWIDTH 660 0
DWIDTH 11 0
BBX 7 12 2 0
BITMAP
6C
00
00
92
92
92
92
92
92
92
6E
6E
ENDCHAR
STARTCHAR 1E8E
ENCODING 7822
SWIDTH 660 0
DWIDTH 11 0
BBX 7 15 2 0
BITMAP
10
00
00
82
82
82
82
6C
6C
10
10
10
10
10
10
ENDCHAR
STARTCHAR 1E8F
ENCODING 7823
SWIDTH 660 0
DWIDTH 11 0
BBX 7 15 2 -3
BITMAP
10
00
00
82
82
82
82
6C
6C
6C
10
10
10
10
E0
ENDCHAR
STARTCHAR 1E92
ENCODING 7826
SWIDTH 660 0
DWIDTH 11 0
BBX 7 15 2 -3
BITMAP
FE
02
02
0C
10
10
60
80
80
80
FE
FE
00
00
10
ENDCHAR
STARTCHAR 1E93
ENCODING 7827
SWIDTH 660 0
DWIDTH 11 0
BBX 7 12 2 -3
BITMAP
FE
0C
0C
10
60
60
80
FE
FE
00
00
10
ENDCHAR
STARTCHAR 1E9B
ENCODING 7835
SWIDTH 660 0
DWIDTH 11 0
BBX 7 12 2 0
BITMAP
1E
10
10
10
10
10
10
10
10
10
FE
FE
ENDCHAR
STARTCHAR 1E9E
ENCODING 7838
SWIDTH 660 0
DWIDTH 11 0
BBX 9 12 0 0
BITMAP
1F80
2300
2300
2300
2300
2300
2080
2080
2080
2080
E700
E700
ENDCHAR
STARTCHAR 1EA0
ENCODING 7840
SWIDTH 660 0
DWIDTH 11 0
BBX 7 15 2 -3
BITMAP
10
6C
6C
82
82
82
FE
82
82
82
82
82
00
00
10
ENDCHAR
STARTCHAR 1EA1
ENCODING 7841
SWIDTH 660 0
DWIDTH 11 0
BBX 7 12 2 -3
BITMAP
7C
02
02
7E
82
82
8E
72
72
00
00
10
ENDCHAR
STARTCHAR 1EB8
ENCODING 7864
SWIDTH 660 0
DWIDTH 11 0
BBX 7 15 2 -3
BITMAP
FE
80
80
80
FC
FC
80
80
80
80
FE
FE
00
00
10
ENDCHAR
STARTCHAR 1EB9
ENCODING 7865
SWIDTH 660 0
DWIDTH 11 0
BBX 7 12 2 -3
BITMAP
7C
82
82
FE
80
80
82
7C
7C
00
00
10
ENDCHAR
STARTCHAR 1EBC
ENCODING 7868
SWIDTH 660 0
DWIDTH 11 0
BBX 7 17 2 0
BITMAP
12
12
6C
00
00
FE
80
80
80
FC
FC
80
80
80
80
FE
FE
ENDCHAR
STARTCHAR 1EBD
ENCODING 7869
SWIDTH 660 0
DWIDTH 11 0
BBX 7 14 2 0
BITMAP
12
12
6C
00
00
7C
82
82
FE
80
80
82
7C
7C
ENDCHAR
STARTCHAR 1ECA
ENCODING 7882
SWIDTH 660 0
DWIDTH 11 0
BBX 7 15 2 -3
BITMAP
FE
10
10
10
10
10
10
10
10
10
FE
FE
00
00
10
ENDCHAR
STARTCHAR 1ECB
ENCODING 7883
SWIDTH 660 0
DWIDTH 11 0
BBX 7 15 2 -3
BITMAP
10
00
00
F0
10
10
10
10
10
10
FE
FE
00
00
10
ENDCHAR
STARTCHAR 1ECC
ENCODING 7884
SWIDTH 660 0
DWIDTH 11 0
BBX 7 15 2 -3
BITMAP
7C
82
82
82
82
82
82
82
82
82
7C
7C
00
00
10
ENDCHAR
STARTCHAR 1ECD
ENCODING 7885
SWIDTH 660 0
DWIDTH 11 0
BBX 7 12 2 -3
BITMAP
7C
82
82
82
82
82
82
7C
7C
00
00
10
ENDCHAR
STARTCHAR 1EE4
ENCODING 7908
SWIDTH 660 0
DWIDTH 11 0
BBX 7 15 2 -3
BITMAP
82
82
82
82
82
82
82
82
82
82
7C
7C
00
00
10
ENDCHAR
STARTCHAR 1EE5
ENCODING 7909
SWIDTH 660 0
DWIDTH 11 0
BBX 7 12 2 -3
BITMAP
82
82
82
82
82
82
8E
72
72
00
00
10
ENDCHAR
STARTCHAR 1EF2
ENCODING 7922
SWIDTH 660 0
DWIDTH 11 0
BBX 7 17 2 0
BITMAP
60
60
10
00
00
82
82
82
82
6C
6C
10
10
10
10
10
10
ENDCHAR
STARTCHAR 1EF3
ENCODING 7923
SWIDTH 660 0
DWIDTH 11 0
BBX 7 17 2 -3
BITMAP
60
60
10
00
00
82
82
82
82
6C
6C
6C
10
10
10
10
E0
ENDCHAR
STARTCHAR 1EF8
ENCODING 7928
SWIDTH 660 0
DWIDTH 11 0
BBX 7 17 2 0
BITMAP
12
12
6C
00
00
82
82
82
82
6C
6C
10
10
10
10
10
10
ENDCHAR
STARTCHAR 1EF9
ENCODING 7929
SWIDTH 660 0
DWIDTH 11 0
BBX 7 17 2 -3
BITMAP
12
12
6C
00
00
82
82
82
82
6C
6C
6C
10
10
10
10
E0
ENDCHAR
STARTCHAR 2010
ENCODING 8208
SWIDTH 660 0
DWIDTH 11 0
BBX 5 1 3 5
BITMAP
F8
ENDCHAR
STARTCHAR 2013
ENCODING 8211
SWIDTH 660 0
DWIDTH 11 0
BBX 7 1 2 5
BITMAP
FE
ENDCHAR
STARTCHAR 2014
ENCODING 8212
SWIDTH 660 0
DWIDTH 11 0
BBX 11 1 0 5
BITMAP
FFE0
ENDCHAR
STARTCHAR 2015
ENCODING 8213
SWIDTH 660 0
DWIDTH 11 0
BBX 11 1 0 5
BITMAP
FFE0
ENDCHAR
STARTCHAR 2018
ENCODING 8216
SWIDTH 660 0
DWIDTH 11 0
BBX 3 4 5 8
BITMAP
60
80
80
80
ENDCHAR
STARTCHAR 2019
ENCODING 8217
SWIDTH 660 0
DWIDTH 11 0
BBX 3 4 3 8
BITMAP
20
20
20
C0
ENDCHAR
STARTCHAR 201A
ENCODING 8218
SWIDTH 660 0
DWIDTH 11 0
BBX 3 5 3 -2
BITMAP
20
20
20
C0
C0
ENDCHAR
STARTCHAR 201C
ENCODING 8220
SWIDTH 660 0
DWIDTH 11 0
BBX 6 4 3 8
BITMAP
24
D8
D8
D8
ENDCHAR
STARTCHAR 201D
ENCODING 8221
SWIDTH 660 0
DWIDTH 11 0
BBX 6 4 2 8
BITMAP
6C
6C
6C
90
ENDCHAR
STARTCHAR 201E
ENCODING 8222
SWIDTH 660 0
DWIDTH 11 0
BBX 6 5 2 -2
BITMAP
6C
6C
6C
90
90
ENDCHAR
STARTCHAR 2020
ENCODING 8224
SWIDTH 660 0
DWIDTH 11 0
BBX 7 11 2 3
BITMAP
10
10
10
FE
FE
10
10
10
10
10
10
ENDCHAR
STARTCHAR 2021
ENCODING 8225
SWIDTH 660 0
DWIDTH 11 0
BBX 7 12 2 2
BITMAP
10
10
10
FE
FE
10
10
10
FE
10
10
10
ENDCHAR
STARTCHAR 2022
ENCODING 8226
SWIDTH 660 0
DWIDTH 11 0
BBX 3 3 3 5
BITMAP
E0
E0
E0
ENDCHAR
STARTCHAR 2026
ENCODING 8230
SWIDTH 660 0
DWIDTH 11 0
BBX 7 3 2 0
BITMAP
92
92
92
ENDCHAR
STARTCHAR 2027
ENCODING 8231
SWIDTH 660 0
DWIDTH 11 0
BBX 1 3 5 6
BITMAP
80
80
80
ENDCHAR
STARTCHAR 2030
ENCODING 8240
SWIDTH 660 0
DWIDTH 11 0
BBX 11 14 0 0
BITMAP
1800
1800
2400
1800
1800
00E0
1F00
1F00
E000
0480
0480
1B60
0480
0480
ENDCHAR
STARTCHAR 2032
ENCODING 8242
SWIDTH 660 0
DWIDTH 11 0
BBX 1 4 5 8
BITMAP
80
80
80
80
ENDCHAR
STARTCHAR 2033
ENCODING 8243
SWIDTH 660 0
DWIDTH 11 0
BBX 5 4 3 8
BITMAP
D8
D8
D8
D8
ENDCHAR
STARTCHAR 2039
ENCODING 8249
SWIDTH 660 0
DWIDTH 11 0
BBX 5 7 3 2
BITMAP
18
20
20
C0
20
20
18
ENDCHAR
STARTCHAR 203A
ENCODING 8250
SWIDTH 660 0
DWIDTH 11 0
BBX 5 7 3 2
BITMAP
C0
20
20
18
20
20
C0
ENDCHAR
STARTCHAR 2044
ENCODING 8260
SWIDTH 660 0
DWIDTH 11 0
BBX 11 5 0 3
BITMAP
00E0
00E0
1F00
E000
E000
ENDCHAR
STARTCHAR 204A
ENCODING 8266
SWIDTH 660 0
DWIDTH 11 0
BBX 7 12 2 -3
BITMAP
FE
02
02
02
0C
0C
0C
0C
0C
10
10
10
ENDCHAR
STARTCHAR 2052
ENCODING 8274
SWIDTH 660 0
DWIDTH 11 0
BBX 9 12 2 0
BITMAP
E180
E180
E180
0200
0C00
0C00
1000
6000
6000
8380
8380
8380
ENDCHAR
STARTCHAR 2070
ENCODING 8304
SWIDTH 660 0
DWIDTH 11 0
BBX 7 9 2 5
BITMAP
7C
7C
8E
92
92
E2
82
82
7C
ENDCHAR
STARTCHAR 2074
ENCODING 8308
SWIDTH 660 0
DWIDTH 11 0
BBX 7 9 2 5
BITMAP
0E
0E
12
62
62
82
FE
FE
02
ENDCHAR
STARTCHAR 2075
ENCODING 8309
SWIDTH 660 0
DWIDTH 11 0
BBX 7 9 2 5
BITMAP
FE
FE
80
FC
FC
02
82
82
7C
ENDCHAR
STARTCHAR 2076
ENCODING 8310
SWIDTH 660 0
DWIDTH 11 0
BBX 7 9 2 5
BITMAP
7C
7C
80
FC
FC
82
82
82
7C
ENDCHAR
STARTCHAR 2077
ENCODING 8311
SWIDTH 660 0
DWIDTH 11 0
BBX 7 9 2 5
BITMAP
FE
FE
02
0C
0C
10
60
60
60
ENDCHAR
STARTCHAR 2078
ENCODING 8312
SWIDTH 660 0
DWIDTH 11 0
BBX 7 9 2 5
BITMAP
7C
7C
82
7C
7C
82
82
82
7C
ENDCHAR
STARTCHAR 2079
ENCODING 8313
SWIDTH 660 0
DWIDTH 11 0
BBX 7 9 2 5
BITMAP
7C
7C
82
82
82
7E
02
02
7C
ENDCHAR
STARTCHAR 2080
ENCODING 8320
SWIDTH 660 0
DWIDTH 11 0
BBX 7 9 2 -3
BITMAP
7C
8E
8E
92
E2
E2
82
82
7C
ENDCHAR
STARTCHAR 2081
ENCODING 8321
SWIDTH 660 0
DWIDTH 11 0
BBX 5 9 3 -3
BITMAP
20
E0
E0
20
20
20
20
20
F8
ENDCHAR
STARTCHAR 2082
ENCODING 8322
SWIDTH 660 0
DWIDTH 11 0
BBX 7 9 2 -3
BITMAP
7C
82
82
0C
10
10
60
60
FE
ENDCHAR
STARTCHAR 2083
ENCODING 8323
SWIDTH 660 0
DWIDTH 11 0
BBX 7 9 2 -3
BITMAP
7C
82
82
1C
02
02
82
82
7C
ENDCHAR
STARTCHAR 2084
ENCODING 8324
SWIDTH 660 0
DWIDTH 11 0
BBX 7 9 2 -3
BITMAP
0E
12
12
62
82
82
FE
FE
02
ENDCHAR
STARTCHAR 2085
ENCODING 8325
SWIDTH 660 0
DWIDTH 11 0
BBX 7 9 2 -3
BITMAP
FE
80
80
FC
02
02
82
82
7C
ENDCHAR
STARTCHAR 2086
ENCODING 8326
SWIDTH 660 0
DWIDTH 11 0
BBX 7 9 2 -3
BITMAP
7C
80
80
FC
82
82
82
82
7C
ENDCHAR
STARTCHAR 2087
ENCODING 8327
SWIDTH 660 0
DWIDTH 11 0
BBX 7 9 2 -3
BITMAP
FE
02
02
0C
10
10
60
60
60
ENDCHAR
STARTCHAR 2088
ENCODING 8328
SWIDTH 660 0
DWIDTH 11 0
BBX 7 9 2 -3
BITMAP
7C
82
82
7C
82
82
82
82
7C
ENDCHAR
STARTCHAR 2089
ENCODING 8329
SWIDTH 660 0
DWIDTH 11 0
BBX 7 9 2 -3
BITMAP
7C
82
82
82
7E
7E
02
02
7C
ENDCHAR
STARTCHAR 20A3
ENCODING 8355
SWIDTH 660 0
DWIDTH 11 0
BBX 9 12 0 0
BITMAP
3F80
2000
2000
2000
3F00
3F00
2000
2000
2000
FC00
2000
2000
ENDCHAR
STARTCHAR 20A9
ENCODING 8361
SWIDTH 660 0
DWIDTH 11 0
BBX 11 12 0 0
BITMAP
2080
2080
2080
FFE0
2480
2480
2480
1B00
1B00
1B00
1B00
1B00
ENDCHAR
STARTCHAR 20AA
ENCODING 8362
SWIDTH 660 0
DWIDTH 11 0
BBX 7 12 2 0
BITMAP
E2
92
92
92
82
82
92
92
92
92
8E
8E
ENDCHAR
STARTCHAR 20AC
ENCODING 8364
SWIDTH 660 0
DWIDTH 11 0
BBX 9 12 0 0
BITMAP
1F00
2080
2080
2000
FC00
FC00
2000
2000
2000
2080
1F00
1F00
ENDCHAR
STARTCHAR 20AE
ENCODING 8366
SWIDTH 660 0
DWIDTH 11 0
BBX 7 12 2 0
BITMAP
FE
10
10
12
1C
1C
72
9C
9C
70
90
90
ENDCHAR
STARTCHAR 20B4
ENCODING 8372
SWIDTH 660 0
DWIDTH 11 0
BBX 7 12 2 0
BITMAP
7C
82
82
0C
FE
FE
60
80
80
82
7C
7C
ENDCHAR
STARTCHAR 20B8
ENCODING 8376
SWIDTH 660 0
DWIDTH 11 0
BBX 7 12 2 0
BITMAP
FE
10
10
FE
10
10
10
10
10
10
10
10
ENDCHAR
STARTCHAR 20B9
ENCODING 8377
SWIDTH 660 0
DWIDTH 11 0
BBX 7 12 2 0
BITMAP
FE
0C
0C
FE
10
10
60
10
10
0C
02
02
ENDCHAR
STARTCHAR 20BA
ENCODING 8378
SWIDTH 660 0
DWIDTH 11 0
BBX 7 12 2 0
BITMAP
6C
70
70
EC
70
70
E2
62
62
6C
70
70
ENDCHAR
STARTCHAR 20BD
ENCODING 8381
SWIDTH 660 0
DWIDTH 11 0
BBX 9 12 0 0
BITMAP
3F00
2080
2080
2080
2080
2080
FF00
2000
2000
FC00
2000
2000
ENDCHAR
STARTCHAR 20BF
ENCODING 8383
SWIDTH 660 0
DWIDTH 11 0
BBX 7 16 2 -2
BITMAP
6C
6C
FC
82
82
82
FC
FC
82
82
82
82
FC
FC
6C
6C
ENDCHAR
STARTCHAR 2113
ENCODING 8467
SWIDTH 660 0
DWIDTH 11 0
BBX 7 12 2 0
BITMAP
0C
12
12
12
62
62
6C
70
70
E2
1C
1C
ENDCHAR
STARTCHAR 2116
ENCODING 8470
SWIDTH 660 0
DWIDTH 11 0
BBX 11 12 0 0
BITMAP
C400
C480
C480
E760
DC80
DC80
C400
C480
C480
C400
C400
C400
ENDCHAR
STARTCHAR 2122
ENCODING 8482
SWIDTH 660 0
DWIDTH 11 0
BBX 9 4 2 8
BITMAP
FD80
6F80
6F80
6F80
ENDCHAR
STARTCHAR 2126
ENCODING 8486
SWIDTH 660 0
DWIDTH 11 0
BBX 7 12 2 0
BITMAP
7C
82
82
82
82
82
82
82
82
6C
EE
EE
ENDCHAR
STARTCHAR 212E
ENCODING 8494
SWIDTH 660 0
DWIDTH 11 0
BBX 11 11 0 0
BITMAP
1F00
1F00
2080
E0E0
E0E0
FFE0
E000
E000
2080
1F00
1F00
ENDCHAR
STARTCHAR 2150
ENCODING 8528
SWIDTH 660 0
DWIDTH 11 0
BBX 11 20 0 -5
BITMAP
2000
E000
E000
2000
2000
2000
F800
00E0
00E0
1F00
E000
E000
07E0
0060
0060
0080
0080
0300
0300
0300
ENDCHAR
STARTCHAR 2151
ENCODING 8529
SWIDTH 660 0
DWIDTH 11 0
BBX 11 20 0 -5
BITMAP
2000
E000
E000
2000
2000
2000
F800
00E0
00E0
1F00
E000
E000
0380
0460
0460
03E0
03E0
0060
0380
0380
ENDCHAR
STARTCHAR 2153
ENCODING 8531
SWIDTH 660 0
DWIDTH 11 0
BBX 11 20 0 -5
BITMAP
2000
E000
E000
2000
2000
2000
F800
00E0
00E0
1F00
E000
E000
0380
0460
0460
0080
0080
0460
0380
0380
ENDCHAR
STARTCHAR 2154
ENCODING 8532
SWIDTH 660 0
DWIDTH 11 0
BBX 11 20 0 -5
BITMAP
3800
C400
C400
1800
2000
2000
FC00
00E0
00E0
1F00
E000
E000
0380
0460
0460
0080
0080
0460
0380
0380
ENDCHAR
STARTCHAR 2155
ENCODING 8533
SWIDTH 660 0
DWIDTH 11 0
BBX 11 20 0 -5
BITMAP
2000
E000
E000
2000
2000
2000
F800
00E0
00E0
1F00
E000
E000
07E0
0400
0400
0780
0780
0060
0380
0380
ENDCHAR
STARTCHAR 2156
ENCODING 8534
SWIDTH 660 0
DWIDTH 11 0
BBX 11 20 0 -5
BITMAP
3800
C400
C400
1800
2000
2000
FC00
00E0
00E0
1F00
E000
E000
07E0
0400
0400
0780
0780
0060
0380
0380
ENDCHAR
STARTCHAR 2157
ENCODING 8535
SWIDTH 660 0
DWIDTH 11 0
BBX 11 20 0 -5
BITMAP
3800
C400
C400
1800
C400
C400
3800
00E0
00E0
1F00
E000
E000
07E0
0400
0400
0780
0780
0060
0380
0380
ENDCHAR
STARTCHAR 2158
ENCODING 8536
SWIDTH 660 0
DWIDTH 11 0
BBX 11 20 0 -5
BITMAP
1C00
2400
2400
C400
FC00
FC00
0400
00E0
00E0
1F00
E000
E000
07E0
0400
0400
0780
0780
0060
0380
0380
ENDCHAR
STARTCHAR 2159
ENCODING 8537
SWIDTH 660 0
DWIDTH 11 0
BBX 11 20 0 -5
BITMAP
2000
E000
E000
2000
2000
2000
F800
00E0
00E0
1F00
E000
E000
0380
0400
0400
0780
0780
0460
0380
0380
ENDCHAR
STARTCHAR 215A
ENCODING 8538
SWIDTH 660 0
DWIDTH 11 0
BBX 11 20 0 -5
BITMAP
FC00
C000
C000
F800
0400
0400
3800
00E0
00E0
1F00
E000
E000
0380
0400
0400
0780
0780
0460
0380
0380
ENDCHAR
STARTCHAR 215B
ENCODING 8539
SWIDTH 660 0
DWIDTH 11 0
BBX 11 20 0 -5
BITMAP
2000
E000
E000
2000
2000
2000
F800
00E0
00E0
1F00
E000
E000
0380
0460
0460
0380
0380
0460
0380
0380
ENDCHAR
STARTCHAR 215C
ENCODING 8540
SWIDTH 660 0
DWIDTH 11 0
BBX 11 20 0 -5
BITMAP
3800
C400
C400
1800
C400
C400
3800
00E0
00E0
1F00
E000
E000
0380
0460
0460
0380
0380
0460
0380
0380
ENDCHAR
STARTCHAR 215D
ENCODING 8541
SWIDTH 660 0
DWIDTH 11 0
BBX 11 20 0 -5
BITMAP
FC00
C000
C000
F800
0400
0400
3800
00E0
00E0
1F00
E000
E000
0380
0460
0460
0380
0380
0460
0380
0380
ENDCHAR
STARTCHAR 215E
ENCODING 8542
SWIDTH 660 0
DWIDTH 11 0
BBX 11 20 0 -5
BITMAP
FC00
0400
0400
1800
2000
2000
2000
00E0
00E0
1F00
E000
E000
0380
0460
0460
0380
0380
0460
0380
0380
ENDCHAR
STARTCHAR 2189
ENCODING 8585
SWIDTH 660 0
DWIDTH 11 0
BBX 11 20 0 -5
BITMAP
3800
DC00
DC00
E400
C400
C400
3800
00E0
00E0
1F00
E000
E000
0380
0460
0460
0080
0080
0460
0380
0380
ENDCHAR
STARTCHAR 2190
ENCODING 8592
SWIDTH 660 0
DWIDTH 11 0
BBX 11 7 0 2
BITMAP
1800
2000
2000
FFE0
2000
2000
1800
ENDCHAR
STARTCHAR 2191
ENCODING 8593
SWIDTH 660 0
DWIDTH 11 0
BBX 7 12 2 0
BITMAP
10
7C
7C
92
10
10
10
10
10
10
10
10
ENDCHAR
STARTCHAR 2192
ENCODING 8594
SWIDTH 660 0
DWIDTH 11 0
BBX 11 7 0 2
BITMAP
0300
0080
0080
FFE0
0080
0080
0300
ENDCHAR
STARTCHAR 2193
ENCODING 8595
SWIDTH 660 0
DWIDTH 11 0
BBX 7 12 2 0
BITMAP
10
10
10
10
10
10
10
92
92
7C
10
10
ENDCHAR
STARTCHAR 2195
ENCODING 8597
SWIDTH 660 0
DWIDTH 11 0
BBX 7 16 2 -2
BITMAP
10
10
7C
92
92
10
10
10
10
10
10
92
7C
7C
10
10
ENDCHAR
STARTCHAR 2196
ENCODING 8598
SWIDTH 660 0
DWIDTH 11 0
BBX 9 9 2 2
BITMAP
FC00
FC00
E000
9000
9000
8C00
0200
0200
0180
ENDCHAR
STARTCHAR 2197
ENCODING 8599
SWIDTH 660 0
DWIDTH 11 0
BBX 9 9 0 2
BITMAP
1F80
1F80
0380
0480
0480
1880
2000
2000
C000
ENDCHAR
STARTCHAR 2198
ENCODING 8600
SWIDTH 660 0
DWIDTH 11 0
BBX 9 9 0 2
BITMAP
C000
C000
2000
1880
1880
0480
0380
0380
1F80
ENDCHAR
STARTCHAR 2199
ENCODING 8601
SWIDTH 660 0
DWIDTH 11 0
BBX 9 9 2 2
BITMAP
0180
0180
0200
8C00
8C00
9000
E000
E000
FC00
ENDCHAR
STARTCHAR 21B0
ENCODING 8624
SWIDTH 660 0
DWIDTH 11 0
BBX 9 12 0 0
BITMAP
1800
2000
2000
FF80
2080
2080
1880
0080
0080
0080
0080
0080
ENDCHAR
STARTCHAR 21B1
ENCODING 8625
SWIDTH 660 0
DWIDTH 11 0
BBX 9 12 2 0
BITMAP
0C00
0200
0200
FF80
8200
8200
8C00
8000
8000
8000
8000
8000
ENDCHAR
STARTCHAR 21B2
ENCODING 8626
SWIDTH 660 0
DWIDTH 11 0
BBX 9 12 0 0
BITMAP
0080
0080
0080
0080
1880
1880
2080
FF80
FF80
2000
1800
1800
ENDCHAR
STARTCHAR 21B3
ENCODING 8627
SWIDTH 660 0
DWIDTH 11 0
BBX 9 12 2 0
BITMAP
8000
8000
8000
8000
8C00
8C00
8200
FF80
FF80
0200
0C00
0C00
ENDCHAR
STARTCHAR 21B4
ENCODING 8628
SWIDTH 660 0
DWIDTH 11 0
BBX 9 12 2 0
BITMAP
FC00
0C00
0C00
0C00
0C00
0C00
0C00
6D80
6D80
1E00
0C00
0C00
ENDCHAR
STARTCHAR 21B5
ENCODING 8629
SWIDTH 660 0
DWIDTH 11 0
BBX 9 12 0 0
BITMAP
0080
0080
0080
0080
1880
1880
2080
FF80
FF80
2000
1800
1800
ENDCHAR
STARTCHAR 2202
ENCODING 8706
SWIDTH 660 0
DWIDTH 11 0
BBX 7 12 2 0
BITMAP
1C
02
02
02
1E
1E
62
82
82
8C
70
70
ENDCHAR
STARTCHAR 2206
ENCODING 8710
SWIDTH 660 0
DWIDTH 11 0
BBX 7 12 2 0
BITMAP
10
10
10
6C
6C
6C
6C
82
82
82
FE
FE
ENDCHAR
STARTCHAR 220F
ENCODING 8719
SWIDTH 660 0
DWIDTH 11 0
BBX 7 12 2 0
BITMAP
FE
82
82
82
82
82
82
82
82
82
82
82
ENDCHAR
STARTCHAR 2211
ENCODING 8721
SWIDTH 660 0
DWIDTH 11 0
BBX 7 12 2 0
BITMAP
FE
82
82
60
10
10
60
80
80
82
FE
FE
ENDCHAR
STARTCHAR 2212
ENCODING 8722
SWIDTH 660 0
DWIDTH 11 0
BBX 7 1 2 5
BITMAP
FE
ENDCHAR
STARTCHAR 2219
ENCODING 8729
SWIDTH 660 0
DWIDTH 11 0
BBX 1 3 5 5
BITMAP
80
80
80
ENDCHAR
STARTCHAR 221A
ENCODING 8730
SWIDTH 660 0
DWIDTH 11 0
BBX 7 12 2 0
BITMAP
02
02
02
0C
0C
0C
90
90
90
60
60
60
ENDCHAR
STARTCHAR 221E
ENCODING 8734
SWIDTH 660 0
DWIDTH 11 0
BBX 7 7 2 2
BITMAP
6C
92
92
92
92
92
6C
ENDCHAR
STARTCHAR 222B
ENCODING 8747
SWIDTH 660 0
DWIDTH 11 0
BBX 7 15 2 -3
BITMAP
0E
10
10
10
10
10
10
10
10
10
10
10
10
10
E0
ENDCHAR
STARTCHAR 2248
ENCODING 8776
SWIDTH 660 0
DWIDTH 11 0
BBX 7 7 2 2
BITMAP
62
9C
9C
00
62
62
9C
ENDCHAR
STARTCHAR 2260
ENCODING 8800
SWIDTH 660 0
DWIDTH 11 0
BBX 7 7 2 2
BITMAP
0C
FE
FE
10
FE
FE
60
ENDCHAR
STARTCHAR 2264
ENCODING 8804
SWIDTH 660 0
DWIDTH 11 0
BBX 6 14 2 -2
BITMAP
0C
10
10
60
80
80
60
10
10
0C
00
00
FC
FC
ENDCHAR
STARTCHAR 2265
ENCODING 8805
SWIDTH 660 0
DWIDTH 11 0
BBX 6 14 3 -2
BITMAP
C0
20
20
18
04
04
18
20
20
C0
00
00
FC
FC
ENDCHAR
STARTCHAR 2318
ENCODING 8984
SWIDTH 660 0
DWIDTH 11 0
BBX 11 12 0 0
BITMAP
2080
DB60
DB60
3F80
1B00
1B00
1B00
3F80
3F80
DB60
2080
2080
ENDCHAR
STARTCHAR 2325
ENCODING 8997
SWIDTH 660 0
DWIDTH 11 0
BBX 9 12 0 0
BITMAP
E380
1800
1800
1800
1800
1800
0400
0400
0400
0400
0380
0380
ENDCHAR
STARTCHAR 23FB
ENCODING 9211
SWIDTH 660 0
DWIDTH 11 0
BBX 14 16 0 -2
BITMAP
0300
0300
0300
0300
3330
7338
E31C
E31C
C30C
C30C
E01C
E01C
7038
3CF0
1FE0
0780
ENDCHAR
STARTCHAR 23FC
ENCODING 9212
SWIDTH 660 0
DWIDTH 11 0
BBX 15 16 0 -2
BITMAP
03C0
1FF0
3FF8
783C
719E
E38E
E386
E386
E386
E386
E38E
711E
383C
3FF8
0FF0
0380
ENDCHAR
STARTCHAR 23FD
ENCODING 9213
SWIDTH 660 0
DWIDTH 11 0
BBX 3 16 4 -2
BITMAP
C0
E0
E0
E0
E0
E0
E0
E0
E0
E0
E0
E0
E0
E0
E0
40
ENDCHAR
STARTCHAR 23FE
ENCODING 9214
SWIDTH 660 0
DWIDTH 11 0
BBX 10 14 0 -2
BITMAP
1000
3000
7000
6000
E000
F000
F000
F000
F000
7800
7C00
3E00
1F00
0FC0
ENDCHAR
STARTCHAR 2500
ENCODING 9472
SWIDTH 660 0
DWIDTH 11 0
BBX 11 1 0 5
BITMAP
FFE0
ENDCHAR
STARTCHAR 2501
ENCODING 9473
SWIDTH 660 0
DWIDTH 11 0
BBX 11 5 0 3
BITMAP
FFE0
FFE0
FFE0
FFE0
FFE0
ENDCHAR
STARTCHAR 2502
ENCODING 9474
SWIDTH 660 0
DWIDTH 11 0
BBX 1 22 5 -5
BITMAP
80
80
80
80
80
80
80
80
80
80
80
80
80
80
80
80
80
80
80
80
80
80
ENDCHAR
STARTCHAR 2503
ENCODING 9475
SWIDTH 660 0
DWIDTH 11 0
BBX 5 22 3 -5
BITMAP
F8
F8
F8
F8
F8
F8
F8
F8
F8
F8
F8
F8
F8
F8
F8
F8
F8
F8
F8
F8
F8
F8
ENDCHAR
STARTCHAR 2504
ENCODING 9476
SWIDTH 660 0
DWIDTH 11 0
BBX 9 1 0 5
BITMAP
E480
ENDCHAR
STARTCHAR 2505
ENCODING 9477
SWIDTH 660 0
DWIDTH 11 0
BBX 9 5 0 3
BITMAP
E480
E480
E480
E480
E480
ENDCHAR
STARTCHAR 2506
ENCODING 9478
SWIDTH 660 0
DWIDTH 11 0
BBX 1 20 5 -3
BITMAP
80
80
80
80
80
80
00
00
80
80
80
80
80
80
00
80
80
80
80
80
ENDCHAR
STARTCHAR 2507
ENCODING 9479
SWIDTH 660 0
DWIDTH 11 0
BBX 5 20 3 -3
BITMAP
F8
F8
F8
F8
F8
F8
00
00
F8
F8
F8
F8
F8
F8
00
F8
F8
F8
F8
F8
ENDCHAR
STARTCHAR 2508
ENCODING 9480
SWIDTH 660 0
DWIDTH 11 0
BBX 9 1 0 5
BITMAP
DB80
ENDCHAR
STARTCHAR 2509
ENCODING 9481
SWIDTH 660 0
DWIDTH 11 0
BBX 9 5 0 3
BITMAP
DB80
DB80
DB80
DB80
DB80
ENDCHAR
STARTCHAR 250A
ENCODING 9482
SWIDTH 660 0
DWIDTH 11 0
BBX 1 20 5 -3
BITMAP
80
80
80
00
00
80
80
80
80
00
00
80
80
80
00
80
80
80
80
80
ENDCHAR
STARTCHAR 250B
ENCODING 9483
SWIDTH 660 0
DWIDTH 11 0
BBX 5 20 3 -3
BITMAP
F8
F8
F8
00
00
F8
F8
F8
F8
00
00
F8
F8
F8
00
F8
F8
F8
F8
F8
ENDCHAR
STARTCHAR 250C
ENCODING 9484
SWIDTH 660 0
DWIDTH 11 0
BBX 6 11 5 -5
BITMAP
FC
80
80
80
80
80
80
80
80
80
80
ENDCHAR
STARTCHAR 250D
ENCODING 9485
SWIDTH 660 0
DWIDTH 11 0
BBX 6 13 5 -5
BITMAP
FC
FC
FC
FC
FC
80
80
80
80
80
80
80
80
ENDCHAR
STARTCHAR 250E
ENCODING 9486
SWIDTH 660 0
DWIDTH 11 0
BBX 8 11 3 -5
BITMAP
FF
F8
F8
F8
F8
F8
F8
F8
F8
F8
F8
ENDCHAR
STARTCHAR 250F
ENCODING 9487
SWIDTH 660 0
DWIDTH 11 0
BBX 8 13 3 -5
BITMAP
FF
FF
FF
FF
FF
F8
F8
F8
F8
F8
F8
F8
F8
ENDCHAR
STARTCHAR 2510
ENCODING 9488
SWIDTH 660 0
DWIDTH 11 0
BBX 6 11 0 -5
BITMAP
FC
04
04
04
04
04
04
04
04
04
04
ENDCHAR
STARTCHAR 2511
ENCODING 9489
SWIDTH 660 0
DWIDTH 11 0
BBX 6 13 0 -5
BITMAP
FC
FC
FC
FC
FC
04
04
04
04
04
04
04
04
ENDCHAR
STARTCHAR 2512
ENCODING 9490
SWIDTH 660 0
DWIDTH 11 0
BBX 8 11 0 -5
BITMAP
FF
1F
1F
1F
1F
1F
1F
1F
1F
1F
1F
ENDCHAR
STARTCHAR 2513
ENCODING 9491
SWIDTH 660 0
DWIDTH 11 0
BBX 8 13 0 -5
BITMAP
FF
FF
FF
FF
FF
1F
1F
1F
1F
1F
1F
1F
1F
ENDCHAR
STARTCHAR 2514
ENCODING 9492
SWIDTH 660 0
DWIDTH 11 0
BBX 6 12 5 5
BITMAP
80
80
80
80
80
80
80
80
80
80
80
FC
ENDCHAR
STARTCHAR 2515
ENCODING 9493
SWIDTH 660 0
DWIDTH 11 0
BBX 6 14 5 3
BITMAP
80
80
80
80
80
80
80
80
80
FC
FC
FC
FC
FC
ENDCHAR
STARTCHAR 2516
ENCODING 9494
SWIDTH 660 0
DWIDTH 11 0
BBX 8 12 3 5
BITMAP
F8
F8
F8
F8
F8
F8
F8
F8
F8
F8
F8
FF
ENDCHAR
STARTCHAR 2517
ENCODING 9495
SWIDTH 660 0
DWIDTH 11 0
BBX 8 14 3 3
BITMAP
F8
F8
F8
F8
F8
F8
F8
F8
F8
FF
FF
FF
FF
FF
ENDCHAR
STARTCHAR 2518
ENCODING 9496
SWIDTH 660 0
DWIDTH 11 0
BBX 6 12 0 5
BITMAP
04
04
04
04
04
04
04
04
04
04
04
FC
ENDCHAR
STARTCHAR 2519
ENCODING 9497
SWIDTH 660 0
DWIDTH 11 0
BBX 6 14 0 3
BITMAP
04
04
04
04
04
04
04
04
04
FC
FC
FC
FC
FC
ENDCHAR
STARTCHAR 251A
ENCODING 9498
SWIDTH 660 0
DWIDTH 11 0
BBX 8 12 0 5
BITMAP
1F
1F
1F
1F
1F
1F
1F
1F
1F
1F
1F
FF
ENDCHAR
STARTCHAR 251B
ENCODING 9499
SWIDTH 660 0
DWIDTH 11 0
BBX 8 14 0 3
BITMAP
1F
1F
1F
1F
1F
1F
1F
1F
1F
FF
FF
FF
FF
FF
ENDCHAR
STARTCHAR 251C
ENCODING 9500
SWIDTH 660 0
DWIDTH 11 0
BBX 6 22 5 -5
BITMAP
80
80
80
80
80
80
80
80
80
80
80
FC
80
80
80
80
80
80
80
80
80
80
ENDCHAR
STARTCHAR 251D
ENCODING 9501
SWIDTH 660 0
DWIDTH 11 0
BBX 6 22 5 -5
BITMAP
80
80
80
80
80
80
80
80
80
FC
FC
FC
FC
FC
80
80
80
80
80
80
80
80
ENDCHAR
STARTCHAR 251E
ENCODING 9502
SWIDTH 660 0
DWIDTH 11 0
BBX 8 22 3 -5
BITMAP
F8
F8
F8
F8
F8
F8
F8
F8
F8
F8
F8
FF
20
20
20
20
20
20
20
20
20
20
ENDCHAR
STARTCHAR 251F
ENCODING 9503
SWIDTH 660 0
DWIDTH 11 0
BBX 8 22 3 -5
BITMAP
20
20
20
20
20
20
20
20
20
20
20
FF
F8
F8
F8
F8
F8
F8
F8
F8
F8
F8
ENDCHAR
STARTCHAR 2520
ENCODING 9504
SWIDTH 660 0
DWIDTH 11 0
BBX 8 22 3 -5
BITMAP
F8
F8
F8
F8
F8
F8
F8
F8
F8
F8
F8
FF
F8
F8
F8
F8
F8
F8
F8
F8
F8
F8
ENDCHAR
STARTCHAR 2521
ENCODING 9505
SWIDTH 660 0
DWIDTH 11 0
BBX 8 22 3 -5
BITMAP
F8
F8
F8
F8
F8
F8
F8
F8
F8
FF
FF
FF
FF
FF
20
20
20
20
20
20
20
20
ENDCHAR
STARTCHAR 2522
ENCODING 9506
SWIDTH 660 0
DWIDTH 11 0
BBX 8 22 3 -5
BITMAP
20
20
20
20
20
20
20
20
20
FF
FF
FF
FF
FF
F8
F8
F8
F8
F8
F8
F8
F8
ENDCHAR
STARTCHAR 2523
ENCODING 9507
SWIDTH 660 0
DWIDTH 11 0
BBX 8 22 3 -5
BITMAP
F8
F8
F8
F8
F8
F8
F8
F8
F8
FF
FF
FF
FF
FF
F8
F8
F8
F8
F8
F8
F8
F8
ENDCHAR
STARTCHAR 2524
ENCODING 9508
SWIDTH 660 0
DWIDTH 11 0
BBX 6 22 0 -5
BITMAP
04
04
04
04
04
04
04
04
04
04
04
FC
04
04
04
04
04
04
04
04
04
04
ENDCHAR
STARTCHAR 2525
ENCODING 9509
SWIDTH 660 0
DWIDTH 11 0
BBX 6 22 0 -5
BITMAP
04
04
04
04
04
04
04
04
04
FC
FC
FC
FC
FC
04
04
04
04
04
04
04
04
ENDCHAR
STARTCHAR 2526
ENCODING 9510
SWIDTH 660 0
DWIDTH 11 0
BBX 8 22 0 -5
BITMAP
1F
1F
1F
1F
1F
1F
1F
1F
1F
1F
1F
FF
04
04
04
04
04
04
04
04
04
04
ENDCHAR
STARTCHAR 2527
ENCODING 9511
SWIDTH 660 0
DWIDTH 11 0
BBX 8 22 0 -5
BITMAP
04
04
04
04
04
04
04
04
04
04
04
FF
1F
1F
1F
1F
1F
1F
1F
1F
1F
1F
ENDCHAR
STARTCHAR 2528
ENCODING 9512
SWIDTH 660 0
DWIDTH 11 0
BBX 8 22 0 -5
BITMAP
1F
1F
1F
1F
1F
1F
1F
1F
1F
1F
1F
FF
1F
1F
1F
1F
1F
1F
1F
1F
1F
1F
ENDCHAR
STARTCHAR 2529
ENCODING 9513
SWIDTH 660 0
DWIDTH 11 0
BBX 8 22 0 -5
BITMAP
1F
1F
1F
1F
1F
1F
1F
1F
1F
FF
FF
FF
FF
FF
04
04
04
04
04
04
04
04
ENDCHAR
STARTCHAR 252A
ENCODING 9514
SWIDTH 660 0
DWIDTH 11 0
BBX 8 22 0 -5
BITMAP
04
04
04
04
04
04
04
04
04
FF
FF
FF
FF
FF
1F
1F
1F
1F
1F
1F
1F
1F
ENDCHAR
STARTCHAR 252B
ENCODING 9515
SWIDTH 660 0
DWIDTH 11 0
BBX 8 22 0 -5
BITMAP
1F
1F
1F
1F
1F
1F
1F
1F
1F
FF
FF
FF
FF
FF
1F
1F
1F
1F
1F
1F
1F
1F
ENDCHAR
STARTCHAR 252C
ENCODING 9516
SWIDTH 660 0
DWIDTH 11 0
BBX 11 11 0 -5
BITMAP
FFE0
0400
0400
0400
0400
0400
0400
0400
0400
0400
0400
ENDCHAR
STARTCHAR 252D
ENCODING 9517
SWIDTH 660 0
DWIDTH 11 0
BBX 11 13 0 -5
BITMAP
FF00
FF00
FFE0
FF00
FF00
0400
0400
0400
0400
0400
0400
0400
0400
ENDCHAR
STARTCHAR 252E
ENCODING 9518
SWIDTH 660 0
DWIDTH 11 0
BBX 11 13 0 -5
BITMAP
1FE0
1FE0
FFE0
1FE0
1FE0
0400
0400
0400
0400
0400
0400
0400
0400
ENDCHAR
STARTCHAR 252F
ENCODING 9519
SWIDTH 660 0
DWIDTH 11 0
BBX 11 13 0 -5
BITMAP
FFE0
FFE0
FFE0
FFE0
FFE0
0400
0400
0400
0400
0400
0400
0400
0400
ENDCHAR
STARTCHAR 2530
ENCODING 9520
SWIDTH 660 0
DWIDTH 11 0
BBX 11 11 0 -5
BITMAP
FFE0
1F00
1F00
1F00
1F00
1F00
1F00
1F00
1F00
1F00
1F00
ENDCHAR
STARTCHAR 2531
ENCODING 9521
SWIDTH 660 0
DWIDTH 11 0
BBX 11 13 0 -5
BITMAP
FF00
FF00
FFE0
FF00
FF00
1F00
1F00
1F00
1F00
1F00
1F00
1F00
1F00
ENDCHAR
STARTCHAR 2532
ENCODING 9522
SWIDTH 660 0
DWIDTH 11 0
BBX 11 13 0 -5
BITMAP
1FE0
1FE0
FFE0
1FE0
1FE0
1F00
1F00
1F00
1F00
1F00
1F00
1F00
1F00
ENDCHAR
STARTCHAR 2533
ENCODING 9523
SWIDTH 660 0
DWIDTH 11 0
BBX 11 13 0 -5
BITMAP
FFE0
FFE0
FFE0
FFE0
FFE0
1F00
1F00
1F00
1F00
1F00
1F00
1F00
1F00
ENDCHAR
STARTCHAR 2534
ENCODING 9524
SWIDTH 660 0
DWIDTH 11 0
BBX 11 12 0 5
BITMAP
0400
0400
0400
0400
0400
0400
0400
0400
0400
0400
0400
FFE0
ENDCHAR
STARTCHAR 2535
ENCODING 9525
SWIDTH 660 0
DWIDTH 11 0
BBX 11 14 0 3
BITMAP
0400
0400
0400
0400
0400
0400
0400
0400
0400
FF00
FF00
FFE0
FF00
FF00
ENDCHAR
STARTCHAR 2536
ENCODING 9526
SWIDTH 660 0
DWIDTH 11 0
BBX 11 14 0 3
BITMAP
0400
0400
0400
0400
0400
0400
0400
0400
0400
07E0
07E0
FFE0
07E0
07E0
ENDCHAR
STARTCHAR 2537
ENCODING 9527
SWIDTH 660 0
DWIDTH 11 0
BBX 11 14 0 3
BITMAP
0400
0400
0400
0400
0400
0400
0400
0400
0400
FFE0
FFE0
FFE0
FFE0
FFE0
ENDCHAR
STARTCHAR 2538
ENCODING 9528
SWIDTH 660 0
DWIDTH 11 0
BBX 11 12 0 5
BITMAP
1F00
1F00
1F00
1F00
1F00
1F00
1F00
1F00
1F00
1F00
1F00
FFE0
ENDCHAR
STARTCHAR 2539
ENCODING 9529
SWIDTH 660 0
DWIDTH 11 0
BBX 11 14 0 3
BITMAP
1F00
1F00
1F00
1F00
1F00
1F00
1F00
1F00
1F00
FF00
FF00
FFE0
FF00
FF00
ENDCHAR
STARTCHAR 253A
ENCODING 9530
SWIDTH 660 0
DWIDTH 11 0
BBX 11 14 0 3
BITMAP
1F00
1F00
1F00
1F00
1F00
1F00
1F00
1F00
1F00
1FE0
1FE0
FFE0
1FE0
1FE0
ENDCHAR
STARTCHAR 253B
ENCODING 9531
SWIDTH 660 0
DWIDTH 11 0
BBX 11 14 0 3
BITMAP
1F00
1F00
1F00
1F00
1F00
1F00
1F00
1F00
1F00
FFE0
FFE0
FFE0
FFE0
FFE0
ENDCHAR
STARTCHAR 253C
ENCODING 9532
SWIDTH 660 0
DWIDTH 11 0
BBX 11 22 0 -5
BITMAP
0400
0400
0400
0400
0400
0400
0400
0400
0400
0400
0400
FFE0
0400
0400
0400
0400
0400
0400
0400
0400
0400
0400
ENDCHAR
STARTCHAR 253D
ENCODING 9533
SWIDTH 660 0
DWIDTH 11 0
BBX 11 22 0 -5
BITMAP
0400
0400
0400
0400
0400
0400
0400
0400
0400
FC00
FC00
FFE0
FC00
FC00
0400
0400
0400
0400
0400
0400
0400
0400
ENDCHAR
STARTCHAR 253E
ENCODING 9534
SWIDTH 660 0
DWIDTH 11 0
BBX 11 22 0 -5
BITMAP
0400
0400
0400
0400
0400
0400
0400
0400
0400
07E0
07E0
FFE0
07E0
07E0
0400
0400
0400
0400
0400
0400
0400
0400
ENDCHAR
STARTCHAR 253F
ENCODING 9535
SWIDTH 660 0
DWIDTH 11 0
BBX 11 22 0 -5
BITMAP
0400
0400
0400
0400
0400
0400
0400
0400
0400
FFE0
FFE0
FFE0
FFE0
FFE0
0400
0400
0400
0400
0400
0400
0400
0400
ENDCHAR
STARTCHAR 2540
ENCODING 9536
SWIDTH 660 0
DWIDTH 11 0
BBX 11 22 0 -5
BITMAP
1F00
1F00
1F00
1F00
1F00
1F00
1F00
1F00
1F00
1F00
1F00
FFE0
0400
0400
0400
0400
0400
0400
0400
0400
0400
0400
ENDCHAR
STARTCHAR 2541
ENCODING 9537
SWIDTH 660 0
DWIDTH 11 0
BBX 11 22 0 -5
BITMAP
0400
0400
0400
0400
0400
0400
0400
0400
0400
0400
0400
FFE0
1F00
1F00
1F00
1F00
1F00
1F00
1F00
1F00
1F00
1F00
ENDCHAR
STARTCHAR 2542
ENCODING 9538
SWIDTH 660 0
DWIDTH 11 0
BBX 11 22 0 -5
BITMAP
1F00
1F00
1F00
1F00
1F00
1F00
1F00
1F00
1F00
1F00
1F00
FFE0
1F00
1F00
1F00
1F00
1F00
1F00
1F00
1F00
1F00
1F00
ENDCHAR
STARTCHAR 2543
ENCODING 9539
SWIDTH 660 0
DWIDTH 11 0
BBX 11 22 0 -5
BITMAP
1F00
1F00
1F00
1F00
1F00
1F00
1F00
1F00
1F00
FF00
FF00
FFE0
FF00
FF00
0400
0400
0400
0400
0400
0400
0400
0400
ENDCHAR
STARTCHAR 2544
ENCODING 9540
SWIDTH 660 0
DWIDTH 11 0
BBX 11 22 0 -5
BITMAP
1F00
1F00
1F00
1F00
1F00
1F00
1F00
1F00
1F00
1FE0
1FE0
FFE0
1FE0
1FE0
0400
0400
0400
0400
0400
0400
0400
0400
ENDCHAR
STARTCHAR 2545
ENCODING 9541
SWIDTH 660 0
DWIDTH 11 0
BBX 11 22 0 -5
BITMAP
0400
0400
0400
0400
0400
0400
0400
0400
0400
FF00
FF00
FFE0
FF00
FF00
1F00
1F00
1F00
1F00
1F00
1F00
1F00
1F00
ENDCHAR
STARTCHAR 2546
ENCODING 9542
SWIDTH 660 0
DWIDTH 11 0
BBX 11 22 0 -5
BITMAP
0400
0400
0400
0400
0400
0400
0400
0400
0400
1FE0
1FE0
FFE0
1FE0
1FE0
1F00
1F00
1F00
1F00
1F00
1F00
1F00
1F00
ENDCHAR
STARTCHAR 2547
ENCODING 9543
SWIDTH 660 0
DWIDTH 11 0
BBX 11 22 0 -5
BITMAP
1F00
1F00
1F00
1F00
1F00
1F00
1F00
1F00
1F00
FFE0
FFE0
FFE0
FFE0
FFE0
0400
0400
0400
0400
0400
0400
0400
0400
ENDCHAR
STARTCHAR 2548
ENCODING 9544
SWIDTH 660 0
DWIDTH 11 0
BBX 11 22 0 -5
BITMAP
0400
0400
0400
0400
0400
0400
0400
0400
0400
FFE0
FFE0
FFE0
FFE0
FFE0
1F00
1F00
1F00
1F00
1F00
1F00
1F00
1F00
ENDCHAR
STARTCHAR 2549
ENCODING 9545
SWIDTH 660 0
DWIDTH 11 0
BBX 11 22 0 -5
BITMAP
1F00
1F00
1F00
1F00
1F00
1F00
1F00
1F00
1F00
FF00
FF00
FFE0
FF00
FF00
1F00
1F00
1F00
1F00
1F00
1F00
1F00
1F00
ENDCHAR
STARTCHAR 254A
ENCODING 9546
SWIDTH 660 0
DWIDTH 11 0
BBX 11 22 0 -5
BITMAP
1F00
1F00
1F00
1F00
1F00
1F00
1F00
1F00
1F00
1FE0
1FE0
FFE0
1FE0
1FE0
1F00
1F00
1F00
1F00
1F00
1F00
1F00
1F00
ENDCHAR
STARTCHAR 254B
ENCODING 9547
SWIDTH 660 0
DWIDTH 11 0
BBX 11 22 0 -5
BITMAP
1F00
1F00
1F00
1F00
1F00
1F00
1F00
1F00
1F00
FFE0
FFE0
FFE0
FFE0
FFE0
1F00
1F00
1F00
1F00
1F00
1F00
1F00
1F00
ENDCHAR
STARTCHAR 254C
ENCODING 9548
SWIDTH 660 0
DWIDTH 11 0
BBX 9 1 0 5
BITMAP
FB80
ENDCHAR
STARTCHAR 254D
ENCODING 9549
SWIDTH 660 0
DWIDTH 11 0
BBX 9 5 0 3
BITMAP
FB80
FB80
FB80
FB80
FB80
ENDCHAR
STARTCHAR 254E
ENCODING 9550
SWIDTH 660 0
DWIDTH 11 0
BBX 1 20 5 -3
BITMAP
80
80
80
80
80
80
80
80
80
00
00
80
80
80
80
80
80
80
80
80
ENDCHAR
STARTCHAR 254F
ENCODING 9551
SWIDTH 660 0
DWIDTH 11 0
BBX 5 20 3 -3
BITMAP
F8
F8
F8
F8
F8
F8
F8
F8
F8
00
00
F8
F8
F8
F8
F8
F8
F8
F8
F8
ENDCHAR
STARTCHAR 2550
ENCODING 9552
SWIDTH 660 0
DWIDTH 11 0
BBX 11 5 0 3
BITMAP
FFE0
FFE0
0000
FFE0
FFE0
ENDCHAR
STARTCHAR 2551
ENCODING 9553
SWIDTH 660 0
DWIDTH 11 0
BBX 5 22 3 -5
BITMAP
D8
D8
D8
D8
D8
D8
D8
D8
D8
D8
D8
D8
D8
D8
D8
D8
D8
D8
D8
D8
D8
D8
ENDCHAR
STARTCHAR 2552
ENCODING 9554
SWIDTH 660 0
DWIDTH 11 0
BBX 6 13 5 -5
BITMAP
FC
FC
80
FC
FC
80
80
80
80
80
80
80
80
ENDCHAR
STARTCHAR 2553
ENCODING 9555
SWIDTH 660 0
DWIDTH 11 0
BBX 8 11 3 -5
BITMAP
FF
D8
D8
D8
D8
D8
D8
D8
D8
D8
D8
ENDCHAR
STARTCHAR 2554
ENCODING 9556
SWIDTH 660 0
DWIDTH 11 0
BBX 8 13 3 -5
BITMAP
FF
FF
C0
DF
DF
D8
D8
D8
D8
D8
D8
D8
D8
ENDCHAR
STARTCHAR 2555
ENCODING 9557
SWIDTH 660 0
DWIDTH 11 0
BBX 6 13 0 -5
BITMAP
FC
FC
04
FC
FC
04
04
04
04
04
04
04
04
ENDCHAR
STARTCHAR 2556
ENCODING 9558
SWIDTH 660 0
DWIDTH 11 0
BBX 8 11 0 -5
BITMAP
FF
1B
1B
1B
1B
1B
1B
1B
1B
1B
1B
ENDCHAR
STARTCHAR 2557
ENCODING 9559
SWIDTH 660 0
DWIDTH 11 0
BBX 8 13 0 -5
BITMAP
FF
FF
03
FB
FB
1B
1B
1B
1B
1B
1B
1B
1B
ENDCHAR
STARTCHAR 2558
ENCODING 9560
SWIDTH 660 0
DWIDTH 11 0
BBX 6 14 5 3
BITMAP
80
80
80
80
80
80
80
80
80
FC
FC
80
FC
FC
ENDCHAR
STARTCHAR 2559
ENCODING 9561
SWIDTH 660 0
DWIDTH 11 0
BBX 8 12 3 5
BITMAP
D8
D8
D8
D8
D8
D8
D8
D8
D8
D8
D8
FF
ENDCHAR
STARTCHAR 255A
ENCODING 9562
SWIDTH 660 0
DWIDTH 11 0
BBX 8 14 3 3
BITMAP
D8
D8
D8
D8
D8
D8
D8
D8
D8
DF
DF
C0
FF
FF
ENDCHAR
STARTCHAR 255B
ENCODING 9563
SWIDTH 660 0
DWIDTH 11 0
BBX 6 14 0 3
BITMAP
04
04
04
04
04
04
04
04
04
FC
FC
04
FC
FC
ENDCHAR
STARTCHAR 255C
ENCODING 9564
SWIDTH 660 0
DWIDTH 11 0
BBX 8 12 0 5
BITMAP
1B
1B
1B
1B
1B
1B
1B
1B
1B
1B
1B
FF
ENDCHAR
STARTCHAR 255D
ENCODING 9565
SWIDTH 660 0
DWIDTH 11 0
BBX 8 14 0 3
BITMAP
1B
1B
1B
1B
1B
1B
1B
1B
1B
FB
FB
03
FF
FF
ENDCHAR
STARTCHAR 255E
ENCODING 9566
SWIDTH 660 0
DWIDTH 11 0
BBX 6 22 5 -5
BITMAP
80
80
80
80
80
80
80
80
80
FC
FC
80
FC
FC
80
80
80
80
80
80
80
80
ENDCHAR
STARTCHAR 255F
ENCODING 9567
SWIDTH 660 0
DWIDTH 11 0
BBX 8 22 3 -5
BITMAP
D8
D8
D8
D8
D8
D8
D8
D8
D8
D8
D8
DF
D8
D8
D8
D8
D8
D8
D8
D8
D8
D8
ENDCHAR
STARTCHAR 2560
ENCODING 9568
SWIDTH 660 0
DWIDTH 11 0
BBX 8 22 3 -5
BITMAP
D8
D8
D8
D8
D8
D8
D8
D8
D8
DF
DF
C0
DF
DF
D8
D8
D8
D8
D8
D8
D8
D8
ENDCHAR
STARTCHAR 2561
ENCODING 9569
SWIDTH 660 0
DWIDTH 11 0
BBX 6 22 0 -5
BITMAP
04
04
04
04
04
04
04
04
04
FC
FC
04
FC
FC
04
04
04
04
04
04
04
04
ENDCHAR
STARTCHAR 2562
ENCODING 9570
SWIDTH 660 0
DWIDTH 11 0
BBX 8 22 0 -5
BITMAP
1B
1B
1B
1B
1B
1B
1B
1B
1B
1B
1B
FB
1B
1B
1B
1B
1B
1B
1B
1B
1B
1B
ENDCHAR
STARTCHAR 2563
ENCODING 9571
SWIDTH 660 0
DWIDTH 11 0
BBX 8 22 0 -5
BITMAP
1B
1B
1B
1B
1B
1B
1B
1B
1B
FB
FB
03
FB
FB
1B
1B
1B
1B
1B
1B
1B
1B
ENDCHAR
STARTCHAR 2564
ENCODING 9572
SWIDTH 660 0
DWIDTH 11 0
BBX 11 13 0 -5
BITMAP
FFE0
FFE0
0000
FFE0
FFE0
0400
0400
0400
0400
0400
0400
0400
0400
ENDCHAR
STARTCHAR 2565
ENCODING 9573
SWIDTH 660 0
DWIDTH 11 0
BBX 11 11 0 -5
BITMAP
FFE0
1B00
1B00
1B00
1B00
1B00
1B00
1B00
1B00
1B00
1B00
ENDCHAR
STARTCHAR 2566
ENCODING 9574
SWIDTH 660 0
DWIDTH 11 0
BBX 11 13 0 -5
BITMAP
FFE0
FFE0
0000
FBE0
FBE0
1B00
1B00
1B00
1B00
1B00
1B00
1B00
1B00
ENDCHAR
STARTCHAR 2567
ENCODING 9575
SWIDTH 660 0
DWIDTH 11 0
BBX 11 14 0 3
BITMAP
0400
0400
0400
0400
0400
0400
0400
0400
0400
FFE0
FFE0
0000
FFE0
FFE0
ENDCHAR
STARTCHAR 2568
ENCODING 9576
SWIDTH 660 0
DWIDTH 11 0
BBX 11 12 0 5
BITMAP
1B00
1B00
1B00
1B00
1B00
1B00
1B00
1B00
1B00
1B00
1B00
FFE0
ENDCHAR
STARTCHAR 2569
ENCODING 9577
SWIDTH 660 0
DWIDTH 11 0
BBX 11 14 0 3
BITMAP
1B00
1B00
1B00
1B00
1B00
1B00
1B00
1B00
1B00
FBE0
FBE0
0000
FFE0
FFE0
ENDCHAR
STARTCHAR 256A
ENCODING 9578
SWIDTH 660 0
DWIDTH 11 0
BBX 11 22 0 -5
BITMAP
0400
0400
0400
0400
0400
0400
0400
0400
0400
FFE0
FFE0
0400
FFE0
FFE0
0400
0400
0400
0400
0400
0400
0400
0400
ENDCHAR
STARTCHAR 256B
ENCODING 9579
SWIDTH 660 0
DWIDTH 11 0
BBX 11 22 0 -5
BITMAP
1B00
1B00
1B00
1B00
1B00
1B00
1B00
1B00
1B00
1B00
1B00
FFE0
1B00
1B00
1B00
1B00
1B00
1B00
1B00
1B00
1B00
1B00
ENDCHAR
STARTCHAR 256C
ENCODING 9580
SWIDTH 660 0
DWIDTH 11 0
BBX 11 22 0 -5
BITMAP
1B00
1B00
1B00
1B00
1B00
1B00
1B00
1B00
1B00
FBE0
FBE0
0000
FBE0
FBE0
1B00
1B00
1B00
1B00
1B00
1B00
1B00
1B00
ENDCHAR
STARTCHAR 256D
ENCODING 9581
SWIDTH 660 0
DWIDTH 11 0
BBX 6 11 5 -5
BITMAP
1C
60
60
80
80
80
80
80
80
80
80
ENDCHAR
STARTCHAR 256E
ENCODING 9582
SWIDTH 660 0
DWIDTH 11 0
BBX 6 11 0 -5
BITMAP
E0
18
18
04
04
04
04
04
04
04
04
ENDCHAR
STARTCHAR 256F
ENCODING 9583
SWIDTH 660 0
DWIDTH 11 0
BBX 6 12 0 5
BITMAP
04
04
04
04
04
04
04
04
04
18
18
E0
ENDCHAR
STARTCHAR 2570
ENCODING 9584
SWIDTH 660 0
DWIDTH 11 0
BBX 6 12 5 5
BITMAP
80
80
80
80
80
80
80
80
80
60
60
1C
ENDCHAR
STARTCHAR 2571
ENCODING 9585
SWIDTH 660 0
DWIDTH 11 0
BBX 11 22 0 -5
BITMAP
0060
0060
0060
0080
0080
0080
0300
0300
0300
0400
0400
0400
1800
1800
1800
2000
2000
2000
2000
C000
C000
C000
ENDCHAR
STARTCHAR 2572
ENCODING 9586
SWIDTH 660 0
DWIDTH 11 0
BBX 11 22 0 -5
BITMAP
C000
C000
C000
2000
2000
2000
1800
1800
1800
0400
0400
0400
0300
0300
0300
0080
0080
0080
0080
0060
0060
0060
ENDCHAR
STARTCHAR 2573
ENCODING 9587
SWIDTH 660 0
DWIDTH 11 0
BBX 11 22 0 -5
BITMAP
C060
C060
C060
2080
2080
2080
1B00
1B00
1B00
0400
0400
0400
1B00
1B00
1B00
2080
2080
2080
2080
C060
C060
C060
ENDCHAR
STARTCHAR 2574
ENCODING 9588
SWIDTH 660 0
DWIDTH 11 0
BBX 6 1 0 5
BITMAP
FC
ENDCHAR
STARTCHAR 2575
ENCODING 9589
SWIDTH 660 0
DWIDTH 11 0
BBX 1 11 5 6
BITMAP
80
80
80
80
80
80
80
80
80
80
80
ENDCHAR
STARTCHAR 2576
ENCODING 9590
SWIDTH 660 0
DWIDTH 11 0
BBX 6 1 5 5
BITMAP
FC
ENDCHAR
STARTCHAR 2577
ENCODING 9591
SWIDTH 660 0
DWIDTH 11 0
BBX 1 11 5 -5
BITMAP
80
80
80
80
80
80
80
80
80
80
80
ENDCHAR
STARTCHAR 2578
ENCODING 9592
SWIDTH 660 0
DWIDTH 11 0
BBX 6 5 0 3
BITMAP
FC
FC
FC
FC
FC
ENDCHAR
STARTCHAR 2579
ENCODING 9593
SWIDTH 660 0
DWIDTH 11 0
BBX 5 11 3 6
BITMAP
F8
F8
F8
F8
F8
F8
F8
F8
F8
F8
F8
ENDCHAR
STARTCHAR 257A
ENCODING 9594
SWIDTH 660 0
DWIDTH 11 0
BBX 6 5 5 3
BITMAP
FC
FC
FC
FC
FC
ENDCHAR
STARTCHAR 257B
ENCODING 9595
SWIDTH 660 0
DWIDTH 11 0
BBX 5 13 3 -5
BITMAP
F8
F8
F8
F8
F8
F8
F8
F8
F8
F8
F8
F8
F8
ENDCHAR
STARTCHAR 257C
ENCODING 9596
SWIDTH 660 0
DWIDTH 11 0
BBX 11 5 0 3
BITMAP
03E0
03E0
FFE0
03E0
03E0
ENDCHAR
STARTCHAR 257D
ENCODING 9597
SWIDTH 660 0
DWIDTH 11 0
BBX 5 22 3 -5
BITMAP
20
20
20
20
20
20
20
20
20
F8
F8
F8
F8
F8
F8
F8
F8
F8
F8
F8
F8
F8
ENDCHAR
STARTCHAR 257E
ENCODING 9598
SWIDTH 660 0
DWIDTH 11 0
BBX 11 5 0 3
BITMAP
FC00
FC00
FFE0
FC00
FC00
ENDCHAR
STARTCHAR 257F
ENCODING 9599
SWIDTH 660 0
DWIDTH 11 0
BBX 5 22 3 -5
BITMAP
F8
F8
F8
F8
F8
F8
F8
F8
F8
F8
F8
F8
F8
F8
20
20
20
20
20
20
20
20
ENDCHAR
STARTCHAR 2580
ENCODING 9600
SWIDTH 660 0
DWIDTH 11 0
BBX 11 11 0 6
BITMAP
FFE0
FFE0
FFE0
FFE0
FFE0
FFE0
FFE0
FFE0
FFE0
FFE0
FFE0
ENDCHAR
STARTCHAR 2581
ENCODING 9601
SWIDTH 660 0
DWIDTH 11 0
BBX 11 3 0 -5
BITMAP
FFE0
FFE0
FFE0
ENDCHAR
STARTCHAR 2582
ENCODING 9602
SWIDTH 660 0
DWIDTH 11 0
BBX 11 5 0 -5
BITMAP
FFE0
FFE0
FFE0
FFE0
FFE0
ENDCHAR
STARTCHAR 2583
ENCODING 9603
SWIDTH 660 0
DWIDTH 11 0
BBX 11 8 0 -5
BITMAP
FFE0
FFE0
FFE0
FFE0
FFE0
FFE0
FFE0
FFE0
ENDCHAR
STARTCHAR 2584
ENCODING 9604
SWIDTH 660 0
DWIDTH 11 0
BBX 11 11 0 -5
BITMAP
FFE0
FFE0
FFE0
FFE0
FFE0
FFE0
FFE0
FFE0
FFE0
FFE0
FFE0
ENDCHAR
STARTCHAR 2585
ENCODING 9605
SWIDTH 660 0
DWIDTH 11 0
BBX 11 14 0 -5
BITMAP
FFE0
FFE0
FFE0
FFE0
FFE0
FFE0
FFE0
FFE0
FFE0
FFE0
FFE0
FFE0
FFE0
FFE0
ENDCHAR
STARTCHAR 2586
ENCODING 9606
SWIDTH 660 0
DWIDTH 11 0
BBX 11 17 0 -5
BITMAP
FFE0
FFE0
FFE0
FFE0
FFE0
FFE0
FFE0
FFE0
FFE0
FFE0
FFE0
FFE0
FFE0
FFE0
FFE0
FFE0
FFE0
ENDCHAR
STARTCHAR 2587
ENCODING 9607
SWIDTH 660 0
DWIDTH 11 0
BBX 11 19 0 -5
BITMAP
FFE0
FFE0
FFE0
FFE0
FFE0
FFE0
FFE0
FFE0
FFE0
FFE0
FFE0
FFE0
FFE0
FFE0
FFE0
FFE0
FFE0
FFE0
FFE0
ENDCHAR
STARTCHAR 2588
ENCODING 9608
SWIDTH 660 0
DWIDTH 11 0
BBX 11 22 0 -5
BITMAP
FFE0
FFE0
FFE0
FFE0
FFE0
FFE0
FFE0
FFE0
FFE0
FFE0
FFE0
FFE0
FFE0
FFE0
FFE0
FFE0
FFE0
FFE0
FFE0
FFE0
FFE0
FFE0
ENDCHAR
STARTCHAR 2589
ENCODING 9609
SWIDTH 660 0
DWIDTH 11 0
BBX 9 22 0 -5
BITMAP
FF80
FF80
FF80
FF80
FF80
FF80
FF80
FF80
FF80
FF80
FF80
FF80
FF80
FF80
FF80
FF80
FF80
FF80
FF80
FF80
FF80
FF80
ENDCHAR
STARTCHAR 258A
ENCODING 9610
SWIDTH 660 0
DWIDTH 11 0
BBX 9 22 0 -5
BITMAP
FF80
FF80
FF80
FF80
FF80
FF80
FF80
FF80
FF80
FF80
FF80
FF80
FF80
FF80
FF80
FF80
FF80
FF80
FF80
FF80
FF80
FF80
ENDCHAR
STARTCHAR 258B
ENCODING 9611
SWIDTH 660 0
DWIDTH 11 0
BBX 8 22 0 -5
BITMAP
FF
FF
FF
FF
FF
FF
FF
FF
FF
FF
FF
FF
FF
FF
FF
FF
FF
FF
FF
FF
FF
FF
ENDCHAR
STARTCHAR 258C
ENCODING 9612
SWIDTH 660 0
DWIDTH 11 0
BBX 6 22 0 -5
BITMAP
FC
FC
FC
FC
FC
FC
FC
FC
FC
FC
FC
FC
FC
FC
FC
FC
FC
FC
FC
FC
FC
FC
ENDCHAR
STARTCHAR 258D
ENCODING 9613
SWIDTH 660 0
DWIDTH 11 0
BBX 5 22 0 -5
BITMAP
F8
F8
F8
F8
F8
F8
F8
F8
F8
F8
F8
F8
F8
F8
F8
F8
F8
F8
F8
F8
F8
F8
ENDCHAR
STARTCHAR 258E
ENCODING 9614
SWIDTH 660 0
DWIDTH 11 0
BBX 3 22 0 -5
BITMAP
E0
E0
E0
E0
E0
E0
E0
E0
E0
E0
E0
E0
E0
E0
E0
E0
E0
E0
E0
E0
E0
E0
ENDCHAR
STARTCHAR 258F
ENCODING 9615
SWIDTH 660 0
DWIDTH 11 0
BBX 2 22 0 -5
BITMAP
C0
C0
C0
C0
C0
C0
C0
C0
C0
C0
C0
C0
C0
C0
C0
C0
C0
C0
C0
C0
C0
C0
ENDCHAR
STARTCHAR 2590
ENCODING 9616
SWIDTH 660 0
DWIDTH 11 0
BBX 6 22 5 -5
BITMAP
FC
FC
FC
FC
FC
FC
FC
FC
FC
FC
FC
FC
FC
FC
FC
FC
FC
FC
FC
FC
FC
FC
ENDCHAR
STARTCHAR 2591
ENCODING 9617
SWIDTH 660 0
DWIDTH 11 0
BBX 11 22 0 -5
BITMAP
2080
2080
DB00
0460
0460
2300
0460
0460
DB00
0480
0480
D800
0360
0360
2400
C080
C080
2460
2460
DB00
0460
0460
ENDCHAR
STARTCHAR 2592
ENCODING 9618
SWIDTH 660 0
DWIDTH 11 0
BBX 11 22 0 -5
BITMAP
DB80
DB80
E7E0
DC80
DC80
3BE0
DF60
DF60
E480
DFE0
DFE0
24E0
FB60
FB60
DF80
E760
E760
DC80
DC80
27E0
FB60
FB60
ENDCHAR
STARTCHAR 2593
ENCODING 9619
SWIDTH 660 0
DWIDTH 11 0
BBX 11 22 0 -5
BITMAP
FFE0
FFE0
DFE0
FF80
FF80
FBE0
FFE0
FFE0
E760
FFE0
FFE0
3FE0
FF60
FF60
E7E0
FFE0
FFE0
FCE0
FCE0
DFE0
FF80
FF80
ENDCHAR
STARTCHAR 2594
ENCODING 9620
SWIDTH 660 0
DWIDTH 11 0
BBX 11 3 0 14
BITMAP
FFE0
FFE0
FFE0
ENDCHAR
STARTCHAR 2595
ENCODING 9621
SWIDTH 660 0
DWIDTH 11 0
BBX 2 22 9 -5
BITMAP
C0
C0
C0
C0
C0
C0
C0
C0
C0
C0
C0
C0
C0
C0
C0
C0
C0
C0
C0
C0
C0
C0
ENDCHAR
STARTCHAR 2596
ENCODING 9622
SWIDTH 660 0
DWIDTH 11 0
BBX 6 11 0 -5
BITMAP
FC
FC
FC
FC
FC
FC
FC
FC
FC
FC
FC
ENDCHAR
STARTCHAR 2597
ENCODING 9623
SWIDTH 660 0
DWIDTH 11 0
BBX 6 11 5 -5
BITMAP
FC
FC
FC
FC
FC
FC
FC
FC
FC
FC
FC
ENDCHAR
STARTCHAR 2598
ENCODING 9624
SWIDTH 660 0
DWIDTH 11 0
BBX 6 11 0 6
BITMAP
FC
FC
FC
FC
FC
FC
FC
FC
FC
FC
FC
ENDCHAR
STARTCHAR 2599
ENCODING 9625
SWIDTH 660 0
DWIDTH 11 0
BBX 11 22 0 -5
BITMAP
FC00
FC00
FC00
FC00
FC00
FC00
FC00
FC00
FC00
FC00
FC00
FFE0
FFE0
FFE0
FFE0
FFE0
FFE0
FFE0
FFE0
FFE0
FFE0
FFE0
ENDCHAR
STARTCHAR 259A
ENCODING 9626
SWIDTH 660 0
DWIDTH 11 0
BBX 11 22 0 -5
BITMAP
FC00
FC00
FC00
FC00
FC00
FC00
FC00
FC00
FC00
FC00
FC00
07E0
07E0
07E0
07E0
07E0
07E0
07E0
07E0
07E0
07E0
07E0
ENDCHAR
STARTCHAR 259B
ENCODING 9627
SWIDTH 660 0
DWIDTH 11 0
BBX 11 22 0 -5
BITMAP
FFE0
FFE0
FFE0
FFE0
FFE0
FFE0
FFE0
FFE0
FFE0
FFE0
FFE0
FC00
FC00
FC00
FC00
FC00
FC00
FC00
FC00
FC00
FC00
FC00
ENDCHAR
STARTCHAR 259C
ENCODING 9628
SWIDTH 660 0
DWIDTH 11 0
BBX 11 22 0 -5
BITMAP
FFE0
FFE0
FFE0
FFE0
FFE0
FFE0
FFE0
FFE0
FFE0
FFE0
FFE0
07E0
07E0
07E0
07E0
07E0
07E0
07E0
07E0
07E0
07E0
07E0
ENDCHAR
STARTCHAR 259D
ENCODING 9629
SWIDTH 660 0
DWIDTH 11 0
BBX 6 11 5 6
BITMAP
FC
FC
FC
FC
FC
FC
FC
FC
FC
FC
FC
ENDCHAR
STARTCHAR 259E
ENCODING 9630
SWIDTH 660 0
DWIDTH 11 0
BBX 11 22 0 -5
BITMAP
07E0
07E0
07E0
07E0
07E0
07E0
07E0
07E0
07E0
07E0
07E0
FC00
FC00
FC00
FC00
FC00
FC00
FC00
FC00
FC00
FC00
FC00
ENDCHAR
STARTCHAR 259F
ENCODING 9631
SWIDTH 660 0
DWIDTH 11 0
BBX 11 22 0 -5
BITMAP
07E0
07E0
07E0
07E0
07E0
07E0
07E0
07E0
07E0
07E0
07E0
FFE0
FFE0
FFE0
FFE0
FFE0
FFE0
FFE0
FFE0
FFE0
FFE0
FFE0
ENDCHAR
STARTCHAR 25A0
ENCODING 9632
SWIDTH 660 0
DWIDTH 11 0
BBX 11 11 0 0
BITMAP
FFE0
FFE0
FFE0
FFE0
FFE0
FFE0
FFE0
FFE0
FFE0
FFE0
FFE0
ENDCHAR
STARTCHAR 25A1
ENCODING 9633
SWIDTH 660 0
DWIDTH 11 0
BBX 11 11 0 0
BITMAP
FFE0
FFE0
C060
C060
C060
C060
C060
C060
C060
FFE0
FFE0
ENDCHAR
STARTCHAR 25AA
ENCODING 9642
SWIDTH 660 0
DWIDTH 11 0
BBX 7 7 2 2
BITMAP
FE
FE
FE
FE
FE
FE
FE
ENDCHAR
STARTCHAR 25AB
ENCODING 9643
SWIDTH 660 0
DWIDTH 11 0
BBX 7 7 2 2
BITMAP
FE
82
82
82
82
82
FE
ENDCHAR
STARTCHAR 25B2
ENCODING 9650
SWIDTH 660 0
DWIDTH 11 0
BBX 11 9 0 2
BITMAP
0400
0400
1F00
1F00
1F00
3F80
3F80
3F80
FFE0
ENDCHAR
STARTCHAR 25B3
ENCODING 9651
SWIDTH 660 0
DWIDTH 11 0
BBX 11 9 0 2
BITMAP
0400
0400
1B00
1B00
1B00
2080
2080
2080
FFE0
ENDCHAR
STARTCHAR 25B7
ENCODING 9655
SWIDTH 660 0
DWIDTH 11 0
BBX 9 11 0 0
BITMAP
C000
C000
F800
C700
C700
C080
C700
C700
F800
C000
C000
ENDCHAR
STARTCHAR 25BA
ENCODING 9658
SWIDTH 660 0
DWIDTH 11 0
BBX 9 11 0 0
BITMAP
C000
C000
F800
FF00
FF00
FF80
FF00
FF00
F800
C000
C000
ENDCHAR
STARTCHAR 25BC
ENCODING 9660
SWIDTH 660 0
DWIDTH 11 0
BBX 11 9 0 2
BITMAP
FFE0
FFE0
3F80
3F80
3F80
1F00
1F00
1F00
0400
ENDCHAR
STARTCHAR 25BD
ENCODING 9661
SWIDTH 660 0
DWIDTH 11 0
BBX 11 9 0 2
BITMAP
FFE0
FFE0
2080
2080
2080
1B00
1B00
1B00
0400
ENDCHAR
STARTCHAR 25C1
ENCODING 9665
SWIDTH 660 0
DWIDTH 11 0
BBX 9 11 2 0
BITMAP
0180
0180
0F80
7180
7180
8180
7180
7180
0F80
0180
0180
ENDCHAR
STARTCHAR 25C4
ENCODING 9668
SWIDTH 660 0
DWIDTH 11 0
BBX 9 11 2 0
BITMAP
0180
0180
0F80
7F80
7F80
FF80
7F80
7F80
0F80
0180
0180
ENDCHAR
STARTCHAR 25CA
ENCODING 9674
SWIDTH 660 0
DWIDTH 11 0
BBX 7 16 2 -2
BITMAP
10
10
10
6C
6C
6C
82
82
82
6C
6C
6C
10
10
10
10
ENDCHAR
STARTCHAR 25CC
ENCODING 9676
SWIDTH 660 0
DWIDTH 11 0
BBX 7 9 2 0
BITMAP
7C
00
00
82
82
82
00
7C
7C
ENDCHAR
STARTCHAR 2605
ENCODING 9733
SWIDTH 660 0
DWIDTH 11 0
BBX 11 12 0 0
BITMAP
0400
0400
0400
FFE0
3F80
3F80
1F00
1F00
1F00
3B80
2080
2080
ENDCHAR
STARTCHAR 2606
ENCODING 9734
SWIDTH 660 0
DWIDTH 11 0
BBX 11 12 0 0
BITMAP
0400
0400
0400
FFE0
2080
2080
1B00
1F00
1F00
3B80
2080
2080
ENDCHAR
STARTCHAR 2630
ENCODING 9776
SWIDTH 660 0
DWIDTH 11 0
BBX 9 10 1 1
BITMAP
FF80
FF80
0000
0000
FF80
FF80
0000
0000
FF80
FF80
ENDCHAR
STARTCHAR 2660
ENCODING 9824
SWIDTH 660 0
DWIDTH 11 0
BBX 11 12 0 0
BITMAP
0400
1F00
1F00
3F80
FFE0
FFE0
FFE0
3F80
3F80
0400
1F00
1F00
ENDCHAR
STARTCHAR 2663
ENCODING 9827
SWIDTH 660 0
DWIDTH 11 0
BBX 11 12 0 0
BITMAP
0400
1F00
1F00
1F00
2480
2480
FFE0
FFE0
FFE0
2480
0400
0400
ENDCHAR
STARTCHAR 2665
ENCODING 9829
SWIDTH 660 0
DWIDTH 11 0
BBX 17 14 0 -1
BITMAP
3E3E00
636700
C1C100
C18180
C00180
C00180
C00100
600300
600600
300E00
181C00
0E3800
07E000
01C000
ENDCHAR
STARTCHAR 2666
ENCODING 9830
SWIDTH 660 0
DWIDTH 11 0
BBX 11 12 0 0
BITMAP
0400
1F00
1F00
3F80
FFE0
FFE0
FFE0
3F80
3F80
1F00
0400
0400
ENDCHAR
STARTCHAR 2669
ENCODING 9833
SWIDTH 660 0
DWIDTH 11 0
BBX 6 14 2 -2
BITMAP
0C
0C
0C
0C
0C
0C
0C
7C
7C
FC
FC
FC
70
70
ENDCHAR
STARTCHAR 266A
ENCODING 9834
SWIDTH 660 0
DWIDTH 11 0
BBX 9 14 2 -2
BITMAP
0C00
0E00
0E00
0D80
0D80
0D80
0C00
7C00
7C00
FC00
FC00
FC00
7000
7000
ENDCHAR
STARTCHAR 266B
ENCODING 9835
SWIDTH 660 0
DWIDTH 11 0
BBX 11 17 0 -3
BITMAP
0060
0060
03E0
1C60
1C60
1860
1860
1860
18E0
1BE0
1BE0
3BE0
F880
F880
F800
F800
2000
ENDCHAR
STARTCHAR 266C
ENCODING 9836
SWIDTH 660 0
DWIDTH 11 0
BBX 11 17 0 -3
BITMAP
0060
0060
03E0
1C60
1C60
1BE0
1C60
1C60
18E0
1BE0
1BE0
3BE0
F880
F880
F800
F800
2000
ENDCHAR
STARTCHAR 26A1
ENCODING 9889
SWIDTH 660 0
DWIDTH 11 0
BBX 13 16 0 -2
BITMAP
00E0
01E0
0340
06C0
0C80
19F0
71F8
E018
C038
FC60
7CC0
0980
1B00
1E00
3C00
3800
ENDCHAR
STARTCHAR 2726
ENCODING 10022
SWIDTH 660 0
DWIDTH 11 0
BBX 11 11 0 0
BITMAP
0400
0400
0400
1F00
1F00
FFE0
1F00
1F00
0400
0400
0400
ENDCHAR
STARTCHAR 2727
ENCODING 10023
SWIDTH 660 0
DWIDTH 11 0
BBX 11 11 0 0
BITMAP
0400
0400
0400
1B00
1B00
E0E0
1B00
1B00
0400
0400
0400
ENDCHAR
STARTCHAR 276C
ENCODING 10092
SWIDTH 660 0
DWIDTH 11 0
BBX 5 16 3 -2
BITMAP
18
18
18
20
20
20
C0
C0
C0
20
20
20
18
18
18
18
ENDCHAR
STARTCHAR 276D
ENCODING 10093
SWIDTH 660 0
DWIDTH 11 0
BBX 5 16 3 -2
BITMAP
C0
C0
C0
20
20
20
18
18
18
20
20
20
C0
C0
C0
C0
ENDCHAR
STARTCHAR 276E
ENCODING 10094
SWIDTH 660 0
DWIDTH 11 0
BBX 6 16 3 -2
BITMAP
1C
1C
1C
38
38
38
E0
E0
E0
38
38
38
1C
1C
1C
1C
ENDCHAR
STARTCHAR 276F
ENCODING 10095
SWIDTH 660 0
DWIDTH 11 0
BBX 6 16 2 -2
BITMAP
E0
E0
E0
70
70
70
1C
1C
1C
70
70
70
E0
E0
E0
E0
ENDCHAR
STARTCHAR 2770
ENCODING 10096
SWIDTH 660 0
DWIDTH 11 0
BBX 7 16 2 -2
BITMAP
1E
1E
1E
7C
7C
7C
F0
F0
F0
7C
7C
7C
1E
1E
1E
1E
ENDCHAR
STARTCHAR 2771
ENCODING 10097
SWIDTH 660 0
DWIDTH 11 0
BBX 7 16 2 -2
BITMAP
F0
F0
F0
7C
7C
7C
1E
1E
1E
7C
7C
7C
F0
F0
F0
F0
ENDCHAR
STARTCHAR 27E8
ENCODING 10216
SWIDTH 660 0
DWIDTH 11 0
BBX 7 14 2 -2
BITMAP
02
0C
0C
10
60
60
80
60
60
10
0C
0C
02
02
ENDCHAR
STARTCHAR 27E9
ENCODING 10217
SWIDTH 660 0
DWIDTH 11 0
BBX 7 14 2 -2
BITMAP
80
60
60
10
0C
0C
02
0C
0C
10
60
60
80
80
ENDCHAR
STARTCHAR 2800
ENCODING 10240
SWIDTH 660 0
DWIDTH 11 0
BBX 0 0 0 0
BITMAP
ENDCHAR
STARTCHAR 2801
ENCODING 10241
SWIDTH 660 0
DWIDTH 11 0
BBX 3 4 1 12
BITMAP
E0
E0
E0
E0
ENDCHAR
STARTCHAR 2802
ENCODING 10242
SWIDTH 660 0
DWIDTH 11 0
BBX 3 3 1 7
BITMAP
E0
E0
E0
ENDCHAR
STARTCHAR 2803
ENCODING 10243
SWIDTH 660 0
DWIDTH 11 0
BBX 3 9 1 7
BITMAP
E0
E0
E0
E0
00
00
E0
E0
E0
ENDCHAR
STARTCHAR 2804
ENCODING 10244
SWIDTH 660 0
DWIDTH 11 0
BBX 3 3 1 2
BITMAP
E0
E0
E0
ENDCHAR
STARTCHAR 2805
ENCODING 10245
SWIDTH 660 0
DWIDTH 11 0
BBX 3 14 1 2
BITMAP
E0
E0
E0
E0
00
00
00
00
00
00
00
E0
E0
E0
ENDCHAR
STARTCHAR 2806
ENCODING 10246
SWIDTH 660 0
DWIDTH 11 0
BBX 3 8 1 2
BITMAP
E0
E0
E0
00
00
E0
E0
E0
ENDCHAR
STARTCHAR 2807
ENCODING 10247
SWIDTH 660 0
DWIDTH 11 0
BBX 3 14 1 2
BITMAP
E0
E0
E0
E0
00
00
E0
E0
E0
00
00
E0
E0
E0
ENDCHAR
STARTCHAR 2808
ENCODING 10248
SWIDTH 660 0
DWIDTH 11 0
BBX 4 4 6 12
BITMAP
F0
F0
F0
F0
ENDCHAR
STARTCHAR 2809
ENCODING 10249
SWIDTH 660 0
DWIDTH 11 0
BBX 9 4 1 12
BITMAP
E780
E780
E780
E780
ENDCHAR
STARTCHAR 280A
ENCODING 10250
SWIDTH 660 0
DWIDTH 11 0
BBX 9 9 1 7
BITMAP
0780
0780
0780
0780
0000
0000
E000
E000
E000
ENDCHAR
STARTCHAR 280B
ENCODING 10251
SWIDTH 660 0
DWIDTH 11 0
BBX 9 9 1 7
BITMAP
E780
E780
E780
E780
0000
0000
E000
E000
E000
ENDCHAR
STARTCHAR 280C
ENCODING 10252
SWIDTH 660 0
DWIDTH 11 0
BBX 9 14 1 2
BITMAP
0780
0780
0780
0780
0000
0000
0000
0000
0000
0000
0000
E000
E000
E000
ENDCHAR
STARTCHAR 280D
ENCODING 10253
SWIDTH 660 0
DWIDTH 11 0
BBX 9 14 1 2
BITMAP
E780
E780
E780
E780
0000
0000
0000
0000
0000
0000
0000
E000
E000
E000
ENDCHAR
STARTCHAR 280E
ENCODING 10254
SWIDTH 660 0
DWIDTH 11 0
BBX 9 14 1 2
BITMAP
0780
0780
0780
0780
0000
0000
E000
E000
E000
0000
0000
E000
E000
E000
ENDCHAR
STARTCHAR 280F
ENCODING 10255
SWIDTH 660 0
DWIDTH 11 0
BBX 9 14 1 2
BITMAP
E780
E780
E780
E780
0000
0000
E000
E000
E000
0000
0000
E000
E000
E000
ENDCHAR
STARTCHAR 2810
ENCODING 10256
SWIDTH 660 0
DWIDTH 11 0
BBX 4 3 6 7
BITMAP
F0
F0
F0
ENDCHAR
STARTCHAR 2811
ENCODING 10257
SWIDTH 660 0
DWIDTH 11 0
BBX 9 9 1 7
BITMAP
E000
E000
E000
E000
0000
0000
0780
0780
0780
ENDCHAR
STARTCHAR 2812
ENCODING 10258
SWIDTH 660 0
DWIDTH 11 0
BBX 9 3 1 7
BITMAP
E780
E780
E780
ENDCHAR
STARTCHAR 2813
ENCODING 10259
SWIDTH 660 0
DWIDTH 11 0
BBX 9 9 1 7
BITMAP
E000
E000
E000
E000
0000
0000
E780
E780
E780
ENDCHAR
STARTCHAR 2814
ENCODING 10260
SWIDTH 660 0
DWIDTH 11 0
BBX 9 8 1 2
BITMAP
0780
0780
0780
0000
0000
E000
E000
E000
ENDCHAR
STARTCHAR 2815
ENCODING 10261
SWIDTH 660 0
DWIDTH 11 0
BBX 9 14 1 2
BITMAP
E000
E000
E000
E000
0000
0000
0780
0780
0780
0000
0000
E000
E000
E000
ENDCHAR
STARTCHAR 2816
ENCODING 10262
SWIDTH 660 0
DWIDTH 11 0
BBX 9 8 1 2
BITMAP
E780
E780
E780
0000
0000
E000
E000
E000
ENDCHAR
STARTCHAR 2817
ENCODING 10263
SWIDTH 660 0
DWIDTH 11 0
BBX 9 14 1 2
BITMAP
E000
E000
E000
E000
0000
0000
E780
E780
E780
0000
0000
E000
E000
E000
ENDCHAR
STARTCHAR 2818
ENCODING 10264
SWIDTH 660 0
DWIDTH 11 0
BBX 4 9 6 7
BITMAP
F0
F0
F0
F0
00
00
F0
F0
F0
ENDCHAR
STARTCHAR 2819
ENCODING 10265
SWIDTH 660 0
DWIDTH 11 0
BBX 9 9 1 7
BITMAP
E780
E780
E780
E780
0000
0000
0780
0780
0780
ENDCHAR
STARTCHAR 281A
ENCODING 10266
SWIDTH 660 0
DWIDTH 11 0
BBX 9 9 1 7
BITMAP
0780
0780
0780
0780
0000
0000
E780
E780
E780
ENDCHAR
STARTCHAR 281B
ENCODING 10267
SWIDTH 660 0
DWIDTH 11 0
BBX 9 9 1 7
BITMAP
E780
E780
E780
E780
0000
0000
E780
E780
E780
ENDCHAR
STARTCHAR 281C
ENCODING 10268
SWIDTH 660 0
DWIDTH 11 0
BBX 9 14 1 2
BITMAP
0780
0780
0780
0780
0000
0000
0780
0780
0780
0000
0000
E000
E000
E000
ENDCHAR
STARTCHAR 281D
ENCODING 10269
SWIDTH 660 0
DWIDTH 11 0
BBX 9 14 1 2
BITMAP
E780
E780
E780
E780
0000
0000
0780
0780
0780
0000
0000
E000
E000
E000
ENDCHAR
STARTCHAR 281E
ENCODING 10270
SWIDTH 660 0
DWIDTH 11 0
BBX 9 14 1 2
BITMAP
0780
0780
0780
0780
0000
0000
E780
E780
E780
0000
0000
E000
E000
E000
ENDCHAR
STARTCHAR 281F
ENCODING 10271
SWIDTH 660 0
DWIDTH 11 0
BBX 9 14 1 2
BITMAP
E780
E780
E780
E780
0000
0000
E780
E780
E780
0000
0000
E000
E000
E000
ENDCHAR
STARTCHAR 2820
ENCODING 10272
SWIDTH 660 0
DWIDTH 11 0
BBX 4 3 6 2
BITMAP
F0
F0
F0
ENDCHAR
STARTCHAR 2821
ENCODING 10273
SWIDTH 660 0
DWIDTH 11 0
BBX 9 14 1 2
BITMAP
E000
E000
E000
E000
0000
0000
0000
0000
0000
0000
0000
0780
0780
0780
ENDCHAR
STARTCHAR 2822
ENCODING 10274
SWIDTH 660 0
DWIDTH 11 0
BBX 9 8 1 2
BITMAP
E000
E000
E000
0000
0000
0780
0780
0780
ENDCHAR
STARTCHAR 2823
ENCODING 10275
SWIDTH 660 0
DWIDTH 11 0
BBX 9 14 1 2
BITMAP
E000
E000
E000
E000
0000
0000
E000
E000
E000
0000
0000
0780
0780
0780
ENDCHAR
STARTCHAR 2824
ENCODING 10276
SWIDTH 660 0
DWIDTH 11 0
BBX 9 3 1 2
BITMAP
E780
E780
E780
ENDCHAR
STARTCHAR 2825
ENCODING 10277
SWIDTH 660 0
DWIDTH 11 0
BBX 9 14 1 2
BITMAP
E000
E000
E000
E000
0000
0000
0000
0000
0000
0000
0000
E780
E780
E780
ENDCHAR
STARTCHAR 2826
ENCODING 10278
SWIDTH 660 0
DWIDTH 11 0
BBX 9 8 1 2
BITMAP
E000
E000
E000
0000
0000
E780
E780
E780
ENDCHAR
STARTCHAR 2827
ENCODING 10279
SWIDTH 660 0
DWIDTH 11 0
BBX 9 14 1 2
BITMAP
E000
E000
E000
E000
0000
0000
E000
E000
E000
0000
0000
E780
E780
E780
ENDCHAR
STARTCHAR 2828
ENCODING 10280
SWIDTH 660 0
DWIDTH 11 0
BBX 4 14 6 2
BITMAP
F0
F0
F0
F0
00
00
00
00
00
00
00
F0
F0
F0
ENDCHAR
STARTCHAR 2829
ENCODING 10281
SWIDTH 660 0
DWIDTH 11 0
BBX 9 14 1 2
BITMAP
E780
E780
E780
E780
0000
0000
0000
0000
0000
0000
0000
0780
0780
0780
ENDCHAR
STARTCHAR 282A
ENCODING 10282
SWIDTH 660 0
DWIDTH 11 0
BBX 9 14 1 2
BITMAP
0780
0780
0780
0780
0000
0000
E000
E000
E000
0000
0000
0780
0780
0780
ENDCHAR
STARTCHAR 282B
ENCODING 10283
SWIDTH 660 0
DWIDTH 11 0
BBX 9 14 1 2
BITMAP
E780
E780
E780
E780
0000
0000
E000
E000
E000
0000
0000
0780
0780
0780
ENDCHAR
STARTCHAR 282C
ENCODING 10284
SWIDTH 660 0
DWIDTH 11 0
BBX 9 14 1 2
BITMAP
0780
0780
0780
0780
0000
0000
0000
0000
0000
0000
0000
E780
E780
E780
ENDCHAR
STARTCHAR 282D
ENCODING 10285
SWIDTH 660 0
DWIDTH 11 0
BBX 9 14 1 2
BITMAP
E780
E780
E780
E780
0000
0000
0000
0000
0000
0000
0000
E780
E780
E780
ENDCHAR
STARTCHAR 282E
ENCODING 10286
SWIDTH 660 0
DWIDTH 11 0
BBX 9 14 1 2
BITMAP
0780
0780
0780
0780
0000
0000
E000
E000
E000
0000
0000
E780
E780
E780
ENDCHAR
STARTCHAR 282F
ENCODING 10287
SWIDTH 660 0
DWIDTH 11 0
BBX 9 14 1 2
BITMAP
E780
E780
E780
E780
0000
0000
E000
E000
E000
0000
0000
E780
E780
E780
ENDCHAR
STARTCHAR 2830
ENCODING 10288
SWIDTH 660 0
DWIDTH 11 0
BBX 4 8 6 2
BITMAP
F0
F0
F0
00
00
F0
F0
F0
ENDCHAR
STARTCHAR 2831
ENCODING 10289
SWIDTH 660 0
DWIDTH 11 0
BBX 9 14 1 2
BITMAP
E000
E000
E000
E000
0000
0000
0780
0780
0780
0000
0000
0780
0780
0780
ENDCHAR
STARTCHAR 2832
ENCODING 10290
SWIDTH 660 0
DWIDTH 11 0
BBX 9 8 1 2
BITMAP
E780
E780
E780
0000
0000
0780
0780
0780
ENDCHAR
STARTCHAR 2833
ENCODING 10291
SWIDTH 660 0
DWIDTH 11 0
BBX 9 14 1 2
BITMAP
E000
E000
E000
E000
0000
0000
E780
E780
E780
0000
0000
0780
0780
0780
ENDCHAR
STARTCHAR 2834
ENCODING 10292
SWIDTH 660 0
DWIDTH 11 0
BBX 9 8 1 2
BITMAP
0780
0780
0780
0000
0000
E780
E780
E780
ENDCHAR
STARTCHAR 2835
ENCODING 10293
SWIDTH 660 0
DWIDTH 11 0
BBX 9 14 1 2
BITMAP
E000
E000
E000
E000
0000
0000
0780
0780
0780
0000
0000
E780
E780
E780
ENDCHAR
STARTCHAR 2836
ENCODING 10294
SWIDTH 660 0
DWIDTH 11 0
BBX 9 8 1 2
BITMAP
E780
E780
E780
0000
0000
E780
E780
E780
ENDCHAR
STARTCHAR 2837
ENCODING 10295
SWIDTH 660 0
DWIDTH 11 0
BBX 9 14 1 2
BITMAP
E000
E000
E000
E000
0000
0000
E780
E780
E780
0000
0000
E780
E780
E780
ENDCHAR
STARTCHAR 2838
ENCODING 10296
SWIDTH 660 0
DWIDTH 11 0
BBX 4 14 6 2
BITMAP
F0
F0
F0
F0
00
00
F0
F0
F0
00
00
F0
F0
F0
ENDCHAR
STARTCHAR 2839
ENCODING 10297
SWIDTH 660 0
DWIDTH 11 0
BBX 9 14 1 2
BITMAP
E780
E780
E780
E780
0000
0000
0780
0780
0780
0000
0000
0780
0780
0780
ENDCHAR
STARTCHAR 283A
ENCODING 10298
SWIDTH 660 0
DWIDTH 11 0
BBX 9 14 1 2
BITMAP
0780
0780
0780
0780
0000
0000
E780
E780
E780
0000
0000
0780
0780
0780
ENDCHAR
STARTCHAR 283B
ENCODING 10299
SWIDTH 660 0
DWIDTH 11 0
BBX 9 14 1 2
BITMAP
E780
E780
E780
E780
0000
0000
E780
E780
E780
0000
0000
0780
0780
0780
ENDCHAR
STARTCHAR 283C
ENCODING 10300
SWIDTH 660 0
DWIDTH 11 0
BBX 9 14 1 2
BITMAP
0780
0780
0780
0780
0000
0000
0780
0780
0780
0000
0000
E780
E780
E780
ENDCHAR
STARTCHAR 283D
ENCODING 10301
SWIDTH 660 0
DWIDTH 11 0
BBX 9 14 1 2
BITMAP
E780
E780
E780
E780
0000
0000
0780
0780
0780
0000
0000
E780
E780
E780
ENDCHAR
STARTCHAR 283E
ENCODING 10302
SWIDTH 660 0
DWIDTH 11 0
BBX 9 14 1 2
BITMAP
0780
0780
0780
0780
0000
0000
E780
E780
E780
0000
0000
E780
E780
E780
ENDCHAR
STARTCHAR 283F
ENCODING 10303
SWIDTH 660 0
DWIDTH 11 0
BBX 9 14 1 2
BITMAP
E780
E780
E780
E780
0000
0000
E780
E780
E780
0000
0000
E780
E780
E780
ENDCHAR
STARTCHAR 2840
ENCODING 10304
SWIDTH 660 0
DWIDTH 11 0
BBX 3 4 1 -4
BITMAP
E0
E0
E0
E0
ENDCHAR
STARTCHAR 2841
ENCODING 10305
SWIDTH 660 0
DWIDTH 11 0
BBX 3 20 1 -4
BITMAP
E0
E0
E0
E0
00
00
00
00
00
00
00
00
00
00
00
00
E0
E0
E0
E0
ENDCHAR
STARTCHAR 2842
ENCODING 10306
SWIDTH 660 0
DWIDTH 11 0
BBX 3 14 1 -4
BITMAP
E0
E0
E0
00
00
00
00
00
00
00
E0
E0
E0
E0
ENDCHAR
STARTCHAR 2843
ENCODING 10307
SWIDTH 660 0
DWIDTH 11 0
BBX 3 20 1 -4
BITMAP
E0
E0
E0
E0
00
00
E0
E0
E0
00
00
00
00
00
00
00
E0
E0
E0
E0
ENDCHAR
STARTCHAR 2844
ENCODING 10308
SWIDTH 660 0
DWIDTH 11 0
BBX 3 9 1 -4
BITMAP
E0
E0
E0
00
00
E0
E0
E0
E0
ENDCHAR
STARTCHAR 2845
ENCODING 10309
SWIDTH 660 0
DWIDTH 11 0
BBX 3 20 1 -4
BITMAP
E0
E0
E0
E0
00
00
00
00
00
00
00
E0
E0
E0
00
00
E0
E0
E0
E0
ENDCHAR
STARTCHAR 2846
ENCODING 10310
SWIDTH 660 0
DWIDTH 11 0
BBX 3 14 1 -4
BITMAP
E0
E0
E0
00
00
E0
E0
E0
00
00
E0
E0
E0
E0
ENDCHAR
STARTCHAR 2847
ENCODING 10311
SWIDTH 660 0
DWIDTH 11 0
BBX 3 20 1 -4
BITMAP
E0
E0
E0
E0
00
00
E0
E0
E0
00
00
E0
E0
E0
00
00
E0
E0
E0
E0
ENDCHAR
STARTCHAR 2848
ENCODING 10312
SWIDTH 660 0
DWIDTH 11 0
BBX 9 20 1 -4
BITMAP
0780
0780
0780
0780
0000
0000
0000
0000
0000
0000
0000
0000
0000
0000
0000
0000
E000
E000
E000
E000
ENDCHAR
STARTCHAR 2849
ENCODING 10313
SWIDTH 660 0
DWIDTH 11 0
BBX 9 20 1 -4
BITMAP
E780
E780
E780
E780
0000
0000
0000
0000
0000
0000
0000
0000
0000
0000
0000
0000
E000
E000
E000
E000
ENDCHAR
STARTCHAR 284A
ENCODING 10314
SWIDTH 660 0
DWIDTH 11 0
BBX 9 20 1 -4
BITMAP
0780
0780
0780
0780
0000
0000
E000
E000
E000
0000
0000
0000
0000
0000
0000
0000
E000
E000
E000
E000
ENDCHAR
STARTCHAR 284B
ENCODING 10315
SWIDTH 660 0
DWIDTH 11 0
BBX 9 20 1 -4
BITMAP
E780
E780
E780
E780
0000
0000
E000
E000
E000
0000
0000
0000
0000
0000
0000
0000
E000
E000
E000
E000
ENDCHAR
STARTCHAR 284C
ENCODING 10316
SWIDTH 660 0
DWIDTH 11 0
BBX 9 20 1 -4
BITMAP
0780
0780
0780
0780
0000
0000
0000
0000
0000
0000
0000
E000
E000
E000
0000
0000
E000
E000
E000
E000
ENDCHAR
STARTCHAR 284D
ENCODING 10317
SWIDTH 660 0
DWIDTH 11 0
BBX 9 20 1 -4
BITMAP
E780
E780
E780
E780
0000
0000
0000
0000
0000
0000
0000
E000
E000
E000
0000
0000
E000
E000
E000
E000
ENDCHAR
STARTCHAR 284E
ENCODING 10318
SWIDTH 660 0
DWIDTH 11 0
BBX 9 20 1 -4
BITMAP
0780
0780
0780
0780
0000
0000
E000
E000
E000
0000
0000
E000
E000
E000
0000
0000
E000
E000
E000
E000
ENDCHAR
STARTCHAR 284F
ENCODING 10319
SWIDTH 660 0
DWIDTH 11 0
BBX 9 20 1 -4
BITMAP
E780
E780
E780
E780
0000
0000
E000
E000
E000
0000
0000
E000
E000
E000
0000
0000
E000
E000
E000
E000
ENDCHAR
STARTCHAR 2850
ENCODING 10320
SWIDTH 660 0
DWIDTH 11 0
BBX 9 14 1 -4
BITMAP
0780
0780
0780
0000
0000
0000
0000
0000
0000
0000
E000
E000
E000
E000
ENDCHAR
STARTCHAR 2851
ENCODING 10321
SWIDTH 660 0
DWIDTH 11 0
BBX 9 20 1 -4
BITMAP
E000
E000
E000
E000
0000
0000
0780
0780
0780
0000
0000
0000
0000
0000
0000
0000
E000
E000
E000
E000
ENDCHAR
STARTCHAR 2852
ENCODING 10322
SWIDTH 660 0
DWIDTH 11 0
BBX 9 14 1 -4
BITMAP
E780
E780
E780
0000
0000
0000
0000
0000
0000
0000
E000
E000
E000
E000
ENDCHAR
STARTCHAR 2853
ENCODING 10323
SWIDTH 660 0
DWIDTH 11 0
BBX 9 20 1 -4
BITMAP
E000
E000
E000
E000
0000
0000
E780
E780
E780
0000
0000
0000
0000
0000
0000
0000
E000
E000
E000
E000
ENDCHAR
STARTCHAR 2854
ENCODING 10324
SWIDTH 660 0
DWIDTH 11 0
BBX 9 14 1 -4
BITMAP
0780
0780
0780
0000
0000
E000
E000
E000
0000
0000
E000
E000
E000
E000
ENDCHAR
STARTCHAR 2855
ENCODING 10325
SWIDTH 660 0
DWIDTH 11 0
BBX 9 20 1 -4
BITMAP
E000
E000
E000
E000
0000
0000
0780
0780
0780
0000
0000
E000
E000
E000
0000
0000
E000
E000
E000
E000
ENDCHAR
STARTCHAR 2856
ENCODING 10326
SWIDTH 660 0
DWIDTH 11 0
BBX 9 14 1 -4
BITMAP
E780
E780
E780
0000
0000
E000
E000
E000
0000
0000
E000
E000
E000
E000
ENDCHAR
STARTCHAR 2857
ENCODING 10327
SWIDTH 660 0
DWIDTH 11 0
BBX 9 20 1 -4
BITMAP
E000
E000
E000
E000
0000
0000
E780
E780
E780
0000
0000
E000
E000
E000
0000
0000
E000
E000
E000
E000
ENDCHAR
STARTCHAR 2858
ENCODING 10328
SWIDTH 660 0
DWIDTH 11 0
BBX 9 20 1 -4
BITMAP
0780
0780
0780
0780
0000
0000
0780
0780
0780
0000
0000
0000
0000
0000
0000
0000
E000
E000
E000
E000
ENDCHAR
STARTCHAR 2859
ENCODING 10329
SWIDTH 660 0
DWIDTH 11 0
BBX 9 20 1 -4
BITMAP
E780
E780
E780
E780
0000
0000
0780
0780
0780
0000
0000
0000
0000
0000
0000
0000
E000
E000
E000
E000
ENDCHAR
STARTCHAR 285A
ENCODING 10330
SWIDTH 660 0
DWIDTH 11 0
BBX 9 20 1 -4
BITMAP
0780
0780
0780
0780
0000
0000
E780
E780
E780
0000
0000
0000
0000
0000
0000
0000
E000
E000
E000
E000
ENDCHAR
STARTCHAR 285B
ENCODING 10331
SWIDTH 660 0
DWIDTH 11 0
BBX 9 20 1 -4
BITMAP
E780
E780
E780
E780
0000
0000
E780
E780
E780
0000
0000
0000
0000
0000
0000
0000
E000
E000
E000
E000
ENDCHAR
STARTCHAR 285C
ENCODING 10332
SWIDTH 660 0
DWIDTH 11 0
BBX 9 20 1 -4
BITMAP
0780
0780
0780
0780
0000
0000
0780
0780
0780
0000
0000
E000
E000
E000
0000
0000
E000
E000
E000
E000
ENDCHAR
STARTCHAR 285D
ENCODING 10333
SWIDTH 660 0
DWIDTH 11 0
BBX 9 20 1 -4
BITMAP
E780
E780
E780
E780
0000
0000
0780
0780
0780
0000
0000
E000
E000
E000
0000
0000
E000
E000
E000
E000
ENDCHAR
STARTCHAR 285E
ENCODING 10334
SWIDTH 660 0
DWIDTH 11 0
BBX 9 20 1 -4
BITMAP
0780
0780
0780
0780
0000
0000
E780
E780
E780
0000
0000
E000
E000
E000
0000
0000
E000
E000
E000
E000
ENDCHAR
STARTCHAR 285F
ENCODING 10335
SWIDTH 660 0
DWIDTH 11 0
BBX 9 20 1 -4
BITMAP
E780
E780
E780
E780
0000
0000
E780
E780
E780
0000
0000
E000
E000
E000
0000
0000
E000
E000
E000
E000
ENDCHAR
STARTCHAR 2860
ENCODING 10336
SWIDTH 660 0
DWIDTH 11 0
BBX 9 9 1 -4
BITMAP
0780
0780
0780
0000
0000
E000
E000
E000
E000
ENDCHAR
STARTCHAR 2861
ENCODING 10337
SWIDTH 660 0
DWIDTH 11 0
BBX 9 20 1 -4
BITMAP
E000
E000
E000
E000
0000
0000
0000
0000
0000
0000
0000
0780
0780
0780
0000
0000
E000
E000
E000
E000
ENDCHAR
STARTCHAR 2862
ENCODING 10338
SWIDTH 660 0
DWIDTH 11 0
BBX 9 14 1 -4
BITMAP
E000
E000
E000
0000
0000
0780
0780
0780
0000
0000
E000
E000
E000
E000
ENDCHAR
STARTCHAR 2863
ENCODING 10339
SWIDTH 660 0
DWIDTH 11 0
BBX 9 20 1 -4
BITMAP
E000
E000
E000
E000
0000
0000
E000
E000
E000
0000
0000
0780
0780
0780
0000
0000
E000
E000
E000
E000
ENDCHAR
STARTCHAR 2864
ENCODING 10340
SWIDTH 660 0
DWIDTH 11 0
BBX 9 9 1 -4
BITMAP
E780
E780
E780
0000
0000
E000
E000
E000
E000
ENDCHAR
STARTCHAR 2865
ENCODING 10341
SWIDTH 660 0
DWIDTH 11 0
BBX 9 20 1 -4
BITMAP
E000
E000
E000
E000
0000
0000
0000
0000
0000
0000
0000
E780
E780
E780
0000
0000
E000
E000
E000
E000
ENDCHAR
STARTCHAR 2866
ENCODING 10342
SWIDTH 660 0
DWIDTH 11 0
BBX 9 14 1 -4
BITMAP
E000
E000
E000
0000
0000
E780
E780
E780
0000
0000
E000
E000
E000
E000
ENDCHAR
STARTCHAR 2867
ENCODING 10343
SWIDTH 660 0
DWIDTH 11 0
BBX 9 20 1 -4
BITMAP
E000
E000
E000
E000
0000
0000
E000
E000
E000
0000
0000
E780
E780
E780
0000
0000
E000
E000
E000
E000
ENDCHAR
STARTCHAR 2868
ENCODING 10344
SWIDTH 660 0
DWIDTH 11 0
BBX 9 20 1 -4
BITMAP
0780
0780
0780
0780
0000
0000
0000
0000
0000
0000
0000
0780
0780
0780
0000
0000
E000
E000
E000
E000
ENDCHAR
STARTCHAR 2869
ENCODING 10345
SWIDTH 660 0
DWIDTH 11 0
BBX 9 20 1 -4
BITMAP
E780
E780
E780
E780
0000
0000
0000
0000
0000
0000
0000
0780
0780
0780
0000
0000
E000
E000
E000
E000
ENDCHAR
STARTCHAR 286A
ENCODING 10346
SWIDTH 660 0
DWIDTH 11 0
BBX 9 20 1 -4
BITMAP
0780
0780
0780
0780
0000
0000
E000
E000
E000
0000
0000
0780
0780
0780
0000
0000
E000
E000
E000
E000
ENDCHAR
STARTCHAR 286B
ENCODING 10347
SWIDTH 660 0
DWIDTH 11 0
BBX 9 20 1 -4
BITMAP
E780
E780
E780
E780
0000
0000
E000
E000
E000
0000
0000
0780
0780
0780
0000
0000
E000
E000
E000
E000
ENDCHAR
STARTCHAR 286C
ENCODING 10348
SWIDTH 660 0
DWIDTH 11 0
BBX 9 20 1 -4
BITMAP
0780
0780
0780
0780
0000
0000
0000
0000
0000
0000
0000
E780
E780
E780
0000
0000
E000
E000
E000
E000
ENDCHAR
STARTCHAR 286D
ENCODING 10349
SWIDTH 660 0
DWIDTH 11 0
BBX 9 20 1 -4
BITMAP
E780
E780
E780
E780
0000
0000
0000
0000
0000
0000
0000
E780
E780
E780
0000
0000
E000
E000
E000
E000
ENDCHAR
STARTCHAR 286E
ENCODING 10350
SWIDTH 660 0
DWIDTH 11 0
BBX 9 20 1 -4
BITMAP
0780
0780
0780
0780
0000
0000
E000
E000
E000
0000
0000
E780
E780
E780
0000
0000
E000
E000
E000
E000
ENDCHAR
STARTCHAR 286F
ENCODING 10351
SWIDTH 660 0
DWIDTH 11 0
BBX 9 20 1 -4
BITMAP
E780
E780
E780
E780
0000
0000
E000
E000
E000
0000
0000
E780
E780
E780
0000
0000
E000
E000
E000
E000
ENDCHAR
STARTCHAR 2870
ENCODING 10352
SWIDTH 660 0
DWIDTH 11 0
BBX 9 14 1 -4
BITMAP
0780
0780
0780
0000
0000
0780
0780
0780
0000
0000
E000
E000
E000
E000
ENDCHAR
STARTCHAR 2871
ENCODING 10353
SWIDTH 660 0
DWIDTH 11 0
BBX 9 20 1 -4
BITMAP
E000
E000
E000
E000
0000
0000
0780
0780
0780
0000
0000
0780
0780
0780
0000
0000
E000
E000
E000
E000
ENDCHAR
STARTCHAR 2872
ENCODING 10354
SWIDTH 660 0
DWIDTH 11 0
BBX 9 14 1 -4
BITMAP
E780
E780
E780
0000
0000
0780
0780
0780
0000
0000
E000
E000
E000
E000
ENDCHAR
STARTCHAR 2873
ENCODING 10355
SWIDTH 660 0
DWIDTH 11 0
BBX 9 20 1 -4
BITMAP
E000
E000
E000
E000
0000
0000
E780
E780
E780
0000
0000
0780
0780
0780
0000
0000
E000
E000
E000
E000
ENDCHAR
STARTCHAR 2874
ENCODING 10356
SWIDTH 660 0
DWIDTH 11 0
BBX 9 14 1 -4
BITMAP
0780
0780
0780
0000
0000
E780
E780
E780
0000
0000
E000
E000
E000
E000
ENDCHAR
STARTCHAR 2875
ENCODING 10357
SWIDTH 660 0
DWIDTH 11 0
BBX 9 20 1 -4
BITMAP
E000
E000
E000
E000
0000
0000
0780
0780
0780
0000
0000
E780
E780
E780
0000
0000
E000
E000
E000
E000
ENDCHAR
STARTCHAR 2876
ENCODING 10358
SWIDTH 660 0
DWIDTH 11 0
BBX 9 14 1 -4
BITMAP
E780
E780
E780
0000
0000
E780
E780
E780
0000
0000
E000
E000
E000
E000
ENDCHAR
STARTCHAR 2877
ENCODING 10359
SWIDTH 660 0
DWIDTH 11 0
BBX 9 20 1 -4
BITMAP
E000
E000
E000
E000
0000
0000
E780
E780
E780
0000
0000
E780
E780
E780
0000
0000
E000
E000
E000
E000
ENDCHAR
STARTCHAR 2878
ENCODING 10360
SWIDTH 660 0
DWIDTH 11 0
BBX 9 20 1 -4
BITMAP
0780
0780
0780
0780
0000
0000
0780
0780
0780
0000
0000
0780
0780
0780
0000
0000
E000
E000
E000
E000
ENDCHAR
STARTCHAR 2879
ENCODING 10361
SWIDTH 660 0
DWIDTH 11 0
BBX 9 20 1 -4
BITMAP
E780
E780
E780
E780
0000
0000
0780
0780
0780
0000
0000
0780
0780
0780
0000
0000
E000
E000
E000
E000
ENDCHAR
STARTCHAR 287A
ENCODING 10362
SWIDTH 660 0
DWIDTH 11 0
BBX 9 20 1 -4
BITMAP
0780
0780
0780
0780
0000
0000
E780
E780
E780
0000
0000
0780
0780
0780
0000
0000
E000
E000
E000
E000
ENDCHAR
STARTCHAR 287B
ENCODING 10363
SWIDTH 660 0
DWIDTH 11 0
BBX 9 20 1 -4
BITMAP
E780
E780
E780
E780
0000
0000
E780
E780
E780
0000
0000
0780
0780
0780
0000
0000
E000
E000
E000
E000
ENDCHAR
STARTCHAR 287C
ENCODING 10364
SWIDTH 660 0
DWIDTH 11 0
BBX 9 20 1 -4
BITMAP
0780
0780
0780
0780
0000
0000
0780
0780
0780
0000
0000
E780
E780
E780
0000
0000
E000
E000
E000
E000
ENDCHAR
STARTCHAR 287D
ENCODING 10365
SWIDTH 660 0
DWIDTH 11 0
BBX 9 20 1 -4
BITMAP
E780
E780
E780
E780
0000
0000
0780
0780
0780
0000
0000
E780
E780
E780
0000
0000
E000
E000
E000
E000
ENDCHAR
STARTCHAR 287E
ENCODING 10366
SWIDTH 660 0
DWIDTH 11 0
BBX 9 20 1 -4
BITMAP
0780
0780
0780
0780
0000
0000
E780
E780
E780
0000
0000
E780
E780
E780
0000
0000
E000
E000
E000
E000
ENDCHAR
STARTCHAR 287F
ENCODING 10367
SWIDTH 660 0
DWIDTH 11 0
BBX 9 20 1 -4
BITMAP
E780
E780
E780
E780
0000
0000
E780
E780
E780
0000
0000
E780
E780
E780
0000
0000
E000
E000
E000
E000
ENDCHAR
STARTCHAR 2880
ENCODING 10368
SWIDTH 660 0
DWIDTH 11 0
BBX 4 4 6 -4
BITMAP
F0
F0
F0
F0
ENDCHAR
STARTCHAR 2881
ENCODING 10369
SWIDTH 660 0
DWIDTH 11 0
BBX 9 20 1 -4
BITMAP
E000
E000
E000
E000
0000
0000
0000
0000
0000
0000
0000
0000
0000
0000
0000
0000
0780
0780
0780
0780
ENDCHAR
STARTCHAR 2882
ENCODING 10370
SWIDTH 660 0
DWIDTH 11 0
BBX 9 14 1 -4
BITMAP
E000
E000
E000
0000
0000
0000
0000
0000
0000
0000
0780
0780
0780
0780
ENDCHAR
STARTCHAR 2883
ENCODING 10371
SWIDTH 660 0
DWIDTH 11 0
BBX 9 20 1 -4
BITMAP
E000
E000
E000
E000
0000
0000
E000
E000
E000
0000
0000
0000
0000
0000
0000
0000
0780
0780
0780
0780
ENDCHAR
STARTCHAR 2884
ENCODING 10372
SWIDTH 660 0
DWIDTH 11 0
BBX 9 9 1 -4
BITMAP
E000
E000
E000
0000
0000
0780
0780
0780
0780
ENDCHAR
STARTCHAR 2885
ENCODING 10373
SWIDTH 660 0
DWIDTH 11 0
BBX 9 20 1 -4
BITMAP
E000
E000
E000
E000
0000
0000
0000
0000
0000
0000
0000
E000
E000
E000
0000
0000
0780
0780
0780
0780
ENDCHAR
STARTCHAR 2886
ENCODING 10374
SWIDTH 660 0
DWIDTH 11 0
BBX 9 14 1 -4
BITMAP
E000
E000
E000
0000
0000
E000
E000
E000
0000
0000
0780
0780
0780
0780
ENDCHAR
STARTCHAR 2887
ENCODING 10375
SWIDTH 660 0
DWIDTH 11 0
BBX 9 20 1 -4
BITMAP
E000
E000
E000
E000
0000
0000
E000
E000
E000
0000
0000
E000
E000
E000
0000
0000
0780
0780
0780
0780
ENDCHAR
STARTCHAR 2888
ENCODING 10376
SWIDTH 660 0
DWIDTH 11 0
BBX 4 20 6 -4
BITMAP
F0
F0
F0
F0
00
00
00
00
00
00
00
00
00
00
00
00
F0
F0
F0
F0
ENDCHAR
STARTCHAR 2889
ENCODING 10377
SWIDTH 660 0
DWIDTH 11 0
BBX 9 20 1 -4
BITMAP
E780
E780
E780
E780
0000
0000
0000
0000
0000
0000
0000
0000
0000
0000
0000
0000
0780
0780
0780
0780
ENDCHAR
STARTCHAR 288A
ENCODING 10378
SWIDTH 660 0
DWIDTH 11 0
BBX 9 20 1 -4
BITMAP
0780
0780
0780
0780
0000
0000
E000
E000
E000
0000
0000
0000
0000
0000
0000
0000
0780
0780
0780
0780
ENDCHAR
STARTCHAR 288B
ENCODING 10379
SWIDTH 660 0
DWIDTH 11 0
BBX 9 20 1 -4
BITMAP
E780
E780
E780
E780
0000
0000
E000
E000
E000
0000
0000
0000
0000
0000
0000
0000
0780
0780
0780
0780
ENDCHAR
STARTCHAR 288C
ENCODING 10380
SWIDTH 660 0
DWIDTH 11 0
BBX 9 20 1 -4
BITMAP
0780
0780
0780
0780
0000
0000
0000
0000
0000
0000
0000
E000
E000
E000
0000
0000
0780
0780
0780
0780
ENDCHAR
STARTCHAR 288D
ENCODING 10381
SWIDTH 660 0
DWIDTH 11 0
BBX 9 20 1 -4
BITMAP
E780
E780
E780
E780
0000
0000
0000
0000
0000
0000
0000
E000
E000
E000
0000
0000
0780
0780
0780
0780
ENDCHAR
STARTCHAR 288E
ENCODING 10382
SWIDTH 660 0
DWIDTH 11 0
BBX 9 20 1 -4
BITMAP
0780
0780
0780
0780
0000
0000
E000
E000
E000
0000
0000
E000
E000
E000
0000
0000
0780
0780
0780
0780
ENDCHAR
STARTCHAR 288F
ENCODING 10383
SWIDTH 660 0
DWIDTH 11 0
BBX 9 20 1 -4
BITMAP
E780
E780
E780
E780
0000
0000
E000
E000
E000
0000
0000
E000
E000
E000
0000
0000
0780
0780
0780
0780
ENDCHAR
STARTCHAR 2890
ENCODING 10384
SWIDTH 660 0
DWIDTH 11 0
BBX 4 14 6 -4
BITMAP
F0
F0
F0
00
00
00
00
00
00
00
F0
F0
F0
F0
ENDCHAR
STARTCHAR 2891
ENCODING 10385
SWIDTH 660 0
DWIDTH 11 0
BBX 9 20 1 -4
BITMAP
E000
E000
E000
E000
0000
0000
0780
0780
0780
0000
0000
0000
0000
0000
0000
0000
0780
0780
0780
0780
ENDCHAR
STARTCHAR 2892
ENCODING 10386
SWIDTH 660 0
DWIDTH 11 0
BBX 9 14 1 -4
BITMAP
E780
E780
E780
0000
0000
0000
0000
0000
0000
0000
0780
0780
0780
0780
ENDCHAR
STARTCHAR 2893
ENCODING 10387
SWIDTH 660 0
DWIDTH 11 0
BBX 9 20 1 -4
BITMAP
E000
E000
E000
E000
0000
0000
E780
E780
E780
0000
0000
0000
0000
0000
0000
0000
0780
0780
0780
0780
ENDCHAR
STARTCHAR 2894
ENCODING 10388
SWIDTH 660 0
DWIDTH 11 0
BBX 9 14 1 -4
BITMAP
0780
0780
0780
0000
0000
E000
E000
E000
0000
0000
0780
0780
0780
0780
ENDCHAR
STARTCHAR 2895
ENCODING 10389
SWIDTH 660 0
DWIDTH 11 0
BBX 9 20 1 -4
BITMAP
E000
E000
E000
E000
0000
0000
0780
0780
0780
0000
0000
E000
E000
E000
0000
0000
0780
0780
0780
0780
ENDCHAR
STARTCHAR 2896
ENCODING 10390
SWIDTH 660 0
DWIDTH 11 0
BBX 9 14 1 -4
BITMAP
E780
E780
E780
0000
0000
E000
E000
E000
0000
0000
0780
0780
0780
0780
ENDCHAR
STARTCHAR 2897
ENCODING 10391
SWIDTH 660 0
DWIDTH 11 0
BBX 9 20 1 -4
BITMAP
E000
E000
E000
E000
0000
0000
E780
E780
E780
0000
0000
E000
E000
E000
0000
0000
0780
0780
0780
0780
ENDCHAR
STARTCHAR 2898
ENCODING 10392
SWIDTH 660 0
DWIDTH 11 0
BBX 4 20 6 -4
BITMAP
F0
F0
F0
F0
00
00
F0
F0
F0
00
00
00
00
00
00
00
F0
F0
F0
F0
ENDCHAR
STARTCHAR 2899
ENCODING 10393
SWIDTH 660 0
DWIDTH 11 0
BBX 9 20 1 -4
BITMAP
E780
E780
E780
E780
0000
0000
0780
0780
0780
0000
0000
0000
0000
0000
0000
0000
0780
0780
0780
0780
ENDCHAR
STARTCHAR 289A
ENCODING 10394
SWIDTH 660 0
DWIDTH 11 0
BBX 9 20 1 -4
BITMAP
0780
0780
0780
0780
0000
0000
E780
E780
E780
0000
0000
0000
0000
0000
0000
0000
0780
0780
0780
0780
ENDCHAR
STARTCHAR 289B
ENCODING 10395
SWIDTH 660 0
DWIDTH 11 0
BBX 9 20 1 -4
BITMAP
E780
E780
E780
E780
0000
0000
E780
E780
E780
0000
0000
0000
0000
0000
0000
0000
0780
0780
0780
0780
ENDCHAR
STARTCHAR 289C
ENCODING 10396
SWIDTH 660 0
DWIDTH 11 0
BBX 9 20 1 -4
BITMAP
0780
0780
0780
0780
0000
0000
0780
0780
0780
0000
0000
E000
E000
E000
0000
0000
0780
0780
0780
0780
ENDCHAR
STARTCHAR 289D
ENCODING 10397
SWIDTH 660 0
DWIDTH 11 0
BBX 9 20 1 -4
BITMAP
E780
E780
E780
E780
0000
0000
0780
0780
0780
0000
0000
E000
E000
E000
0000
0000
0780
0780
0780
0780
ENDCHAR
STARTCHAR 289E
ENCODING 10398
SWIDTH 660 0
DWIDTH 11 0
BBX 9 20 1 -4
BITMAP
0780
0780
0780
0780
0000
0000
E780
E780
E780
0000
0000
E000
E000
E000
0000
0000
0780
0780
0780
0780
ENDCHAR
STARTCHAR 289F
ENCODING 10399
SWIDTH 660 0
DWIDTH 11 0
BBX 9 20 1 -4
BITMAP
E780
E780
E780
E780
0000
0000
E780
E780
E780
0000
0000
E000
E000
E000
0000
0000
0780
0780
0780
0780
ENDCHAR
STARTCHAR 28A0
ENCODING 10400
SWIDTH 660 0
DWIDTH 11 0
BBX 4 9 6 -4
BITMAP
F0
F0
F0
00
00
F0
F0
F0
F0
ENDCHAR
STARTCHAR 28A1
ENCODING 10401
SWIDTH 660 0
DWIDTH 11 0
BBX 9 20 1 -4
BITMAP
E000
E000
E000
E000
0000
0000
0000
0000
0000
0000
0000
0780
0780
0780
0000
0000
0780
0780
0780
0780
ENDCHAR
STARTCHAR 28A2
ENCODING 10402
SWIDTH 660 0
DWIDTH 11 0
BBX 9 14 1 -4
BITMAP
E000
E000
E000
0000
0000
0780
0780
0780
0000
0000
0780
0780
0780
0780
ENDCHAR
STARTCHAR 28A3
ENCODING 10403
SWIDTH 660 0
DWIDTH 11 0
BBX 9 20 1 -4
BITMAP
E000
E000
E000
E000
0000
0000
E000
E000
E000
0000
0000
0780
0780
0780
0000
0000
0780
0780
0780
0780
ENDCHAR
STARTCHAR 28A4
ENCODING 10404
SWIDTH 660 0
DWIDTH 11 0
BBX 9 9 1 -4
BITMAP
E780
E780
E780
0000
0000
0780
0780
0780
0780
ENDCHAR
STARTCHAR 28A5
ENCODING 10405
SWIDTH 660 0
DWIDTH 11 0
BBX 9 20 1 -4
BITMAP
E000
E000
E000
E000
0000
0000
0000
0000
0000
0000
0000
E780
E780
E780
0000
0000
0780
0780
0780
0780
ENDCHAR
STARTCHAR 28A6
ENCODING 10406
SWIDTH 660 0
DWIDTH 11 0
BBX 9 14 1 -4
BITMAP
E000
E000
E000
0000
0000
E780
E780
E780
0000
0000
0780
0780
0780
0780
ENDCHAR
STARTCHAR 28A7
ENCODING 10407
SWIDTH 660 0
DWIDTH 11 0
BBX 9 20 1 -4
BITMAP
E000
E000
E000
E000
0000
0000
E000
E000
E000
0000
0000
E780
E780
E780
0000
0000
0780
0780
0780
0780
ENDCHAR
STARTCHAR 28A8
ENCODING 10408
SWIDTH 660 0
DWIDTH 11 0
BBX 4 20 6 -4
BITMAP
F0
F0
F0
F0
00
00
00
00
00
00
00
F0
F0
F0
00
00
F0
F0
F0
F0
ENDCHAR
STARTCHAR 28A9
ENCODING 10409
SWIDTH 660 0
DWIDTH 11 0
BBX 9 20 1 -4
BITMAP
E780
E780
E780
E780
0000
0000
0000
0000
0000
0000
0000
0780
0780
0780
0000
0000
0780
0780
0780
0780
ENDCHAR
STARTCHAR 28AA
ENCODING 10410
SWIDTH 660 0
DWIDTH 11 0
BBX 9 20 1 -4
BITMAP
0780
0780
0780
0780
0000
0000
E000
E000
E000
0000
0000
0780
0780
0780
0000
0000
0780
0780
0780
0780
ENDCHAR
STARTCHAR 28AB
ENCODING 10411
SWIDTH 660 0
DWIDTH 11 0
BBX 9 20 1 -4
BITMAP
E780
E780
E780
E780
0000
0000
E000
E000
E000
0000
0000
0780
0780
0780
0000
0000
0780
0780
0780
0780
ENDCHAR
STARTCHAR 28AC
ENCODING 10412
SWIDTH 660 0
DWIDTH 11 0
BBX 9 20 1 -4
BITMAP
0780
0780
0780
0780
0000
0000
0000
0000
0000
0000
0000
E780
E780
E780
0000
0000
0780
0780
0780
0780
ENDCHAR
STARTCHAR 28AD
ENCODING 10413
SWIDTH 660 0
DWIDTH 11 0
BBX 9 20 1 -4
BITMAP
E780
E780
E780
E780
0000
0000
0000
0000
0000
0000
0000
E780
E780
E780
0000
0000
0780
0780
0780
0780
ENDCHAR
STARTCHAR 28AE
ENCODING 10414
SWIDTH 660 0
DWIDTH 11 0
BBX 9 20 1 -4
BITMAP
0780
0780
0780
0780
0000
0000
E000
E000
E000
0000
0000
E780
E780
E780
0000
0000
0780
0780
0780
0780
ENDCHAR
STARTCHAR 28AF
ENCODING 10415
SWIDTH 660 0
DWIDTH 11 0
BBX 9 20 1 -4
BITMAP
E780
E780
E780
E780
0000
0000
E000
E000
E000
0000
0000
E780
E780
E780
0000
0000
0780
0780
0780
0780
ENDCHAR
STARTCHAR 28B0
ENCODING 10416
SWIDTH 660 0
DWIDTH 11 0
BBX 4 14 6 -4
BITMAP
F0
F0
F0
00
00
F0
F0
F0
00
00
F0
F0
F0
F0
ENDCHAR
STARTCHAR 28B1
ENCODING 10417
SWIDTH 660 0
DWIDTH 11 0
BBX 9 20 1 -4
BITMAP
E000
E000
E000
E000
0000
0000
0780
0780
0780
0000
0000
0780
0780
0780
0000
0000
0780
0780
0780
0780
ENDCHAR
STARTCHAR 28B2
ENCODING 10418
SWIDTH 660 0
DWIDTH 11 0
BBX 9 14 1 -4
BITMAP
E780
E780
E780
0000
0000
0780
0780
0780
0000
0000
0780
0780
0780
0780
ENDCHAR
STARTCHAR 28B3
ENCODING 10419
SWIDTH 660 0
DWIDTH 11 0
BBX 9 20 1 -4
BITMAP
E000
E000
E000
E000
0000
0000
E780
E780
E780
0000
0000
0780
0780
0780
0000
0000
0780
0780
0780
0780
ENDCHAR
STARTCHAR 28B4
ENCODING 10420
SWIDTH 660 0
DWIDTH 11 0
BBX 9 14 1 -4
BITMAP
0780
0780
0780
0000
0000
E780
E780
E780
0000
0000
0780
0780
0780
0780
ENDCHAR
STARTCHAR 28B5
ENCODING 10421
SWIDTH 660 0
DWIDTH 11 0
BBX 9 20 1 -4
BITMAP
E000
E000
E000
E000
0000
0000
0780
0780
0780
0000
0000
E780
E780
E780
0000
0000
0780
0780
0780
0780
ENDCHAR
STARTCHAR 28B6
ENCODING 10422
SWIDTH 660 0
DWIDTH 11 0
BBX 9 14 1 -4
BITMAP
E780
E780
E780
0000
0000
E780
E780
E780
0000
0000
0780
0780
0780
0780
ENDCHAR
STARTCHAR 28B7
ENCODING 10423
SWIDTH 660 0
DWIDTH 11 0
BBX 9 20 1 -4
BITMAP
E000
E000
E000
E000
0000
0000
E780
E780
E780
0000
0000
E780
E780
E780
0000
0000
0780
0780
0780
0780
ENDCHAR
STARTCHAR 28B8
ENCODING 10424
SWIDTH 660 0
DWIDTH 11 0
BBX 4 20 6 -4
BITMAP
F0
F0
F0
F0
00
00
F0
F0
F0
00
00
F0
F0
F0
00
00
F0
F0
F0
F0
ENDCHAR
STARTCHAR 28B9
ENCODING 10425
SWIDTH 660 0
DWIDTH 11 0
BBX 9 20 1 -4
BITMAP
E780
E780
E780
E780
0000
0000
0780
0780
0780
0000
0000
0780
0780
0780
0000
0000
0780
0780
0780
0780
ENDCHAR
STARTCHAR 28BA
ENCODING 10426
SWIDTH 660 0
DWIDTH 11 0
BBX 9 20 1 -4
BITMAP
0780
0780
0780
0780
0000
0000
E780
E780
E780
0000
0000
0780
0780
0780
0000
0000
0780
0780
0780
0780
ENDCHAR
STARTCHAR 28BB
ENCODING 10427
SWIDTH 660 0
DWIDTH 11 0
BBX 9 20 1 -4
BITMAP
E780
E780
E780
E780
0000
0000
E780
E780
E780
0000
0000
0780
0780
0780
0000
0000
0780
0780
0780
0780
ENDCHAR
STARTCHAR 28BC
ENCODING 10428
SWIDTH 660 0
DWIDTH 11 0
BBX 9 20 1 -4
BITMAP
0780
0780
0780
0780
0000
0000
0780
0780
0780
0000
0000
E780
E780
E780
0000
0000
0780
0780
0780
0780
ENDCHAR
STARTCHAR 28BD
ENCODING 10429
SWIDTH 660 0
DWIDTH 11 0
BBX 9 20 1 -4
BITMAP
E780
E780
E780
E780
0000
0000
0780
0780
0780
0000
0000
E780
E780
E780
0000
0000
0780
0780
0780
0780
ENDCHAR
STARTCHAR 28BE
ENCODING 10430
SWIDTH 660 0
DWIDTH 11 0
BBX 9 20 1 -4
BITMAP
0780
0780
0780
0780
0000
0000
E780
E780
E780
0000
0000
E780
E780
E780
0000
0000
0780
0780
0780
0780
ENDCHAR
STARTCHAR 28BF
ENCODING 10431
SWIDTH 660 0
DWIDTH 11 0
BBX 9 20 1 -4
BITMAP
E780
E780
E780
E780
0000
0000
E780
E780
E780
0000
0000
E780
E780
E780
0000
0000
0780
0780
0780
0780
ENDCHAR
STARTCHAR 28C0
ENCODING 10432
SWIDTH 660 0
DWIDTH 11 0
BBX 9 4 1 -4
BITMAP
E780
E780
E780
E780
ENDCHAR
STARTCHAR 28C1
ENCODING 10433
SWIDTH 660 0
DWIDTH 11 0
BBX 9 20 1 -4
BITMAP
E000
E000
E000
E000
0000
0000
0000
0000
0000
0000
0000
0000
0000
0000
0000
0000
E780
E780
E780
E780
ENDCHAR
STARTCHAR 28C2
ENCODING 10434
SWIDTH 660 0
DWIDTH 11 0
BBX 9 14 1 -4
BITMAP
E000
E000
E000
0000
0000
0000
0000
0000
0000
0000
E780
E780
E780
E780
ENDCHAR
STARTCHAR 28C3
ENCODING 10435
SWIDTH 660 0
DWIDTH 11 0
BBX 9 20 1 -4
BITMAP
E000
E000
E000
E000
0000
0000
E000
E000
E000
0000
0000
0000
0000
0000
0000
0000
E780
E780
E780
E780
ENDCHAR
STARTCHAR 28C4
ENCODING 10436
SWIDTH 660 0
DWIDTH 11 0
BBX 9 9 1 -4
BITMAP
E000
E000
E000
0000
0000
E780
E780
E780
E780
ENDCHAR
STARTCHAR 28C5
ENCODING 10437
SWIDTH 660 0
DWIDTH 11 0
BBX 9 20 1 -4
BITMAP
E000
E000
E000
E000
0000
0000
0000
0000
0000
0000
0000
E000
E000
E000
0000
0000
E780
E780
E780
E780
ENDCHAR
STARTCHAR 28C6
ENCODING 10438
SWIDTH 660 0
DWIDTH 11 0
BBX 9 14 1 -4
BITMAP
E000
E000
E000
0000
0000
E000
E000
E000
0000
0000
E780
E780
E780
E780
ENDCHAR
STARTCHAR 28C7
ENCODING 10439
SWIDTH 660 0
DWIDTH 11 0
BBX 9 20 1 -4
BITMAP
E000
E000
E000
E000
0000
0000
E000
E000
E000
0000
0000
E000
E000
E000
0000
0000
E780
E780
E780
E780
ENDCHAR
STARTCHAR 28C8
ENCODING 10440
SWIDTH 660 0
DWIDTH 11 0
BBX 9 20 1 -4
BITMAP
0780
0780
0780
0780
0000
0000
0000
0000
0000
0000
0000
0000
0000
0000
0000
0000
E780
E780
E780
E780
ENDCHAR
STARTCHAR 28C9
ENCODING 10441
SWIDTH 660 0
DWIDTH 11 0
BBX 9 20 1 -4
BITMAP
E780
E780
E780
E780
0000
0000
0000
0000
0000
0000
0000
0000
0000
0000
0000
0000
E780
E780
E780
E780
ENDCHAR
STARTCHAR 28CA
ENCODING 10442
SWIDTH 660 0
DWIDTH 11 0
BBX 9 20 1 -4
BITMAP
0780
0780
0780
0780
0000
0000
E000
E000
E000
0000
0000
0000
0000
0000
0000
0000
E780
E780
E780
E780
ENDCHAR
STARTCHAR 28CB
ENCODING 10443
SWIDTH 660 0
DWIDTH 11 0
BBX 9 20 1 -4
BITMAP
E780
E780
E780
E780
0000
0000
E000
E000
E000
0000
0000
0000
0000
0000
0000
0000
E780
E780
E780
E780
ENDCHAR
STARTCHAR 28CC
ENCODING 10444
SWIDTH 660 0
DWIDTH 11 0
BBX 9 20 1 -4
BITMAP
0780
0780
0780
0780
0000
0000
0000
0000
0000
0000
0000
E000
E000
E000
0000
0000
E780
E780
E780
E780
ENDCHAR
STARTCHAR 28CD
ENCODING 10445
SWIDTH 660 0
DWIDTH 11 0
BBX 9 20 1 -4
BITMAP
E780
E780
E780
E780
0000
0000
0000
0000
0000
0000
0000
E000
E000
E000
0000
0000
E780
E780
E780
E780
ENDCHAR
STARTCHAR 28CE
ENCODING 10446
SWIDTH 660 0
DWIDTH 11 0
BBX 9 20 1 -4
BITMAP
0780
0780
0780
0780
0000
0000
E000
E000
E000
0000
0000
E000
E000
E000
0000
0000
E780
E780
E780
E780
ENDCHAR
STARTCHAR 28CF
ENCODING 10447
SWIDTH 660 0
DWIDTH 11 0
BBX 9 20 1 -4
BITMAP
E780
E780
E780
E780
0000
0000
E000
E000
E000
0000
0000
E000
E000
E000
0000
0000
E780
E780
E780
E780
ENDCHAR
STARTCHAR 28D0
ENCODING 10448
SWIDTH 660 0
DWIDTH 11 0
BBX 9 14 1 -4
BITMAP
0780
0780
0780
0000
0000
0000
0000
0000
0000
0000
E780
E780
E780
E780
ENDCHAR
STARTCHAR 28D1
ENCODING 10449
SWIDTH 660 0
DWIDTH 11 0
BBX 9 20 1 -4
BITMAP
E000
E000
E000
E000
0000
0000
0780
0780
0780
0000
0000
0000
0000
0000
0000
0000
E780
E780
E780
E780
ENDCHAR
STARTCHAR 28D2
ENCODING 10450
SWIDTH 660 0
DWIDTH 11 0
BBX 9 14 1 -4
BITMAP
E780
E780
E780
0000
0000
0000
0000
0000
0000
0000
E780
E780
E780
E780
ENDCHAR
STARTCHAR 28D3
ENCODING 10451
SWIDTH 660 0
DWIDTH 11 0
BBX 9 20 1 -4
BITMAP
E000
E000
E000
E000
0000
0000
E780
E780
E780
0000
0000
0000
0000
0000
0000
0000
E780
E780
E780
E780
ENDCHAR
STARTCHAR 28D4
ENCODING 10452
SWIDTH 660 0
DWIDTH 11 0
BBX 9 14 1 -4
BITMAP
0780
0780
0780
0000
0000
E000
E000
E000
0000
0000
E780
E780
E780
E780
ENDCHAR
STARTCHAR 28D5
ENCODING 10453
SWIDTH 660 0
DWIDTH 11 0
BBX 9 20 1 -4
BITMAP
E000
E000
E000
E000
0000
0000
0780
0780
0780
0000
0000
E000
E000
E000
0000
0000
E780
E780
E780
E780
ENDCHAR
STARTCHAR 28D6
ENCODING 10454
SWIDTH 660 0
DWIDTH 11 0
BBX 9 14 1 -4
BITMAP
E780
E780
E780
0000
0000
E000
E000
E000
0000
0000
E780
E780
E780
E780
ENDCHAR
STARTCHAR 28D7
ENCODING 10455
SWIDTH 660 0
DWIDTH 11 0
BBX 9 20 1 -4
BITMAP
E000
E000
E000
E000
0000
0000
E780
E780
E780
0000
0000
E000
E000
E000
0000
0000
E780
E780
E780
E780
ENDCHAR
STARTCHAR 28D8
ENCODING 10456
SWIDTH 660 0
DWIDTH 11 0
BBX 9 20 1 -4
BITMAP
0780
0780
0780
0780
0000
0000
0780
0780
0780
0000
0000
0000
0000
0000
0000
0000
E780
E780
E780
E780
ENDCHAR
STARTCHAR 28D9
ENCODING 10457
SWIDTH 660 0
DWIDTH 11 0
BBX 9 20 1 -4
BITMAP
E780
E780
E780
E780
0000
0000
0780
0780
0780
0000
0000
0000
0000
0000
0000
0000
E780
E780
E780
E780
ENDCHAR
STARTCHAR 28DA
ENCODING 10458
SWIDTH 660 0
DWIDTH 11 0
BBX 9 20 1 -4
BITMAP
0780
0780
0780
0780
0000
0000
E780
E780
E780
0000
0000
0000
0000
0000
0000
0000
E780
E780
E780
E780
ENDCHAR
STARTCHAR 28DB
ENCODING 10459
SWIDTH 660 0
DWIDTH 11 0
BBX 9 20 1 -4
BITMAP
E780
E780
E780
E780
0000
0000
E780
E780
E780
0000
0000
0000
0000
0000
0000
0000
E780
E780
E780
E780
ENDCHAR
STARTCHAR 28DC
ENCODING 10460
SWIDTH 660 0
DWIDTH 11 0
BBX 9 20 1 -4
BITMAP
0780
0780
0780
0780
0000
0000
0780
0780
0780
0000
0000
E000
E000
E000
0000
0000
E780
E780
E780
E780
ENDCHAR
STARTCHAR 28DD
ENCODING 10461
SWIDTH 660 0
DWIDTH 11 0
BBX 9 20 1 -4
BITMAP
E780
E780
E780
E780
0000
0000
0780
0780
0780
0000
0000
E000
E000
E000
0000
0000
E780
E780
E780
E780
ENDCHAR
STARTCHAR 28DE
ENCODING 10462
SWIDTH 660 0
DWIDTH 11 0
BBX 9 20 1 -4
BITMAP
0780
0780
0780
0780
0000
0000
E780
E780
E780
0000
0000
E000
E000
E000
0000
0000
E780
E780
E780
E780
ENDCHAR
STARTCHAR 28DF
ENCODING 10463
SWIDTH 660 0
DWIDTH 11 0
BBX 9 20 1 -4
BITMAP
E780
E780
E780
E780
0000
0000
E780
E780
E780
0000
0000
E000
E000
E000
0000
0000
E780
E780
E780
E780
ENDCHAR
STARTCHAR 28E0
ENCODING 10464
SWIDTH 660 0
DWIDTH 11 0
BBX 9 9 1 -4
BITMAP
0780
0780
0780
0000
0000
E780
E780
E780
E780
ENDCHAR
STARTCHAR 28E1
ENCODING 10465
SWIDTH 660 0
DWIDTH 11 0
BBX 9 20 1 -4
BITMAP
E000
E000
E000
E000
0000
0000
0000
0000
0000
0000
0000
0780
0780
0780
0000
0000
E780
E780
E780
E780
ENDCHAR
STARTCHAR 28E2
ENCODING 10466
SWIDTH 660 0
DWIDTH 11 0
BBX 9 14 1 -4
BITMAP
E000
E000
E000
0000
0000
0780
0780
0780
0000
0000
E780
E780
E780
E780
ENDCHAR
STARTCHAR 28E3
ENCODING 10467
SWIDTH 660 0
DWIDTH 11 0
BBX 9 20 1 -4
BITMAP
E000
E000
E000
E000
0000
0000
E000
E000
E000
0000
0000
0780
0780
0780
0000
0000
E780
E780
E780
E780
ENDCHAR
STARTCHAR 28E4
ENCODING 10468
SWIDTH 660 0
DWIDTH 11 0
BBX 9 9 1 -4
BITMAP
E780
E780
E780
0000
0000
E780
E780
E780
E780
ENDCHAR
STARTCHAR 28E5
ENCODING 10469
SWIDTH 660 0
DWIDTH 11 0
BBX 9 20 1 -4
BITMAP
E000
E000
E000
E000
0000
0000
0000
0000
0000
0000
0000
E780
E780
E780
0000
0000
E780
E780
E780
E780
ENDCHAR
STARTCHAR 28E6
ENCODING 10470
SWIDTH 660 0
DWIDTH 11 0
BBX 9 14 1 -4
BITMAP
E000
E000
E000
0000
0000
E780
E780
E780
0000
0000
E780
E780
E780
E780
ENDCHAR
STARTCHAR 28E7
ENCODING 10471
SWIDTH 660 0
DWIDTH 11 0
BBX 9 20 1 -4
BITMAP
E000
E000
E000
E000
0000
0000
E000
E000
E000
0000
0000
E780
E780
E780
0000
0000
E780
E780
E780
E780
ENDCHAR
STARTCHAR 28E8
ENCODING 10472
SWIDTH 660 0
DWIDTH 11 0
BBX 9 20 1 -4
BITMAP
0780
0780
0780
0780
0000
0000
0000
0000
0000
0000
0000
0780
0780
0780
0000
0000
E780
E780
E780
E780
ENDCHAR
STARTCHAR 28E9
ENCODING 10473
SWIDTH 660 0
DWIDTH 11 0
BBX 9 20 1 -4
BITMAP
E780
E780
E780
E780
0000
0000
0000
0000
0000
0000
0000
0780
0780
0780
0000
0000
E780
E780
E780
E780
ENDCHAR
STARTCHAR 28EA
ENCODING 10474
SWIDTH 660 0
DWIDTH 11 0
BBX 9 20 1 -4
BITMAP
0780
0780
0780
0780
0000
0000
E000
E000
E000
0000
0000
0780
0780
0780
0000
0000
E780
E780
E780
E780
ENDCHAR
STARTCHAR 28EB
ENCODING 10475
SWIDTH 660 0
DWIDTH 11 0
BBX 9 20 1 -4
BITMAP
E780
E780
E780
E780
0000
0000
E000
E000
E000
0000
0000
0780
0780
0780
0000
0000
E780
E780
E780
E780
ENDCHAR
STARTCHAR 28EC
ENCODING 10476
SWIDTH 660 0
DWIDTH 11 0
BBX 9 20 1 -4
BITMAP
0780
0780
0780
0780
0000
0000
0000
0000
0000
0000
0000
E780
E780
E780
0000
0000
E780
E780
E780
E780
ENDCHAR
STARTCHAR 28ED
ENCODING 10477
SWIDTH 660 0
DWIDTH 11 0
BBX 9 20 1 -4
BITMAP
E780
E780
E780
E780
0000
0000
0000
0000
0000
0000
0000
E780
E780
E780
0000
0000
E780
E780
E780
E780
ENDCHAR
STARTCHAR 28EE
ENCODING 10478
SWIDTH 660 0
DWIDTH 11 0
BBX 9 20 1 -4
BITMAP
0780
0780
0780
0780
0000
0000
E000
E000
E000
0000
0000
E780
E780
E780
0000
0000
E780
E780
E780
E780
ENDCHAR
STARTCHAR 28EF
ENCODING 10479
SWIDTH 660 0
DWIDTH 11 0
BBX 9 20 1 -4
BITMAP
E780
E780
E780
E780
0000
0000
E000
E000
E000
0000
0000
E780
E780
E780
0000
0000
E780
E780
E780
E780
ENDCHAR
STARTCHAR 28F0
ENCODING 10480
SWIDTH 660 0
DWIDTH 11 0
BBX 9 14 1 -4
BITMAP
0780
0780
0780
0000
0000
0780
0780
0780
0000
0000
E780
E780
E780
E780
ENDCHAR
STARTCHAR 28F1
ENCODING 10481
SWIDTH 660 0
DWIDTH 11 0
BBX 9 20 1 -4
BITMAP
E000
E000
E000
E000
0000
0000
0780
0780
0780
0000
0000
0780
0780
0780
0000
0000
E780
E780
E780
E780
ENDCHAR
STARTCHAR 28F2
ENCODING 10482
SWIDTH 660 0
DWIDTH 11 0
BBX 9 14 1 -4
BITMAP
E780
E780
E780
0000
0000
0780
0780
0780
0000
0000
E780
E780
E780
E780
ENDCHAR
STARTCHAR 28F3
ENCODING 10483
SWIDTH 660 0
DWIDTH 11 0
BBX 9 20 1 -4
BITMAP
E000
E000
E000
E000
0000
0000
E780
E780
E780
0000
0000
0780
0780
0780
0000
0000
E780
E780
E780
E780
ENDCHAR
STARTCHAR 28F4
ENCODING 10484
SWIDTH 660 0
DWIDTH 11 0
BBX 9 14 1 -4
BITMAP
0780
0780
0780
0000
0000
E780
E780
E780
0000
0000
E780
E780
E780
E780
ENDCHAR
STARTCHAR 28F5
ENCODING 10485
SWIDTH 660 0
DWIDTH 11 0
BBX 9 20 1 -4
BITMAP
E000
E000
E000
E000
0000
0000
0780
0780
0780
0000
0000
E780
E780
E780
0000
0000
E780
E780
E780
E780
ENDCHAR
STARTCHAR 28F6
ENCODING 10486
SWIDTH 660 0
DWIDTH 11 0
BBX 9 14 1 -4
BITMAP
E780
E780
E780
0000
0000
E780
E780
E780
0000
0000
E780
E780
E780
E780
ENDCHAR
STARTCHAR 28F7
ENCODING 10487
SWIDTH 660 0
DWIDTH 11 0
BBX 9 20 1 -4
BITMAP
E000
E000
E000
E000
0000
0000
E780
E780
E780
0000
0000
E780
E780
E780
0000
0000
E780
E780
E780
E780
ENDCHAR
STARTCHAR 28F8
ENCODING 10488
SWIDTH 660 0
DWIDTH 11 0
BBX 9 20 1 -4
BITMAP
0780
0780
0780
0780
0000
0000
0780
0780
0780
0000
0000
0780
0780
0780
0000
0000
E780
E780
E780
E780
ENDCHAR
STARTCHAR 28F9
ENCODING 10489
SWIDTH 660 0
DWIDTH 11 0
BBX 9 20 1 -4
BITMAP
E780
E780
E780
E780
0000
0000
0780
0780
0780
0000
0000
0780
0780
0780
0000
0000
E780
E780
E780
E780
ENDCHAR
STARTCHAR 28FA
ENCODING 10490
SWIDTH 660 0
DWIDTH 11 0
BBX 9 20 1 -4
BITMAP
0780
0780
0780
0780
0000
0000
E780
E780
E780
0000
0000
0780
0780
0780
0000
0000
E780
E780
E780
E780
ENDCHAR
STARTCHAR 28FB
ENCODING 10491
SWIDTH 660 0
DWIDTH 11 0
BBX 9 20 1 -4
BITMAP
E780
E780
E780
E780
0000
0000
E780
E780
E780
0000
0000
0780
0780
0780
0000
0000
E780
E780
E780
E780
ENDCHAR
STARTCHAR 28FC
ENCODING 10492
SWIDTH 660 0
DWIDTH 11 0
BBX 9 20 1 -4
BITMAP
0780
0780
0780
0780
0000
0000
0780
0780
0780
0000
0000
E780
E780
E780
0000
0000
E780
E780
E780
E780
ENDCHAR
STARTCHAR 28FD
ENCODING 10493
SWIDTH 660 0
DWIDTH 11 0
BBX 9 20 1 -4
BITMAP
E780
E780
E780
E780
0000
0000
0780
0780
0780
0000
0000
E780
E780
E780
0000
0000
E780
E780
E780
E780
ENDCHAR
STARTCHAR 28FE
ENCODING 10494
SWIDTH 660 0
DWIDTH 11 0
BBX 9 20 1 -4
BITMAP
0780
0780
0780
0780
0000
0000
E780
E780
E780
0000
0000
E780
E780
E780
0000
0000
E780
E780
E780
E780
ENDCHAR
STARTCHAR 28FF
ENCODING 10495
SWIDTH 660 0
DWIDTH 11 0
BBX 9 20 1 -4
BITMAP
E780
E780
E780
E780
0000
0000
E780
E780
E780
0000
0000
E780
E780
E780
0000
0000
E780
E780
E780
E780
ENDCHAR
STARTCHAR 2B58
ENCODING 11096
SWIDTH 660 0
DWIDTH 11 0
BBX 15 15 0 -1
BITMAP
0100
0FE0
3FF8
7838
701C
E00E
E00E
E00E
E00E
E00E
E00C
701C
3C78
1FF0
0FE0
ENDCHAR
STARTCHAR 2E17
ENCODING 11799
SWIDTH 660 0
DWIDTH 11 0
BBX 7 7 2 2
BITMAP
02
7C
7C
82
7C
7C
80
ENDCHAR
STARTCHAR A78B
ENCODING 42891
SWIDTH 660 0
DWIDTH 11 0
BBX 1 4 5 8
BITMAP
80
80
80
80
ENDCHAR
STARTCHAR A78C
ENCODING 42892
SWIDTH 660 0
DWIDTH 11 0
BBX 1 4 5 8
BITMAP
80
80
80
80
ENDCHAR
STARTCHAR E000
ENCODING 57344
SWIDTH 660 0
DWIDTH 11 0
BBX 13 11 0 1
BITMAP
1860
FFF8
1220
1FB8
5FE0
1020
1020
1020
1030
3030
3030
ENDCHAR
STARTCHAR E001
ENCODING 57345
SWIDTH 660 0
DWIDTH 11 0
BBX 12 13 0 -1
BITMAP
0400
7DE0
0D00
7FE0
FF30
FFB0
FF90
FFD0
FFF0
7FF0
7FE0
3FC0
0600
ENDCHAR
STARTCHAR E002
ENCODING 57346
SWIDTH 660 0
DWIDTH 11 0
BBX 12 12 0 0
BITMAP
0400
7DE0
0F00
7FE0
4430
8010
8010
8010
C010
6030
30E0
1F80
ENDCHAR
STARTCHAR E003
ENCODING 57347
SWIDTH 660 0
DWIDTH 11 0
BBX 12 12 0 0
BITMAP
0400
7DE0
0D00
7FE0
FFF0
E7F0
F9F0
FDF0
FDF0
7DF0
3FE0
1F80
ENDCHAR
STARTCHAR E004
ENCODING 57348
SWIDTH 660 0
DWIDTH 11 0
BBX 12 12 0 0
BITMAP
0400
7DE0
0F00
7FE0
C010
8010
8010
FFF0
FFF0
7FE0
3FE0
1F80
ENDCHAR
STARTCHAR E005
ENCODING 57349
SWIDTH 660 0
DWIDTH 11 0
BBX 13 12 0 1
BITMAP
1400
0A00
0800
0800
FF80
FFB0
FFF8
FFC8
FFF8
FF80
7F00
3E00
ENDCHAR
STARTCHAR E006
ENCODING 57350
SWIDTH 660 0
DWIDTH 11 0
BBX 12 14 0 -1
BITMAP
0800
3FE0
47D0
1FE0
3FB0
66D0
0650
0640
0C00
0C00
3DC0
FFC0
7FC0
1E00
ENDCHAR
STARTCHAR E007
ENCODING 57351
SWIDTH 660 0
DWIDTH 11 0
BBX 12 14 0 -1
BITMAP
3000
7800
FC00
B400
B600
BF00
FFE0
7FF0
7FC0
7FC0
3FC0
1F00
0F00
0600
ENDCHAR
STARTCHAR E008
ENCODING 57352
SWIDTH 660 0
DWIDTH 11 0
BBX 13 14 0 -1
BITMAP
0600
7EE0
0E90
0EC0
7EF0
FEF0
F0F8
EFF8
EFF0
E9F0
72F0
7EE0
3EC0
0E00
ENDCHAR
STARTCHAR E009
ENCODING 57353
SWIDTH 660 0
DWIDTH 11 0
BBX 3 12 4 0
BITMAP
E0
E0
E0
E0
E0
E0
E0
E0
00
C0
E0
C0
ENDCHAR
STARTCHAR E00A
ENCODING 57354
SWIDTH 660 0
DWIDTH 11 0
BBX 7 13 2 0
BITMAP
78
70
F0
F0
F6
FC
FC
98
38
30
30
20
20
ENDCHAR
STARTCHAR E0A0
ENCODING 57504
SWIDTH 660 0
DWIDTH 11 0
BBX 8 18 1 -3
BITMAP
E0
E0
E4
EE
E5
E4
E4
E4
E4
CC
1C
38
60
60
E0
E0
E0
E0
ENDCHAR
STARTCHAR E0A1
ENCODING 57505
SWIDTH 660 0
DWIDTH 11 0
BBX 5 16 3 -2
BITMAP
80
80
80
80
80
80
80
F0
48
48
68
68
78
58
58
48
ENDCHAR
STARTCHAR E0A2
ENCODING 57506
SWIDTH 660 0
DWIDTH 11 0
BBX 7 13 2 0
BITMAP
10
78
4C
4C
4C
7C
FE
CE
CE
EE
EE
EE
FE
ENDCHAR
STARTCHAR E0A3
ENCODING 57507
SWIDTH 660 0
DWIDTH 11 0
BBX 7 16 2 -2
BITMAP
F8
80
80
80
80
80
F8
F8
66
66
76
76
7E
6E
6E
66
ENDCHAR
STARTCHAR E0B0
ENCODING 57520
SWIDTH 660 0
DWIDTH 11 0
BBX 11 22 -1 -5
BITMAP
8000
C000
E000
F000
F800
FC00
FE00
FF00
FF80
FFC0
FFE0
FFE0
FFC0
FF80
FF00
FE00
FC00
F800
F000
E000
C000
8000
ENDCHAR
STARTCHAR E0B1
ENCODING 57521
SWIDTH 660 0
DWIDTH 11 0
BBX 10 20 0 -4
BITMAP
C000
6000
3000
1800
0C00
0600
0200
0100
0080
00C0
00C0
0180
0300
0200
0400
0800
1800
3000
6000
C000
ENDCHAR
STARTCHAR E0B2
ENCODING 57522
SWIDTH 660 0
DWIDTH 11 0
BBX 11 22 0 -5
BITMAP
0020
0060
00E0
01E0
03E0
07E0
0FE0
1FE0
3FE0
7FE0
FFE0
7FE0
3FE0
1FE0
0FE0
0FE0
07E0
03E0
01E0
00E0
0060
0020
ENDCHAR
STARTCHAR E0B3
ENCODING 57523
SWIDTH 660 0
DWIDTH 11 0
BBX 11 20 0 -4
BITMAP
0040
0080
0180
0300
0600
0C00
1800
3000
6000
C000
4000
6000
3000
1800
0C00
0600
0300
0180
00C0
0060
ENDCHAR
STARTCHAR E0B4
ENCODING 57524
SWIDTH 660 0
DWIDTH 11 0
BBX 12 22 -1 -5
BITMAP
E000
FC00
FE00
FF80
FFC0
FFC0
FFE0
FFE0
FFE0
FFF0
FFF0
FFF0
FFE0
FFE0
FFE0
FFE0
FFC0
FF80
FF00
FE00
FC00
E000
ENDCHAR
STARTCHAR E0B5
ENCODING 57525
SWIDTH 660 0
DWIDTH 11 0
BBX 11 22 0 -5
BITMAP
E000
1800
0C00
0600
0300
0180
0180
00C0
00C0
00C0
00E0
00E0
00C0
00C0
00C0
0180
0180
0300
0600
0C00
3000
C000
ENDCHAR
STARTCHAR E0B6
ENCODING 57526
SWIDTH 660 0
DWIDTH 11 0
BBX 11 22 0 -5
BITMAP
00E0
03E0
0FE0
1FE0
3FE0
7FE0
7FE0
FFE0
FFE0
FFE0
FFE0
FFE0
FFE0
FFE0
7FE0
7FE0
7FE0
3FE0
1FE0
0FE0
03E0
0060
ENDCHAR
STARTCHAR E0B7
ENCODING 57527
SWIDTH 660 0
DWIDTH 11 0
BBX 10 22 0 -5
BITMAP
00C0
0300
0E00
1800
3800
3000
6000
6000
C000
C000
C000
C000
C000
C000
6000
6000
3000
1800
1C00
0600
0300
00C0
ENDCHAR
STARTCHAR E0B8
ENCODING 57528
SWIDTH 660 0
DWIDTH 11 0
BBX 12 22 -1 -5
BITMAP
8000
C000
C000
E000
E000
F000
F000
F800
F800
FC00
FC00
FE00
FE00
FF00
FF00
FF80
FF80
FFC0
FFC0
FFE0
FFE0
FFF0
ENDCHAR
STARTCHAR E0B9
ENCODING 57529
SWIDTH 660 0
DWIDTH 11 0
BBX 11 22 0 -5
BITMAP
8000
8000
4000
4000
4000
2000
2000
1000
1000
0800
0800
0400
0400
0200
0200
0100
0100
0080
0080
0040
0040
0020
ENDCHAR
STARTCHAR E0BA
ENCODING 57530
SWIDTH 660 0
DWIDTH 11 0
BBX 11 22 0 -5
BITMAP
0020
0020
0060
0060
00E0
00E0
01E0
01E0
03E0
03E0
07E0
07E0
0FE0
0FE0
1FE0
1FE0
1FE0
3FE0
3FE0
7FE0
7FE0
FFE0
ENDCHAR
STARTCHAR E0BB
ENCODING 57531
SWIDTH 660 0
DWIDTH 11 0
BBX 11 22 0 -5
BITMAP
0020
0040
0040
0080
0080
0100
0100
0200
0200
0400
0400
0800
0800
1000
1000
2000
2000
4000
4000
8000
8000
8000
ENDCHAR
STARTCHAR E0BC
ENCODING 57532
SWIDTH 660 0
DWIDTH 11 0
BBX 11 22 -1 -5
BITMAP
FFE0
FFE0
FFC0
FFC0
FFC0
FF80
FF80
FF00
FF00
FE00
FE00
FC00
FC00
F800
F800
F000
F000
E000
E000
C000
C000
8000
ENDCHAR
STARTCHAR E0BD
ENCODING 57533
SWIDTH 660 0
DWIDTH 11 0
BBX 10 21 0 -4
BITMAP
0040
0040
0080
0080
0100
0100
0200
0200
0400
0400
0800
0800
1000
1000
2000
2000
4000
4000
8000
8000
8000
ENDCHAR
STARTCHAR E0BE
ENCODING 57534
SWIDTH 660 0
DWIDTH 11 0
BBX 11 22 0 -5
BITMAP
FFE0
7FE0
7FE0
3FE0
3FE0
1FE0
1FE0
0FE0
0FE0
07E0
07E0
07E0
03E0
03E0
01E0
01E0
00E0
00E0
0060
0060
0020
0020
ENDCHAR
STARTCHAR E0BF
ENCODING 57535
SWIDTH 660 0
DWIDTH 11 0
BBX 11 22 0 -5
BITMAP
8000
8000
4000
4000
4000
2000
2000
1000
1000
0800
0800
0400
0400
0200
0200
0100
0100
0080
0080
0040
0040
0020
ENDCHAR
STARTCHAR E0C0
ENCODING 57536
SWIDTH 660 0
DWIDTH 11 0
BBX 21 22 -1 -5
BITMAP
860000
D80000
F1E000
E38000
FF0780
FF8FE0
FFFFF8
FFFE00
FFF800
FFFC00
FFF200
FFE000
FFF000
FFFC00
FF8F80
FF8000
F9C000
F02000
FC0000
FE0000
E00000
C00000
ENDCHAR
STARTCHAR E0C1
ENCODING 57537
SWIDTH 660 0
DWIDTH 11 0
BBX 21 22 0 -5
BITMAP
0C0000
D40000
7BE000
2CC000
310F00
0110C0
00E1F8
0006E0
000800
001E00
001C00
002000
003000
006F80
01BE00
058000
1FE000
280000
1E0000
3C0000
400000
800000
ENDCHAR
STARTCHAR E0C2
ENCODING 57538
SWIDTH 660 0
DWIDTH 11 0
BBX 21 22 1 -5
BITMAP
000108
0000D8
003C78
000F38
0F07F8
1F87F8
FFFFF8
01FFF8
00FFF8
01FFF8
027FF8
003FF8
007FF8
09FFF8
078FF8
000FF8
001CF8
002078
0000F8
0003F8
000038
000018
ENDCHAR
STARTCHAR E0C3
ENCODING 57539
SWIDTH 660 0
DWIDTH 11 0
BBX 20 22 1 -5
BITMAP
000310
0001B0
007D60
0032C0
0F09C0
308800
F87800
760000
010000
078000
03C000
006000
00C000
0F7000
03C800
001B00
007E80
000180
000740
0001C0
000020
000010
ENDCHAR
STARTCHAR E0C4
ENCODING 57540
SWIDTH 660 0
DWIDTH 11 0
BBX 18 20 0 -4
BITMAP
D7ADC0
000080
D78DC0
D78D40
D7E080
D7A000
D66000
D62000
D7BC00
D7B400
D7A800
D7A000
D06700
D06500
D79E00
D79400
D60800
D60000
000000
D18000
ENDCHAR
STARTCHAR E0C5
ENCODING 57541
SWIDTH 660 0
DWIDTH 11 0
BBX 18 20 3 -4
BITMAP
C5EAC0
004000
C46AC0
C46AC0
03EAC0
01EAC0
028AC0
018AC0
0DEAC0
0DEAC0
01EAC0
01EAC0
3282C0
3282C0
0DEAC0
0CAAC0
004AC0
000AC0
000000
00E2C0
ENDCHAR
STARTCHAR E0C6
ENCODING 57542
SWIDTH 660 0
DWIDTH 11 0
BBX 16 20 0 -4
BITMAP
EFF8
EE68
0190
EDB8
EDA8
0010
EFC7
EE45
0183
E180
E180
0018
EC28
EC28
01D0
EE40
EE40
0183
EC05
EC07
ENDCHAR
STARTCHAR E0C7
ENCODING 57543
SWIDTH 660 0
DWIDTH 11 0
BBX 16 20 5 -4
BITMAP
1FB3
16B3
0900
3DB3
25B3
1800
E3B3
A2B3
E100
0183
0183
1C00
1433
1433
0980
02B3
02B3
E100
A033
E033
ENDCHAR
STARTCHAR E0C8
ENCODING 57544
SWIDTH 660 0
DWIDTH 11 0
BBX 22 22 -1 -5
BITMAP
E00000
FF0000
FE0000
FFFE00
FE0000
FC0000
FFF000
FC0000
F00000
FC0000
FF0000
FFC000
FFC000
FFFFFC
FFE000
F80000
FFC000
FC0000
FFF000
F80000
FC0000
C00000
ENDCHAR
STARTCHAR E0CA
ENCODING 57546
SWIDTH 660 0
DWIDTH 11 0
BBX 22 22 0 -5
BITMAP
00001C
0003FC
0001FC
01FFFC
0001FC
0000FC
003FFC
0000FC
00003C
00007C
0001FC
000FFC
000FFC
FFFFFC
000FFC
00007C
000FFC
0000FC
003FFC
00007C
00007C
00008C
ENDCHAR
STARTCHAR E0CC
ENCODING 57548
SWIDTH 660 0
DWIDTH 11 0
BBX 18 22 0 -5
BITMAP
F80000
FC0000
FC0000
FE0000
FE0000
FE0000
FC0000
FC3F00
F87F00
007F80
00FFC0
00FFC0
007F80
F87F80
FC3F00
FC0000
FE0000
FE0000
FE0000
FC0000
F80000
F80000
ENDCHAR
STARTCHAR E0CD
ENCODING 57549
SWIDTH 660 0
DWIDTH 11 0
BBX 18 22 0 -5
BITMAP
F80000
840000
820000
820000
810000
820000
820000
843F00
844080
788080
008040
008040
008080
FC4080
844100
823F00
820000
810000
820000
840000
840000
F80000
ENDCHAR
STARTCHAR E0CE
ENCODING 57550
SWIDTH 660 0
DWIDTH 11 0
BBX 21 20 0 -4
BITMAP
07F800
0FF900
0FF200
1FE6C0
1FE6C0
3FCEC0
7FCEE0
7F9A50
FF9798
003798
003798
FF9798
7F9A50
7FCEE0
3FCEC0
1FE6C0
1FF6C0
0FF380
0FF900
07F800
ENDCHAR
STARTCHAR E0CF
ENCODING 57551
SWIDTH 660 0
DWIDTH 11 0
BBX 18 19 0 -4
BITMAP
00E000
01F000
060800
3F1F00
1FEE80
C1E0C0
3FFF00
8E0E40
C318C0
F1E3C0
FC07C0
FE1FC0
FF3FC0
FF3FC0
FF3FC0
7F3F80
1F3F00
073C00
033000
ENDCHAR
STARTCHAR E0D0
ENCODING 57552
SWIDTH 660 0
DWIDTH 11 0
BBX 14 16 0 -2
BITMAP
3020
C8D8
850C
8504
848C
4C94
3878
1000
0000
7070
8D88
850C
850C
8C8C
5458
3830
ENDCHAR
STARTCHAR E0D1
ENCODING 57553
SWIDTH 660 0
DWIDTH 11 0
BBX 15 20 0 -4
BITMAP
FFE0
FFE0
FFFE
FFE2
FFFE
FFFE
FFFE
FFFE
FFE0
FFE0
FFE0
FFFE
FFE2
FFFE
FFFE
FFFE
FFFE
FFE0
FFE0
FFE0
ENDCHAR
STARTCHAR E0D2
ENCODING 57554
SWIDTH 660 0
DWIDTH 11 0
BBX 10 22 0 -5
BITMAP
FFC0
FF80
FF80
FF00
FE00
FC00
FC00
F800
F000
F000
0000
0000
F000
F000
F800
FC00
FE00
FE00
FF00
FF80
FFC0
FFC0
ENDCHAR
STARTCHAR E0D4
ENCODING 57556
SWIDTH 660 0
DWIDTH 11 0
BBX 11 22 0 -5
BITMAP
FFE0
7FE0
3FE0
1FE0
1FE0
0FE0
07E0
03E0
03E0
01E0
0000
0000
01E0
03E0
07E0
07E0
0FE0
1FE0
3FE0
3FE0
7FE0
FFE0
ENDCHAR
STARTCHAR E0D6
ENCODING 57558
SWIDTH 660 0
DWIDTH 11 0
BBX 11 22 -1 -5
BITMAP
FFE0
FFC0
FF80
FF00
FE00
FC00
F800
F000
E000
C000
C000
C000
E000
F000
F800
FC00
FE00
FF00
FF00
FF80
FFC0
FFE0
ENDCHAR
STARTCHAR E0D7
ENCODING 57559
SWIDTH 660 0
DWIDTH 11 0
BBX 11 22 0 -5
BITMAP
FFE0
7FE0
3FE0
1FE0
0FE0
07E0
03E0
01E0
00E0
0060
0020
0020
0060
00E0
01E0
03E0
07E0
0FE0
1FE0
3FE0
7FE0
FFE0
ENDCHAR
STARTCHAR E200
ENCODING 57856
SWIDTH 660 0
DWIDTH 11 0
BBX 9 16 1 -2
BITMAP
0300
0780
0F80
1F00
3E00
7C00
F800
F000
F000
7800
3C00
1E00
0F00
0780
0380
0300
ENDCHAR
STARTCHAR E201
ENCODING 57857
SWIDTH 660 0
DWIDTH 11 0
BBX 16 14 0 -1
BITMAP
03C0
07E0
07F0
0FFC
1FFE
3FFF
7FFF
FFFF
FFFE
0020
0000
0020
0000
0080
ENDCHAR
STARTCHAR E202
ENCODING 57858
SWIDTH 660 0
DWIDTH 11 0
BBX 5 16 3 -2
BITMAP
60
60
60
70
F0
F8
F8
F8
F8
F8
F8
F0
F0
F8
F8
F0
ENDCHAR
STARTCHAR E203
ENCODING 57859
SWIDTH 660 0
DWIDTH 11 0
BBX 16 8 0 2
BITMAP
3FFC
3FFC
3FFC
DFFB
FFFF
FFF7
FFFF
FFFF
ENDCHAR
STARTCHAR E204
ENCODING 57860
SWIDTH 660 0
DWIDTH 11 0
BBX 16 16 0 -2
BITMAP
0080
0280
0580
0900
0000
0000
FFFF
FFFF
FFFE
7FFE
3FFC
1FF8
0FF0
0180
FFFF
FFFF
ENDCHAR
STARTCHAR E205
ENCODING 57861
SWIDTH 660 0
DWIDTH 11 0
BBX 14 16 0 -2
BITMAP
E000
F000
F000
7000
0800
0800
0800
0600
0100
0080
0080
0060
0010
0010
0010
000C
ENDCHAR
STARTCHAR E206
ENCODING 57862
SWIDTH 660 0
DWIDTH 11 0
BBX 16 16 0 -2
BITMAP
07A0
1C18
3004
6002
4002
C001
8001
8001
8001
8001
8003
4002
4004
200C
1030
0DE0
ENDCHAR
STARTCHAR E207
ENCODING 57863
SWIDTH 660 0
DWIDTH 11 0
BBX 13 16 0 -2
BITMAP
03E0
07F0
6FF0
7FF8
3FF8
0FF8
07F8
07F0
07F0
07F0
0FE0
FFC0
FF80
C000
C000
4000
ENDCHAR
STARTCHAR E208
ENCODING 57864
SWIDTH 660 0
DWIDTH 11 0
BBX 15 15 0 -2
BITMAP
0380
07C0
0FE0
0FFC
3FFC
7FFE
FFFE
FFFC
0000
0300
0780
0700
0200
0400
0400
ENDCHAR
STARTCHAR E209
ENCODING 57865
SWIDTH 660 0
DWIDTH 11 0
BBX 16 16 0 -2
BITMAP
7000
D800
9F00
9FC0
FFF8
0FFC
03DE
039F
0198
01E0
0170
0350
0258
0648
044C
0040
ENDCHAR
STARTCHAR E20A
ENCODING 57866
SWIDTH 660 0
DWIDTH 11 0
BBX 5 16 3 -2
BITMAP
60
90
90
90
90
90
B0
B0
B0
B0
B0
B0
F8
F8
E8
70
ENDCHAR
STARTCHAR E20B
ENCODING 57867
SWIDTH 660 0
DWIDTH 11 0
BBX 5 16 3 -2
BITMAP
60
90
B0
B0
B0
B0
B0
B0
B0
B0
B0
B0
F8
F8
E8
70
ENDCHAR
STARTCHAR E20C
ENCODING 57868
SWIDTH 660 0
DWIDTH 11 0
BBX 5 16 3 -2
BITMAP
70
90
90
90
90
90
90
90
90
B0
B0
B0
F8
F8
E8
70
ENDCHAR
STARTCHAR E20D
ENCODING 57869
SWIDTH 660 0
DWIDTH 11 0
BBX 16 16 0 -2
BITMAP
C003
E007
700E
381C
1C38
0E70
07E0
03C0
03C0
07E0
0E70
1C38
381C
700E
E007
C003
ENDCHAR
STARTCHAR E20E
ENCODING 57870
SWIDTH 660 0
DWIDTH 11 0
BBX 13 16 0 -2
BITMAP
1FC0
1FC0
1FC0
1FC0
1FC0
1FC0
0000
FFF8
FFF8
7FE0
3FE0
1FC0
0F80
0F80
1FC0
1FC0
ENDCHAR
STARTCHAR E20F
ENCODING 57871
SWIDTH 660 0
DWIDTH 11 0
BBX 16 16 0 -2
BITMAP
1C03
0E06
060E
861C
CF30
FFA0
7FC0
0FE0
07F0
0BF8
1DFC
3EFE
7C7F
F83F
F01F
6006
ENDCHAR
STARTCHAR E210
ENCODING 57872
SWIDTH 660 0
DWIDTH 11 0
BBX 13 16 0 -2
BITMAP
38E0
7FF0
7FF0
FFF8
FFF8
FFF8
FFF8
7FF0
7FF0
7DF0
78F0
7070
7070
3070
3060
1040
ENDCHAR
STARTCHAR E211
ENCODING 57873
SWIDTH 660 0
DWIDTH 11 0
BBX 16 12 0 0
BITMAP
7B9E
87E1
E667
7E5E
73CE
0380
0180
0280
0280
0280
0280
0180
ENDCHAR
STARTCHAR E212
ENCODING 57874
SWIDTH 660 0
DWIDTH 11 0
BBX 16 15 0 -2
BITMAP
FFFF
FFFF
FFFF
FFFF
FF77
AA23
C32F
C32F
D223
FF77
FFFF
FFFF
FFFF
3FFC
07E0
ENDCHAR
STARTCHAR E213
ENCODING 57875
SWIDTH 660 0
DWIDTH 11 0
BBX 8 16 1 -2
BITMAP
18
18
00
18
3C
7C
FF
B9
B8
38
3C
2C
64
66
C6
C2
ENDCHAR
STARTCHAR E214
ENCODING 57876
SWIDTH 660 0
DWIDTH 11 0
BBX 14 14 1 -1
BITMAP
0300
4FC8
3FF0
3FF0
7FF0
7FF8
FFFC
FFFC
7FF8
7FF0
3FF0
3FF0
4788
0300
ENDCHAR
STARTCHAR E215
ENCODING 57877
SWIDTH 660 0
DWIDTH 11 0
BBX 16 16 0 -2
BITMAP
03C0
0FF0
3FF8
7FFC
7FEE
FF0E
FC5F
E19F
F21F
FC1F
FD1E
7FBE
3FFC
3FF8
0FF0
0180
ENDCHAR
STARTCHAR E216
ENCODING 57878
SWIDTH 660 0
DWIDTH 11 0
BBX 10 16 0 -2
BITMAP
00C0
00C0
01C0
0380
0380
0700
0600
0E00
0C00
1C00
1800
3800
7000
7000
E000
4000
ENDCHAR
STARTCHAR E217
ENCODING 57879
SWIDTH 660 0
DWIDTH 11 0
BBX 16 14 0 -1
BITMAP
0003
000F
007E
01F6
0FDE
7FBE
FE7E
38FE
11FC
0BFC
0BFC
0B7C
063C
0008
ENDCHAR
STARTCHAR E218
ENCODING 57880
SWIDTH 660 0
DWIDTH 11 0
BBX 16 12 0 0
BITMAP
3E78
FFFF
FFFF
FFFE
7FFE
1FF0
1FF0
1FF0
1FF0
1FF0
1FF0
1FF0
ENDCHAR
STARTCHAR E219
ENCODING 57881
SWIDTH 660 0
DWIDTH 11 0
BBX 16 9 0 2
BITMAP
0200
3F00
7FF0
4F6C
BFB2
FDDB
7F6B
FEFF
FFF3
ENDCHAR
STARTCHAR E21A
ENCODING 57882
SWIDTH 660 0
DWIDTH 11 0
BBX 15 16 0 -2
BITMAP
1800
D800
6C00
3C00
3600
1A00
0D00
0700
0380
01C0
00BC
01DE
03AC
015E
07FC
0100
ENDCHAR
STARTCHAR E21B
ENCODING 57883
SWIDTH 660 0
DWIDTH 11 0
BBX 16 16 0 -2
BITMAP
8000
C000
E000
F000
7800
3C00
FE00
3F00
EF80
E7C0
23E0
E1F0
E0F8
3FFC
FFFE
FFFF
ENDCHAR
STARTCHAR E21C
ENCODING 57884
SWIDTH 660 0
DWIDTH 11 0
BBX 14 16 0 -2
BITMAP
0780
1FC0
3FE0
3FF8
3FFC
BFFC
BFFC
FFFC
DFF8
6FF0
3800
0700
0700
0700
0700
0700
ENDCHAR
STARTCHAR E21D
ENCODING 57885
SWIDTH 660 0
DWIDTH 11 0
BBX 16 14 0 -1
BITMAP
0200
0600
3FC0
3040
6030
43F0
47E0
4FF0
EFFE
3FFF
7FFF
FFFF
FFFE
3FF8
ENDCHAR
STARTCHAR E21E
ENCODING 57886
SWIDTH 660 0
DWIDTH 11 0
BBX 16 13 0 -1
BITMAP
1FF8
3198
2A54
4E72
FFFF
C422
6426
342C
1258
0A50
0560
03C0
0180
ENDCHAR
STARTCHAR E21F
ENCODING 57887
SWIDTH 660 0
DWIDTH 11 0
BBX 16 16 0 -2
BITMAP
0018
001C
006E
00BF
00FE
037C
05F8
07F0
1BE0
2FC0
3F80
DF00
FE00
7C00
3800
1000
ENDCHAR
STARTCHAR E220
ENCODING 57888
SWIDTH 660 0
DWIDTH 11 0
BBX 16 15 0 -1
BITMAP
07E0
1FF8
3FFC
7FFC
7FFE
CFF2
05A1
0180
0180
0180
0180
0180
1100
1F00
0400
ENDCHAR
STARTCHAR E221
ENCODING 57889
SWIDTH 660 0
DWIDTH 11 0
BBX 8 16 1 -2
BITMAP
3C
6F
CF
DF
DF
DF
DF
FF
C1
C1
C1
C1
C1
43
7E
3C
ENDCHAR
STARTCHAR E222
ENCODING 57890
SWIDTH 660 0
DWIDTH 11 0
BBX 11 16 0 -2
BITMAP
0600
0E00
0E00
0F00
3F00
7700
E380
C300
C000
C000
C000
63E0
7FC0
1F00
3F80
3FC0
ENDCHAR
STARTCHAR E223
ENCODING 57891
SWIDTH 660 0
DWIDTH 11 0
BBX 7 16 2 -2
BITMAP
10
10
30
78
7C
FE
FC
7C
7C
1C
7C
1C
7C
7C
7C
7C
ENDCHAR
STARTCHAR E224
ENCODING 57892
SWIDTH 660 0
DWIDTH 11 0
BBX 16 4 0 4
BITMAP
FFFF
FFFF
FFFF
FFFF
ENDCHAR
STARTCHAR E225
ENCODING 57893
SWIDTH 660 0
DWIDTH 11 0
BBX 16 14 0 -1
BITMAP
03C0
03C0
03C0
0180
0180
0180
03C0
07E0
07E0
07E0
7FFE
F00F
F00F
E007
ENDCHAR
STARTCHAR E226
ENCODING 57894
SWIDTH 660 0
DWIDTH 11 0
BBX 16 12 0 0
BITMAP
1800
7000
5000
93C0
97E0
8FF0
8FFE
5FFF
7FFF
FFFF
FFFE
FFFC
ENDCHAR
STARTCHAR E227
ENCODING 57895
SWIDTH 660 0
DWIDTH 11 0
BBX 15 16 0 -2
BITMAP
0FE0
3FF8
7FFC
7FFE
FFFE
FFFE
FFFE
7FFC
0380
03C0
03C0
07C0
0FE0
0FE0
0FE0
07C0
ENDCHAR
STARTCHAR E228
ENCODING 57896
SWIDTH 660 0
DWIDTH 11 0
BBX 15 4 0 4
BITMAP
0EF0
1FF8
FFFE
7C7C
ENDCHAR
STARTCHAR E229
ENCODING 57897
SWIDTH 660 0
DWIDTH 11 0
BBX 15 8 0 2
BITMAP
0070
0028
0024
0014
3402
B178
FAD0
0620
ENDCHAR
STARTCHAR E22A
ENCODING 57898
SWIDTH 660 0
DWIDTH 11 0
BBX 16 4 0 4
BITMAP
7FFE
D209
B1FD
7FFE
ENDCHAR
STARTCHAR E22B
ENCODING 57899
SWIDTH 660 0
DWIDTH 11 0
BBX 16 16 0 -2
BITMAP
07E0
1FF8
399C
719E
7FFE
CFF7
CFE3
CFF3
FFFF
FFFE
FFFC
7F80
7F80
3F80
0F80
0380
ENDCHAR
STARTCHAR E22C
ENCODING 57900
SWIDTH 660 0
DWIDTH 11 0
BBX 16 15 0 -2
BITMAP
0FFE
3FFF
7FFF
FFFE
0670
0660
0660
0660
0E60
0E60
0E60
1E71
1E73
1E7F
1C3E
ENDCHAR
STARTCHAR E22D
ENCODING 57901
SWIDTH 660 0
DWIDTH 11 0
BBX 16 16 0 -2
BITMAP
0E00
0F80
09E0
0870
0938
1018
106C
1866
3866
3803
4183
449F
5EE0
9F00
B800
C000
ENDCHAR
STARTCHAR E22E
ENCODING 57902
SWIDTH 660 0
DWIDTH 11 0
BBX 16 10 0 1
BITMAP
0380
07E0
0FFE
3FF3
5FF7
DFBE
FFF8
7FE0
01E0
0380
ENDCHAR
STARTCHAR E22F
ENCODING 57903
SWIDTH 660 0
DWIDTH 11 0
BBX 16 16 0 -2
BITMAP
E000
FC00
FE00
7E07
771F
7F3E
3B36
1B3E
016C
01C0
01C0
0080
0080
0080
0080
0080
ENDCHAR
STARTCHAR E230
ENCODING 57904
SWIDTH 660 0
DWIDTH 11 0
BBX 16 12 0 0
BITMAP
0380
03E0
0370
0330
0330
0330
0330
1B38
7B77
CB1E
3B78
0140
ENDCHAR
STARTCHAR E231
ENCODING 57905
SWIDTH 660 0
DWIDTH 11 0
BBX 14 16 0 -2
BITMAP
0780
0FE0
1FE0
1FF0
37B0
1310
17B0
1CE0
5FEC
47CC
F03C
0FE4
0FC0
F87C
400C
400C
ENDCHAR
STARTCHAR E232
ENCODING 57906
SWIDTH 660 0
DWIDTH 11 0
BBX 16 14 0 -1
BITMAP
0780
1FE0
3FF0
7FF8
7FF8
7FF8
1FF0
1FE3
D332
DEE0
1FE4
1FE6
1FE0
1FE0
ENDCHAR
STARTCHAR E233
ENCODING 57907
SWIDTH 660 0
DWIDTH 11 0
BBX 7 16 2 -2
BITMAP
78
7C
FC
FE
FE
FE
FE
FE
FE
FC
00
30
30
30
30
30
ENDCHAR
STARTCHAR E234
ENCODING 57908
SWIDTH 660 0
DWIDTH 11 0
BBX 16 12 0 1
BITMAP
0180
0180
0190
1AB0
1AB8
FAAF
0AE0
0EE0
0460
0460
0040
0040
ENDCHAR
STARTCHAR E235
ENCODING 57909
SWIDTH 660 0
DWIDTH 11 0
BBX 16 16 0 -2
BITMAP
07E0
0BF0
0BF0
0FF0
7FFE
FFFE
FFEF
FFDF
F7FF
FFFE
FFFE
7FFC
0FF0
0F90
0FA0
03C0
ENDCHAR
STARTCHAR E236
ENCODING 57910
SWIDTH 660 0
DWIDTH 11 0
BBX 16 16 0 -2
BITMAP
07E0
1FF8
3FFC
7C3E
799E
F3CF
F3C7
F3E7
F3E7
F34F
F90F
781E
7F8E
3FFC
1FF8
07E0
ENDCHAR
STARTCHAR E237
ENCODING 57911
SWIDTH 660 0
DWIDTH 11 0
BBX 16 16 0 -2
BITMAP
7FFE
FFFF
FFFF
FFFF
F83F
F39F
F3CF
F3CF
F3CF
F3CF
F31F
F83F
FF9F
FFFF
FFFF
7FFE
ENDCHAR
STARTCHAR E238
ENCODING 57912
SWIDTH 660 0
DWIDTH 11 0
BBX 16 14 0 -1
BITMAP
1818
381C
7C3E
7C3E
F9BF
FBDF
03C0
03C0
0180
03C0
03C0
07E0
0FE0
0FF0
ENDCHAR
STARTCHAR E239
ENCODING 57913
SWIDTH 660 0
DWIDTH 11 0
BBX 16 14 0 -1
BITMAP
03C0
07E0
07F0
0FFE
1FFF
3FFF
FFFF
FFFF
FFFC
0000
1480
1B50
2D60
2100
ENDCHAR
STARTCHAR E23A
ENCODING 57914
SWIDTH 660 0
DWIDTH 11 0
BBX 11 16 0 -2
BITMAP
0600
3680
3780
3580
7F80
5FC0
F7C0
FBA0
FBA0
FCE0
FDC0
7EC0
7F40
3F80
1F00
0600
ENDCHAR
STARTCHAR E23B
ENCODING 57915
SWIDTH 660 0
DWIDTH 11 0
BBX 7 16 2 -2
BITMAP
FE
FE
FE
FE
FE
FE
FE
FE
FE
FE
FE
FE
FE
FE
FE
7C
ENDCHAR
STARTCHAR E23C
ENCODING 57916
SWIDTH 660 0
DWIDTH 11 0
BBX 16 16 0 -2
BITMAP
3FFF
3FFF
FFF9
FFF9
8009
8009
8009
8009
8009
8009
8009
8009
8009
8007
8008
FFF8
ENDCHAR
STARTCHAR E23D
ENCODING 57917
SWIDTH 660 0
DWIDTH 11 0
BBX 13 16 0 -2
BITMAP
0F80
0FC0
0F80
1F40
3370
6010
4018
C008
8008
8008
C008
C018
6018
3030
1FE0
0F80
ENDCHAR
STARTCHAR E23E
ENCODING 57918
SWIDTH 660 0
DWIDTH 11 0
BBX 16 13 0 -1
BITMAP
1E78
2C30
2D94
6BD6
F3E7
0000
77EE
3BEC
1BD8
09D0
0D90
05A0
0080
ENDCHAR
STARTCHAR E23F
ENCODING 57919
SWIDTH 660 0
DWIDTH 11 0
BBX 13 16 0 -2
BITMAP
0F80
3260
5DC0
2F20
50D0
AFA0
56B0
E968
6B68
D5A8
2AB0
D3A0
2550
5960
3C80
0200
ENDCHAR
STARTCHAR E240
ENCODING 57920
SWIDTH 660 0
DWIDTH 11 0
BBX 16 16 0 -2
BITMAP
FFF8
C19C
C19C
C19E
C19F
C01F
E01F
FFFF
FFFF
FFFF
C007
C007
C007
C007
C007
FFFF
ENDCHAR
STARTCHAR E241
ENCODING 57921
SWIDTH 660 0
DWIDTH 11 0
BBX 15 16 0 -2
BITMAP
0030
0038
003C
387E
787C
F87C
FC7C
FC3C
7878
7878
3C70
3C70
1E70
1E00
0E00
0C00
ENDCHAR
STARTCHAR E242
ENCODING 57922
SWIDTH 660 0
DWIDTH 11 0
BBX 16 11 0 0
BITMAP
2000
6104
4102
81C1
83E1
83E1
8621
8241
4002
4002
2FF4
ENDCHAR
STARTCHAR E243
ENCODING 57923
SWIDTH 660 0
DWIDTH 11 0
BBX 16 4 0 4
BITMAP
1FF8
FFFD
AFF3
1FFC
ENDCHAR
STARTCHAR E244
ENCODING 57924
SWIDTH 660 0
DWIDTH 11 0
BBX 16 16 0 -2
BITMAP
3FFF
3003
FFFD
800D
8005
8005
80C5
80C5
8005
8005
80E5
9FE5
BFF5
BFF7
C00C
FFF8
ENDCHAR
STARTCHAR E245
ENCODING 57925
SWIDTH 660 0
DWIDTH 11 0
BBX 16 8 0 2
BITMAP
0E70
300C
6006
FFFF
C3C2
4242
4242
3C3C
ENDCHAR
STARTCHAR E246
ENCODING 57926
SWIDTH 660 0
DWIDTH 11 0
BBX 16 14 0 -1
BITMAP
07E0
05E0
0FF0
1EF8
1FF8
3E7C
3C7C
7C3E
F81F
F81F
77FE
7FFE
3FFC
1FF8
ENDCHAR
STARTCHAR E247
ENCODING 57927
SWIDTH 660 0
DWIDTH 11 0
BBX 15 16 0 -2
BITMAP
8000
F000
EC00
F700
FBC0
FDE0
FED8
FF3E
FF3E
FED8
FDE0
FB80
F600
E800
F000
8000
ENDCHAR
STARTCHAR E248
ENCODING 57928
SWIDTH 660 0
DWIDTH 11 0
BBX 16 16 0 -2
BITMAP
0180
0180
0180
07E0
0810
1188
13C8
F7EF
F7EE
13C8
1198
0830
07E0
0180
0180
0100
ENDCHAR
STARTCHAR E249
ENCODING 57929
SWIDTH 660 0
DWIDTH 11 0
BBX 16 16 0 -2
BITMAP
07E0
1F70
3FDC
7F6C
7F76
FE3E
FC8F
F82F
F227
F4FB
FCFE
7DFE
79FC
33F8
1FF0
03C0
ENDCHAR
STARTCHAR E24A
ENCODING 57930
SWIDTH 660 0
DWIDTH 11 0
BBX 6 16 2 -2
BITMAP
10
10
00
10
10
10
10
10
7C
5C
48
6C
FC
FC
4C
38
ENDCHAR
STARTCHAR E24B
ENCODING 57931
SWIDTH 660 0
DWIDTH 11 0
BBX 14 16 0 -2
BITMAP
F01C
FDFC
F7FC
E7FC
E008
E01C
E00C
E01C
100C
001C
003C
0178
03F0
01C0
0100
0100
ENDCHAR
STARTCHAR E24C
ENCODING 57932
SWIDTH 660 0
DWIDTH 11 0
BBX 16 10 0 1
BITMAP
300C
B00C
F00F
F00F
FFFF
FFFF
F00F
F00F
300C
300C
ENDCHAR
STARTCHAR E24D
ENCODING 57933
SWIDTH 660 0
DWIDTH 11 0
BBX 16 12 0 0
BITMAP
0FF0
3FF8
3FFC
7FFE
7FFE
7FFE
FFFF
FFFE
FFFF
7FFE
7FFE
7FFE
ENDCHAR
STARTCHAR E24E
ENCODING 57934
SWIDTH 660 0
DWIDTH 11 0
BBX 15 4 0 4
BITMAP
07C0
07E0
77FE
FFFE
ENDCHAR
STARTCHAR E24F
ENCODING 57935
SWIDTH 660 0
DWIDTH 11 0
BBX 14 16 0 -2
BITMAP
0380
0FC0
3FF0
FFFC
FFFC
FFFC
FFFC
FFFC
FFFC
FFFC
FFFC
FFFC
7FFC
3FF0
0FC0
0380
ENDCHAR
STARTCHAR E250
ENCODING 57936
SWIDTH 660 0
DWIDTH 11 0
BBX 16 14 0 -1
BITMAP
4000
E000
F000
F800
FC00
7F00
6780
43FC
43FF
41FF
41FE
41FE
40FE
00FC
ENDCHAR
STARTCHAR E251
ENCODING 57937
SWIDTH 660 0
DWIDTH 11 0
BBX 16 16 0 -2
BITMAP
6000
FE00
C900
EC80
B640
9120
4D90
46C8
22E4
1132
08CA
046E
0236
0113
00CF
0036
ENDCHAR
STARTCHAR E252
ENCODING 57938
SWIDTH 660 0
DWIDTH 11 0
BBX 8 16 1 -2
BITMAP
0C
1C
0C
3E
5E
FF
FF
00
3E
3E
3C
1C
1C
18
08
08
ENDCHAR
STARTCHAR E253
ENCODING 57939
SWIDTH 660 0
DWIDTH 11 0
BBX 16 10 0 1
BITMAP
FFFF
9249
BA49
93FF
FE01
FFFF
FE01
FFFF
FE01
FFFF
ENDCHAR
STARTCHAR E254
ENCODING 57940
SWIDTH 660 0
DWIDTH 11 0
BBX 16 6 0 3
BITMAP
FEEC
FEFE
FEFF
FEFF
FEFF
FAFF
ENDCHAR
STARTCHAR E255
ENCODING 57941
SWIDTH 660 0
DWIDTH 11 0
BBX 16 8 0 2
BITMAP
3818
6C36
C243
8181
8181
C243
7C3E
1018
ENDCHAR
STARTCHAR E256
ENCODING 57942
SWIDTH 660 0
DWIDTH 11 0
BBX 12 15 0 -1
BITMAP
0100
0100
0200
0500
0A00
0A00
0900
0000
6090
3F10
1F20
1000
0F00
C040
3FE0
ENDCHAR
STARTCHAR E257
ENCODING 57943
SWIDTH 660 0
DWIDTH 11 0
BBX 15 12 0 0
BITMAP
03C0
0FF0
7FFE
FFFE
1FF8
47C2
F00E
1C70
C3C2
381C
0E70
0380
ENDCHAR
STARTCHAR E258
ENCODING 57944
SWIDTH 660 0
DWIDTH 11 0
BBX 16 10 0 1
BITMAP
0FF0
1778
3FFC
7FFE
F81F
3C3E
CFFF
7FFE
3FFC
0FF0
ENDCHAR
STARTCHAR E259
ENCODING 57945
SWIDTH 660 0
DWIDTH 11 0
BBX 5 16 3 -2
BITMAP
30
70
70
70
70
70
F8
F8
F8
F8
F8
F8
F8
F8
F8
F8
ENDCHAR
STARTCHAR E25A
ENCODING 57946
SWIDTH 660 0
DWIDTH 11 0
BBX 16 10 0 1
BITMAP
3FBE
7FFF
FFDE
FFDC
FFD8
FFC0
FF80
FC00
E000
4000
ENDCHAR
STARTCHAR E25B
ENCODING 57947
SWIDTH 660 0
DWIDTH 11 0
BBX 16 14 0 0
BITMAP
0180
0180
0DF0
1FF8
3FFC
7FFE
7E7E
FE7F
FE7F
FE7F
FE7F
FE7F
FC3F
F00F
ENDCHAR
STARTCHAR E25C
ENCODING 57948
SWIDTH 660 0
DWIDTH 11 0
BBX 7 16 2 -2
BITMAP
60
E4
E0
64
64
64
66
66
66
62
62
62
62
62
62
40
ENDCHAR
STARTCHAR E25D
ENCODING 57949
SWIDTH 660 0
DWIDTH 11 0
BBX 16 16 0 -2
BITMAP
FFFF
FFFF
FFFF
8001
8001
8001
8001
8001
8001
8001
8001
8001
8001
8001
8001
FFFF
ENDCHAR
STARTCHAR E25E
ENCODING 57950
SWIDTH 660 0
DWIDTH 11 0
BBX 16 12 0 0
BITMAP
FFFE
FFFD
FFFF
FFE1
FFFF
FFF7
FFEF
FFFF
FFFF
FFFF
FFFE
FFFC
ENDCHAR
STARTCHAR E25F
ENCODING 57951
SWIDTH 660 0
DWIDTH 11 0
BBX 8 16 1 -2
BITMAP
1C
7C
7E
7F
F7
F0
F8
FC
FE
7C
7C
7E
7E
FE
FE
FE
ENDCHAR
STARTCHAR E260
ENCODING 57952
SWIDTH 660 0
DWIDTH 11 0
BBX 5 16 3 -2
BITMAP
60
20
60
F8
70
60
60
70
60
60
70
70
F8
F8
F8
F8
ENDCHAR
STARTCHAR E261
ENCODING 57953
SWIDTH 660 0
DWIDTH 11 0
BBX 7 16 2 -2
BITMAP
38
78
78
38
7C
7C
38
38
38
78
7C
7C
FE
FE
FE
FE
ENDCHAR
STARTCHAR E262
ENCODING 57954
SWIDTH 660 0
DWIDTH 11 0
BBX 6 16 2 -2
BITMAP
30
10
7C
78
38
38
78
30
30
38
38
78
7C
FC
FC
FC
ENDCHAR
STARTCHAR E263
ENCODING 57955
SWIDTH 660 0
DWIDTH 11 0
BBX 9 16 1 -2
BITMAP
5B00
7F00
7E00
7E00
3E00
3E00
3E00
3E00
3E00
3E00
7F00
7F00
FF00
FF80
FF00
FF00
ENDCHAR
STARTCHAR E264
ENCODING 57956
SWIDTH 660 0
DWIDTH 11 0
BBX 16 12 0 1
BITMAP
0038
0038
0630
3BF8
FFFE
E3CE
FFCF
BBFF
1BFF
3FFE
7FFE
7FCE
ENDCHAR
STARTCHAR E265
ENCODING 57957
SWIDTH 660 0
DWIDTH 11 0
BBX 11 16 0 -2
BITMAP
0060
0060
00C0
00C0
0680
0E60
0FE0
0FE0
0FC0
0FC0
1F80
1F00
3F00
7C00
F800
E000
ENDCHAR
STARTCHAR E266
ENCODING 57958
SWIDTH 660 0
DWIDTH 11 0
BBX 16 14 0 -1
BITMAP
0FF0
EFF7
EFF7
0FF0
EFF6
EFF7
0FF0
EFF6
EFF7
0FF0
6FF6
EFF7
6FF6
0FF0
ENDCHAR
STARTCHAR E267
ENCODING 57959
SWIDTH 660 0
DWIDTH 11 0
BBX 16 14 0 -1
BITMAP
0040
00E0
0140
0380
07C0
0E70
0700
7B9C
85A2
85C1
83C1
8441
4422
381C
ENDCHAR
STARTCHAR E268
ENCODING 57960
SWIDTH 660 0
DWIDTH 11 0
BBX 16 8 0 2
BITMAP
03E0
07E0
0FF8
1FFE
3FFF
7FFF
FFFF
FFFE
ENDCHAR
STARTCHAR E269
ENCODING 57961
SWIDTH 660 0
DWIDTH 11 0
BBX 13 16 0 -2
BITMAP
1800
1980
1680
1F80
0F80
1FC0
7FE0
BFD8
3FE0
3FE0
3FE0
3FC0
3FE0
5FE0
5FA0
0F00
ENDCHAR
STARTCHAR E26A
ENCODING 57962
SWIDTH 660 0
DWIDTH 11 0
BBX 16 16 0 -2
BITMAP
000C
001E
1F3F
7F3B
FEBF
BF37
FF3F
7E2E
038C
0F80
1F40
1EC0
1BC0
2F80
1F00
0C00
ENDCHAR
STARTCHAR E26B
ENCODING 57963
SWIDTH 660 0
DWIDTH 11 0
BBX 16 6 0 3
BITMAP
03F0
1C10
607F
83E1
FFFF
7BFC
ENDCHAR
STARTCHAR E26C
ENCODING 57964
SWIDTH 660 0
DWIDTH 11 0
BBX 15 16 0 -2
BITMAP
000C
001A
003E
0078
00F0
01E0
03C0
03E0
07C0
0C00
3C00
7800
F000
F000
E000
4000
ENDCHAR
STARTCHAR E26D
ENCODING 57965
SWIDTH 660 0
DWIDTH 11 0
BBX 14 16 0 -2
BITMAP
8000
4000
6000
3000
3E00
7F00
7F80
3FC0
1FE0
0FF0
0F08
0604
0204
0108
0108
00F0
ENDCHAR
STARTCHAR E26E
ENCODING 57966
SWIDTH 660 0
DWIDTH 11 0
BBX 16 10 0 1
BITMAP
0180
0100
8911
9191
4BD2
3FFC
3FFC
3FFC
1FF8
3FF8
ENDCHAR
STARTCHAR E26F
ENCODING 57967
SWIDTH 660 0
DWIDTH 11 0
BBX 13 16 0 -2
BITMAP
1FC0
FFF8
FFF8
FFF8
7FF0
7FF0
7FF0
78F0
0000
0000
38F0
3FF0
3FE0
3FE0
3FE0
3FE0
ENDCHAR
STARTCHAR E270
ENCODING 57968
SWIDTH 660 0
DWIDTH 11 0
BBX 16 16 0 -2
BITMAP
7FFE
FFFF
F3CF
E387
E3CF
FFFF
F7CF
E38F
E38F
F7FF
FFFF
E3CF
E387
F3CF
FFFF
7FFE
ENDCHAR
STARTCHAR E271
ENCODING 57969
SWIDTH 660 0
DWIDTH 11 0
BBX 16 16 0 -2
BITMAP
07E0
1FF8
3FFC
7FFE
7FFE
FC3F
F81F
F99F
F99F
F81F
FC3F
7FFE
7FFE
3FFC
1FF8
07E0
ENDCHAR
STARTCHAR E272
ENCODING 57970
SWIDTH 660 0
DWIDTH 11 0
BBX 9 16 1 -2
BITMAP
8080
FE80
8080
FE80
8180
5D00
6200
3C00
7600
C100
9D80
8080
FE80
8080
FE80
8080
ENDCHAR
STARTCHAR E273
ENCODING 57971
SWIDTH 660 0
DWIDTH 11 0
BBX 16 13 0 0
BITMAP
0180
1FF8
7FDC
7C3E
F81B
DE7F
F7FF
FFFF
BFFD
9FE9
C942
6106
1FF8
ENDCHAR
STARTCHAR E274
ENCODING 57972
SWIDTH 660 0
DWIDTH 11 0
BBX 8 16 1 -2
BITMAP
22
36
3E
3E
3E
3C
3C
3E
3E
7E
7F
7F
7F
7F
FF
7E
ENDCHAR
STARTCHAR E275
ENCODING 57973
SWIDTH 660 0
DWIDTH 11 0
BBX 11 16 0 -2
BITMAP
0400
0E00
0E00
1F00
1F00
3F80
7F80
7FC0
FFE0
FFE0
FFE0
FFE0
FFE0
7FC0
3F80
1F00
ENDCHAR
STARTCHAR E276
ENCODING 57974
SWIDTH 660 0
DWIDTH 11 0
BBX 16 16 0 -2
BITMAP
07E0
1FF8
3FFC
7FFE
7FFE
FFFF
FFFF
FFFF
FFFF
EFF7
F7EF
7BDE
7C3E
3FFC
1FF8
07E0
ENDCHAR
STARTCHAR E277
ENCODING 57975
SWIDTH 660 0
DWIDTH 11 0
BBX 15 16 0 -2
BITMAP
0380
07C0
1FE0
3FF8
7FFC
FFFE
FFFE
7FFC
3FFA
DFE6
E7DE
FB3E
FCFE
FFFE
FFFE
FFFC
ENDCHAR
STARTCHAR E278
ENCODING 57976
SWIDTH 660 0
DWIDTH 11 0
BBX 14 16 0 -2
BITMAP
0700
0CC0
1860
2030
4008
8004
8004
8004
C00C
A034
9864
8C84
8304
8004
8004
FFF8
ENDCHAR
STARTCHAR E279
ENCODING 57977
SWIDTH 660 0
DWIDTH 11 0
BBX 16 10 0 1
BITMAP
FFFF
FFFF
FFFF
7FFE
0000
0000
7FFE
FFFF
FFFF
FFFF
ENDCHAR
STARTCHAR E27A
ENCODING 57978
SWIDTH 660 0
DWIDTH 11 0
BBX 16 10 0 1
BITMAP
0070
0038
FF9C
FF8E
0007
0007
FF8E
FF9C
0038
0070
ENDCHAR
STARTCHAR E27B
ENCODING 57979
SWIDTH 660 0
DWIDTH 11 0
BBX 16 14 0 -1
BITMAP
0180
03C0
07E0
0EF0
1C78
38FC
71FE
E27F
F4FF
79FE
3FFC
1E78
0FF0
07E0
ENDCHAR
STARTCHAR E27C
ENCODING 57980
SWIDTH 660 0
DWIDTH 11 0
BBX 15 16 0 -2
BITMAP
FE80
FEC0
FEE0
FEF0
FEF8
FE00
FE00
FF90
FF18
FE0C
FEFE
FE7E
FF1C
FF98
FFC0
FFF8
ENDCHAR
STARTCHAR E27D
ENCODING 57981
SWIDTH 660 0
DWIDTH 11 0
BBX 15 16 0 -2
BITMAP
FE80
FEC0
FEE0
FEF0
FEF8
FE00
FE00
FFD0
FF30
FE60
FEFE
FE60
FF30
FF98
FFC0
FFF8
ENDCHAR
STARTCHAR E27E
ENCODING 57982
SWIDTH 660 0
DWIDTH 11 0
BBX 16 14 0 -1
BITMAP
0800
1400
1630
0478
F84C
000C
FFF8
0000
0000
1FFE
0003
0013
001E
0004
ENDCHAR
STARTCHAR E27F
ENCODING 57983
SWIDTH 660 0
DWIDTH 11 0
BBX 16 14 0 -1
BITMAP
0C30
13C8
2188
1288
1D78
7436
8911
8991
9832
744C
1BF8
2188
1188
1E70
ENDCHAR
STARTCHAR E280
ENCODING 57984
SWIDTH 660 0
DWIDTH 11 0
BBX 12 16 0 -2
BITMAP
7000
FC00
FF00
FF80
7FC0
1FC0
0FE0
77F0
73F0
79F0
79F0
3CE0
1F80
1FC0
07C0
0380
ENDCHAR
STARTCHAR E281
ENCODING 57985
SWIDTH 660 0
DWIDTH 11 0
BBX 16 14 0 -1
BITMAP
000C
0008
001E
001E
0036
C0F7
FFFF
FFEF
3FDF
1FBE
00FE
1FFC
1FF8
07F0
ENDCHAR
STARTCHAR E282
ENCODING 57986
SWIDTH 660 0
DWIDTH 11 0
BBX 16 12 0 0
BITMAP
0018
0060
0000
0010
0000
FFFF
7FFE
7FFE
7FFE
3FFC
1FF8
1810
ENDCHAR
STARTCHAR E283
ENCODING 57987
SWIDTH 660 0
DWIDTH 11 0
BBX 16 14 0 -1
BITMAP
3FFC
7FFE
7FFE
6186
4186
0000
FFFF
FFFF
FFFF
FFFF
FFFF
FFFE
381C
381C
ENDCHAR
STARTCHAR E284
ENCODING 57988
SWIDTH 660 0
DWIDTH 11 0
BBX 14 16 0 -2
BITMAP
0380
0780
07C0
787C
F01C
E01C
4008
4008
4008
6008
E01C
F01C
796C
0780
0780
0300
ENDCHAR
STARTCHAR E285
ENCODING 57989
SWIDTH 660 0
DWIDTH 11 0
BBX 10 16 0 -2
BITMAP
6000
F000
7800
3C00
1E00
0F00
0780
03C0
03C0
0780
0F00
1E00
3C00
7800
F000
6000
ENDCHAR
STARTCHAR E286
ENCODING 57990
SWIDTH 660 0
DWIDTH 11 0
BBX 16 14 0 -1
BITMAP
0020
0820
1010
0910
0FD0
0C30
3EFC
5662
9811
8991
0DE0
0580
03C0
1E78
ENDCHAR
STARTCHAR E287
ENCODING 57991
SWIDTH 660 0
DWIDTH 11 0
BBX 16 16 0 -2
BITMAP
07E0
1FF8
3FFC
703C
601E
E31E
E31F
E007
E007
E3C7
E006
700E
781C
3FF8
1FF0
03C0
ENDCHAR
STARTCHAR E288
ENCODING 57992
SWIDTH 660 0
DWIDTH 11 0
BBX 16 16 0 -2
BITMAP
FFFE
FFFF
F83F
E01F
E01F
E39F
E01F
E007
E007
E3C7
E007
E00F
F81F
FFFF
FFFF
7FFE
ENDCHAR
STARTCHAR E289
ENCODING 57993
SWIDTH 660 0
DWIDTH 11 0
BBX 16 14 0 -1
BITMAP
03C0
0180
0180
799E
FE7F
FFFF
FFFF
783E
3818
1818
3FFC
3FFC
1E70
0C30
ENDCHAR
STARTCHAR E28A
ENCODING 57994
SWIDTH 660 0
DWIDTH 11 0
BBX 16 14 0 -1
BITMAP
FE7F
FFFF
FFFF
FFFF
FFFF
FFFF
FFFF
FFFF
FFFF
FFFF
FFFF
FFFF
07E0
0180
ENDCHAR
STARTCHAR E28B
ENCODING 57995
SWIDTH 660 0
DWIDTH 11 0
BBX 16 14 0 -1
BITMAP
FE7F
FFFF
8181
8181
8181
8181
8181
8181
8181
8181
8181
FFFF
07E0
0180
ENDCHAR
STARTCHAR E28C
ENCODING 57996
SWIDTH 660 0
DWIDTH 11 0
BBX 16 15 0 -1
BITMAP
0100
1FF0
3FF8
FFFC
FFFC
FFFE
FFFF
7FFF
1FFE
1FFE
07FC
00FC
00F8
0040
0040
ENDCHAR
STARTCHAR E28D
ENCODING 57997
SWIDTH 660 0
DWIDTH 11 0
BBX 16 14 0 -1
BITMAP
01C0
03F0
0618
1C0C
3006
E003
E01F
703E
B8E1
4DCE
2730
1A40
0580
0200
ENDCHAR
STARTCHAR E28E
ENCODING 57998
SWIDTH 660 0
DWIDTH 11 0
BBX 16 12 0 1
BITMAP
F81F
FC3F
FE7F
FFFF
FFFF
7FFE
7FFE
3FFC
3FFC
3FFC
3E7C
1E3C
ENDCHAR
STARTCHAR E28F
ENCODING 57999
SWIDTH 660 0
DWIDTH 11 0
BBX 16 16 0 -2
BITMAP
0006
004F
0054
0078
0070
01C0
02C0
07C0
0F80
1B00
3E00
3C00
7C00
7000
C000
C000
ENDCHAR
STARTCHAR E290
ENCODING 58000
SWIDTH 660 0
DWIDTH 11 0
BBX 16 16 0 -2
BITMAP
07E0
1E78
300C
6186
4182
C3C3
C3C3
83C1
83C3
C183
C183
6186
6186
381C
1FF8
07E0
ENDCHAR
STARTCHAR E291
ENCODING 58001
SWIDTH 660 0
DWIDTH 11 0
BBX 16 16 0 -2
BITMAP
07E0
1E78
300C
6006
4002
C423
CFF3
98C1
98C1
CFF3
C003
4002
6006
381C
1FF8
07E0
ENDCHAR
STARTCHAR E292
ENCODING 58002
SWIDTH 660 0
DWIDTH 11 0
BBX 16 16 0 -2
BITMAP
07E0
1E78
301C
6006
6186
FBC2
DE03
8383
80F3
C07F
C7CE
6186
6004
381C
1FF0
07C0
ENDCHAR
STARTCHAR E293
ENCODING 58003
SWIDTH 660 0
DWIDTH 11 0
BBX 16 16 0 -2
BITMAP
07E0
1E78
300C
6006
63C2
FF03
DE03
8FC3
8FF3
C63F
C60F
63E6
6086
381C
1FF0
07C0
ENDCHAR
STARTCHAR E294
ENCODING 58004
SWIDTH 660 0
DWIDTH 11 0
BBX 16 16 0 -2
BITMAP
07E0
1E78
300C
6006
4C72
F663
DE43
87C3
87E3
C1FB
C7EF
6186
6186
381C
1FF0
07C0
ENDCHAR
STARTCHAR E295
ENCODING 58005
SWIDTH 660 0
DWIDTH 11 0
BBX 16 16 0 -2
BITMAP
07E0
1E78
300C
6006
4002
C003
C7E3
8001
8001
C7E3
C003
4002
6006
381C
1FF8
07E0
ENDCHAR
STARTCHAR E296
ENCODING 58006
SWIDTH 660 0
DWIDTH 11 0
BBX 16 16 0 -2
BITMAP
07E0
1E78
300C
6006
4786
C7F3
C7F3
9FF3
9E4B
DF3B
C0EA
6016
6004
381C
1FF0
07C0
ENDCHAR
STARTCHAR E297
ENCODING 58007
SWIDTH 660 0
DWIDTH 11 0
BBX 16 16 0 -2
BITMAP
07E0
1E78
300C
6006
43C6
C663
CC33
8C33
8033
CC33
C662
63C6
6004
381C
1FF0
07C0
ENDCHAR
STARTCHAR E298
ENCODING 58008
SWIDTH 660 0
DWIDTH 11 0
BBX 16 16 0 -2
BITMAP
07E0
1E78
300C
6786
4882
C883
CBF3
8A13
8A13
CE13
C213
6216
61E6
381C
1FF8
07E0
ENDCHAR
STARTCHAR E299
ENCODING 58009
SWIDTH 660 0
DWIDTH 11 0
BBX 16 16 0 -2
BITMAP
07E0
1E78
300C
6186
43C2
C663
C6E3
87E1
8761
C763
C663
63C2
6186
381C
1FF8
07E0
ENDCHAR
STARTCHAR E29A
ENCODING 58010
SWIDTH 660 0
DWIDTH 11 0
BBX 13 16 0 -2
BITMAP
FFF8
8008
8008
8808
BBE8
B008
8008
9008
93E8
8008
8008
93E8
9008
8008
8008
FFF8
ENDCHAR
STARTCHAR E29B
ENCODING 58011
SWIDTH 660 0
DWIDTH 11 0
BBX 14 16 0 -2
BITMAP
0020
0060
00C0
0140
0240
0440
0440
0840
0840
7CF8
FFFC
FDFC
FDFC
FFFC
7CF8
3870
ENDCHAR
STARTCHAR E29C
ENCODING 58012
SWIDTH 660 0
DWIDTH 11 0
BBX 6 16 2 -2
BITMAP
10
10
38
38
38
38
30
38
38
38
38
7C
7C
FC
FC
7C
ENDCHAR
STARTCHAR E29D
ENCODING 58013
SWIDTH 660 0
DWIDTH 11 0
BBX 16 16 0 -2
BITMAP
07E0
0FE0
318C
781C
7C3E
F81E
F18F
E3CF
E7E7
CFF7
DFF2
5FFA
7FFC
3FFC
1FF0
07C0
ENDCHAR
STARTCHAR E29E
ENCODING 58014
SWIDTH 660 0
DWIDTH 11 0
BBX 13 16 0 -2
BITMAP
04F0
03E0
03C0
0300
3FE0
7FF0
FFF8
FFF8
FFF8
FFF8
FFF8
7FF0
7FF0
3FE0
1FE0
0F80
ENDCHAR
STARTCHAR E29F
ENCODING 58015
SWIDTH 660 0
DWIDTH 11 0
BBX 15 16 0 -2
BITMAP
0078
00FC
01FE
03FE
03FE
03FE
07FE
07FC
07F8
07E0
0F00
FC00
F800
F800
3800
1800
ENDCHAR
STARTCHAR E2A0
ENCODING 58016
SWIDTH 660 0
DWIDTH 11 0
BBX 16 10 0 1
BITMAP
FFFF
FC3F
FBFF
FA5F
FBDF
FC3F
FFFF
0000
FFFF
FFFF
ENDCHAR
STARTCHAR E2A1
ENCODING 58017
SWIDTH 660 0
DWIDTH 11 0
BBX 4 15 3 -2
BITMAP
F0
60
50
90
B0
90
70
70
70
70
70
60
40
40
40
ENDCHAR
STARTCHAR E2A2
ENCODING 58018
SWIDTH 660 0
DWIDTH 11 0
BBX 14 16 0 -2
BITMAP
0600
1F00
1F00
07E0
1FF0
03F0
0560
0CA0
1920
1800
3000
3000
7000
7FE0
7FF8
FFFC
ENDCHAR
STARTCHAR E2A3
ENCODING 58019
SWIDTH 660 0
DWIDTH 11 0
BBX 10 16 0 -2
BITMAP
1F00
3380
4CC0
D240
9540
B640
B0C0
5FC0
6F80
1F00
0C00
0C00
0C00
0C00
0C00
0C00
ENDCHAR
STARTCHAR E2A4
ENCODING 58020
SWIDTH 660 0
DWIDTH 11 0
BBX 16 10 0 1
BITMAP
FFFF
FC3F
FBFF
FBDF
FB9F
FC3F
FFFF
0000
FFFF
FFFF
ENDCHAR
STARTCHAR E2A5
ENCODING 58021
SWIDTH 660 0
DWIDTH 11 0
BBX 16 13 0 0
BITMAP
0004
003B
0FCD
31F9
4FE7
B3CE
A1DC
B1B8
BF30
DE60
E1C0
7FC0
3F00
ENDCHAR
STARTCHAR E2A6
ENCODING 58022
SWIDTH 660 0
DWIDTH 11 0
BBX 15 8 0 2
BITMAP
0100
0380
07D0
07D8
0FFC
2FFC
7FFE
FFFE
ENDCHAR
STARTCHAR E2A7
ENCODING 58023
SWIDTH 660 0
DWIDTH 11 0
BBX 10 16 0 -2
BITMAP
3000
3800
3C80
1D80
0700
0200
3F00
7F80
7FC0
FFC0
FFC0
FFC0
FFC0
7EC0
3F80
1E00
ENDCHAR
STARTCHAR E2A8
ENCODING 58024
SWIDTH 660 0
DWIDTH 11 0
BBX 12 15 0 -2
BITMAP
7100
7B00
3E00
0600
3FE0
7FF0
FFF0
FFF0
FFF0
FFF0
FFF0
7FE0
3FE0
1F80
0F00
ENDCHAR
STARTCHAR E2A9
ENCODING 58025
SWIDTH 660 0
DWIDTH 11 0
BBX 9 16 1 -2
BITMAP
E400
FC00
7800
1C00
3C00
3C00
3E00
3E00
7F00
FF00
FF80
FF80
FF80
FF80
FF00
7E00
ENDCHAR
STARTCHAR E300
ENCODING 58112
SWIDTH 660 0
DWIDTH 11 0
BBX 21 18 0 -2
BITMAP
000400
000400
008420
008060
000E00
03F100
063080
041898
0C0E80
10C380
214100
004180
FFC1E0
000100
FCFE00
060000
160000
0C0000
ENDCHAR
STARTCHAR E301
ENCODING 58113
SWIDTH 660 0
DWIDTH 11 0
BBX 21 18 0 -2
BITMAP
000400
000400
008420
008060
000E00
03F300
063180
0418B8
0C0E80
300380
200100
000180
7F8160
000300
FEFE00
000000
3FC000
1FC000
ENDCHAR
STARTCHAR E302
ENCODING 58114
SWIDTH 660 0
DWIDTH 11 0
BBX 19 15 0 1
BITMAP
001000
001000
021080
030180
003800
07E600
084200
102260
303A00
600E00
C00600
800200
800280
400400
7FFC00
ENDCHAR
STARTCHAR E303
ENCODING 58115
SWIDTH 660 0
DWIDTH 11 0
BBX 21 18 0 -2
BITMAP
000400
000400
008420
00C060
000E00
03F100
063080
041898
0C0E80
100380
200180
000000
3FFFE0
000000
FFFE00
000000
1FFFC0
0FFF80
ENDCHAR
STARTCHAR E304
ENCODING 58116
SWIDTH 660 0
DWIDTH 11 0
BBX 19 19 0 -3
BITMAP
001000
001000
021080
010180
003C00
07E600
084200
102360
303A00
600E00
C00600
800200
85A280
C52400
7D5C00
010000
0B4000
000000
020000
ENDCHAR
STARTCHAR E305
ENCODING 58117
SWIDTH 660 0
DWIDTH 11 0
BBX 19 19 0 -4
BITMAP
001000
001000
021080
030180
003800
07E600
084200
102260
303A00
600E00
C00600
818200
838280
C30400
739C00
018000
010000
020000
040000
ENDCHAR
STARTCHAR E306
ENCODING 58118
SWIDTH 660 0
DWIDTH 11 0
BBX 19 20 0 -4
BITMAP
001000
001000
021080
030180
003800
07E600
084200
102260
303A00
600E00
C00600
800200
842280
C42400
7D5C00
010000
0A4000
000000
020000
020000
ENDCHAR
STARTCHAR E307
ENCODING 58119
SWIDTH 660 0
DWIDTH 11 0
BBX 19 20 0 -4
BITMAP
001000
001000
021080
010180
003C00
07E600
084200
102360
303A00
600E00
C00600
800200
800280
C24600
649C00
0DB000
036000
120000
008000
040000
ENDCHAR
STARTCHAR E308
ENCODING 58120
SWIDTH 660 0
DWIDTH 11 0
BBX 19 19 0 -3
BITMAP
001000
001000
021080
010180
003C00
07E600
084200
102260
303A00
600E00
C00600
800200
85A280
C52400
7D7C00
094000
0B4000
020000
020000
ENDCHAR
STARTCHAR E309
ENCODING 58121
SWIDTH 660 0
DWIDTH 11 0
BBX 19 19 0 -3
BITMAP
001000
001000
021080
030180
003800
07E600
084200
102260
303A00
600E00
C00600
800200
842280
442480
711C00
094000
084000
020000
020000
ENDCHAR
STARTCHAR E30A
ENCODING 58122
SWIDTH 660 0
DWIDTH 11 0
BBX 19 19 0 -3
BITMAP
001000
001000
021080
030180
003800
07E600
084200
102260
303A00
600E00
C00600
800200
800280
C10400
745C00
010000
010000
044000
010000
ENDCHAR
STARTCHAR E30B
ENCODING 58123
SWIDTH 660 0
DWIDTH 11 0
BBX 19 17 0 -1
BITMAP
001000
001000
021080
030180
003800
07E600
08C200
102260
303A00
600E00
C18600
840200
8C0280
418400
71DC00
03C000
018000
ENDCHAR
STARTCHAR E30C
ENCODING 58124
SWIDTH 660 0
DWIDTH 11 0
BBX 17 16 0 0
BITMAP
008000
00C000
00C000
300600
180400
01E000
073000
041800
C40980
EF0980
199800
30F000
307000
602400
602600
3FE200
ENDCHAR
STARTCHAR E30D
ENCODING 58125
SWIDTH 660 0
DWIDTH 11 0
BBX 15 16 0 -2
BITMAP
0100
0100
2108
3018
1390
07C0
0C20
C826
C826
0C20
06C0
1390
3018
2108
0100
0100
ENDCHAR
STARTCHAR E30E
ENCODING 58126
SWIDTH 660 0
DWIDTH 11 0
BBX 19 19 0 -4
BITMAP
001000
001000
021080
010180
003C00
07E600
084200
102260
303A00
600E00
C00600
800200
8C2280
D82600
791C00
3D4000
384000
120000
120000
ENDCHAR
STARTCHAR E30F
ENCODING 58127
SWIDTH 660 0
DWIDTH 11 0
BBX 19 19 0 -3
BITMAP
001000
001000
021080
010180
003800
07E600
084200
102260
303A00
600E00
C00600
800200
8DA280
D92400
797C00
3D4000
3B4000
120000
120000
ENDCHAR
STARTCHAR E310
ENCODING 58128
SWIDTH 660 0
DWIDTH 11 0
BBX 16 13 0 -2
BITMAP
03E0
0630
0C10
181E
3183
2141
0041
FFC1
0003
FCFE
0400
1400
1C00
ENDCHAR
STARTCHAR E311
ENCODING 58129
SWIDTH 660 0
DWIDTH 11 0
BBX 17 13 0 -2
BITMAP
01E000
031800
060800
0C0E00
180300
300080
000080
3FC080
000180
FFFF00
000000
1FE000
0FC000
ENDCHAR
STARTCHAR E312
ENCODING 58130
SWIDTH 660 0
DWIDTH 11 0
BBX 16 10 0 1
BITMAP
00F0
0608
198C
1083
2061
C011
800B
800C
C018
7FF0
ENDCHAR
STARTCHAR E313
ENCODING 58131
SWIDTH 660 0
DWIDTH 11 0
BBX 18 13 0 -2
BITMAP
03E000
063000
041800
0C0E00
100300
200100
000000
3FFF80
000000
FFFE00
000000
1FFFC0
0FFF80
ENDCHAR
STARTCHAR E314
ENCODING 58132
SWIDTH 660 0
DWIDTH 11 0
BBX 15 14 0 -3
BITMAP
0780
0840
1020
3038
600C
C006
8002
85A2
C524
7D7C
0100
0B40
0000
0200
ENDCHAR
STARTCHAR E315
ENCODING 58133
SWIDTH 660 0
DWIDTH 11 0
BBX 10 13 0 -1
BITMAP
00C0
1980
3980
31C0
7080
6080
7900
3200
3200
2000
4000
4000
8000
ENDCHAR
STARTCHAR E316
ENCODING 58134
SWIDTH 660 0
DWIDTH 11 0
BBX 15 15 0 -4
BITMAP
0780
0840
1020
3038
600C
C006
8002
8422
C424
7D5C
0100
0A40
0000
0200
0200
ENDCHAR
STARTCHAR E317
ENCODING 58135
SWIDTH 660 0
DWIDTH 11 0
BBX 15 15 0 -4
BITMAP
0780
0840
1020
3038
600C
C006
8002
8002
C644
649C
09B0
0360
3200
0080
0800
ENDCHAR
STARTCHAR E318
ENCODING 58136
SWIDTH 660 0
DWIDTH 11 0
BBX 15 14 0 -3
BITMAP
0780
08C0
1020
3038
600C
C006
8002
85A2
C524
7D7C
0940
0B40
0200
0200
ENDCHAR
STARTCHAR E319
ENCODING 58137
SWIDTH 660 0
DWIDTH 11 0
BBX 15 14 0 -3
BITMAP
0780
0840
1020
3038
600C
C006
8002
8422
C426
711C
0940
0840
0200
0200
ENDCHAR
STARTCHAR E31A
ENCODING 58138
SWIDTH 660 0
DWIDTH 11 0
BBX 15 14 0 -3
BITMAP
0780
0840
1020
3038
600C
C006
8002
8002
C104
745C
0100
0100
0440
0100
ENDCHAR
STARTCHAR E31B
ENCODING 58139
SWIDTH 660 0
DWIDTH 11 0
BBX 15 12 0 -1
BITMAP
0780
08C0
1020
3038
600C
C186
8402
8C02
C184
71DC
03C0
0180
ENDCHAR
STARTCHAR E31C
ENCODING 58140
SWIDTH 660 0
DWIDTH 11 0
BBX 15 14 0 -3
BITMAP
0780
0840
1020
3038
600C
C006
8002
8C22
D824
791C
3D40
3840
1200
1200
ENDCHAR
STARTCHAR E31D
ENCODING 58141
SWIDTH 660 0
DWIDTH 11 0
BBX 15 14 0 -4
BITMAP
0780
0840
1020
3038
600C
C006
8002
8DA2
D924
797C
3D40
3B40
0A00
1200
ENDCHAR
STARTCHAR E31E
ENCODING 58142
SWIDTH 660 0
DWIDTH 11 0
BBX 15 5 0 3
BITMAP
3FF0
0000
FFDE
0000
1FF8
ENDCHAR
STARTCHAR E31F
ENCODING 58143
SWIDTH 660 0
DWIDTH 11 0
BBX 17 15 0 -2
BITMAP
000E00
001E00
03F200
063300
041980
0C0E80
318300
214100
004180
FFC180
000100
FCFE00
060000
160000
0C0000
ENDCHAR
STARTCHAR E320
ENCODING 58144
SWIDTH 660 0
DWIDTH 11 0
BBX 18 15 0 -2
BITMAP
000600
000F00
01F100
031900
0608C0
040F40
180180
100080
000080
3FC080
000180
FF7F00
000000
1FE000
0FE000
ENDCHAR
STARTCHAR E321
ENCODING 58145
SWIDTH 660 0
DWIDTH 11 0
BBX 16 16 0 -3
BITMAP
0018
0078
07C8
0844
1027
303A
600E
C006
8002
85A2
C524
7D7C
0100
0B40
0000
0200
ENDCHAR
STARTCHAR E322
ENCODING 58146
SWIDTH 660 0
DWIDTH 11 0
BBX 16 15 0 -2
BITMAP
0018
0078
07C8
0844
1027
303A
600E
C006
8182
8382
C304
739C
0100
0100
0200
ENDCHAR
STARTCHAR E323
ENCODING 58147
SWIDTH 660 0
DWIDTH 11 0
BBX 16 17 0 -4
BITMAP
0018
0078
07C8
0844
1027
303A
600E
C006
8002
8422
C426
7D5C
0100
0A40
0000
0200
0200
ENDCHAR
STARTCHAR E324
ENCODING 58148
SWIDTH 660 0
DWIDTH 11 0
BBX 16 17 0 -4
BITMAP
0018
0078
07C8
0844
1027
303A
600E
C006
8002
8002
C244
649C
0DB0
0360
1200
0080
0C00
ENDCHAR
STARTCHAR E325
ENCODING 58149
SWIDTH 660 0
DWIDTH 11 0
BBX 16 16 0 -3
BITMAP
0018
0078
07C8
0844
1027
303A
600E
C006
8002
85A2
C524
757C
0D40
0B40
0200
0200
ENDCHAR
STARTCHAR E326
ENCODING 58150
SWIDTH 660 0
DWIDTH 11 0
BBX 16 16 0 -3
BITMAP
0018
0078
07C8
0844
1027
303A
600E
C006
8002
8422
C424
711C
0940
0840
0200
0200
ENDCHAR
STARTCHAR E327
ENCODING 58151
SWIDTH 660 0
DWIDTH 11 0
BBX 16 16 0 -3
BITMAP
0018
0078
07C8
0844
1027
303A
600E
C006
8002
8002
C104
745C
0100
0100
0440
0100
ENDCHAR
STARTCHAR E328
ENCODING 58152
SWIDTH 660 0
DWIDTH 11 0
BBX 16 14 0 -1
BITMAP
0018
0078
07C8
0844
1027
303A
600E
C186
8402
8C02
4184
71DC
03C0
0180
ENDCHAR
STARTCHAR E329
ENCODING 58153
SWIDTH 660 0
DWIDTH 11 0
BBX 16 16 0 -4
BITMAP
0018
0078
07C8
0844
1027
303A
600E
C006
8002
8C22
D824
791C
3D40
3840
1A00
1200
ENDCHAR
STARTCHAR E32A
ENCODING 58154
SWIDTH 660 0
DWIDTH 11 0
BBX 16 16 0 -3
BITMAP
0018
0078
07C8
0844
1027
303A
600E
C006
8002
8DA2
5924
797C
3D40
0B40
1200
1200
ENDCHAR
STARTCHAR E32B
ENCODING 58155
SWIDTH 660 0
DWIDTH 11 0
BBX 10 10 0 1
BITMAP
1C00
2400
4200
C300
C1C0
C040
C040
60C0
3180
1F00
ENDCHAR
STARTCHAR E32C
ENCODING 58156
SWIDTH 660 0
DWIDTH 11 0
BBX 17 14 0 -2
BITMAP
000E00
03F100
063080
041880
0C0E80
11C380
214180
004180
FFC180
000100
FCFE00
060000
160000
0C0000
ENDCHAR
STARTCHAR E32D
ENCODING 58157
SWIDTH 660 0
DWIDTH 11 0
BBX 18 13 0 -1
BITMAP
000F00
01F980
031840
020C40
060740
1801C0
100080
0000C0
3FC0C0
000180
FF7F00
000000
1FE000
ENDCHAR
STARTCHAR E32E
ENCODING 58158
SWIDTH 660 0
DWIDTH 11 0
BBX 15 11 0 1
BITMAP
0038
07E6
08C2
1022
303A
600E
C006
8002
8002
4004
7FFC
ENDCHAR
STARTCHAR E32F
ENCODING 58159
SWIDTH 660 0
DWIDTH 11 0
BBX 15 15 0 -3
BITMAP
003C
07E6
0842
1022
303A
600E
C006
8002
85A2
4524
7D5C
0100
0B40
0000
0200
ENDCHAR
STARTCHAR E330
ENCODING 58160
SWIDTH 660 0
DWIDTH 11 0
BBX 15 14 0 -2
BITMAP
0038
07E6
0842
1022
303A
600E
C006
8182
8382
C304
739C
0100
0100
0200
ENDCHAR
STARTCHAR E331
ENCODING 58161
SWIDTH 660 0
DWIDTH 11 0
BBX 16 16 0 -4
BITMAP
003C
07E6
0842
1023
303B
600E
C006
8002
8422
C426
7D5C
0100
0A40
0000
0200
0200
ENDCHAR
STARTCHAR E332
ENCODING 58162
SWIDTH 660 0
DWIDTH 11 0
BBX 16 15 0 -4
BITMAP
003C
07E6
0862
1023
303B
600E
C002
8002
8002
C246
64DC
09B0
0360
1200
0480
ENDCHAR
STARTCHAR E333
ENCODING 58163
SWIDTH 660 0
DWIDTH 11 0
BBX 15 15 0 -3
BITMAP
0038
07E6
0842
1022
303A
600E
C006
8002
85A2
C524
7D7C
0940
0B40
0200
0200
ENDCHAR
STARTCHAR E334
ENCODING 58164
SWIDTH 660 0
DWIDTH 11 0
BBX 15 15 0 -3
BITMAP
0038
07E6
0842
1022
303A
600E
C006
8002
8422
4424
711C
0940
0840
0200
0200
ENDCHAR
STARTCHAR E335
ENCODING 58165
SWIDTH 660 0
DWIDTH 11 0
BBX 16 15 0 -3
BITMAP
003C
07E6
0842
1023
303A
600E
C006
8002
8002
C104
745C
0100
0100
0440
0100
ENDCHAR
STARTCHAR E336
ENCODING 58166
SWIDTH 660 0
DWIDTH 11 0
BBX 16 13 0 -1
BITMAP
003C
07E6
0842
1023
303A
600E
C086
8402
8C02
C186
71DC
03C0
0180
ENDCHAR
STARTCHAR E337
ENCODING 58167
SWIDTH 660 0
DWIDTH 11 0
BBX 15 15 0 -3
BITMAP
003C
07E6
0842
1022
303A
600E
C006
8002
8C22
5824
791C
3D40
0840
1A00
1200
ENDCHAR
STARTCHAR E338
ENCODING 58168
SWIDTH 660 0
DWIDTH 11 0
BBX 15 15 0 -4
BITMAP
0038
07E6
0842
1022
303A
600E
C006
8002
8DA2
D924
797C
3D40
0B40
1A00
1200
ENDCHAR
STARTCHAR E339
ENCODING 58169
SWIDTH 660 0
DWIDTH 11 0
BBX 9 8 1 1
BITMAP
EF80
A880
C800
0800
0800
0800
0880
0700
ENDCHAR
STARTCHAR E33A
ENCODING 58170
SWIDTH 660 0
DWIDTH 11 0
BBX 15 10 0 1
BITMAP
0780
0840
1020
3038
600C
C106
8102
8542
4384
711C
ENDCHAR
STARTCHAR E33B
ENCODING 58171
SWIDTH 660 0
DWIDTH 11 0
BBX 15 11 0 0
BITMAP
0780
0840
1020
3138
618C
C786
8502
8C42
C444
77DC
0100
ENDCHAR
STARTCHAR E33C
ENCODING 58172
SWIDTH 660 0
DWIDTH 11 0
BBX 15 10 0 1
BITMAP
0780
0840
1020
3038
600C
C386
87C2
8542
4104
711C
ENDCHAR
STARTCHAR E33D
ENCODING 58173
SWIDTH 660 0
DWIDTH 11 0
BBX 15 10 0 1
BITMAP
0780
0840
1020
3038
600C
C006
8002
8002
4004
7FFC
ENDCHAR
STARTCHAR E33E
ENCODING 58174
SWIDTH 660 0
DWIDTH 11 0
BBX 3 3 4 8
BITMAP
C0
A0
E0
ENDCHAR
STARTCHAR E33F
ENCODING 58175
SWIDTH 660 0
DWIDTH 11 0
BBX 5 5 3 4
BITMAP
08
10
A0
C0
E0
ENDCHAR
STARTCHAR E340
ENCODING 58176
SWIDTH 660 0
DWIDTH 11 0
BBX 5 8 3 2
BITMAP
20
20
20
20
20
B8
F0
60
ENDCHAR
STARTCHAR E341
ENCODING 58177
SWIDTH 660 0
DWIDTH 11 0
BBX 9 8 1 1
BITMAP
EF80
A800
C800
0F00
0800
0800
0800
0800
ENDCHAR
STARTCHAR E342
ENCODING 58178
SWIDTH 660 0
DWIDTH 11 0
BBX 19 14 0 -1
BITMAP
004000
004000
104100
180300
084200
01F000
031800
060C00
E404E0
E404E0
060C00
000000
000000
7FFFC0
ENDCHAR
STARTCHAR E343
ENCODING 58179
SWIDTH 660 0
DWIDTH 11 0
BBX 17 12 0 0
BITMAP
008000
008000
008000
208300
300600
11C400
07F000
061800
0C0800
000000
FFFF80
FFFF80
ENDCHAR
STARTCHAR E344
ENCODING 58180
SWIDTH 660 0
DWIDTH 11 0
BBX 9 6 1 3
BITMAP
2000
6000
C000
FF80
6000
2000
ENDCHAR
STARTCHAR E345
ENCODING 58181
SWIDTH 660 0
DWIDTH 11 0
BBX 9 10 1 0
BITMAP
6200
F780
F780
DB00
6700
0000
3C00
3C00
5400
3800
ENDCHAR
STARTCHAR E346
ENCODING 58182
SWIDTH 660 0
DWIDTH 11 0
BBX 21 16 0 -1
BITMAP
0007C0
007EC0
01FC40
030660
020638
060390
1E03F0
100020
000000
000000
3FFFF0
000000
FFFF80
FFFF80
000000
0FFFF8
ENDCHAR
STARTCHAR E347
ENCODING 58183
SWIDTH 660 0
DWIDTH 11 0
BBX 5 9 3 2
BITMAP
10
38
78
90
80
80
80
C0
30
ENDCHAR
STARTCHAR E348
ENCODING 58184
SWIDTH 660 0
DWIDTH 11 0
BBX 9 10 1 1
BITMAP
1800
1C00
7C00
D800
8000
8180
8180
C100
6300
3E00
ENDCHAR
STARTCHAR E349
ENCODING 58185
SWIDTH 660 0
DWIDTH 11 0
BBX 9 5 1 4
BITMAP
0600
0300
FF80
0300
0600
ENDCHAR
STARTCHAR E34A
ENCODING 58186
SWIDTH 660 0
DWIDTH 11 0
BBX 7 10 2 1
BITMAP
08
0C
40
C0
C8
0C
1C
1E
1E
0C
ENDCHAR
STARTCHAR E34B
ENCODING 58187
SWIDTH 660 0
DWIDTH 11 0
BBX 21 11 0 1
BITMAP
000020
0000F0
000018
000018
FFFFF0
000000
000000
FFFE00
000300
000B00
000F00
ENDCHAR
STARTCHAR E34C
ENCODING 58188
SWIDTH 660 0
DWIDTH 11 0
BBX 21 16 0 -1
BITMAP
002000
002000
102040
1800C0
0C0180
00F800
01FC00
030600
020300
E60338
F60338
020300
037600
00F800
07DF80
078F00
ENDCHAR
STARTCHAR E34D
ENCODING 58189
SWIDTH 660 0
DWIDTH 11 0
BBX 21 18 0 -3
BITMAP
002000
002000
002000
1800C0
0C0180
04F100
01FC00
030600
020600
660330
F60378
060200
030600
000000
078F00
07DF00
00F800
006000
ENDCHAR
STARTCHAR E34E
ENCODING 58190
SWIDTH 660 0
DWIDTH 11 0
BBX 9 20 1 -4
BITMAP
1800
3C00
2600
2600
2600
2600
2600
2600
2600
2600
2600
2600
6300
C100
8180
8180
C180
6300
7E00
0800
ENDCHAR
STARTCHAR E34F
ENCODING 58191
SWIDTH 660 0
DWIDTH 11 0
BBX 4 11 3 -1
BITMAP
20
20
20
20
20
20
20
70
F0
F0
70
ENDCHAR
STARTCHAR E350
ENCODING 58192
SWIDTH 660 0
DWIDTH 11 0
BBX 9 20 1 -4
BITMAP
1800
3C00
2600
2600
2600
2600
2E00
2E00
2E00
2E00
2E00
2E00
6B00
DD00
BD80
BD80
DD80
6300
7E00
0800
ENDCHAR
STARTCHAR E351
ENCODING 58193
SWIDTH 660 0
DWIDTH 11 0
BBX 12 13 0 -1
BITMAP
0700
3DE0
4010
6030
FFE0
C040
FF80
8300
7E00
C400
7800
4800
7800
ENDCHAR
STARTCHAR E352
ENCODING 58194
SWIDTH 660 0
DWIDTH 11 0
BBX 5 5 3 4
BITMAP
78
38
68
C0
80
ENDCHAR
STARTCHAR E353
ENCODING 58195
SWIDTH 660 0
DWIDTH 11 0
BBX 5 9 3 2
BITMAP
20
70
F8
A8
20
20
20
20
20
ENDCHAR
STARTCHAR E354
ENCODING 58196
SWIDTH 660 0
DWIDTH 11 0
BBX 12 12 0 0
BITMAP
1F80
30E0
6020
C030
CC10
8710
8790
CC10
4030
6020
38E0
1F80
ENDCHAR
STARTCHAR E355
ENCODING 58197
SWIDTH 660 0
DWIDTH 11 0
BBX 12 12 0 0
BITMAP
1F80
30E0
6020
C030
C190
8710
8F10
C210
4230
6020
38E0
1F80
ENDCHAR
STARTCHAR E356
ENCODING 58198
SWIDTH 660 0
DWIDTH 11 0
BBX 12 12 0 0
BITMAP
1F80
30E0
6020
C030
CC10
8710
8790
C210
4230
6020
38E0
1F80
ENDCHAR
STARTCHAR E357
ENCODING 58199
SWIDTH 660 0
DWIDTH 11 0
BBX 12 12 0 0
BITMAP
1F80
30E0
6020
4030
C210
8610
8710
CF10
4030
6020
30E0
1F80
ENDCHAR
STARTCHAR E358
ENCODING 58200
SWIDTH 660 0
DWIDTH 11 0
BBX 12 12 0 0
BITMAP
1F80
30E0
6020
C430
C610
8E10
8F10
C110
4030
6020
38E0
1F80
ENDCHAR
STARTCHAR E359
ENCODING 58201
SWIDTH 660 0
DWIDTH 11 0
BBX 12 12 0 0
BITMAP
1F80
30E0
6020
C230
C210
8790
8710
CC10
4030
6020
38E0
1F80
ENDCHAR
STARTCHAR E35A
ENCODING 58202
SWIDTH 660 0
DWIDTH 11 0
BBX 12 12 0 0
BITMAP
1F80
30E0
6020
C030
CF10
8710
8610
C210
4030
6020
30E0
1F80
ENDCHAR
STARTCHAR E35B
ENCODING 58203
SWIDTH 660 0
DWIDTH 11 0
BBX 13 12 0 0
BITMAP
1F80
30E0
6030
C010
C110
8F18
8718
C110
4030
6020
30E0
1F80
ENDCHAR
STARTCHAR E35C
ENCODING 58204
SWIDTH 660 0
DWIDTH 11 0
BBX 15 16 0 -2
BITMAP
0780
0840
1020
3038
400C
8006
8002
8002
4004
780C
0448
07F0
07E0
03C0
01C0
01C0
ENDCHAR
STARTCHAR E35D
ENCODING 58205
SWIDTH 660 0
DWIDTH 11 0
BBX 13 10 0 1
BITMAP
F7E8
F7E8
0000
3FB8
0000
7C38
FD78
0000
5FE0
0E60
ENDCHAR
STARTCHAR E35E
ENCODING 58206
SWIDTH 660 0
DWIDTH 11 0
BBX 15 14 0 -3
BITMAP
0780
0840
1020
3038
600C
C006
8002
8002
C104
745C
0000
0100
0840
0200
ENDCHAR
STARTCHAR E35F
ENCODING 58207
SWIDTH 660 0
DWIDTH 11 0
BBX 19 19 0 -3
BITMAP
001000
001000
021080
030180
003800
07E600
084200
102260
303A00
600E00
C00600
800200
800280
C10400
745C00
000000
000000
084000
020000
ENDCHAR
STARTCHAR E360
ENCODING 58208
SWIDTH 660 0
DWIDTH 11 0
BBX 16 15 0 -3
BITMAP
003C
07E6
0842
1023
303A
600E
C006
8002
8002
C104
745C
0000
0000
0840
0200
ENDCHAR
STARTCHAR E361
ENCODING 58209
SWIDTH 660 0
DWIDTH 11 0
BBX 16 16 0 -3
BITMAP
0018
0078
07C8
0844
1027
303A
600E
C006
8002
8002
C104
785C
0000
0000
0840
0200
ENDCHAR
STARTCHAR E362
ENCODING 58210
SWIDTH 660 0
DWIDTH 11 0
BBX 19 20 0 -4
BITMAP
001000
001000
021080
010180
003C00
07E600
084200
102260
303A00
600E00
C00600
800200
8C0280
D80600
795C00
3D0000
3A4000
100000
120000
020000
ENDCHAR
STARTCHAR E363
ENCODING 58211
SWIDTH 660 0
DWIDTH 11 0
BBX 15 16 0 -4
BITMAP
003C
07E6
0842
1022
303A
600E
C006
8002
8C02
D806
795C
3D00
3A40
1000
1200
0200
ENDCHAR
STARTCHAR E364
ENCODING 58212
SWIDTH 660 0
DWIDTH 11 0
BBX 16 17 0 -4
BITMAP
0018
0078
07C8
0844
1027
303A
600E
C006
8002
8C02
D804
795C
3D00
3A40
1800
1200
0200
ENDCHAR
STARTCHAR E365
ENCODING 58213
SWIDTH 660 0
DWIDTH 11 0
BBX 19 19 0 -4
BITMAP
001000
001000
021080
010180
003C00
07E600
084200
102260
303A00
600E00
C00600
800200
8C0280
D90600
785C00
3D0000
390000
104000
110000
ENDCHAR
STARTCHAR E366
ENCODING 58214
SWIDTH 660 0
DWIDTH 11 0
BBX 15 15 0 -4
BITMAP
003C
07E6
0842
1022
303A
600E
C006
8002
8C02
D906
785C
3D00
3900
1040
1100
ENDCHAR
STARTCHAR E367
ENCODING 58215
SWIDTH 660 0
DWIDTH 11 0
BBX 16 16 0 -4
BITMAP
0018
0078
07C8
0844
1027
303A
600E
C006
8002
8C02
D904
785C
3D00
3900
1840
1100
ENDCHAR
STARTCHAR E368
ENCODING 58216
SWIDTH 660 0
DWIDTH 11 0
BBX 18 18 0 -3
BITMAP
00C000
00C000
104100
180300
08C600
03F000
07D800
07EC00
E7EDC0
E7EDC0
07E800
07D800
03F000
080600
180300
104100
00C000
00C000
ENDCHAR
STARTCHAR E369
ENCODING 58217
SWIDTH 660 0
DWIDTH 11 0
BBX 9 9 1 2
BITMAP
1800
7E00
FB00
FD80
FD80
FD80
FD80
7B00
7E00
ENDCHAR
STARTCHAR E36A
ENCODING 58218
SWIDTH 660 0
DWIDTH 11 0
BBX 13 19 0 -3
BITMAP
0008
0010
0010
0020
0168
03D8
07F0
0FF0
0FE0
1FF0
3FE0
41E0
81C0
80C0
8080
8180
4100
3E00
0800
ENDCHAR
STARTCHAR E36B
ENCODING 58219
SWIDTH 660 0
DWIDTH 11 0
BBX 19 18 0 -3
BITMAP
004000
004000
004000
104300
180300
09E200
03F800
060800
040C00
E40CE0
000000
066C00
04C800
06CC00
036C00
032600
036600
024C00
ENDCHAR
STARTCHAR E36C
ENCODING 58220
SWIDTH 660 0
DWIDTH 11 0
BBX 7 13 2 -1
BITMAP
18
30
60
78
FC
C4
86
C6
EC
7C
0C
18
30
ENDCHAR
STARTCHAR E36D
ENCODING 58221
SWIDTH 660 0
DWIDTH 11 0
BBX 15 16 0 -2
BITMAP
0780
0FC0
1FE0
1FF0
7FFC
FFFE
FFFE
FFFE
FFFC
7FFC
07F8
07F0
07F0
03E0
01C0
01C0
ENDCHAR
STARTCHAR E36E
ENCODING 58222
SWIDTH 660 0
DWIDTH 11 0
BBX 12 15 0 -2
BITMAP
0F00
3FC0
7FE0
7FF0
FFF0
FFF0
BFD0
8F10
8610
4220
2260
3FC0
1F80
0F00
0600
ENDCHAR
STARTCHAR E36F
ENCODING 58223
SWIDTH 660 0
DWIDTH 11 0
BBX 13 13 0 -1
BITMAP
0200
0000
2220
1240
0A80
0700
BFE8
0700
0A80
1240
2220
0000
0200
ENDCHAR
STARTCHAR E370
ENCODING 58224
SWIDTH 660 0
DWIDTH 11 0
BBX 15 14 1 -1
BITMAP
0800
0C00
1E00
3F00
0C00
0800
0008
000C
C01E
C008
0200
0300
0780
0200
ENDCHAR
STARTCHAR E371
ENCODING 58225
SWIDTH 660 0
DWIDTH 11 0
BBX 9 12 1 0
BITMAP
0800
1C00
3C00
7E00
7F00
FF00
FF80
FF80
FF80
FF00
7E00
1C00
ENDCHAR
STARTCHAR E372
ENCODING 58226
SWIDTH 660 0
DWIDTH 11 0
BBX 13 15 0 -2
BITMAP
0F00
3FC0
7260
42B0
D090
C118
B378
8718
C710
4030
6060
3FC0
0F00
0700
0700
ENDCHAR
STARTCHAR E373
ENCODING 58227
SWIDTH 660 0
DWIDTH 11 0
BBX 13 16 0 -3
BITMAP
0200
0700
0F80
1FC0
3FE0
2760
5270
52F0
D4F8
E538
FD58
FB58
FB50
7710
3FE0
1FC0
ENDCHAR
STARTCHAR E374
ENCODING 58228
SWIDTH 660 0
DWIDTH 11 0
BBX 14 6 0 2
BITMAP
C8B0
E9B8
E978
F968
DA7C
DACC
ENDCHAR
STARTCHAR E375
ENCODING 58229
SWIDTH 660 0
DWIDTH 11 0
BBX 14 13 0 -1
BITMAP
0100
0380
05C0
0100
0100
0100
0100
0100
8844
FFFC
FFFC
FFFC
FFFC
ENDCHAR
STARTCHAR E376
ENCODING 58230
SWIDTH 660 0
DWIDTH 11 0
BBX 16 14 0 -1
BITMAP
0600
1B00
3080
60E0
C034
8010
8010
C038
3FCB
0110
00E0
0204
0040
0040
ENDCHAR
STARTCHAR E377
ENCODING 58231
SWIDTH 660 0
DWIDTH 11 0
BBX 16 15 0 -1
BITMAP
0300
0FC0
1860
1020
703C
C006
8002
8002
C006
600C
3FFB
00C1
0041
0062
001C
ENDCHAR
STARTCHAR E378
ENCODING 58232
SWIDTH 660 0
DWIDTH 11 0
BBX 16 15 0 -1
BITMAP
0300
0FC0
1860
1020
703C
C006
8002
8002
C007
600D
3FF9
0081
0041
0062
001C
ENDCHAR
STARTCHAR E379
ENCODING 58233
SWIDTH 660 0
DWIDTH 11 0
BBX 12 11 0 0
BITMAP
0780
0C80
0880
18C0
1C70
3630
63E0
C0C0
8040
C0C0
7F80
ENDCHAR
STARTCHAR E37A
ENCODING 58234
SWIDTH 660 0
DWIDTH 11 0
BBX 17 10 0 1
BITMAP
080000
011300
200280
000080
FFFF00
000000
FFF200
000800
082800
413800
ENDCHAR
STARTCHAR E37B
ENCODING 58235
SWIDTH 660 0
DWIDTH 11 0
BBX 12 11 0 0
BITMAP
07C0
0C60
0830
1830
1C30
3630
63E0
C0C0
8040
C0C0
7F80
ENDCHAR
STARTCHAR E37C
ENCODING 58236
SWIDTH 660 0
DWIDTH 11 0
BBX 18 16 0 -2
BITMAP
00C000
07F800
1C0E00
300300
600180
400080
FDE7C0
C7F8C0
02C000
00C000
00C000
00C000
00C000
04C000
04C000
078000
ENDCHAR
STARTCHAR E37D
ENCODING 58237
SWIDTH 660 0
DWIDTH 11 0
BBX 19 18 0 -2
BITMAP
001000
001000
021080
010180
003C00
006600
00C200
0E8360
000300
008200
01CC00
004900
FFC080
001000
FC1000
060000
060000
0C0000
ENDCHAR
STARTCHAR E37E
ENCODING 58238
SWIDTH 660 0
DWIDTH 11 0
BBX 16 12 0 1
BITMAP
0018
0078
07C8
084C
1027
303A
600E
C006
8002
8002
4004
7FFC
ENDCHAR
STARTCHAR E37F
ENCODING 58239
SWIDTH 660 0
DWIDTH 11 0
BBX 5 5 3 4
BITMAP
E0
C0
E0
30
18
ENDCHAR
STARTCHAR E380
ENCODING 58240
SWIDTH 660 0
DWIDTH 11 0
BBX 5 5 3 4
BITMAP
80
C0
68
38
38
ENDCHAR
STARTCHAR E381
ENCODING 58241
SWIDTH 660 0
DWIDTH 11 0
BBX 12 12 0 0
BITMAP
1F80
30E0
6220
C230
C210
8210
8010
C010
4030
6020
30E0
1F80
ENDCHAR
STARTCHAR E382
ENCODING 58242
SWIDTH 660 0
DWIDTH 11 0
BBX 12 12 0 0
BITMAP
1F80
30E0
6220
C330
C310
8210
8010
C010
4030
6020
30E0
1F80
ENDCHAR
STARTCHAR E383
ENCODING 58243
SWIDTH 660 0
DWIDTH 11 0
BBX 12 12 0 0
BITMAP
1F80
30E0
6220
C230
C290
8310
8010
C010
4030
6020
30E0
1F80
ENDCHAR
STARTCHAR E384
ENCODING 58244
SWIDTH 660 0
DWIDTH 11 0
BBX 12 12 0 0
BITMAP
1F80
30E0
6220
C230
C210
8390
8010
C010
4030
6020
30E0
1F80
ENDCHAR
STARTCHAR E385
ENCODING 58245
SWIDTH 660 0
DWIDTH 11 0
BBX 12 12 0 0
BITMAP
1F80
30E0
6220
C230
C210
8210
8310
C090
4030
6020
30E0
1F80
ENDCHAR
STARTCHAR E386
ENCODING 58246
SWIDTH 660 0
DWIDTH 11 0
BBX 12 12 0 0
BITMAP
1F80
30E0
6220
C230
C210
8210
8210
C110
4130
6020
30E0
1F80
ENDCHAR
STARTCHAR E387
ENCODING 58247
SWIDTH 660 0
DWIDTH 11 0
BBX 12 12 0 0
BITMAP
1F80
30E0
6220
C230
C210
8210
8210
C210
4230
6020
30E0
1F80
ENDCHAR
STARTCHAR E388
ENCODING 58248
SWIDTH 660 0
DWIDTH 11 0
BBX 12 12 0 0
BITMAP
1F80
30E0
6220
C230
C210
8210
8410
C410
4030
6020
30E0
1F80
ENDCHAR
STARTCHAR E389
ENCODING 58249
SWIDTH 660 0
DWIDTH 11 0
BBX 12 12 0 0
BITMAP
1F80
30E0
6220
C230
C210
8210
8C10
C010
4030
6020
30E0
1F80
ENDCHAR
STARTCHAR E38A
ENCODING 58250
SWIDTH 660 0
DWIDTH 11 0
BBX 12 12 0 0
BITMAP
1F80
30E0
6220
C230
C210
8E10
8010
C010
4030
6020
30E0
1F80
ENDCHAR
STARTCHAR E38B
ENCODING 58251
SWIDTH 660 0
DWIDTH 11 0
BBX 12 12 0 0
BITMAP
1F80
30E0
6220
C230
CA10
8E10
8010
C010
4030
6020
30E0
1F80
ENDCHAR
STARTCHAR E38C
ENCODING 58252
SWIDTH 660 0
DWIDTH 11 0
BBX 12 12 0 0
BITMAP
1F80
30E0
6220
C230
C610
8610
8010
C010
4030
6020
30E0
1F80
ENDCHAR
STARTCHAR E38D
ENCODING 58253
SWIDTH 660 0
DWIDTH 11 0
BBX 13 12 0 0
BITMAP
1F80
2060
4020
8010
8010
8008
8010
8010
8010
4020
2020
1FC0
ENDCHAR
STARTCHAR E38E
ENCODING 58254
SWIDTH 660 0
DWIDTH 11 0
BBX 6 12 7 0
BITMAP
C0
30
10
18
18
1C
18
18
18
10
30
C0
ENDCHAR
STARTCHAR E38F
ENCODING 58255
SWIDTH 660 0
DWIDTH 11 0
BBX 6 12 7 0
BITMAP
C0
70
30
38
18
1C
18
18
38
30
70
C0
ENDCHAR
STARTCHAR E390
ENCODING 58256
SWIDTH 660 0
DWIDTH 11 0
BBX 6 12 7 0
BITMAP
C0
70
70
38
38
3C
38
38
38
70
70
C0
ENDCHAR
STARTCHAR E391
ENCODING 58257
SWIDTH 660 0
DWIDTH 11 0
BBX 6 12 7 0
BITMAP
C0
F0
70
78
78
7C
78
78
78
70
70
C0
ENDCHAR
STARTCHAR E392
ENCODING 58258
SWIDTH 660 0
DWIDTH 11 0
BBX 6 12 7 0
BITMAP
C0
F0
F0
F8
78
7C
78
78
F8
F0
F0
C0
ENDCHAR
STARTCHAR E393
ENCODING 58259
SWIDTH 660 0
DWIDTH 11 0
BBX 6 12 7 0
BITMAP
C0
F0
F0
F8
78
7C
78
78
F8
F0
F0
C0
ENDCHAR
STARTCHAR E394
ENCODING 58260
SWIDTH 660 0
DWIDTH 11 0
BBX 7 12 6 0
BITMAP
E0
F8
F8
FC
FC
FE
FC
FC
FC
F8
F8
E0
ENDCHAR
STARTCHAR E395
ENCODING 58261
SWIDTH 660 0
DWIDTH 11 0
BBX 7 12 6 0
BITMAP
E0
F8
F8
FC
FC
FE
FC
FC
FC
F8
F8
E0
ENDCHAR
STARTCHAR E396
ENCODING 58262
SWIDTH 660 0
DWIDTH 11 0
BBX 8 12 5 0
BITMAP
70
7C
FC
FE
FE
FF
FE
FE
FE
FC
7C
70
ENDCHAR
STARTCHAR E397
ENCODING 58263
SWIDTH 660 0
DWIDTH 11 0
BBX 9 12 4 0
BITMAP
3800
7E00
7E00
7F00
7F00
FF80
FF00
7F00
7F00
7E00
7E00
3800
ENDCHAR
STARTCHAR E398
ENCODING 58264
SWIDTH 660 0
DWIDTH 11 0
BBX 9 12 4 0
BITMAP
3800
7E00
FF00
FF00
FF00
FF80
FF00
FF00
FF00
FE00
7E00
3800
ENDCHAR
STARTCHAR E399
ENCODING 58265
SWIDTH 660 0
DWIDTH 11 0
BBX 10 12 3 0
BITMAP
3C00
3F00
7F00
7F80
FF80
FFC0
FF80
FF80
7F80
7F00
7F00
3C00
ENDCHAR
STARTCHAR E39A
ENCODING 58266
SWIDTH 660 0
DWIDTH 11 0
BBX 10 12 3 0
BITMAP
3C00
7F00
FF80
FF80
FF80
FFC0
FF80
FF80
FF80
FF00
7F00
3C00
ENDCHAR
STARTCHAR E39B
ENCODING 58267
SWIDTH 660 0
DWIDTH 11 0
BBX 13 12 0 0
BITMAP
1F80
3FE0
7FE0
FFF0
FFF0
FFF8
FFF0
FFF0
7FF0
7FE0
3FE0
1F80
ENDCHAR
STARTCHAR E39C
ENCODING 58268
SWIDTH 660 0
DWIDTH 11 0
BBX 10 12 0 0
BITMAP
1F00
3F80
7FC0
FFC0
FFC0
FFC0
FFC0
FFC0
7FC0
7FC0
3F80
1F00
ENDCHAR
STARTCHAR E39D
ENCODING 58269
SWIDTH 660 0
DWIDTH 11 0
BBX 10 12 0 0
BITMAP
1E00
3F00
7F80
7F80
FFC0
FFC0
FFC0
FFC0
7FC0
7F80
3F80
1F00
ENDCHAR
STARTCHAR E39E
ENCODING 58270
SWIDTH 660 0
DWIDTH 11 0
BBX 9 12 0 0
BITMAP
1E00
3F00
7F00
FF80
FF80
FF80
FF80
FF80
7F80
7F80
3F00
1E00
ENDCHAR
STARTCHAR E39F
ENCODING 58271
SWIDTH 660 0
DWIDTH 11 0
BBX 9 12 0 0
BITMAP
1E00
3F00
7F00
7F00
FF80
FF80
FF80
FF80
7F00
7F00
3F00
1E00
ENDCHAR
STARTCHAR E3A0
ENCODING 58272
SWIDTH 660 0
DWIDTH 11 0
BBX 8 12 0 0
BITMAP
1E
3E
7F
7F
FF
FF
FF
FF
7F
7F
3E
1E
ENDCHAR
STARTCHAR E3A1
ENCODING 58273
SWIDTH 660 0
DWIDTH 11 0
BBX 7 12 0 0
BITMAP
1E
3E
7E
FE
FE
FE
FE
FE
7E
7E
3E
1E
ENDCHAR
STARTCHAR E3A2
ENCODING 58274
SWIDTH 660 0
DWIDTH 11 0
BBX 6 12 0 0
BITMAP
1C
3C
7C
FC
FC
FC
FC
FC
7C
7C
3C
1C
ENDCHAR
STARTCHAR E3A3
ENCODING 58275
SWIDTH 660 0
DWIDTH 11 0
BBX 6 12 0 0
BITMAP
1C
3C
7C
FC
F8
F8
F8
F8
7C
7C
3C
1C
ENDCHAR
STARTCHAR E3A4
ENCODING 58276
SWIDTH 660 0
DWIDTH 11 0
BBX 6 12 0 0
BITMAP
1C
38
78
F8
F8
F8
F8
F8
78
78
38
1C
ENDCHAR
STARTCHAR E3A5
ENCODING 58277
SWIDTH 660 0
DWIDTH 11 0
BBX 6 12 0 0
BITMAP
1C
38
70
F0
F0
F0
F0
F0
70
70
38
1C
ENDCHAR
STARTCHAR E3A6
ENCODING 58278
SWIDTH 660 0
DWIDTH 11 0
BBX 5 12 0 0
BITMAP
18
30
70
E0
E0
E0
E0
E0
60
70
30
18
ENDCHAR
STARTCHAR E3A7
ENCODING 58279
SWIDTH 660 0
DWIDTH 11 0
BBX 5 12 0 0
BITMAP
18
30
60
C0
C0
C0
C0
C0
40
60
20
18
ENDCHAR
STARTCHAR E3A8
ENCODING 58280
SWIDTH 660 0
DWIDTH 11 0
BBX 5 12 0 0
BITMAP
18
20
40
C0
80
80
80
80
40
40
20
18
ENDCHAR
STARTCHAR E3A9
ENCODING 58281
SWIDTH 660 0
DWIDTH 11 0
BBX 12 12 0 0
BITMAP
1F80
30E0
6020
4230
C610
8610
8710
C710
4F30
6020
30E0
1F80
ENDCHAR
STARTCHAR E3AA
ENCODING 58282
SWIDTH 660 0
DWIDTH 11 0
BBX 19 20 0 -4
BITMAP
001000
001000
021080
010180
003800
07E600
084200
102260
303A00
600E00
C00600
800200
800280
C00600
755C00
010000
0A4000
000000
020000
020000
ENDCHAR
STARTCHAR E3AB
ENCODING 58283
SWIDTH 660 0
DWIDTH 11 0
BBX 15 16 0 -4
BITMAP
0038
07E6
0842
1022
303A
600E
C006
8002
8002
C006
755C
0100
0840
0840
0200
0200
ENDCHAR
STARTCHAR E3AC
ENCODING 58284
SWIDTH 660 0
DWIDTH 11 0
BBX 16 17 0 -4
BITMAP
0018
0078
07C8
0844
1027
303A
600E
C006
8002
8002
C004
755C
0100
0A40
0000
0200
0200
ENDCHAR
STARTCHAR E3AD
ENCODING 58285
SWIDTH 660 0
DWIDTH 11 0
BBX 15 15 0 -4
BITMAP
0780
0840
1020
3038
600C
C006
8002
8002
C006
755C
0100
0840
0040
0200
0200
ENDCHAR
STARTCHAR E3AE
ENCODING 58286
SWIDTH 660 0
DWIDTH 11 0
BBX 15 12 0 1
BITMAP
0100
0100
2108
1018
0380
07C0
0C20
E826
0000
3FB8
0000
17F0
ENDCHAR
STARTCHAR E3AF
ENCODING 58287
SWIDTH 660 0
DWIDTH 11 0
BBX 17 12 0 0
BITMAP
001C00
000400
FFFC00
000000
FFE000
002780
00ED80
000C80
000980
000980
000F00
000600
ENDCHAR
STARTCHAR E3B0
ENCODING 58288
SWIDTH 660 0
DWIDTH 11 0
BBX 15 12 0 0
BITMAP
001C
0004
FFFC
0000
FFE0
002E
00EC
000C
000C
000C
001C
0018
ENDCHAR
STARTCHAR E3B1
ENCODING 58289
SWIDTH 660 0
DWIDTH 11 0
BBX 18 12 0 0
BITMAP
001C00
000400
FFFC00
000000
FFE000
002780
00EDC0
000CC0
000380
000E00
001F80
001F80
ENDCHAR
STARTCHAR E3B2
ENCODING 58290
SWIDTH 660 0
DWIDTH 11 0
BBX 17 12 0 0
BITMAP
001C00
000400
FFFC00
000000
FFE000
002780
00ED80
000180
000380
001980
000F80
000700
ENDCHAR
STARTCHAR E3B3
ENCODING 58291
SWIDTH 660 0
DWIDTH 11 0
BBX 17 12 0 0
BITMAP
001C00
000400
FFFC00
000000
FFE000
002180
00E380
000780
000D80
001F80
000300
000300
ENDCHAR
STARTCHAR E3B4
ENCODING 58292
SWIDTH 660 0
DWIDTH 11 0
BBX 17 12 0 0
BITMAP
001C00
000400
FFFC00
000000
FFE000
002780
00EF80
000F00
000D80
000180
001F80
000F00
ENDCHAR
STARTCHAR E3B5
ENCODING 58293
SWIDTH 660 0
DWIDTH 11 0
BBX 18 12 0 0
BITMAP
001C00
000400
FFFC00
000000
FFE000
002780
00ECC0
000F00
000D80
000980
000F80
000700
ENDCHAR
STARTCHAR E3B6
ENCODING 58294
SWIDTH 660 0
DWIDTH 11 0
BBX 18 12 0 0
BITMAP
001C00
000400
FFFC00
000000
FFE000
002FC0
00EF80
000300
000300
000600
000600
000C00
ENDCHAR
STARTCHAR E3B7
ENCODING 58295
SWIDTH 660 0
DWIDTH 11 0
BBX 17 12 0 0
BITMAP
001C00
000400
FFFC00
000000
FFE000
002780
00EC80
000D80
000F80
001980
001F80
000700
ENDCHAR
STARTCHAR E3B8
ENCODING 58296
SWIDTH 660 0
DWIDTH 11 0
BBX 17 12 0 0
BITMAP
001C00
000400
FFFC00
000000
FFE000
002700
00ED80
000D80
000F80
000580
001F00
000E00
ENDCHAR
STARTCHAR E3B9
ENCODING 58297
SWIDTH 660 0
DWIDTH 11 0
BBX 21 12 0 0
BITMAP
001C00
000400
FFFC00
000000
FFE000
002EF0
00EDD0
000D98
000D98
000DB0
001DF0
0018E0
ENDCHAR
STARTCHAR E3BA
ENCODING 58298
SWIDTH 660 0
DWIDTH 11 0
BBX 18 12 0 0
BITMAP
001C00
000400
FFFC00
000000
FFE000
0026C0
00ECC0
000D80
000D80
000D80
001D80
001B80
ENDCHAR
STARTCHAR E3BB
ENCODING 58299
SWIDTH 660 0
DWIDTH 11 0
BBX 21 12 0 0
BITMAP
001C00
000400
FFFC00
000000
FFE000
0026F0
00ECF8
000D98
000C70
000CE0
001DF0
001BF0
ENDCHAR
STARTCHAR E3BC
ENCODING 58300
SWIDTH 660 0
DWIDTH 11 0
BBX 21 18 0 -3
BITMAP
000800
000800
020800
030060
0100C0
003E00
006300
00C100
0C81B8
0C01B8
000100
FF8300
000E00
3FC0C0
7FE060
000800
FF8800
7F8800
ENDCHAR
STARTCHAR E3BD
ENCODING 58301
SWIDTH 660 0
DWIDTH 11 0
BBX 17 16 0 -2
BITMAP
00FC00
078700
0C0680
10FC00
230E00
661800
441800
C0F000
838000
820000
841E00
847300
C46180
CC2100
4C2100
FFFF80
ENDCHAR
STARTCHAR E3BE
ENCODING 58302
SWIDTH 660 0
DWIDTH 11 0
BBX 17 16 0 -2
BITMAP
081000
083000
083000
083000
183000
153000
15D000
15D000
F5D780
055400
061400
061C00
061800
060800
020800
020800
ENDCHAR
STARTCHAR E3BF
ENCODING 58303
SWIDTH 660 0
DWIDTH 11 0
BBX 13 15 0 -1
BITMAP
0400
0C00
1C80
1E40
3FE0
3FE0
5FE0
5FE0
7FF0
7FF0
7FF0
0000
0000
FFF8
01F8
ENDCHAR
STARTCHAR E3C0
ENCODING 58304
SWIDTH 660 0
DWIDTH 11 0
BBX 13 16 0 -2
BITMAP
0F00
1F80
3FC0
1FC0
1F80
0700
0600
0200
0500
0780
0D80
1DC0
3EE0
7E70
FE78
F8F8
ENDCHAR
STARTCHAR E3C1
ENCODING 58305
SWIDTH 660 0
DWIDTH 11 0
BBX 13 13 0 -1
BITMAP
0600
1F00
3300
6100
C180
C0E0
C078
C018
C010
0600
0F00
F9F0
F0F0
ENDCHAR
STARTCHAR E3C2
ENCODING 58306
SWIDTH 660 0
DWIDTH 11 0
BBX 13 15 0 -3
BITMAP
0600
1F00
3300
6100
C180
C0E0
C078
C018
C010
0000
0000
F0F0
F9F0
0F00
0600
ENDCHAR
STARTCHAR E3C3
ENCODING 58307
SWIDTH 660 0
DWIDTH 11 0
BBX 18 18 0 -3
BITMAP
000C00
003E00
003E00
001E00
001C00
000800
001C00
001800
FE1800
4E5800
4FFE00
4FFE00
4FFE00
7FFE00
7FFF00
7BFD80
7BFDC0
3199C0
ENDCHAR
STARTCHAR E3C4
ENCODING 58308
SWIDTH 660 0
DWIDTH 11 0
BBX 8 15 1 -1
BITMAP
80
F0
FC
FF
FE
F8
C0
80
80
80
80
80
80
80
80
ENDCHAR
STARTCHAR E3C5
ENCODING 58309
SWIDTH 660 0
DWIDTH 11 0
BBX 8 15 1 -1
BITMAP
80
F0
FC
FF
FE
F8
C0
C0
F8
FE
FF
FC
F0
80
80
ENDCHAR
STARTCHAR E3C6
ENCODING 58310
SWIDTH 660 0
DWIDTH 11 0
BBX 9 15 1 -1
BITMAP
FF80
FF80
E180
E180
FF80
FF80
8000
8000
8000
8000
8000
8000
8000
8000
8000
ENDCHAR
STARTCHAR E3C7
ENCODING 58311
SWIDTH 660 0
DWIDTH 11 0
BBX 9 15 1 -1
BITMAP
FF80
FF80
E180
E180
FF80
FF80
8000
FF80
FF80
E180
E180
FF80
FF80
8000
8000
ENDCHAR
STARTCHAR E3C8
ENCODING 58312
SWIDTH 660 0
DWIDTH 11 0
BBX 12 12 0 0
BITMAP
1F80
3F60
7FA0
FFD0
FFD0
FFD0
FFD0
FFD0
7FD0
7FA0
3FE0
1F80
ENDCHAR
STARTCHAR E3C9
ENCODING 58313
SWIDTH 660 0
DWIDTH 11 0
BBX 12 12 0 0
BITMAP
1F80
3F60
7FA0
FF90
FF90
FFD0
FFD0
FF90
7F90
7FA0
3F60
1F80
ENDCHAR
STARTCHAR E3CA
ENCODING 58314
SWIDTH 660 0
DWIDTH 11 0
BBX 12 12 0 0
BITMAP
1F80
3F60
7F20
FF90
FF90
FF90
FF90
FF90
7F90
7F20
3F20
1FC0
ENDCHAR
STARTCHAR E3CB
ENCODING 58315
SWIDTH 660 0
DWIDTH 11 0
BBX 12 12 0 0
BITMAP
1F80
3E60
7F20
FF10
FF10
FF10
FF10
FF10
7F10
7F20
3E20
1FC0
ENDCHAR
STARTCHAR E3CC
ENCODING 58316
SWIDTH 660 0
DWIDTH 11 0
BBX 12 12 0 0
BITMAP
1F80
3E60
7E20
FF10
FF10
FF10
FF10
FF10
7F10
7E20
3E60
1F80
ENDCHAR
STARTCHAR E3CD
ENCODING 58317
SWIDTH 660 0
DWIDTH 11 0
BBX 12 12 0 0
BITMAP
1F80
3E60
7E20
FE10
FE10
FE10
FE10
FE10
7E10
7E20
3E20
1FC0
ENDCHAR
STARTCHAR E3CE
ENCODING 58318
SWIDTH 660 0
DWIDTH 11 0
BBX 12 12 0 0
BITMAP
1F80
3C60
7C20
FC10
FC10
FC10
FC10
FC10
7C10
7C20
3C20
1FC0
ENDCHAR
STARTCHAR E3CF
ENCODING 58319
SWIDTH 660 0
DWIDTH 11 0
BBX 12 12 0 0
BITMAP
1F80
3C60
7C20
FC10
F810
F810
F810
F810
7810
7C20
3C20
1FC0
ENDCHAR
STARTCHAR E3D0
ENCODING 58320
SWIDTH 660 0
DWIDTH 11 0
BBX 12 12 0 0
BITMAP
1F80
3860
7820
F810
F810
F810
F810
F810
7810
7820
3820
1FC0
ENDCHAR
STARTCHAR E3D1
ENCODING 58321
SWIDTH 660 0
DWIDTH 11 0
BBX 12 12 0 0
BITMAP
1F80
3860
7020
F010
F010
F010
F010
F010
7010
7020
3820
1FC0
ENDCHAR
STARTCHAR E3D2
ENCODING 58322
SWIDTH 660 0
DWIDTH 11 0
BBX 13 12 0 0
BITMAP
1F80
3060
7020
E010
E010
E008
E010
E010
6010
7020
3020
1FC0
ENDCHAR
STARTCHAR E3D3
ENCODING 58323
SWIDTH 660 0
DWIDTH 11 0
BBX 13 12 0 0
BITMAP
1F80
3060
6020
E010
C010
C008
C010
C010
6010
6020
3020
1FC0
ENDCHAR
STARTCHAR E3D4
ENCODING 58324
SWIDTH 660 0
DWIDTH 11 0
BBX 13 12 0 0
BITMAP
1F80
2060
4020
C010
C010
8008
C010
C010
4010
6020
3020
1FC0
ENDCHAR
STARTCHAR E3D5
ENCODING 58325
SWIDTH 660 0
DWIDTH 11 0
BBX 13 12 0 0
BITMAP
1F80
2060
4020
8010
8010
8008
8010
8010
8010
4020
2020
1FC0
ENDCHAR
STARTCHAR E3D6
ENCODING 58326
SWIDTH 660 0
DWIDTH 11 0
BBX 13 12 0 0
BITMAP
1F80
2060
4070
8030
8030
8038
8030
8030
8030
4020
2060
1F80
ENDCHAR
STARTCHAR E3D7
ENCODING 58327
SWIDTH 660 0
DWIDTH 11 0
BBX 12 12 0 0
BITMAP
1F80
20E0
4060
8070
8070
8070
8070
8070
8070
4060
20E0
1F80
ENDCHAR
STARTCHAR E3D8
ENCODING 58328
SWIDTH 660 0
DWIDTH 11 0
BBX 12 12 0 0
BITMAP
1F80
20E0
40E0
80F0
8070
8070
8070
8070
8070
40E0
20E0
1F80
ENDCHAR
STARTCHAR E3D9
ENCODING 58329
SWIDTH 660 0
DWIDTH 11 0
BBX 12 12 0 0
BITMAP
1F80
21E0
40E0
80F0
80F0
80F0
80F0
80F0
80F0
40E0
21E0
1F80
ENDCHAR
STARTCHAR E3DA
ENCODING 58330
SWIDTH 660 0
DWIDTH 11 0
BBX 12 12 0 0
BITMAP
1F80
21E0
41E0
80F0
80F0
80F0
80F0
80F0
80F0
41E0
21E0
1F80
ENDCHAR
STARTCHAR E3DB
ENCODING 58331
SWIDTH 660 0
DWIDTH 11 0
BBX 12 12 0 0
BITMAP
1F80
21E0
41E0
81F0
81F0
81F0
81F0
81F0
81F0
41E0
21E0
1F80
ENDCHAR
STARTCHAR E3DC
ENCODING 58332
SWIDTH 660 0
DWIDTH 11 0
BBX 12 12 0 0
BITMAP
1F80
23E0
43E0
83F0
83F0
83F0
83F0
83F0
83F0
43E0
23E0
1F80
ENDCHAR
STARTCHAR E3DD
ENCODING 58333
SWIDTH 660 0
DWIDTH 11 0
BBX 12 12 0 0
BITMAP
1F80
23E0
43E0
83F0
83F0
83F0
83F0
83F0
83F0
43E0
23E0
1F80
ENDCHAR
STARTCHAR E3DE
ENCODING 58334
SWIDTH 660 0
DWIDTH 11 0
BBX 12 12 0 0
BITMAP
1F80
23E0
43E0
87F0
87F0
87F0
87F0
87F0
87F0
43E0
23E0
1F80
ENDCHAR
STARTCHAR E3DF
ENCODING 58335
SWIDTH 660 0
DWIDTH 11 0
BBX 12 12 0 0
BITMAP
1F80
23E0
47E0
87F0
87F0
87F0
87F0
87F0
87F0
47E0
27E0
1F80
ENDCHAR
STARTCHAR E3E0
ENCODING 58336
SWIDTH 660 0
DWIDTH 11 0
BBX 12 12 0 0
BITMAP
1F80
27E0
47E0
8FF0
8FF0
8FF0
8FF0
8FF0
8FF0
47E0
27E0
1F80
ENDCHAR
STARTCHAR E3E1
ENCODING 58337
SWIDTH 660 0
DWIDTH 11 0
BBX 12 12 0 0
BITMAP
1F80
27E0
4FE0
9FF0
9FF0
9FF0
9FF0
9FF0
9FF0
4FE0
2FE0
1F80
ENDCHAR
STARTCHAR E3E2
ENCODING 58338
SWIDTH 660 0
DWIDTH 11 0
BBX 12 12 0 0
BITMAP
1F80
2FE0
5FE0
9FF0
9FF0
BFF0
BFF0
9FF0
9FF0
5FE0
2FE0
1F80
ENDCHAR
STARTCHAR E3E3
ENCODING 58339
SWIDTH 660 0
DWIDTH 11 0
BBX 13 12 0 0
BITMAP
1F80
3FE0
7FE0
FFF0
FFF0
FFF8
FFF0
FFF0
7FF0
7FE0
3FE0
1F80
ENDCHAR
STARTCHAR E5FA
ENCODING 58874
SWIDTH 660 0
DWIDTH 11 0
BBX 15 12 0 0
BITMAP
FE00
FF00
FFFE
FFFE
8002
F77A
F75A
E75A
8602
FFFE
FFFE
FFFE
ENDCHAR
STARTCHAR E5FB
ENCODING 58875
SWIDTH 660 0
DWIDTH 11 0
BBX 15 12 0 0
BITMAP
FE00
FF00
FFFE
FCFE
FA7E
F13E
E1DE
F11E
F93E
FC7E
FEFE
FFFE
ENDCHAR
STARTCHAR E5FC
ENCODING 58876
SWIDTH 660 0
DWIDTH 11 0
BBX 15 12 0 0
BITMAP
FE00
FF00
FFFE
F97E
F87E
E11E
F39E
F39E
E11E
F87E
F97E
FFFE
ENDCHAR
STARTCHAR E5FD
ENCODING 58877
SWIDTH 660 0
DWIDTH 11 0
BBX 15 12 0 0
BITMAP
FE00
FF00
FFFE
F79E
F01E
E01E
E00E
EFCE
EB7E
F7DE
FFFE
FFFE
ENDCHAR
STARTCHAR E5FE
ENCODING 58878
SWIDTH 660 0
DWIDTH 11 0
BBX 14 12 0 0
BITMAP
F800
FC00
FFF0
FFF0
C000
BFFC
BFFC
BFF8
FFF8
FFF8
FFF0
FFF0
ENDCHAR
STARTCHAR E5FF
ENCODING 58879
SWIDTH 660 0
DWIDTH 11 0
BBX 15 12 0 0
BITMAP
FE00
FF00
FFFE
FFFE
FFFE
FFFE
FFFE
FFFE
FFFE
FFFE
FFFE
FFFE
ENDCHAR
STARTCHAR E600
ENCODING 58880
SWIDTH 660 0
DWIDTH 11 0
BBX 10 14 1 -1
BITMAP
00C0
0100
0200
0200
0400
0400
0C00
1400
1400
1000
2000
4000
4000
8000
ENDCHAR
STARTCHAR E601
ENCODING 58881
SWIDTH 660 0
DWIDTH 11 0
BBX 15 14 0 -1
BITMAP
F800
0000
0000
7E00
7E00
0000
1EFC
1EFC
0000
0000
1F6E
0000
0000
7E00
ENDCHAR
STARTCHAR E602
ENCODING 58882
SWIDTH 660 0
DWIDTH 11 0
BBX 9 14 1 -1
BITMAP
8000
C000
E000
F800
FC00
FE00
FF80
FF00
FE00
FC00
F000
E000
C000
8000
ENDCHAR
STARTCHAR E603
ENCODING 58883
SWIDTH 660 0
DWIDTH 11 0
BBX 12 14 0 -1
BITMAP
07E0
1810
3010
4030
C060
89C0
C600
6000
3600
0800
3800
4800
4800
7000
ENDCHAR
STARTCHAR E604
ENCODING 58884
SWIDTH 660 0
DWIDTH 11 0
BBX 15 14 0 -1
BITMAP
0200
01F8
03E6
17C0
0FC0
0F00
7F80
1E00
3E00
3F80
BF00
BF00
3FC0
3F00
ENDCHAR
STARTCHAR E605
ENCODING 58885
SWIDTH 660 0
DWIDTH 11 0
BBX 15 14 0 -1
BITMAP
036C
0FDC
1FAE
3FB4
7FE8
7F7C
FFB8
7BBC
F3F4
B4EC
379C
FFAC
EF74
4CF8
ENDCHAR
STARTCHAR E606
ENCODING 58886
SWIDTH 660 0
DWIDTH 11 0
BBX 14 14 0 -1
BITMAP
0FC0
13C0
0FC0
3FC0
FFDC
FFDC
FF1C
E7FC
EFFC
6FFC
0FF0
0FE0
0FA0
0FC0
ENDCHAR
STARTCHAR E607
ENCODING 58887
SWIDTH 660 0
DWIDTH 11 0
BBX 9 14 1 -1
BITMAP
C180
C380
C300
C000
C000
FF00
FF80
C180
0180
0180
0180
8180
C180
8180
ENDCHAR
STARTCHAR E608
ENCODING 58888
SWIDTH 660 0
DWIDTH 11 0
BBX 15 10 0 1
BITMAP
7DE0
7FF8
FFFC
BFFC
FFFE
BFF8
6FF0
26B0
1638
2638
ENDCHAR
STARTCHAR E609
ENCODING 58889
SWIDTH 660 0
DWIDTH 11 0
BBX 13 14 0 -1
BITMAP
1040
1CC0
1FC0
1FC0
1FC0
1FC0
1FC0
FFF8
7FF0
3FE0
1FC0
0F80
0700
0200
ENDCHAR
STARTCHAR E60A
ENCODING 58890
SWIDTH 660 0
DWIDTH 11 0
BBX 8 14 1 -1
BITMAP
3C
42
22
3C
DE
FE
FE
7C
7E
6E
7A
A7
A3
63
ENDCHAR
STARTCHAR E60B
ENCODING 58891
SWIDTH 660 0
DWIDTH 11 0
BBX 14 14 0 -1
BITMAP
3870
7038
6018
6018
6018
6018
E01C
E01C
6018
2018
6018
6018
7038
3870
ENDCHAR
STARTCHAR E60C
ENCODING 58892
SWIDTH 660 0
DWIDTH 11 0
BBX 15 11 0 1
BITMAP
0010
1CFC
1CEC
1DC0
1DE0
1CF8
1C7C
1C0E
1C0E
F8FC
F9F8
ENDCHAR
STARTCHAR E60D
ENCODING 58893
SWIDTH 660 0
DWIDTH 11 0
BBX 15 12 0 0
BITMAP
FFE0
8000
8000
BFFE
A032
A03A
A032
A202
2702
2FB2
1FFA
1FFE
ENDCHAR
STARTCHAR E60E
ENCODING 58894
SWIDTH 660 0
DWIDTH 11 0
BBX 15 12 0 0
BITMAP
0840
0860
1870
3038
600C
C006
C006
600C
3038
1870
0860
0040
ENDCHAR
STARTCHAR E60F
ENCODING 58895
SWIDTH 660 0
DWIDTH 11 0
BBX 14 4 0 4
BITMAP
0EE0
9FF4
FC7C
601C
ENDCHAR
STARTCHAR E610
ENCODING 58896
SWIDTH 660 0
DWIDTH 11 0
BBX 6 14 2 -1
BITMAP
40
40
20
7C
FC
FC
FC
FC
7C
7C
7C
78
38
38
ENDCHAR
STARTCHAR E611
ENCODING 58897
SWIDTH 660 0
DWIDTH 11 0
BBX 12 14 0 -1
BITMAP
6B70
3FE0
7FF0
7FF0
7FE0
FFF0
FFF0
3FC0
3FC0
BFE0
FFF0
7FE0
3FC0
1F80
ENDCHAR
STARTCHAR E612
ENCODING 58898
SWIDTH 660 0
DWIDTH 11 0
BBX 14 14 0 -1
BITMAP
FFF8
0000
0000
0000
FFE0
FFE0
0000
0000
FFFC
FFFC
0000
0000
FF00
FF00
ENDCHAR
STARTCHAR E613
ENCODING 58899
SWIDTH 660 0
DWIDTH 11 0
BBX 15 12 0 0
BITMAP
FE00
FE00
FFFE
FFFE
FFFE
FFFE
FFFE
FFFE
FFFE
FFFE
FFFE
FFFE
ENDCHAR
STARTCHAR E614
ENCODING 58900
SWIDTH 660 0
DWIDTH 11 0
BBX 15 14 0 -1
BITMAP
0638
0E38
0E30
0E70
7FFE
7FFE
1C70
1C60
FFFC
FFFC
38E0
38C0
38C0
39C0
ENDCHAR
STARTCHAR E615
ENCODING 58901
SWIDTH 660 0
DWIDTH 11 0
BBX 15 14 0 -1
BITMAP
1CE0
1FE0
1FE0
7FFC
FC7C
F83C
7038
7038
F83E
FC7C
7FFC
0FE0
0FE0
0C60
ENDCHAR
STARTCHAR E616
ENCODING 58902
SWIDTH 660 0
DWIDTH 11 0
BBX 15 6 0 3
BITMAP
FFFE
8882
AAAA
A8AA
FBFE
0E00
ENDCHAR
STARTCHAR E617
ENCODING 58903
SWIDTH 660 0
DWIDTH 11 0
BBX 14 14 0 -1
BITMAP
0700
0FC0
3FE0
7FF8
FFFC
FFFC
F8FC
F87C
F87C
F87C
F87C
F87C
F078
C008
ENDCHAR
STARTCHAR E618
ENCODING 58904
SWIDTH 660 0
DWIDTH 11 0
BBX 15 12 0 0
BITMAP
0840
0860
1870
3038
600C
C006
C006
600C
3038
1870
0860
0040
ENDCHAR
STARTCHAR E619
ENCODING 58905
SWIDTH 660 0
DWIDTH 11 0
BBX 15 14 0 -1
BITMAP
F800
FE00
FF80
0FC0
C3E0
F8F0
FC70
7E78
0F38
079C
639C
F39C
F1DC
71CE
ENDCHAR
STARTCHAR E61A
ENCODING 58906
SWIDTH 660 0
DWIDTH 11 0
BBX 15 13 0 0
BITMAP
0400
3F18
7FF0
7D50
F5A0
FFC0
FF7C
FE3E
FC3C
80F8
4080
3380
0F80
ENDCHAR
STARTCHAR E61B
ENCODING 58907
SWIDTH 660 0
DWIDTH 11 0
BBX 15 12 0 0
BITMAP
00E0
4FA0
604C
1FF2
7FFC
7FFC
BFFC
BFF8
9FF0
4FF0
0FE0
0380
ENDCHAR
STARTCHAR E61C
ENCODING 58908
SWIDTH 660 0
DWIDTH 11 0
BBX 9 14 0 -1
BITMAP
0180
0100
0200
0200
0200
0400
0400
0600
9600
4E00
4600
4400
4600
4E00
ENDCHAR
STARTCHAR E61D
ENCODING 58909
SWIDTH 660 0
DWIDTH 11 0
BBX 13 14 0 -1
BITMAP
0700
1FC0
7FF0
F078
E038
C778
CFA8
CFA8
C778
E038
F078
7FF0
1FC0
0700
ENDCHAR
STARTCHAR E61E
ENCODING 58910
SWIDTH 660 0
DWIDTH 11 0
BBX 13 14 0 -1
BITMAP
0700
1FC0
7FF0
F078
E038
C778
CFF8
CFF8
C778
E038
F078
7FF0
1FC0
0700
ENDCHAR
STARTCHAR E61F
ENCODING 58911
SWIDTH 660 0
DWIDTH 11 0
BBX 15 10 0 1
BITMAP
EC00
7600
3700
3B7E
1DBE
1FDE
3BDE
3760
7E70
EC30
ENDCHAR
STARTCHAR E620
ENCODING 58912
SWIDTH 660 0
DWIDTH 11 0
BBX 15 14 0 -1
BITMAP
001C
001E
1FDC
3F20
7E10
FE10
FE38
FFF8
FFF8
FFF0
7FF0
7FF0
3FE0
1F80
ENDCHAR
STARTCHAR E621
ENCODING 58913
SWIDTH 660 0
DWIDTH 11 0
BBX 1 14 5 0
BITMAP
80
00
80
00
00
00
00
80
00
80
00
80
00
80
ENDCHAR
STARTCHAR E622
ENCODING 58914
SWIDTH 660 0
DWIDTH 11 0
BBX 11 14 0 -1
BITMAP
F3E0
F3C0
F780
FF80
FF00
FE00
7E00
7E00
7F00
3F80
3780
33C0
33E0
11E0
ENDCHAR
STARTCHAR E623
ENCODING 58915
SWIDTH 660 0
DWIDTH 11 0
BBX 14 14 0 -1
BITMAP
0100
0100
0380
0380
0780
FFFC
7FF8
3FF0
1FE0
0FE0
1FE0
1FE0
1870
0010
ENDCHAR
STARTCHAR E624
ENCODING 58916
SWIDTH 660 0
DWIDTH 11 0
BBX 15 14 0 -1
BITMAP
0380
07C0
0FC0
0FE0
0FC0
07C0
0300
3030
7C7C
FCFC
FEFE
FCFC
7C7C
3838
ENDCHAR
STARTCHAR E625
ENCODING 58917
SWIDTH 660 0
DWIDTH 11 0
BBX 14 14 0 -1
BITMAP
0020
1ED0
2110
2290
1FF0
786C
8BA4
8B24
5868
3FF0
2310
2110
1690
0860
ENDCHAR
STARTCHAR E626
ENCODING 58918
SWIDTH 660 0
DWIDTH 11 0
BBX 11 15 0 -2
BITMAP
7FC0
FBC0
CD40
B640
8C40
8040
8040
8020
8040
8040
8040
8040
8080
E180
5E00
ENDCHAR
STARTCHAR E627
ENCODING 58919
SWIDTH 660 0
DWIDTH 11 0
BBX 11 14 0 -2
BITMAP
7FC0
DDC0
77C0
7FC0
7FC0
7FC0
7FC0
FFE0
7FC0
7FC0
7FC0
7FC0
7F80
7F80
ENDCHAR
STARTCHAR E628
ENCODING 58920
SWIDTH 660 0
DWIDTH 11 0
BBX 15 10 0 1
BITMAP
FE30
FEFC
10C4
10C0
1078
101C
1006
10C6
10FC
0030
ENDCHAR
STARTCHAR E629
ENCODING 58921
SWIDTH 660 0
DWIDTH 11 0
BBX 13 14 0 -1
BITMAP
37E0
3700
3FE0
3A20
3BA0
2AC0
F7F0
ED98
DDE8
DFE0
DE78
D568
CD98
FBF0
ENDCHAR
STARTCHAR E62A
ENCODING 58922
SWIDTH 660 0
DWIDTH 11 0
BBX 15 14 0 -1
BITMAP
FEFE
FEFE
FEFE
FEFE
FEFE
FEFE
FEFE
FEFE
FEFE
FEFE
FEFE
FEFE
FEFE
FEFE
ENDCHAR
STARTCHAR E62B
ENCODING 58923
SWIDTH 660 0
DWIDTH 11 0
BBX 15 14 0 -1
BITMAP
FC7E
FC7E
787C
78F8
79F0
7BE0
7FC0
7F80
7F00
7E00
7C00
7800
7000
6000
ENDCHAR
STARTCHAR E62C
ENCODING 58924
SWIDTH 660 0
DWIDTH 11 0
BBX 15 14 0 -1
BITMAP
7F7E
BFBE
DFDE
EFCE
F7B6
FB7A
FCFC
FCFC
FB7A
F7B6
EFCE
DFEE
BFF6
7FFE
ENDCHAR
STARTCHAR E62D
ENCODING 58925
SWIDTH 660 0
DWIDTH 11 0
BBX 9 14 1 -1
BITMAP
1800
1800
3800
7800
7C00
FE00
FF00
FF80
FF80
FF80
FF80
FF80
7F00
3E00
ENDCHAR
STARTCHAR E62E
ENCODING 58926
SWIDTH 660 0
DWIDTH 11 0
BBX 14 14 0 -1
BITMAP
0700
0280
0080
7358
8C48
9048
2048
4240
A040
9040
CC1C
C398
0860
0780
ENDCHAR
STARTCHAR E62F
ENCODING 58927
SWIDTH 660 0
DWIDTH 11 0
BBX 14 14 0 -1
BITMAP
0F00
1FF0
3FF8
7DF8
E1F8
81FC
C1FC
63FC
73FC
7BFC
7FF8
3FF0
1FE0
01C0
ENDCHAR
STARTCHAR E630
ENCODING 58928
SWIDTH 660 0
DWIDTH 11 0
BBX 15 8 0 3
BITMAP
0018
07CC
0006
27CC
4018
8010
47C0
2000
ENDCHAR
STARTCHAR E631
ENCODING 58929
SWIDTH 660 0
DWIDTH 11 0
BBX 9 14 1 -1
BITMAP
F000
B000
B000
F000
1800
0F80
0780
0780
0F80
1800
F000
B000
B000
F000
ENDCHAR
STARTCHAR E632
ENCODING 58930
SWIDTH 660 0
DWIDTH 11 0
BBX 15 14 0 -1
BITMAP
0FE0
3FF0
7FB8
703C
F3FC
F9FC
FC7E
E1FE
C7FC
E7FC
781C
3F78
1FF0
0FC0
ENDCHAR
STARTCHAR E633
ENCODING 58931
SWIDTH 660 0
DWIDTH 11 0
BBX 13 14 0 -1
BITMAP
0040
0080
0180
0780
0FC0
7FF8
7FF8
F780
EE00
DE00
BF00
3FC0
1FC0
0020
ENDCHAR
STARTCHAR E634
ENCODING 58932
SWIDTH 660 0
DWIDTH 11 0
BBX 14 14 0 -1
BITMAP
FFFC
FFF8
FFF0
FFE0
FFC0
FF80
FF00
FF00
FF80
FFC0
FFE0
FFF0
FFF8
FFFC
ENDCHAR
STARTCHAR E635
ENCODING 58933
SWIDTH 660 0
DWIDTH 11 0
BBX 12 14 0 -1
BITMAP
0180
0380
0300
3DE0
7FF0
FFE0
FFE0
FFC0
FFE0
FFE0
7FF0
7FF0
3FE0
3FC0
ENDCHAR
STARTCHAR E636
ENCODING 58934
SWIDTH 660 0
DWIDTH 11 0
BBX 12 14 0 -1
BITMAP
1080
1980
1980
1980
1980
1980
1980
F9F0
79E0
39C0
1980
0F80
0700
0600
ENDCHAR
STARTCHAR E637
ENCODING 58935
SWIDTH 660 0
DWIDTH 11 0
BBX 15 6 0 3
BITMAP
23A6
6426
575A
91DA
F0DA
8F02
ENDCHAR
STARTCHAR E638
ENCODING 58936
SWIDTH 660 0
DWIDTH 11 0
BBX 15 12 0 0
BITMAP
0108
0308
0734
FF54
FF54
FF6C
FF4E
FF54
FF54
0734
0308
0100
ENDCHAR
STARTCHAR E639
ENCODING 58937
SWIDTH 660 0
DWIDTH 11 0
BBX 12 13 0 -1
BITMAP
07E0
1E30
2430
0C60
0CC0
1BC0
1EE0
10C0
31C0
2300
6E00
7800
E000
ENDCHAR
STARTCHAR E63A
ENCODING 58938
SWIDTH 660 0
DWIDTH 11 0
BBX 15 14 0 -1
BITMAP
1030
3878
7CFC
FEFC
FF7A
FFB6
FFCE
6FDC
2FB8
2F70
0EE0
07C0
0380
0100
ENDCHAR
STARTCHAR E63B
ENCODING 58939
SWIDTH 660 0
DWIDTH 11 0
BBX 15 14 0 -1
BITMAP
03C0
0600
0600
07C0
0F80
0C00
1C00
3800
7800
FFFC
8FC4
8FC6
7FE4
1FFC
ENDCHAR
STARTCHAR E63C
ENCODING 58940
SWIDTH 660 0
DWIDTH 11 0
BBX 15 8 0 2
BITMAP
63C0
E7E0
EE70
6C00
6C00
6E00
67FE
63FE
ENDCHAR
STARTCHAR E63D
ENCODING 58941
SWIDTH 660 0
DWIDTH 11 0
BBX 15 11 0 1
BITMAP
07C0
7FF8
FFFE
FFFE
FFFE
FE3C
1E00
0180
C1FC
FEFC
7E08
ENDCHAR
STARTCHAR E63E
ENCODING 58942
SWIDTH 660 0
DWIDTH 11 0
BBX 15 14 0 -1
BITMAP
0300
01A0
0BB0
0F38
0F7C
3320
C380
039E
399E
FD9E
FDDE
FDDE
FCC0
8080
ENDCHAR
STARTCHAR E63F
ENCODING 58943
SWIDTH 660 0
DWIDTH 11 0
BBX 15 14 0 -1
BITMAP
000C
001E
003C
0038
0078
00F0
00E0
61E0
F3C0
7F80
3F80
1F00
0E00
0600
ENDCHAR
STARTCHAR E640
ENCODING 58944
SWIDTH 660 0
DWIDTH 11 0
BBX 15 14 0 -1
BITMAP
7FFC
E00E
C006
C006
C006
C006
C006
C006
C006
C006
C006
C006
E00C
7FFC
ENDCHAR
STARTCHAR E641
ENCODING 58945
SWIDTH 660 0
DWIDTH 11 0
BBX 15 14 0 -1
BITMAP
0FE0
3830
6118
410C
C104
8124
81C6
8106
8004
C004
400C
2018
1830
0FC0
ENDCHAR
STARTCHAR E642
ENCODING 58946
SWIDTH 660 0
DWIDTH 11 0
BBX 15 14 0 -1
BITMAP
0FE0
3FF0
0478
103C
6C1C
EC0C
EE0E
EC0C
EE0C
F318
7300
3EF8
3FF0
0FC0
ENDCHAR
STARTCHAR E643
ENCODING 58947
SWIDTH 660 0
DWIDTH 11 0
BBX 14 8 0 2
BITMAP
0040
00E0
0DF0
1EB8
3F1C
738C
E180
4000
ENDCHAR
STARTCHAR E644
ENCODING 58948
SWIDTH 660 0
DWIDTH 11 0
BBX 13 14 0 -1
BITMAP
03E0
0630
0C18
0C08
0808
0C08
0C18
0630
0FE0
1C00
3800
7000
E000
4000
ENDCHAR
STARTCHAR E645
ENCODING 58949
SWIDTH 660 0
DWIDTH 11 0
BBX 15 10 0 2
BITMAP
000E
001C
0030
0030
7878
F878
C0C0
C0C0
FF80
7F00
ENDCHAR
STARTCHAR E646
ENCODING 58950
SWIDTH 660 0
DWIDTH 11 0
BBX 15 14 0 -1
BITMAP
0600
1F80
7FC0
7980
F008
F108
E3BE
E108
F108
F000
7D80
7FC0
1F80
0200
ENDCHAR
STARTCHAR E647
ENCODING 58951
SWIDTH 660 0
DWIDTH 11 0
BBX 13 14 0 -1
BITMAP
0700
1FC0
7FE0
FFF8
FEF8
F678
EF38
CFB8
E778
FAF8
FFF8
3FE0
1F80
0700
ENDCHAR
STARTCHAR E648
ENCODING 58952
SWIDTH 660 0
DWIDTH 11 0
BBX 15 13 0 -1
BITMAP
0600
1F80
7FC0
7994
F014
F03E
E028
E07C
F028
F028
7D80
7FC0
1F80
ENDCHAR
STARTCHAR E649
ENCODING 58953
SWIDTH 660 0
DWIDTH 11 0
BBX 12 14 0 -1
BITMAP
1FE0
3FF0
7C70
7810
F000
F000
F000
F000
F000
F000
7810
7E70
3FF0
0FE0
ENDCHAR
STARTCHAR E64A
ENCODING 58954
SWIDTH 660 0
DWIDTH 11 0
BBX 15 14 0 -1
BITMAP
FFFE
FFFE
FFFE
C30E
FFFE
C30E
FFFE
FFFE
C30E
FFFE
C30E
FFFE
FFFE
FFFE
ENDCHAR
STARTCHAR E64B
ENCODING 58955
SWIDTH 660 0
DWIDTH 11 0
BBX 14 14 0 -3
BITMAP
0700
1F80
3FC0
7980
F000
F264
E36C
E36C
F360
7000
7980
3FC0
1F80
0600
ENDCHAR
STARTCHAR E64C
ENCODING 58956
SWIDTH 660 0
DWIDTH 11 0
BBX 15 14 0 -1
BITMAP
0780
1840
3FE0
2FF0
67F8
63FC
E1FE
E0FE
E07E
603E
201E
100E
0810
07F0
ENDCHAR
STARTCHAR E64D
ENCODING 58957
SWIDTH 660 0
DWIDTH 11 0
BBX 14 14 0 -1
BITMAP
7FFC
FFFC
FFFC
FFFC
7FFC
0000
FFFC
FFFC
FFFC
1FE0
C00C
FFFC
FFFC
7FF8
ENDCHAR
STARTCHAR E64E
ENCODING 58958
SWIDTH 660 0
DWIDTH 11 0
BBX 14 14 0 -1
BITMAP
FFFC
0000
0000
0000
FF00
FF00
0000
0000
FFFC
FFFC
0000
0000
FFC0
FFC0
ENDCHAR
STARTCHAR E64F
ENCODING 58959
SWIDTH 660 0
DWIDTH 11 0
BBX 14 12 0 0
BITMAP
0300
07C0
1FF0
7CFC
FC7C
7EFC
7FF8
0000
3FF8
1FF0
0FE0
0380
ENDCHAR
STARTCHAR E650
ENCODING 58960
SWIDTH 660 0
DWIDTH 11 0
BBX 14 10 0 1
BITMAP
0200
0200
1610
369C
369C
FFF0
FFF0
F7E0
4FC0
3E00
ENDCHAR
STARTCHAR E651
ENCODING 58961
SWIDTH 660 0
DWIDTH 11 0
BBX 14 14 0 -1
BITMAP
FFC0
FFF0
E0F0
E078
E038
E03C
E03C
E03C
E03C
E038
E078
E1F0
FFE0
FF80
ENDCHAR
STARTCHAR E652
ENCODING 58962
SWIDTH 660 0
DWIDTH 11 0
BBX 13 14 0 -1
BITMAP
1C00
1E00
3C00
3F10
3FF8
7FF8
7FF8
7FF0
FFC0
FFC0
FF80
FE00
FC00
F000
ENDCHAR
STARTCHAR E653
ENCODING 58963
SWIDTH 660 0
DWIDTH 11 0
BBX 9 14 1 -1
BITMAP
1800
1800
3800
6000
4C00
DE00
C700
E380
FB80
B380
8780
FF80
4700
3E00
ENDCHAR
STARTCHAR E654
ENCODING 58964
SWIDTH 660 0
DWIDTH 11 0
BBX 14 11 0 1
BITMAP
0300
0380
0780
06C0
0EE0
1EE0
1EF0
3FF8
7EF8
7FFC
FFFC
ENDCHAR
STARTCHAR E655
ENCODING 58965
SWIDTH 660 0
DWIDTH 11 0
BBX 14 12 0 0
BITMAP
1FF0
1CF0
3838
6398
6FCC
EFCC
EFCC
6FCC
6388
3838
1CF0
1FF0
ENDCHAR
STARTCHAR E656
ENCODING 58966
SWIDTH 660 0
DWIDTH 11 0
BBX 9 14 1 -1
BITMAP
0800
1800
1C00
3E00
7E00
7F00
FF80
7E00
1800
4300
3600
3C00
1C00
0800
ENDCHAR
STARTCHAR E657
ENCODING 58967
SWIDTH 660 0
DWIDTH 11 0
BBX 10 14 0 -1
BITMAP
2000
2000
7400
7C80
6D80
5BC0
77C0
AFC0
DFC0
BFC0
7FC0
FFC0
3F80
0E00
ENDCHAR
STARTCHAR E658
ENCODING 58968
SWIDTH 660 0
DWIDTH 11 0
BBX 15 14 0 -1
BITMAP
0FC0
5020
5818
780C
7E0C
F81C
F81E
F01C
FF1C
783C
7EFC
3FF8
1FF0
07C0
ENDCHAR
STARTCHAR E659
ENCODING 58969
SWIDTH 660 0
DWIDTH 11 0
BBX 14 11 0 1
BITMAP
0400
0400
0C00
0E20
1630
1770
2798
23F8
3F88
418C
C1C0
ENDCHAR
STARTCHAR E65A
ENCODING 58970
SWIDTH 660 0
DWIDTH 11 0
BBX 14 14 0 -1
BITMAP
0300
0780
0FC0
1FE0
3CF0
7A38
F61C
763C
3A78
1CF0
0FE0
07C0
0380
0100
ENDCHAR
STARTCHAR E65B
ENCODING 58971
SWIDTH 660 0
DWIDTH 11 0
BBX 15 14 0 0
BITMAP
0FC0
1FF0
3FF8
641C
E01C
E00C
E00E
E00E
E00C
F01C
5C7C
6078
3870
0860
ENDCHAR
STARTCHAR E65C
ENCODING 58972
SWIDTH 660 0
DWIDTH 11 0
BBX 13 14 0 -1
BITMAP
2020
2020
2030
7030
7070
7FF8
FFF8
FFF8
FFF8
7FF0
3FE0
1FC0
0780
0300
ENDCHAR
STARTCHAR E65D
ENCODING 58973
SWIDTH 660 0
DWIDTH 11 0
BBX 14 14 0 0
BITMAP
0300
0380
09C0
1CE0
3C70
7E38
FE9C
FE9C
7EF8
3CF0
1CE0
0FC0
0780
0300
ENDCHAR
STARTCHAR E65E
ENCODING 58974
SWIDTH 660 0
DWIDTH 11 0
BBX 15 6 0 3
BITMAP
0318
0FBC
E9E6
0BC4
0FFC
0630
ENDCHAR
STARTCHAR E65F
ENCODING 58975
SWIDTH 660 0
DWIDTH 11 0
BBX 14 14 0 -1
BITMAP
0C40
0FE0
0FE0
7FFC
FFFC
7FFC
7FAC
7FAC
7FDC
3FF8
6F6C
73B8
3FF8
0FC0
ENDCHAR
STARTCHAR E660
ENCODING 58976
SWIDTH 660 0
DWIDTH 11 0
BBX 15 10 0 1
BITMAP
001C
0604
1FC6
1FFC
7FFC
77F8
FFF0
FFE0
FFE0
CC40
ENDCHAR
STARTCHAR E661
ENCODING 58977
SWIDTH 660 0
DWIDTH 11 0
BBX 15 8 0 2
BITMAP
1FF0
1FE0
CFE6
E38C
7318
2110
3318
0380
ENDCHAR
STARTCHAR E662
ENCODING 58978
SWIDTH 660 0
DWIDTH 11 0
BBX 13 14 0 -1
BITMAP
0700
0700
1DC0
E938
C898
5050
5050
6030
6030
E038
FFF8
18C0
0700
0700
ENDCHAR
STARTCHAR E663
ENCODING 58979
SWIDTH 660 0
DWIDTH 11 0
BBX 10 14 0 -1
BITMAP
0800
1800
3800
7800
F000
EB80
DB40
BAC0
79C0
03C0
F380
E300
C300
8200
ENDCHAR
STARTCHAR E664
ENCODING 58980
SWIDTH 660 0
DWIDTH 11 0
BBX 11 14 0 -1
BITMAP
E000
E0C0
61E0
73C0
3780
3F00
1CC0
1820
3C20
3BC0
3800
3800
7000
7000
ENDCHAR
STARTCHAR E665
ENCODING 58981
SWIDTH 660 0
DWIDTH 11 0
BBX 15 14 0 -1
BITMAP
47FE
E7FE
E7FE
47FE
0000
47FE
E7FE
E7FE
47FE
0000
47FE
E7FE
E7FE
47FE
ENDCHAR
STARTCHAR E666
ENCODING 58982
SWIDTH 660 0
DWIDTH 11 0
BBX 15 14 0 -1
BITMAP
FC7E
87C6
8106
C386
C7C4
4FEC
5FF8
7FF8
4FEC
C7C4
C386
8106
8FC6
F87E
ENDCHAR
STARTCHAR E667
ENCODING 58983
SWIDTH 660 0
DWIDTH 11 0
BBX 14 12 0 0
BITMAP
1FE0
1FF0
3FF8
7838
703C
F01C
F01C
703C
7838
3FF8
1FF0
1FE0
ENDCHAR
STARTCHAR E668
ENCODING 58984
SWIDTH 660 0
DWIDTH 11 0
BBX 15 12 0 0
BITMAP
0008
0018
0FF0
3CE0
6BD8
CB8C
CF06
661C
3C70
1BC0
3000
2000
ENDCHAR
STARTCHAR E669
ENCODING 58985
SWIDTH 660 0
DWIDTH 11 0
BBX 15 14 0 -1
BITMAP
FFFE
FFFE
FFFE
F9DE
F1FE
F5DE
F4DE
F0DE
E6DE
EEDE
FFFE
FFFE
FFFE
FFFE
ENDCHAR
STARTCHAR E66A
ENCODING 58986
SWIDTH 660 0
DWIDTH 11 0
BBX 15 14 0 -1
BITMAP
0FE0
3030
6008
430C
C304
8004
8706
8306
8304
C304
430C
2098
1830
0FC0
ENDCHAR
STARTCHAR E66B
ENCODING 58987
SWIDTH 660 0
DWIDTH 11 0
BBX 15 14 0 -1
BITMAP
0FE0
383C
203C
401C
C384
87C4
8FC6
8FC6
87C4
C384
400C
2018
1830
0FC0
ENDCHAR
STARTCHAR E66C
ENCODING 58988
SWIDTH 660 0
DWIDTH 11 0
BBX 14 14 0 -1
BITMAP
0080
00C8
0048
006C
002C
1FBC
3FFC
7FFC
7FE4
FFFC
FFFC
7FE8
7FE0
7FC0
ENDCHAR
STARTCHAR E66D
ENCODING 58989
SWIDTH 660 0
DWIDTH 11 0
BBX 9 14 1 -1
BITMAP
0380
0380
0380
0380
0380
0380
0380
0380
0380
0380
0380
EF80
FF00
7E00
ENDCHAR
STARTCHAR E66E
ENCODING 58990
SWIDTH 660 0
DWIDTH 11 0
BBX 9 14 1 -1
BITMAP
3E00
5200
4200
8600
8600
4A00
5200
FF00
FE00
FE00
F780
E780
2400
3C00
ENDCHAR
STARTCHAR E66F
ENCODING 58991
SWIDTH 660 0
DWIDTH 11 0
BBX 15 14 0 -1
BITMAP
0006
003E
FFF8
7FE0
0B70
3FF0
1040
77D8
7DF0
5570
5570
7DF0
5D70
0160
ENDCHAR
STARTCHAR E670
ENCODING 58992
SWIDTH 660 0
DWIDTH 11 0
BBX 14 14 0 -1
BITMAP
0F00
1680
27B0
3FB8
7FB8
63B8
6FB8
6FB8
63B8
F3B8
C33C
C73C
FF3C
0F38
ENDCHAR
STARTCHAR E671
ENCODING 58993
SWIDTH 660 0
DWIDTH 11 0
BBX 15 14 0 -1
BITMAP
3000
3B80
3BD8
3BF0
3BF8
3BC0
3BF8
3B00
34F8
3FFC
3000
FFFE
3000
3000
ENDCHAR
STARTCHAR E672
ENCODING 58994
SWIDTH 660 0
DWIDTH 11 0
BBX 13 14 0 0
BITMAP
0F80
1FC0
38C0
30C0
30C0
30C0
FFF8
FFF8
FFF8
FFF8
FFF8
FFF8
FFF8
FFF8
ENDCHAR
STARTCHAR E673
ENCODING 58995
SWIDTH 660 0
DWIDTH 11 0
BBX 15 14 0 -1
BITMAP
6008
F01E
F83E
FC7E
FEFE
FFFE
EFDE
E7DE
E39E
E01E
E01E
E01E
E01E
E01E
ENDCHAR
STARTCHAR E674
ENCODING 58996
SWIDTH 660 0
DWIDTH 11 0
BBX 7 14 2 -1
BITMAP
18
3C
7C
7C
7E
7E
FC
78
38
10
10
10
08
08
ENDCHAR
STARTCHAR E675
ENCODING 58997
SWIDTH 660 0
DWIDTH 11 0
BBX 15 10 0 1
BITMAP
3FFC
2004
6006
4DE6
8606
8706
45F6
4006
2004
3FFC
ENDCHAR
STARTCHAR E676
ENCODING 58998
SWIDTH 660 0
DWIDTH 11 0
BBX 13 14 0 -1
BITMAP
FF00
8280
8240
83E0
8020
8000
81E0
8210
8488
8488
85E8
8488
8610
FBE0
ENDCHAR
STARTCHAR E677
ENCODING 58999
SWIDTH 660 0
DWIDTH 11 0
BBX 14 10 0 0
BITMAP
0100
3FF8
FFFC
703C
4008
4104
67D8
3FF8
1FF0
07C0
ENDCHAR
STARTCHAR E678
ENCODING 59000
SWIDTH 660 0
DWIDTH 11 0
BBX 13 14 0 -1
BITMAP
FFE0
FFE0
E0E0
E0E8
FFE8
FFE0
FFE8
FFE8
FFE0
FFE8
FFE8
FFE0
FFE0
FFE0
ENDCHAR
STARTCHAR E679
ENCODING 59001
SWIDTH 660 0
DWIDTH 11 0
BBX 14 14 0 -1
BITMAP
0380
06C0
0440
0860
1C70
3C78
3C78
3878
7878
783C
703C
F03C
F01C
1010
ENDCHAR
STARTCHAR E67A
ENCODING 59002
SWIDTH 660 0
DWIDTH 11 0
BBX 14 12 0 0
BITMAP
FFFC
FFFC
FFFC
F7FC
83CC
01CC
001C
003C
F5FC
EDFC
EEFC
22FC
ENDCHAR
STARTCHAR E67B
ENCODING 59003
SWIDTH 660 0
DWIDTH 11 0
BBX 15 14 0 -1
BITMAP
FFFC
FFFE
C106
FFFE
C106
FFFE
C106
FFFE
E706
C3FE
C3FE
C3FE
FFFE
7FFC
ENDCHAR
STARTCHAR E67C
ENCODING 59004
SWIDTH 660 0
DWIDTH 11 0
BBX 15 12 0 0
BITMAP
400C
4004
D1C4
9BE4
9234
81F6
83B6
8334
9BF4
DBB4
4004
4008
ENDCHAR
STARTCHAR E67D
ENCODING 59005
SWIDTH 660 0
DWIDTH 11 0
BBX 15 14 0 -1
BITMAP
0300
0500
0500
0300
0300
0300
0700
0780
04FC
0F26
381C
7800
B000
E000
ENDCHAR
STARTCHAR E67E
ENCODING 59006
SWIDTH 660 0
DWIDTH 11 0
BBX 13 14 0 -1
BITMAP
21C0
F3E0
77F0
77F0
7FF8
7FF8
3FF8
1FD0
0D50
0D50
0A50
0990
0890
0900
ENDCHAR
STARTCHAR E67F
ENCODING 59007
SWIDTH 660 0
DWIDTH 11 0
BBX 15 14 0 -1
BITMAP
FFFE
FFFE
FFFE
C1FE
CCFE
CC8E
CD3E
C13E
CFCE
CFEE
CF0E
FFFE
FFFE
FFFE
ENDCHAR
STARTCHAR E680
ENCODING 59008
SWIDTH 660 0
DWIDTH 11 0
BBX 15 14 0 -1
BITMAP
703C
9FE4
8FE6
F03C
2060
00C0
0180
0300
0600
2C3E
F83E
8FE6
9826
703E
ENDCHAR
STARTCHAR E681
ENCODING 59009
SWIDTH 660 0
DWIDTH 11 0
BBX 15 14 0 -1
BITMAP
FFC0
FFC0
FFC0
FFC0
0000
0FFE
0FFE
0FFE
0FFE
0000
003E
003E
003E
003E
ENDCHAR
STARTCHAR E682
ENCODING 59010
SWIDTH 660 0
DWIDTH 11 0
BBX 13 14 0 -1
BITMAP
3040
1080
1680
3FC0
7FF0
8F10
8710
96C8
D650
6630
77E0
3FC0
1F80
0F00
ENDCHAR
STARTCHAR E683
ENCODING 59011
SWIDTH 660 0
DWIDTH 11 0
BBX 15 14 0 -1
BITMAP
8000
E000
F000
FC00
3E00
1F80
07C0
07C0
1F80
7E00
F800
F000
C3FE
03FE
ENDCHAR
STARTCHAR E684
ENCODING 59012
SWIDTH 660 0
DWIDTH 11 0
BBX 12 14 0 -1
BITMAP
0600
0700
0D00
0C80
1C80
3C40
3840
7820
F820
F810
7810
7030
31C0
1E00
ENDCHAR
STARTCHAR E685
ENCODING 59013
SWIDTH 660 0
DWIDTH 11 0
BBX 13 14 0 -1
BITMAP
6010
7868
BFF8
C218
D8C8
9CE8
D848
C318
7DE8
4310
2870
1A60
0E80
0700
ENDCHAR
STARTCHAR E686
ENCODING 59014
SWIDTH 660 0
DWIDTH 11 0
BBX 15 8 0 2
BITMAP
3FD8
6FEC
D3AE
545C
5BB0
17E0
17E0
07C0
ENDCHAR
STARTCHAR E687
ENCODING 59015
SWIDTH 660 0
DWIDTH 11 0
BBX 15 14 0 -1
BITMAP
FFFE
FFFE
FFFE
FFFE
FFFE
FFFE
FFFE
F182
F082
F69E
F082
F49E
F682
FFFE
ENDCHAR
STARTCHAR E688
ENCODING 59016
SWIDTH 660 0
DWIDTH 11 0
BBX 15 14 0 -1
BITMAP
FC78
FCFC
FCFE
FCFE
FC7C
FC78
FC00
FC00
FC00
FC00
FC00
FC00
FC00
F800
ENDCHAR
STARTCHAR E689
ENCODING 59017
SWIDTH 660 0
DWIDTH 11 0
BBX 11 14 0 -1
BITMAP
FF80
FDC0
FBC0
F3E0
F160
E0E0
E1C0
C3C0
C780
8F80
8F80
1FC0
3FC0
3FE0
ENDCHAR
STARTCHAR E68A
ENCODING 59018
SWIDTH 660 0
DWIDTH 11 0
BBX 15 12 0 0
BITMAP
0780
1FF0
7C18
F3F4
E3FA
E39A
E3FC
73F4
3FB8
0FF8
0318
031C
ENDCHAR
STARTCHAR E68B
ENCODING 59019
SWIDTH 660 0
DWIDTH 11 0
BBX 14 14 0 -1
BITMAP
0FC0
1EE0
3130
7FD8
7FEC
ECF4
CFCC
4CEC
7EFC
7E7C
7838
3850
1FE0
0B80
ENDCHAR
STARTCHAR E68C
ENCODING 59020
SWIDTH 660 0
DWIDTH 11 0
BBX 15 10 0 1
BITMAP
3D80
7FF8
7FFC
7FFE
FFFE
FFFC
FFFC
FFF0
1FC0
0E00
ENDCHAR
STARTCHAR E68D
ENCODING 59021
SWIDTH 660 0
DWIDTH 11 0
BBX 14 14 0 -1
BITMAP
0FE0
3FF0
7FF8
7F00
FE00
FFFC
FC00
FC00
FFFC
F000
7FFC
3FF8
1FF0
0FE0
ENDCHAR
STARTCHAR E68E
ENCODING 59022
SWIDTH 660 0
DWIDTH 11 0
BBX 9 14 1 -1
BITMAP
0180
7F80
FF80
FF00
F000
0780
FF80
FF80
FE00
8180
3F80
FF80
FF80
F800
ENDCHAR
STARTCHAR E68F
ENCODING 59023
SWIDTH 660 0
DWIDTH 11 0
BBX 15 14 0 -1
BITMAP
1F80
3FC0
70E0
E060
C030
C030
C030
C070
6060
79F0
1FF8
063C
001E
000C
ENDCHAR
STARTCHAR E690
ENCODING 59024
SWIDTH 660 0
DWIDTH 11 0
BBX 15 14 0 -1
BITMAP
3800
FFFC
FFFE
3800
0000
0070
FFF6
FFF4
0070
0200
0700
F77E
777C
0700
ENDCHAR
STARTCHAR E691
ENCODING 59025
SWIDTH 660 0
DWIDTH 11 0
BBX 8 14 1 0
BITMAP
08
1C
7E
63
63
70
3C
1E
07
E3
63
7E
3C
18
ENDCHAR
STARTCHAR E692
ENCODING 59026
SWIDTH 660 0
DWIDTH 11 0
BBX 15 14 0 -1
BITMAP
7FFC
FFFC
F01E
C08E
E08E
F11E
FFFE
FFFE
FFFE
FFFE
FFFE
FFFE
FFFC
7FFC
ENDCHAR
STARTCHAR E693
ENCODING 59027
SWIDTH 660 0
DWIDTH 11 0
BBX 8 14 1 0
BITMAP
7E
7F
FF
FF
FF
7F
7E
3E
3C
00
00
3C
00
3C
ENDCHAR
STARTCHAR E694
ENCODING 59028
SWIDTH 660 0
DWIDTH 11 0
BBX 14 14 0 0
BITMAP
0FE0
3FF8
3FF4
7FE4
FF84
F004
E014
C014
C024
C0C4
6704
5C18
3FF0
0FC0
ENDCHAR
STARTCHAR E695
ENCODING 59029
SWIDTH 660 0
DWIDTH 11 0
BBX 14 13 0 -1
BITMAP
6818
FCDC
7FDC
781C
793C
7838
3878
1970
1C60
0C60
05C0
0480
0300
ENDCHAR
STARTCHAR E696
ENCODING 59030
SWIDTH 660 0
DWIDTH 11 0
BBX 15 14 0 0
BITMAP
0FE0
1FF0
3FF8
7C7C
F83C
FBFC
F8FE
FE3E
FFBC
F03C
7C7C
3FF8
1FF0
0FC0
ENDCHAR
STARTCHAR E697
ENCODING 59031
SWIDTH 660 0
DWIDTH 11 0
BBX 12 14 0 -1
BITMAP
07C0
1E60
3830
71B0
C7F0
CEF0
C830
4130
F730
DE30
C8E0
C1C0
7780
3E00
ENDCHAR
STARTCHAR E698
ENCODING 59032
SWIDTH 660 0
DWIDTH 11 0
BBX 15 14 0 -1
BITMAP
3C00
7E00
FF00
F000
F000
77FE
77FE
17FE
07FE
07FE
07FE
07FE
07FE
07FE
ENDCHAR
STARTCHAR E699
ENCODING 59033
SWIDTH 660 0
DWIDTH 11 0
BBX 15 12 0 1
BITMAP
0040
0020
2830
1418
0B18
07B8
03FC
01F8
80F8
73FC
1FFC
0FE2
ENDCHAR
STARTCHAR E69A
ENCODING 59034
SWIDTH 660 0
DWIDTH 11 0
BBX 13 14 0 -1
BITMAP
C000
E000
F008
F618
7778
3778
0778
0370
0540
0700
0700
0700
0700
0100
ENDCHAR
STARTCHAR E69B
ENCODING 59035
SWIDTH 660 0
DWIDTH 11 0
BBX 15 8 0 2
BITMAP
F86C
A038
2F90
2498
252C
776E
0480
0F80
ENDCHAR
STARTCHAR E69C
ENCODING 59036
SWIDTH 660 0
DWIDTH 11 0
BBX 15 14 0 -1
BITMAP
7FFC
FFFC
C00E
C00E
C02E
C0CE
C98E
CF8E
C70E
C20E
C00E
C00E
FFFC
7FFC
ENDCHAR
STARTCHAR E69D
ENCODING 59037
SWIDTH 660 0
DWIDTH 11 0
BBX 15 14 0 -1
BITMAP
FFFE
FFFE
FFFE
FFFE
FFFE
FFFE
E086
FBB6
FBBE
FB8E
FBE6
FBF6
FB86
FFFE
ENDCHAR
STARTCHAR E69E
ENCODING 59038
SWIDTH 660 0
DWIDTH 11 0
BBX 12 14 0 -1
BITMAP
0670
26F0
36E0
B0C0
C000
5FC0
3FC0
7F80
7F00
7E00
78C0
39C0
1DC0
0F80
ENDCHAR
STARTCHAR E69F
ENCODING 59039
SWIDTH 660 0
DWIDTH 11 0
BBX 15 14 0 -1
BITMAP
0FE0
3FF0
3FF8
7BFC
F8FC
F87C
F81E
F81E
F87C
F8FC
7BFC
3FF8
1FF0
0FC0
ENDCHAR
STARTCHAR E6A0
ENCODING 59040
SWIDTH 660 0
DWIDTH 11 0
BBX 14 12 0 0
BITMAP
ECDC
76DC
3FB8
3BF0
1D70
1CE0
0EE0
07C0
0780
0380
0300
0100
ENDCHAR
STARTCHAR E6A1
ENCODING 59041
SWIDTH 660 0
DWIDTH 11 0
BBX 15 14 0 -1
BITMAP
FC7E
FFFE
FFFE
FFFE
FFFE
FFFE
FFFE
FFFE
F4CE
FD56
FA56
FA56
FB96
FFFE
ENDCHAR
STARTCHAR E6A2
ENCODING 59042
SWIDTH 660 0
DWIDTH 11 0
BBX 14 8 0 2
BITMAP
C9B8
DD38
5D28
556C
776C
777C
6644
2244
ENDCHAR
STARTCHAR E6A3
ENCODING 59043
SWIDTH 660 0
DWIDTH 11 0
BBX 13 14 0 -1
BITMAP
0500
1DC0
7CF0
7770
DFD8
C7B8
DAF8
DDF8
DDF8
DDD8
7570
7DF0
1DC0
0500
ENDCHAR
STARTCHAR E6A4
ENCODING 59044
SWIDTH 660 0
DWIDTH 11 0
BBX 14 14 0 -1
BITMAP
0200
0600
0E00
0FD8
0DFC
9DBC
FF20
70F0
7F30
1DB8
09B8
0FB8
0F10
1E00
ENDCHAR
STARTCHAR E6A5
ENCODING 59045
SWIDTH 660 0
DWIDTH 11 0
BBX 15 14 0 -1
BITMAP
0F80
FFFE
FF82
FFFA
FF84
E7F4
EBFC
D3FC
D384
FFFC
FFFC
FF84
FFFC
0780
ENDCHAR
STARTCHAR E6A6
ENCODING 59046
SWIDTH 660 0
DWIDTH 11 0
BBX 15 14 0 -1
BITMAP
0700
7FFC
FF02
FFDA
DBC2
D7DA
E7DA
E71A
D7DA
DB02
FFDA
FF02
FFFC
0300
ENDCHAR
STARTCHAR E6A7
ENCODING 59047
SWIDTH 660 0
DWIDTH 11 0
BBX 14 14 0 -1
BITMAP
0300
0F80
1F80
3F80
3F80
1F00
3F00
7F00
7F80
7F80
FF8C
FFB8
FFE0
7F80
ENDCHAR
STARTCHAR E6A8
ENCODING 59048
SWIDTH 660 0
DWIDTH 11 0
BBX 5 14 3 -1
BITMAP
38
38
30
70
70
70
70
70
60
60
00
60
E0
E0
ENDCHAR
STARTCHAR E6A9
ENCODING 59049
SWIDTH 660 0
DWIDTH 11 0
BBX 15 12 0 0
BITMAP
000C
F7F6
EFFE
C0EE
C1CE
C38E
C70E
C60E
EFEE
DFDE
3800
6000
ENDCHAR
STARTCHAR E6AA
ENCODING 59050
SWIDTH 660 0
DWIDTH 11 0
BBX 12 14 0 -1
BITMAP
FDF0
FDF0
FDF0
FDF0
FDF0
FDF0
FDF0
FDF0
FFF0
F9F0
FEF0
F0F0
FFF0
FFF0
ENDCHAR
STARTCHAR E6AB
ENCODING 59051
SWIDTH 660 0
DWIDTH 11 0
BBX 14 12 0 0
BITMAP
1FE0
1FF0
3FF8
7FF8
6DAC
D49C
C7DC
54BC
3FF8
3FF8
1FF0
1FE0
ENDCHAR
STARTCHAR E6AC
ENCODING 59052
SWIDTH 660 0
DWIDTH 11 0
BBX 14 14 0 -1
BITMAP
F83C
787C
787C
7C78
3CF8
3CF8
3EF0
1EF0
1FF0
1F60
0F60
0FC0
0F80
0780
ENDCHAR
STARTCHAR E6AD
ENCODING 59053
SWIDTH 660 0
DWIDTH 11 0
BBX 15 12 0 0
BITMAP
FE00
8200
FFFE
FFFE
FFFE
FFFE
FFFE
FFFE
FFFE
FFFE
FFFE
FFFE
ENDCHAR
STARTCHAR E6AE
ENCODING 59054
SWIDTH 660 0
DWIDTH 11 0
BBX 12 14 0 -1
BITMAP
1040
3860
B870
BC70
DC70
AE70
AF70
A770
A7B0
A3F0
A1D0
A1E0
60E0
2040
ENDCHAR
STARTCHAR E6AF
ENCODING 59055
SWIDTH 660 0
DWIDTH 11 0
BBX 11 14 0 -1
BITMAP
3800
3840
1BE0
1FC0
1FC0
2080
4040
8020
F3A0
D2A0
B1A0
8040
4040
3F80
ENDCHAR
STARTCHAR E6B0
ENCODING 59056
SWIDTH 660 0
DWIDTH 11 0
BBX 15 14 0 -1
BITMAP
0FE0
3E10
3F08
7F44
BB24
D324
D772
C652
E45C
E48C
7404
3E08
1E10
0FE0
ENDCHAR
STARTCHAR E6B1
ENCODING 59057
SWIDTH 660 0
DWIDTH 11 0
BBX 9 14 1 -1
BITMAP
E000
B000
1000
1000
1000
1800
1800
3800
3800
6400
6400
4400
C680
8380
ENDCHAR
STARTCHAR E6B2
ENCODING 59058
SWIDTH 660 0
DWIDTH 11 0
BBX 15 14 0 -1
BITMAP
E01E
C006
C006
CFE6
C306
C306
C306
C306
C306
C306
C306
C306
C006
E01E
ENDCHAR
STARTCHAR E6B3
ENCODING 59059
SWIDTH 660 0
DWIDTH 11 0
BBX 12 14 0 -1
BITMAP
1F80
3080
3080
20C0
2440
6640
4660
4E20
DFA0
F6F0
F0F0
7BE0
1F80
0E00
ENDCHAR
STARTCHAR E6B4
ENCODING 59060
SWIDTH 660 0
DWIDTH 11 0
BBX 13 14 0 -1
BITMAP
7F00
FFE0
FBD0
0000
D070
F0F8
0000
13E0
EFE0
BF80
0000
6000
D000
7000
ENDCHAR
STARTCHAR E6B5
ENCODING 59061
SWIDTH 660 0
DWIDTH 11 0
BBX 13 13 0 -1
BITMAP
0040
00C0
8060
80F0
46F8
3F78
5FF8
3FD8
1360
0C30
0030
00F0
01E0
ENDCHAR
STARTCHAR E6B6
ENCODING 59062
SWIDTH 660 0
DWIDTH 11 0
BBX 14 12 0 0
BITMAP
3FF0
2010
0100
01C0
FC70
001C
001C
FC70
01C0
0100
2010
3FF0
ENDCHAR
STARTCHAR E6B7
ENCODING 59063
SWIDTH 660 0
DWIDTH 11 0
BBX 13 14 0 -1
BITMAP
0700
6530
3760
1880
FFF8
0400
0500
0500
0500
0F80
1D80
1540
2520
4530
ENDCHAR
STARTCHAR E6B8
ENCODING 59064
SWIDTH 660 0
DWIDTH 11 0
BBX 15 14 0 -1
BITMAP
FFFC
FFFE
FFFE
FFFE
FFFE
FFFE
CC66
8556
BDDE
BC46
BF72
B552
8446
7FFC
ENDCHAR
STARTCHAR E6B9
ENCODING 59065
SWIDTH 660 0
DWIDTH 11 0
BBX 15 8 0 2
BITMAP
6200
9400
F800
7000
1C00
3A00
5A00
8C7E
ENDCHAR
STARTCHAR E6BA
ENCODING 59066
SWIDTH 660 0
DWIDTH 11 0
BBX 15 14 0 -1
BITMAP
003E
01FC
03FC
07F8
0FF8
1FF8
3FF8
3FF8
7FF8
7FF8
7FF8
FFC0
C00C
7FFC
ENDCHAR
STARTCHAR E6BB
ENCODING 59067
SWIDTH 660 0
DWIDTH 11 0
BBX 11 14 0 -1
BITMAP
0600
0F00
1D80
3FC0
3FC0
3BC0
5FC0
6FE0
F1E0
FF60
FFC0
7FC0
2F80
0780
ENDCHAR
STARTCHAR E700
ENCODING 59136
SWIDTH 660 0
DWIDTH 11 0
BBX 13 12 0 0
BITMAP
0C10
33D0
5EF8
CB78
0078
2238
4638
7A38
5670
70A0
00C0
0300
ENDCHAR
STARTCHAR E701
ENCODING 59137
SWIDTH 660 0
DWIDTH 11 0
BBX 13 14 0 -1
BITMAP
0FC0
7FF0
7DF8
F878
F078
F278
E338
E738
E718
E018
E038
7FF8
3FF0
0F80
ENDCHAR
STARTCHAR E702
ENCODING 59138
SWIDTH 660 0
DWIDTH 11 0
BBX 13 14 0 -1
BITMAP
0200
0700
0780
19C0
3CE0
7CF0
FD38
FD38
7DF0
3CE0
1DC0
0F80
0700
0200
ENDCHAR
STARTCHAR E703
ENCODING 59139
SWIDTH 660 0
DWIDTH 11 0
BBX 10 9 0 2
BITMAP
FFC0
FFC0
7FC0
71C0
71C0
73C0
7F80
7F80
3F80
ENDCHAR
STARTCHAR E704
ENCODING 59140
SWIDTH 660 0
DWIDTH 11 0
BBX 13 13 0 0
BITMAP
8000
F000
8C00
4200
4100
2100
4080
4080
5040
3830
0008
0030
0018
ENDCHAR
STARTCHAR E705
ENCODING 59141
SWIDTH 660 0
DWIDTH 11 0
BBX 13 14 0 -1
BITMAP
FFF8
FFF8
FFF8
F7F8
F3F8
EB38
EAD8
E2F8
EE78
FF38
FFF8
FFF8
FFF8
FFF8
ENDCHAR
STARTCHAR E706
ENCODING 59142
SWIDTH 660 0
DWIDTH 11 0
BBX 10 12 0 0
BITMAP
3F80
C0C0
F1C0
FFC0
7F80
C040
FFC0
7FC0
8000
FFC0
FFC0
3F00
ENDCHAR
STARTCHAR E707
ENCODING 59143
SWIDTH 660 0
DWIDTH 11 0
BBX 12 10 0 1
BITMAP
30C0
FFF0
79E0
2080
30E0
FFF0
7AE0
0F00
0F80
0600
ENDCHAR
STARTCHAR E708
ENCODING 59144
SWIDTH 660 0
DWIDTH 11 0
BBX 12 10 0 0
BITMAP
0080
01C0
07C0
0FE0
1FE0
3EF0
7BF0
FFF0
F070
0010
ENDCHAR
STARTCHAR E709
ENCODING 59145
SWIDTH 660 0
DWIDTH 11 0
BBX 13 12 0 0
BITMAP
1F80
3FE0
6FA0
6030
E030
C038
C038
E030
F070
58F0
20E0
18C0
ENDCHAR
STARTCHAR E70A
ENCODING 59146
SWIDTH 660 0
DWIDTH 11 0
BBX 13 14 0 -1
BITMAP
07F8
1FF8
3008
4708
CDC8
9848
9048
9008
9808
4FC8
6768
3018
1FC8
0700
ENDCHAR
STARTCHAR E70B
ENCODING 59147
SWIDTH 660 0
DWIDTH 11 0
BBX 13 13 0 0
BITMAP
0200
1FC0
7FE0
BF90
9D90
DCD8
CCD8
CCD8
EE78
AAB0
B330
5760
3FC0
ENDCHAR
STARTCHAR E70C
ENCODING 59148
SWIDTH 660 0
DWIDTH 11 0
BBX 13 14 0 -1
BITMAP
0040
00F0
01F8
C3F8
F3F8
FF38
DE38
DE38
FF38
E3F8
41F8
01F8
00F0
0040
ENDCHAR
STARTCHAR E70D
ENCODING 59149
SWIDTH 660 0
DWIDTH 11 0
BBX 8 16 1 -2
BITMAP
06
0B
11
11
12
22
26
3C
5C
38
F8
78
F0
F0
F0
60
ENDCHAR
STARTCHAR E70E
ENCODING 59150
SWIDTH 660 0
DWIDTH 11 0
BBX 11 12 0 0
BITMAP
1400
1F00
3F00
3F80
FFE0
FFE0
FFE0
FFE0
3F80
3F00
1A00
1A00
ENDCHAR
STARTCHAR E70F
ENCODING 59151
SWIDTH 660 0
DWIDTH 11 0
BBX 13 12 0 1
BITMAP
03F8
FBF8
FBF8
FBF8
FBF8
FBF8
FBF8
FBF8
FBF8
FBF8
FBF8
03F8
ENDCHAR
STARTCHAR E710
ENCODING 59152
SWIDTH 660 0
DWIDTH 11 0
BBX 11 14 0 -1
BITMAP
0100
0180
0480
0640
0360
1CE0
0740
0180
3F00
8160
BF60
8060
FFE0
FFE0
ENDCHAR
STARTCHAR E711
ENCODING 59153
SWIDTH 660 0
DWIDTH 11 0
BBX 10 12 0 1
BITMAP
0300
0600
0000
7FC0
FFC0
FF80
FF80
FF80
FFC0
7FC0
7FC0
3F80
ENDCHAR
STARTCHAR E712
ENCODING 59154
SWIDTH 660 0
DWIDTH 11 0
BBX 11 12 0 0
BITMAP
0E00
0A00
0A00
0F00
1100
2180
2080
40C0
60C0
F1C0
F1E0
FF80
ENDCHAR
STARTCHAR E713
ENCODING 59155
SWIDTH 660 0
DWIDTH 11 0
BBX 13 6 0 3
BITMAP
2020
70F0
F9F8
7CF0
3E60
1F00
ENDCHAR
STARTCHAR E714
ENCODING 59156
SWIDTH 660 0
DWIDTH 11 0
BBX 12 12 0 0
BITMAP
1F80
2040
4020
8010
8010
8010
8010
8010
A070
D860
26C0
1F00
ENDCHAR
STARTCHAR E715
ENCODING 59157
SWIDTH 660 0
DWIDTH 11 0
BBX 13 14 0 -1
BITMAP
0300
05C0
18F0
0030
4038
8018
0018
C018
8018
4038
0070
5FE0
1FC0
0300
ENDCHAR
STARTCHAR E716
ENCODING 59158
SWIDTH 660 0
DWIDTH 11 0
BBX 13 14 0 -1
BITMAP
0200
0780
1AC0
3230
C218
C798
B8E8
B8F8
C718
C218
3260
1AC0
0700
0200
ENDCHAR
STARTCHAR E717
ENCODING 59159
SWIDTH 660 0
DWIDTH 11 0
BBX 13 14 0 -1
BITMAP
0700
0FC0
1740
3060
3060
3060
18E0
10C0
0C80
0000
DA10
FF38
BBB8
4048
ENDCHAR
STARTCHAR E718
ENCODING 59160
SWIDTH 660 0
DWIDTH 11 0
BBX 12 14 0 -1
BITMAP
0400
0F00
3FC0
FFE0
EFF0
FFF0
FFF0
DFF0
FFF0
7FF0
FFE0
3FC0
0F00
0400
ENDCHAR
STARTCHAR E719
ENCODING 59161
SWIDTH 660 0
DWIDTH 11 0
BBX 13 8 0 2
BITMAP
0040
0040
EDD8
AD68
2D98
0680
0900
0100
ENDCHAR
STARTCHAR E71A
ENCODING 59162
SWIDTH 660 0
DWIDTH 11 0
BBX 11 12 0 1
BITMAP
0E00
DF00
FF80
FFC0
FBE0
F7E0
FBE0
FFE0
FFE0
FFE0
FFE0
1160
ENDCHAR
STARTCHAR E71B
ENCODING 59163
SWIDTH 660 0
DWIDTH 11 0
BBX 13 14 0 -1
BITMAP
FFF8
FFF8
FFF8
F878
F278
F278
F4F8
C1D8
F318
F038
FFF8
FFF8
FFF8
FFF8
ENDCHAR
STARTCHAR E71C
ENCODING 59164
SWIDTH 660 0
DWIDTH 11 0
BBX 12 13 0 -1
BITMAP
0200
1F80
FDF0
F9F0
F8F0
F2F0
F670
6070
6F70
6FB0
7FE0
1FC0
0F00
ENDCHAR
STARTCHAR E71D
ENCODING 59165
SWIDTH 660 0
DWIDTH 11 0
BBX 10 13 0 -1
BITMAP
06C0
06C0
06C0
1600
7EC0
E6C0
C6C0
C6C0
E6C0
7EC0
1CC0
00C0
03C0
ENDCHAR
STARTCHAR E71E
ENCODING 59166
SWIDTH 660 0
DWIDTH 11 0
BBX 13 6 0 3
BITMAP
FFF8
9108
B568
B168
F3F8
0C00
ENDCHAR
STARTCHAR E71F
ENCODING 59167
SWIDTH 660 0
DWIDTH 11 0
BBX 13 4 0 4
BITMAP
7100
8BE0
8DF8
7200
ENDCHAR
STARTCHAR E720
ENCODING 59168
SWIDTH 660 0
DWIDTH 11 0
BBX 12 13 0 -1
BITMAP
0200
1F80
FFF0
FFF0
F1F0
F070
ECF0
7B70
67F0
78E0
7FE0
3FC0
0F00
ENDCHAR
STARTCHAR E721
ENCODING 59169
SWIDTH 660 0
DWIDTH 11 0
BBX 12 13 0 -1
BITMAP
0200
1B80
3BC0
F0F0
F0F0
FFF0
DF30
C630
C630
2640
7FE0
3FC0
0F00
ENDCHAR
STARTCHAR E722
ENCODING 59170
SWIDTH 660 0
DWIDTH 11 0
BBX 11 14 0 -1
BITMAP
3380
CC40
9540
4E80
7380
5B40
64C0
C4A0
AEA0
F140
9240
4E80
3100
0E00
ENDCHAR
STARTCHAR E723
ENCODING 59171
SWIDTH 660 0
DWIDTH 11 0
BBX 13 13 0 0
BITMAP
0200
1FC0
3FE0
7DF0
FDF0
FAF8
FAF8
F578
F678
7730
7FF0
3FE0
1FC0
ENDCHAR
STARTCHAR E724
ENCODING 59172
SWIDTH 660 0
DWIDTH 11 0
BBX 10 14 0 -1
BITMAP
1E00
F5C0
6D80
9680
8C80
8080
8080
80C0
8080
8080
8080
4080
4180
3E00
ENDCHAR
STARTCHAR E725
ENCODING 59173
SWIDTH 660 0
DWIDTH 11 0
BBX 9 14 1 -1
BITMAP
C000
A000
A300
E480
C480
C300
C300
C300
FE00
FC00
E000
A000
A000
4000
ENDCHAR
STARTCHAR E726
ENCODING 59174
SWIDTH 660 0
DWIDTH 11 0
BBX 11 13 0 0
BITMAP
6400
AF80
AFC0
64C0
60C0
60C0
60C0
60C0
60C0
60C0
9120
A160
4080
ENDCHAR
STARTCHAR E727
ENCODING 59175
SWIDTH 660 0
DWIDTH 11 0
BBX 11 14 0 -1
BITMAP
6000
9000
9000
6000
7000
7000
7CE0
6FA0
63A0
60E0
E000
9000
B000
6000
ENDCHAR
STARTCHAR E728
ENCODING 59176
SWIDTH 660 0
DWIDTH 11 0
BBX 11 12 0 0
BITMAP
4200
A7C0
A3E0
4260
4060
4060
4060
4060
4860
7CA0
3CA0
0840
ENDCHAR
STARTCHAR E729
ENCODING 59177
SWIDTH 660 0
DWIDTH 11 0
BBX 12 6 0 3
BITMAP
0F00
1980
F1F0
F1F0
1B80
0F00
ENDCHAR
STARTCHAR E72A
ENCODING 59178
SWIDTH 660 0
DWIDTH 11 0
BBX 13 14 0 -1
BITMAP
0200
0700
0D80
18C0
3020
6230
C718
C718
6230
3020
18C0
0D80
0700
0200
ENDCHAR
STARTCHAR E72B
ENCODING 59179
SWIDTH 660 0
DWIDTH 11 0
BBX 8 16 1 -2
BITMAP
03
03
07
0B
0E
16
1C
3C
3C
38
78
60
40
80
80
80
ENDCHAR
STARTCHAR E72C
ENCODING 59180
SWIDTH 660 0
DWIDTH 11 0
BBX 13 14 0 -1
BITMAP
C000
7C08
3E18
1F38
0EF8
1FF8
3AF0
7FE0
7EC0
FF00
E7C0
C3E0
81F0
0008
ENDCHAR
STARTCHAR E72D
ENCODING 59181
SWIDTH 660 0
DWIDTH 11 0
BBX 12 12 0 0
BITMAP
00C0
2040
C740
C7E0
C3E0
60E0
7060
7E20
7E30
6630
2000
3000
ENDCHAR
STARTCHAR E72E
ENCODING 59182
SWIDTH 660 0
DWIDTH 11 0
BBX 8 14 1 -1
BITMAP
20
50
50
27
25
7F
88
98
7F
25
77
50
50
20
ENDCHAR
STARTCHAR E72F
ENCODING 59183
SWIDTH 660 0
DWIDTH 11 0
BBX 13 14 0 -1
BITMAP
0400
0600
0708
0DF8
0D90
7820
C040
F060
3820
19F0
1AF0
1C00
1800
1000
ENDCHAR
STARTCHAR E730
ENCODING 59184
SWIDTH 660 0
DWIDTH 11 0
BBX 13 14 0 -1
BITMAP
1C00
0C00
04F0
73F8
F7F8
0000
F7F8
D6D8
B7D8
F7F8
77F8
77F0
37E0
00C0
ENDCHAR
STARTCHAR E731
ENCODING 59185
SWIDTH 660 0
DWIDTH 11 0
BBX 13 12 0 0
BITMAP
0F00
3FC0
7FE0
70E0
E000
E078
E078
E0F8
7000
7FF8
3FF8
0FF8
ENDCHAR
STARTCHAR E732
ENCODING 59186
SWIDTH 660 0
DWIDTH 11 0
BBX 12 12 0 0
BITMAP
0400
0600
0600
0700
0F00
0F80
1F80
19C0
38C0
78C0
6070
8010
ENDCHAR
STARTCHAR E733
ENCODING 59187
SWIDTH 660 0
DWIDTH 11 0
BBX 13 7 0 3
BITMAP
3860
4D98
8708
B268
8708
7DF0
1040
ENDCHAR
STARTCHAR E734
ENCODING 59188
SWIDTH 660 0
DWIDTH 11 0
BBX 10 13 0 0
BITMAP
0400
3B00
4480
FE40
DF40
F540
6540
9F40
5A80
3F00
1E00
1E00
1F00
ENDCHAR
STARTCHAR E735
ENCODING 59189
SWIDTH 660 0
DWIDTH 11 0
BBX 8 12 1 0
BITMAP
3C
3E
36
76
67
67
E3
81
20
3C
08
08
ENDCHAR
STARTCHAR E736
ENCODING 59190
SWIDTH 660 0
DWIDTH 11 0
BBX 11 13 0 0
BITMAP
FFE0
FFE0
FFE0
C060
CFE0
CFE0
4060
7E60
6E60
6060
71E0
7FC0
3F80
ENDCHAR
STARTCHAR E737
ENCODING 59191
SWIDTH 660 0
DWIDTH 11 0
BBX 8 12 1 1
BITMAP
07
FF
FF
FC
03
FF
FF
FC
03
FF
FF
FE
ENDCHAR
STARTCHAR E738
ENCODING 59192
SWIDTH 660 0
DWIDTH 11 0
BBX 9 13 1 0
BITMAP
0400
0400
0A00
1C00
2800
1400
0000
7C80
0100
1C00
7C00
FF00
0100
ENDCHAR
STARTCHAR E739
ENCODING 59193
SWIDTH 660 0
DWIDTH 11 0
BBX 13 12 0 0
BITMAP
00F0
06E8
0E78
1FE8
3FF8
6778
3E38
FF38
EDF8
5BF8
EFF0
1FF0
ENDCHAR
STARTCHAR E73A
ENCODING 59194
SWIDTH 660 0
DWIDTH 11 0
BBX 9 14 1 -1
BITMAP
FF80
FF80
FF80
FF80
FF80
FF80
EB80
DB80
BD80
9D80
FB80
EB80
FF80
FF80
ENDCHAR
STARTCHAR E73B
ENCODING 59195
SWIDTH 660 0
DWIDTH 11 0
BBX 12 12 0 1
BITMAP
07F0
03F0
17C0
0F00
1E00
5F00
3E00
3E00
3E00
BE00
7F00
7E00
ENDCHAR
STARTCHAR E73C
ENCODING 59196
SWIDTH 660 0
DWIDTH 11 0
BBX 13 12 0 0
BITMAP
1F80
1780
0B80
7FB0
FFB0
FFF8
EFF8
FFF0
7FF0
1F80
1E80
0F80
ENDCHAR
STARTCHAR E73D
ENCODING 59197
SWIDTH 660 0
DWIDTH 11 0
BBX 13 7 0 3
BITMAP
0700
3DE0
6498
FFF8
CB18
5F78
3FE0
ENDCHAR
STARTCHAR E73E
ENCODING 59198
SWIDTH 660 0
DWIDTH 11 0
BBX 13 8 0 2
BITMAP
FFF8
8008
B648
BE48
AAE8
A248
8008
FFF8
ENDCHAR
STARTCHAR E73F
ENCODING 59199
SWIDTH 660 0
DWIDTH 11 0
BBX 13 14 0 -1
BITMAP
2000
D800
C870
B988
A9F8
A948
A9C8
A630
98C0
9340
8C40
4880
3B00
0400
ENDCHAR
STARTCHAR E740
ENCODING 59200
SWIDTH 660 0
DWIDTH 11 0
BBX 12 13 0 -1
BITMAP
0400
0F00
3BC0
E0E0
C030
D930
D930
D930
D930
D930
D920
1B00
0F00
ENDCHAR
STARTCHAR E741
ENCODING 59201
SWIDTH 660 0
DWIDTH 11 0
BBX 12 12 0 0
BITMAP
F800
2C00
1C00
1300
1180
11C0
08C0
0460
0470
0320
03D0
0300
ENDCHAR
STARTCHAR E742
ENCODING 59202
SWIDTH 660 0
DWIDTH 11 0
BBX 11 12 0 1
BITMAP
0400
0F00
3F80
7FC0
FFE0
FFE0
FFE0
E3A0
C020
63A0
7FC0
1F80
ENDCHAR
STARTCHAR E743
ENCODING 59203
SWIDTH 660 0
DWIDTH 11 0
BBX 13 12 0 0
BITMAP
1FC0
3FE0
3FF0
7800
DFF8
FFF8
EFF8
F778
78F0
7EF0
3DE0
1F80
ENDCHAR
STARTCHAR E744
ENCODING 59204
SWIDTH 660 0
DWIDTH 11 0
BBX 13 13 0 -1
BITMAP
03F8
0FC8
1FF8
3C70
1838
3FF8
7FF8
7800
B870
BFF0
9FE0
97C0
6000
ENDCHAR
STARTCHAR E745
ENCODING 59205
SWIDTH 660 0
DWIDTH 11 0
BBX 13 12 0 0
BITMAP
0F80
78E0
7030
7C10
F830
F038
F030
FE30
78F0
7FE0
3FC0
0F80
ENDCHAR
STARTCHAR E746
ENCODING 59206
SWIDTH 660 0
DWIDTH 11 0
BBX 13 14 0 -1
BITMAP
0700
1FE0
38F0
7070
F038
E038
E038
E038
E038
7038
7070
38F0
1FC0
0700
ENDCHAR
STARTCHAR E747
ENCODING 59207
SWIDTH 660 0
DWIDTH 11 0
BBX 13 10 0 1
BITMAP
3FF0
7FF0
78F0
7FF0
FEF8
7F78
7F70
78F0
7FF0
3FE0
ENDCHAR
STARTCHAR E748
ENCODING 59208
SWIDTH 660 0
DWIDTH 11 0
BBX 13 13 0 0
BITMAP
0700
1FC0
3FE0
7FF0
FF78
FE78
FCF8
F9F8
F3F8
77F8
7FF0
3FE0
1FC0
ENDCHAR
STARTCHAR E749
ENCODING 59209
SWIDTH 660 0
DWIDTH 11 0
BBX 12 13 0 0
BITMAP
FFF0
FFE0
FFE0
C060
FF60
FF60
7060
7E60
6E60
6060
71E0
7FE0
3F80
ENDCHAR
STARTCHAR E74A
ENCODING 59210
SWIDTH 660 0
DWIDTH 11 0
BBX 9 13 1 -1
BITMAP
3E00
0A00
2000
FF80
FF80
8180
FD80
E180
FD00
DD00
C100
FF00
7F00
ENDCHAR
STARTCHAR E74B
ENCODING 59211
SWIDTH 660 0
DWIDTH 11 0
BBX 13 10 0 1
BITMAP
0F00
3100
4100
8200
8C40
4540
3FF8
77C0
A800
4000
ENDCHAR
STARTCHAR E74C
ENCODING 59212
SWIDTH 660 0
DWIDTH 11 0
BBX 10 12 0 1
BITMAP
6FC0
5180
B240
4080
B3C0
8340
4080
4080
52C0
BF40
6B80
1F00
ENDCHAR
STARTCHAR E74D
ENCODING 59213
SWIDTH 660 0
DWIDTH 11 0
BBX 13 12 0 0
BITMAP
0C00
3260
41E0
8EC0
8100
82F0
8018
8010
41E0
6100
3F00
0400
ENDCHAR
STARTCHAR E74E
ENCODING 59214
SWIDTH 660 0
DWIDTH 11 0
BBX 12 9 0 2
BITMAP
0040
1BE0
1B00
1B00
1BC0
18E0
1830
3270
F3E0
ENDCHAR
STARTCHAR E74F
ENCODING 59215
SWIDTH 660 0
DWIDTH 11 0
BBX 7 14 2 0
BITMAP
08
08
28
E8
28
28
28
28
28
2E
2C
28
20
20
ENDCHAR
STARTCHAR E750
ENCODING 59216
SWIDTH 660 0
DWIDTH 11 0
BBX 12 11 0 0
BITMAP
0900
8900
8880
8870
8C00
C610
C3E0
6000
3800
1E30
0FC0
ENDCHAR
STARTCHAR E751
ENCODING 59217
SWIDTH 660 0
DWIDTH 11 0
BBX 13 10 0 1
BITMAP
13C0
4C88
3FF0
6018
7FF0
BFF0
BFE0
9FE0
5FC0
0F80
ENDCHAR
STARTCHAR E752
ENCODING 59218
SWIDTH 660 0
DWIDTH 11 0
BBX 10 12 0 0
BITMAP
C040
F1C0
FFC0
CE40
FFC0
F1C0
F1C0
FFC0
DE40
FBC0
E1C0
C040
ENDCHAR
STARTCHAR E753
ENCODING 59219
SWIDTH 660 0
DWIDTH 11 0
BBX 13 13 0 -1
BITMAP
0800
30C0
F078
E078
E230
C230
C610
8710
8010
8000
1F80
1F80
0F00
ENDCHAR
STARTCHAR E754
ENCODING 59220
SWIDTH 660 0
DWIDTH 11 0
BBX 13 12 0 0
BITMAP
0F80
1BC0
1FC0
1FC0
3DE0
3DE0
3DF0
7CF0
7FF0
7FF8
FB78
F1F8
ENDCHAR
STARTCHAR E755
ENCODING 59221
SWIDTH 660 0
DWIDTH 11 0
BBX 13 12 0 0
BITMAP
7FF0
FFF8
FF78
F778
FB38
F938
FC38
FE38
E018
F8F8
FFF8
7FF0
ENDCHAR
STARTCHAR E756
ENCODING 59222
SWIDTH 660 0
DWIDTH 11 0
BBX 12 12 0 0
BITMAP
0400
0700
3FB0
7870
C070
C070
C070
C070
0070
3FF0
17E0
0080
ENDCHAR
STARTCHAR E757
ENCODING 59223
SWIDTH 660 0
DWIDTH 11 0
BBX 13 12 0 0
BITMAP
1FC0
3FE0
7FB0
FEF0
EEB8
E4F8
D5F8
F5F8
7DF0
6BF0
37E0
1FC0
ENDCHAR
STARTCHAR E758
ENCODING 59224
SWIDTH 660 0
DWIDTH 11 0
BBX 13 6 0 3
BITMAP
6010
A9A8
B648
B9A8
ADE8
4010
ENDCHAR
STARTCHAR E759
ENCODING 59225
SWIDTH 660 0
DWIDTH 11 0
BBX 13 8 0 2
BITMAP
00C0
08C0
16D0
7B68
6BF0
D5F8
F400
9800
ENDCHAR
STARTCHAR E75A
ENCODING 59226
SWIDTH 660 0
DWIDTH 11 0
BBX 13 14 0 -1
BITMAP
7FF8
FFF8
C308
C308
C308
C308
C308
C308
C3F8
C3F8
C3F8
FFF8
FFF8
7FF8
ENDCHAR
STARTCHAR E75B
ENCODING 59227
SWIDTH 660 0
DWIDTH 11 0
BBX 9 12 1 0
BITMAP
7F00
7F00
8180
FF80
FF80
AB80
AB80
EA80
FB80
FF80
FF80
7F00
ENDCHAR
STARTCHAR E75C
ENCODING 59228
SWIDTH 660 0
DWIDTH 11 0
BBX 10 10 0 1
BITMAP
07C0
03C0
1FC0
1FC0
0740
FF00
7F00
1D00
1C00
0C00
ENDCHAR
STARTCHAR E75D
ENCODING 59229
SWIDTH 660 0
DWIDTH 11 0
BBX 13 4 0 5
BITMAP
77F0
6EA0
BFF8
C000
ENDCHAR
STARTCHAR E75E
ENCODING 59230
SWIDTH 660 0
DWIDTH 11 0
BBX 7 14 2 -1
BITMAP
EE
EE
EE
EE
6C
02
86
6C
EE
CE
CE
C6
C6
86
ENDCHAR
STARTCHAR E75F
ENCODING 59231
SWIDTH 660 0
DWIDTH 11 0
BBX 9 10 1 1
BITMAP
0800
1C00
7F00
7E00
EC00
E800
E380
FF00
7700
3400
ENDCHAR
STARTCHAR E760
ENCODING 59232
SWIDTH 660 0
DWIDTH 11 0
BBX 11 12 0 0
BITMAP
1E00
2180
C040
8060
80E0
83E0
87E0
85E0
86E0
85C0
6780
1E00
ENDCHAR
STARTCHAR E761
ENCODING 59233
SWIDTH 660 0
DWIDTH 11 0
BBX 10 14 0 -1
BITMAP
FC00
FF00
FF00
FF80
FF80
FF80
FF00
FF40
FCC0
01C0
FFC0
FFC0
FF80
FE00
ENDCHAR
STARTCHAR E762
ENCODING 59234
SWIDTH 660 0
DWIDTH 11 0
BBX 13 13 0 0
BITMAP
3FE0
FFF8
FFF8
87F8
8318
BBF8
8248
BA08
BAF8
8208
FF98
FFF8
FFF8
ENDCHAR
STARTCHAR E763
ENCODING 59235
SWIDTH 660 0
DWIDTH 11 0
BBX 7 16 2 -2
BITMAP
04
08
08
08
F6
FE
BE
74
DC
F4
FC
FC
4C
78
78
38
ENDCHAR
STARTCHAR E764
ENCODING 59236
SWIDTH 660 0
DWIDTH 11 0
BBX 13 12 0 0
BITMAP
1CC0
2120
2220
1F00
78F0
9288
9A48
2850
2440
2440
2640
19C0
ENDCHAR
STARTCHAR E765
ENCODING 59237
SWIDTH 660 0
DWIDTH 11 0
BBX 13 12 0 0
BITMAP
0008
00D8
1FB8
61F8
5EF8
A178
AD70
AD70
B260
5F80
6040
1F80
ENDCHAR
STARTCHAR E766
ENCODING 59238
SWIDTH 660 0
DWIDTH 11 0
BBX 13 10 0 2
BITMAP
0380
00C0
3FE0
0630
0DD8
3DD8
7DD8
CE18
07F8
03E0
ENDCHAR
STARTCHAR E767
ENCODING 59239
SWIDTH 660 0
DWIDTH 11 0
BBX 10 14 0 -1
BITMAP
0600
3900
3080
3480
C140
A340
9940
6FC0
C6C0
53C0
5D40
3180
0900
0600
ENDCHAR
STARTCHAR E768
ENCODING 59240
SWIDTH 660 0
DWIDTH 11 0
BBX 13 14 0 -1
BITMAP
0700
18C0
6020
7F10
D490
9448
A448
A648
9648
8990
4770
2020
10C0
0F00
ENDCHAR
STARTCHAR E769
ENCODING 59241
SWIDTH 660 0
DWIDTH 11 0
BBX 13 14 0 -1
BITMAP
0700
1DE0
3DF0
7DF0
F778
EAB8
D458
D458
D438
D458
6C70
3F70
1EC0
0700
ENDCHAR
STARTCHAR E76A
ENCODING 59242
SWIDTH 660 0
DWIDTH 11 0
BBX 10 10 0 1
BITMAP
1F00
7F80
27C0
57C0
DF40
D340
DFC0
6C00
3F80
1F00
ENDCHAR
STARTCHAR E76B
ENCODING 59243
SWIDTH 660 0
DWIDTH 11 0
BBX 13 14 0 -1
BITMAP
0F00
3FC0
56F0
7FB0
F7F8
AEF8
D7E8
FF78
EFF8
7FF8
BF50
7FF0
19C0
0700
ENDCHAR
STARTCHAR E76C
ENCODING 59244
SWIDTH 660 0
DWIDTH 11 0
BBX 9 12 1 0
BITMAP
1800
3C00
7E00
FF00
FE00
FC00
FC00
FE00
FF00
7F80
3E00
1C00
ENDCHAR
STARTCHAR E76D
ENCODING 59245
SWIDTH 660 0
DWIDTH 11 0
BBX 13 12 0 0
BITMAP
0300
1DC0
67B8
E7B8
FDF8
3FE0
C738
38E0
CF98
78E0
0F80
0200
ENDCHAR
STARTCHAR E76E
ENCODING 59246
SWIDTH 660 0
DWIDTH 11 0
BBX 12 12 0 0
BITMAP
FFE0
FFF0
FFF0
FF70
FF70
FFE0
BBA0
7B90
53E0
2FC0
03C0
0780
ENDCHAR
STARTCHAR E76F
ENCODING 59247
SWIDTH 660 0
DWIDTH 11 0
BBX 13 12 0 0
BITMAP
0600
1F80
7FE0
BFF0
FFF8
FFB8
F738
FFF8
7DF8
7FF0
2FE0
1300
ENDCHAR
STARTCHAR E770
ENCODING 59248
SWIDTH 660 0
DWIDTH 11 0
BBX 10 12 0 0
BITMAP
1F00
2180
5FC0
FD40
AFC0
AFC0
F540
5EC0
3180
1E00
0000
1F00
ENDCHAR
STARTCHAR E771
ENCODING 59249
SWIDTH 660 0
DWIDTH 11 0
BBX 13 14 0 -1
BITMAP
0F00
3FE0
7FF0
7DF0
F8F8
F000
F000
F000
F078
F8F8
7FF0
7FF0
1FC0
0700
ENDCHAR
STARTCHAR E772
ENCODING 59250
SWIDTH 660 0
DWIDTH 11 0
BBX 13 14 0 -1
BITMAP
00E0
38F8
F8F8
FCF8
FCF8
FC70
7E30
7E00
7F00
3F80
3F80
1F00
0E00
0400
ENDCHAR
STARTCHAR E773
ENCODING 59251
SWIDTH 660 0
DWIDTH 11 0
BBX 10 13 0 -1
BITMAP
0C00
1E00
3E00
5280
8C40
9E40
7F40
1F00
FFC0
BFC0
3F00
1E00
2100
ENDCHAR
STARTCHAR E774
ENCODING 59252
SWIDTH 660 0
DWIDTH 11 0
BBX 10 14 0 -1
BITMAP
1000
3800
1C00
0E00
1F00
3380
71C0
78C0
C0C0
C0C0
79C0
7380
3F00
0400
ENDCHAR
STARTCHAR E775
ENCODING 59253
SWIDTH 660 0
DWIDTH 11 0
BBX 11 6 1 3
BITMAP
0400
2E00
DBE0
7BC0
3F40
2080
ENDCHAR
STARTCHAR E776
ENCODING 59254
SWIDTH 660 0
DWIDTH 11 0
BBX 12 14 0 -1
BITMAP
0400
0F00
3FC0
FFF0
E770
E770
EB70
ED70
EC70
EE70
FFE0
3FC0
0F00
0400
ENDCHAR
STARTCHAR E777
ENCODING 59255
SWIDTH 660 0
DWIDTH 11 0
BBX 13 10 0 1
BITMAP
FC00
6C00
3600
3FF8
1B78
1BB8
37F8
76C0
6C60
DC70
ENDCHAR
STARTCHAR E778
ENCODING 59256
SWIDTH 660 0
DWIDTH 11 0
BBX 13 6 0 3
BITMAP
FDF8
1BF0
11E0
33C0
6180
FF80
ENDCHAR
STARTCHAR E779
ENCODING 59257
SWIDTH 660 0
DWIDTH 11 0
BBX 11 12 0 0
BITMAP
70C0
E920
9F20
D6A0
E160
4540
6380
3080
3300
0A00
0600
0200
ENDCHAR
STARTCHAR E77A
ENCODING 59258
SWIDTH 660 0
DWIDTH 11 0
BBX 13 10 0 1
BITMAP
3FE0
FFF8
FFF8
FFF8
FC78
3C00
0380
C3F8
FC78
3C00
ENDCHAR
STARTCHAR E77B
ENCODING 59259
SWIDTH 660 0
DWIDTH 11 0
BBX 11 13 0 0
BITMAP
7F80
FFC0
CEE0
CCE0
CFE0
E0E0
EEE0
FEE0
FEE0
DEE0
CEE0
DEE0
FFC0
ENDCHAR
STARTCHAR E77C
ENCODING 59260
SWIDTH 660 0
DWIDTH 11 0
BBX 13 14 0 -1
BITMAP
0700
1FE0
3FF0
7FF0
EFF8
D7F8
FFF8
F038
CFE8
FFF8
7FF0
3FF0
1FC0
0700
ENDCHAR
STARTCHAR E77D
ENCODING 59261
SWIDTH 660 0
DWIDTH 11 0
BBX 10 12 0 1
BITMAP
1F00
20C0
C040
8C40
8840
9040
8880
8700
4000
4000
2000
1800
ENDCHAR
STARTCHAR E77E
ENCODING 59262
SWIDTH 660 0
DWIDTH 11 0
BBX 13 14 0 -1
BITMAP
0300
1CC0
2BA0
39B0
6B68
9488
BFF8
7930
E758
3BB8
25E0
3850
1320
0DC0
ENDCHAR
STARTCHAR E77F
ENCODING 59263
SWIDTH 660 0
DWIDTH 11 0
BBX 13 6 0 3
BITMAP
1E38
3770
7770
6760
E7E0
C000
ENDCHAR
STARTCHAR E780
ENCODING 59264
SWIDTH 660 0
DWIDTH 11 0
BBX 11 12 0 1
BITMAP
0400
0400
0E00
1C00
3D00
77C0
F7C0
F1E0
F8E0
C060
4040
4080
ENDCHAR
STARTCHAR E781
ENCODING 59265
SWIDTH 660 0
DWIDTH 11 0
BBX 13 13 0 0
BITMAP
FFF8
FFF8
FFF8
FFF8
FFF8
FFF8
FD98
FD58
FD38
FD88
FDE8
F108
FFF8
ENDCHAR
STARTCHAR E782
ENCODING 59266
SWIDTH 660 0
DWIDTH 11 0
BBX 11 13 0 -1
BITMAP
0080
01C0
01E0
F9E0
FDE0
FFE0
7EC0
3FC0
0380
0700
0700
0700
0600
ENDCHAR
STARTCHAR E783
ENCODING 59267
SWIDTH 660 0
DWIDTH 11 0
BBX 11 14 0 -1
BITMAP
0280
2380
F280
E280
A1E0
CD60
FEE0
B7A0
BFC0
ADC0
56C0
2B80
1780
2A00
ENDCHAR
STARTCHAR E784
ENCODING 59268
SWIDTH 660 0
DWIDTH 11 0
BBX 12 12 0 0
BITMAP
0F00
39C0
F9F0
F0F0
F0F0
E0B0
E070
C030
E650
EFB0
3FC0
0F00
ENDCHAR
STARTCHAR E785
ENCODING 59269
SWIDTH 660 0
DWIDTH 11 0
BBX 13 13 0 0
BITMAP
0C30
1E78
0FF0
67E0
F3C0
79E0
3CF0
1E78
3F38
7F90
F3C0
61C0
0080
ENDCHAR
STARTCHAR E786
ENCODING 59270
SWIDTH 660 0
DWIDTH 11 0
BBX 13 10 0 1
BITMAP
1F80
21C0
62A0
6118
C9C8
6878
63D8
3320
2200
0E00
ENDCHAR
STARTCHAR E787
ENCODING 59271
SWIDTH 660 0
DWIDTH 11 0
BBX 9 14 1 -1
BITMAP
4000
4000
6800
7900
FF00
FF00
FF00
FF00
FF80
FF80
FF80
FF00
3C00
0800
ENDCHAR
STARTCHAR E788
ENCODING 59272
SWIDTH 660 0
DWIDTH 11 0
BBX 13 14 0 -1
BITMAP
0700
1FC0
3FF0
7870
F778
F7F8
F7F8
F7F8
F7F8
7778
7870
3FE0
1FC0
0700
ENDCHAR
STARTCHAR E789
ENCODING 59273
SWIDTH 660 0
DWIDTH 11 0
BBX 12 5 1 4
BITMAP
0F70
75A0
BF40
1A80
EF80
ENDCHAR
STARTCHAR E78A
ENCODING 59274
SWIDTH 660 0
DWIDTH 11 0
BBX 12 12 0 0
BITMAP
0600
3A00
3BC0
3BC0
3BC0
F810
81F0
3BC0
1BC0
2BC0
1200
0600
ENDCHAR
STARTCHAR E78B
ENCODING 59275
SWIDTH 660 0
DWIDTH 11 0
BBX 13 9 0 2
BITMAP
0050
3FF0
7FA8
FF78
7FB0
7F80
7F80
7380
3280
ENDCHAR
STARTCHAR E78C
ENCODING 59276
SWIDTH 660 0
DWIDTH 11 0
BBX 13 14 0 -1
BITMAP
0700
1FC0
7FE0
7DF0
F078
E238
0738
0738
E238
F078
7FF0
3FE0
1FC0
0700
ENDCHAR
STARTCHAR E78D
ENCODING 59277
SWIDTH 660 0
DWIDTH 11 0
BBX 13 14 0 -1
BITMAP
1FC0
7FF0
7FF8
F4B8
FF78
FF78
FF78
FF78
FF78
FD78
F4B8
7FF8
7FF0
1FC0
ENDCHAR
STARTCHAR E78E
ENCODING 59278
SWIDTH 660 0
DWIDTH 11 0
BBX 12 12 0 0
BITMAP
0C00
3FE0
7FE0
65F0
6DE0
64C0
FFC0
FFF0
E3F0
7FE0
3BE0
00C0
ENDCHAR
STARTCHAR E78F
ENCODING 59279
SWIDTH 660 0
DWIDTH 11 0
BBX 4 11 3 1
BITMAP
20
50
50
F0
60
60
60
60
60
E0
E0
ENDCHAR
STARTCHAR E790
ENCODING 59280
SWIDTH 660 0
DWIDTH 11 0
BBX 13 13 0 -1
BITMAP
0500
1DC0
3060
6010
C018
8408
8548
A568
9548
4218
6010
3060
1DC0
ENDCHAR
STARTCHAR E791
ENCODING 59281
SWIDTH 660 0
DWIDTH 11 0
BBX 11 11 0 1
BITMAP
0180
0EE0
1E60
3E20
7DE0
79E0
F1E0
D0E0
9FE0
9E60
FF80
ENDCHAR
STARTCHAR E792
ENCODING 59282
SWIDTH 660 0
DWIDTH 11 0
BBX 13 6 0 3
BITMAP
0780
0FC0
3FC0
3FB0
F008
FFF8
ENDCHAR
STARTCHAR E793
ENCODING 59283
SWIDTH 660 0
DWIDTH 11 0
BBX 13 12 0 0
BITMAP
0FC0
3EE0
37E0
7F70
73F0
E3B8
F3B8
73F0
7F70
37E0
2EE0
0DC0
ENDCHAR
STARTCHAR E794
ENCODING 59284
SWIDTH 660 0
DWIDTH 11 0
BBX 13 14 0 -1
BITMAP
0200
0200
0700
0700
0F80
0F80
1FC0
1FC0
3EE0
36E0
6AF0
7FF0
FFD8
FFF8
ENDCHAR
STARTCHAR E795
ENCODING 59285
SWIDTH 660 0
DWIDTH 11 0
BBX 12 10 0 1
BITMAP
FFF0
FFF0
DFF0
EFF0
E7F0
CFF0
D8F0
FFF0
FFF0
FFF0
ENDCHAR
STARTCHAR E796
ENCODING 59286
SWIDTH 660 0
DWIDTH 11 0
BBX 13 12 0 0
BITMAP
1980
1E80
21C0
3C38
D810
C030
E060
60E0
1CC0
0F80
0780
0300
ENDCHAR
STARTCHAR E797
ENCODING 59287
SWIDTH 660 0
DWIDTH 11 0
BBX 13 11 0 0
BITMAP
0FC0
3060
6010
4018
8008
F8F8
0500
0200
0200
0200
0200
ENDCHAR
STARTCHAR E798
ENCODING 59288
SWIDTH 660 0
DWIDTH 11 0
BBX 13 14 0 -1
BITMAP
0100
0780
0F80
3FE0
3FF0
7FD8
FFF8
FFF8
7FE8
3FF8
17F8
0FE0
07A0
03E0
ENDCHAR
STARTCHAR E799
ENCODING 59289
SWIDTH 660 0
DWIDTH 11 0
BBX 13 12 0 0
BITMAP
3070
7CF8
7FF8
7FF0
1FE0
07C0
1F80
3FE0
7FF8
FFF0
F9F0
3030
ENDCHAR
STARTCHAR E79A
ENCODING 59290
SWIDTH 660 0
DWIDTH 11 0
BBX 13 14 0 -1
BITMAP
0700
1FE0
3FE0
7040
E008
E008
C708
C718
E000
E008
7040
3FE0
1FC0
0700
ENDCHAR
STARTCHAR E79B
ENCODING 59291
SWIDTH 660 0
DWIDTH 11 0
BBX 13 11 0 1
BITMAP
C030
8038
8618
8FF8
8FF8
8FF8
87F8
87F8
8788
C308
C018
ENDCHAR
STARTCHAR E79C
ENCODING 59292
SWIDTH 660 0
DWIDTH 11 0
BBX 13 13 0 0
BITMAP
3FF0
FFF8
FFF8
FFF8
87F8
B5A8
BD28
BAA8
B658
8ED8
FFF8
FFF8
FFF8
ENDCHAR
STARTCHAR E79D
ENCODING 59293
SWIDTH 660 0
DWIDTH 11 0
BBX 12 12 0 0
BITMAP
0200
0680
0500
1F40
3560
5ED0
ED30
3EA0
1540
0A80
0500
0880
ENDCHAR
STARTCHAR E79E
ENCODING 59294
SWIDTH 660 0
DWIDTH 11 0
BBX 13 12 0 0
BITMAP
1F80
3FE0
7FF0
7FF8
8000
FFF8
FFF8
8000
7FF8
5FF0
2FE0
1F80
ENDCHAR
STARTCHAR E79F
ENCODING 59295
SWIDTH 660 0
DWIDTH 11 0
BBX 13 10 0 1
BITMAP
E000
4FF8
1E48
1C28
3C10
47E0
63E0
A320
9E40
7790
ENDCHAR
STARTCHAR E7A0
ENCODING 59296
SWIDTH 660 0
DWIDTH 11 0
BBX 13 14 0 -1
BITMAP
0700
1FC0
3FF0
7FF0
FFF8
CF98
CF98
C018
C018
7FF8
7FF0
3FF0
1FC0
0700
ENDCHAR
STARTCHAR E7A1
ENCODING 59297
SWIDTH 660 0
DWIDTH 11 0
BBX 12 13 0 -1
BITMAP
6040
3FC0
3FC0
C620
BCE0
ACD0
D630
FFF0
FFF0
7FA0
BFE0
5FA0
2A80
ENDCHAR
STARTCHAR E7A2
ENCODING 59298
SWIDTH 660 0
DWIDTH 11 0
BBX 12 8 0 2
BITMAP
7FE0
7FE0
FFD0
FFD0
C010
FFD0
C010
FFD0
ENDCHAR
STARTCHAR E7A3
ENCODING 59299
SWIDTH 660 0
DWIDTH 11 0
BBX 12 14 0 -1
BITMAP
0600
1F00
3FC0
F0F0
E070
C6F0
CFF0
CFF0
C670
E070
F0E0
3FC0
0F00
0400
ENDCHAR
STARTCHAR E7A4
ENCODING 59300
SWIDTH 660 0
DWIDTH 11 0
BBX 7 15 2 -1
BITMAP
30
78
7C
FC
FC
FE
FE
FE
FE
FC
7C
38
10
10
10
ENDCHAR
STARTCHAR E7A5
ENCODING 59301
SWIDTH 660 0
DWIDTH 11 0
BBX 13 12 0 1
BITMAP
8000
4000
2400
1280
2960
14B0
0A50
15A8
0AD0
0568
0AB0
0150
ENDCHAR
STARTCHAR E7A6
ENCODING 59302
SWIDTH 660 0
DWIDTH 11 0
BBX 13 2 0 6
BITMAP
5DB8
D578
ENDCHAR
STARTCHAR E7A7
ENCODING 59303
SWIDTH 660 0
DWIDTH 11 0
BBX 13 12 0 0
BITMAP
0500
0D80
1DC0
3DE0
7CF0
FC78
7478
3CF0
1DE0
0DC0
0580
0500
ENDCHAR
STARTCHAR E7A8
ENCODING 59304
SWIDTH 660 0
DWIDTH 11 0
BBX 13 14 0 -1
BITMAP
0600
0D80
3A60
6030
7FD8
FCE8
5F98
DDD8
FEF8
FEF8
7070
38E0
0F80
0200
ENDCHAR
STARTCHAR E7A9
ENCODING 59305
SWIDTH 660 0
DWIDTH 11 0
BBX 12 12 0 0
BITMAP
1F80
6060
8020
8210
8F10
8F90
8F90
8F10
8010
8020
4040
3F80
ENDCHAR
STARTCHAR E7AA
ENCODING 59306
SWIDTH 660 0
DWIDTH 11 0
BBX 11 11 0 1
BITMAP
FFE0
FFE0
FFE0
F1E0
F7E0
F3E0
FDE0
FEE0
F1E0
FFE0
FFE0
ENDCHAR
STARTCHAR E7AB
ENCODING 59307
SWIDTH 660 0
DWIDTH 11 0
BBX 13 12 0 0
BITMAP
0200
0200
0700
0F80
0F80
1EC0
1EC0
30E0
76E0
7030
FFF8
FFF8
ENDCHAR
STARTCHAR E7AC
ENCODING 59308
SWIDTH 660 0
DWIDTH 11 0
BBX 13 14 0 -1
BITMAP
0400
0F80
1FF0
3FF0
61F0
83F0
C3F8
63F8
73F8
7FF8
7FF0
3FE0
0FC0
0080
ENDCHAR
STARTCHAR E7AD
ENCODING 59309
SWIDTH 660 0
DWIDTH 11 0
BBX 13 8 0 2
BITMAP
6A30
1AA0
FD98
7530
0000
8008
6038
1FC0
ENDCHAR
STARTCHAR E7AE
ENCODING 59310
SWIDTH 660 0
DWIDTH 11 0
BBX 13 14 0 0
BITMAP
0700
1FE0
3FF0
7070
E038
E038
E018
0018
0E38
CE38
CE70
31E0
31C0
0100
ENDCHAR
STARTCHAR E7AF
ENCODING 59311
SWIDTH 660 0
DWIDTH 11 0
BBX 11 8 0 2
BITMAP
FFE0
82A0
B860
BC60
BCE0
B9E0
83E0
FFE0
ENDCHAR
STARTCHAR E7B0
ENCODING 59312
SWIDTH 660 0
DWIDTH 11 0
BBX 13 8 0 2
BITMAP
0E00
3E20
7F30
BB38
FFE0
FFC0
7F80
7F00
ENDCHAR
STARTCHAR E7B1
ENCODING 59313
SWIDTH 660 0
DWIDTH 11 0
BBX 13 8 0 2
BITMAP
8708
8708
8008
8008
87F8
87F8
87C8
C108
ENDCHAR
STARTCHAR E7B2
ENCODING 59314
SWIDTH 660 0
DWIDTH 11 0
BBX 11 12 0 1
BITMAP
0F00
3F80
E0E0
C460
CFE0
DFA0
DFA0
CFE0
C060
F0E0
3F80
0E00
ENDCHAR
STARTCHAR E7B3
ENCODING 59315
SWIDTH 660 0
DWIDTH 11 0
BBX 13 14 0 -1
BITMAP
0700
1FC0
3FF0
7770
FFF8
E038
A048
D048
ECB8
6DB8
6DB0
38E0
1FC0
0200
ENDCHAR
STARTCHAR E7B4
ENCODING 59316
SWIDTH 660 0
DWIDTH 11 0
BBX 13 13 0 0
BITMAP
3FF0
FFF8
FFF8
FFB8
F3B8
F5F8
F5B8
E1B8
EEB8
EEB8
FFF8
FFF8
FFF8
ENDCHAR
STARTCHAR E7B5
ENCODING 59317
SWIDTH 660 0
DWIDTH 11 0
BBX 12 12 0 0
BITMAP
3C80
7FC0
7FE0
E5F0
FDF0
69F0
FFF0
7FF0
23F0
3FF0
77E0
4380
ENDCHAR
STARTCHAR E7B6
ENCODING 59318
SWIDTH 660 0
DWIDTH 11 0
BBX 13 6 0 3
BITMAP
1DC0
1DE0
1DE0
F7F8
7770
7770
ENDCHAR
STARTCHAR E7B7
ENCODING 59319
SWIDTH 660 0
DWIDTH 11 0
BBX 11 13 0 0
BITMAP
0600
3F80
7FC0
75E0
DDE0
EFE0
FE60
CF60
F4E0
77C0
3FC0
0F80
0600
ENDCHAR
STARTCHAR E7B8
ENCODING 59320
SWIDTH 660 0
DWIDTH 11 0
BBX 13 13 0 0
BITMAP
3FF0
FFF8
FFF8
FFF8
E1F8
ED18
ED78
E318
EFD8
EF38
FFF8
FFF8
FFF8
ENDCHAR
STARTCHAR E7B9
ENCODING 59321
SWIDTH 660 0
DWIDTH 11 0
BBX 13 14 0 -1
BITMAP
0700
18E0
2030
4010
8008
9D28
A128
A0C8
9CC8
4088
4090
20B0
19C0
0600
ENDCHAR
STARTCHAR E7BA
ENCODING 59322
SWIDTH 660 0
DWIDTH 11 0
BBX 13 12 0 0
BITMAP
18C0
2740
2620
2FC0
58F0
9748
9748
78B0
2740
2220
2540
18C0
ENDCHAR
STARTCHAR E7BB
ENCODING 59323
SWIDTH 660 0
DWIDTH 11 0
BBX 13 12 0 0
BITMAP
0780
1FC0
3160
7070
D038
CE18
E008
F818
E7F8
0070
0040
0080
ENDCHAR
STARTCHAR E7BC
ENCODING 59324
SWIDTH 660 0
DWIDTH 11 0
BBX 13 12 0 0
BITMAP
F3F0
F9F8
3C38
0E38
0E38
06F0
06F8
0E38
1E38
FDF8
F9F0
F3E0
ENDCHAR
STARTCHAR E7BD
ENCODING 59325
SWIDTH 660 0
DWIDTH 11 0
BBX 12 12 0 0
BITMAP
F380
FFE0
FFF0
E670
EDF0
ED70
7FF0
7FE0
63E0
FFC0
FF80
0700
ENDCHAR
STARTCHAR E7BE
ENCODING 59326
SWIDTH 660 0
DWIDTH 11 0
BBX 12 12 0 0
BITMAP
3380
3FC0
FFF0
E4F0
6DF0
66F0
7FF0
7FF0
E3E0
FFC0
7C00
3C00
ENDCHAR
STARTCHAR E7BF
ENCODING 59327
SWIDTH 660 0
DWIDTH 11 0
BBX 13 13 0 0
BITMAP
0200
3DC0
4320
8C10
97F0
E7E8
AFE8
CFE8
DFE8
4FF0
BF50
7FE0
1FC0
ENDCHAR
STARTCHAR E7C0
ENCODING 59328
SWIDTH 660 0
DWIDTH 11 0
BBX 13 13 0 0
BITMAP
0200
1FC0
3BE0
7F70
D0D0
E258
E038
E028
B038
6E30
7E10
3620
1FC0
ENDCHAR
STARTCHAR E7C1
ENCODING 59329
SWIDTH 660 0
DWIDTH 11 0
BBX 12 12 0 0
BITMAP
FFF0
FFF0
FFF0
FBF0
6430
5D90
6230
7BE0
7FE0
3FE0
0F80
0200
ENDCHAR
STARTCHAR E7C2
ENCODING 59330
SWIDTH 660 0
DWIDTH 11 0
BBX 13 8 0 2
BITMAP
F270
9AC8
8AC0
8A70
9218
FA08
16C8
0C70
ENDCHAR
STARTCHAR E7C3
ENCODING 59331
SWIDTH 660 0
DWIDTH 11 0
BBX 12 7 0 3
BITMAP
D000
DDF0
F2E0
DDE0
EFE0
1000
06F0
ENDCHAR
STARTCHAR E7C4
ENCODING 59332
SWIDTH 660 0
DWIDTH 11 0
BBX 12 13 0 -1
BITMAP
0020
FFF0
FFF0
FEB0
FFE0
FD60
FFC0
FEC0
FF80
FF00
FE00
FE00
0200
ENDCHAR
STARTCHAR E7C5
ENCODING 59333
SWIDTH 660 0
DWIDTH 11 0
BBX 13 12 0 0
BITMAP
7EF8
7DF0
79E0
7BC0
7FE0
FF90
7F18
7F20
7DF8
79A8
7BB8
0600
ENDCHAR
STARTCHAR E7C6
ENCODING 59334
SWIDTH 660 0
DWIDTH 11 0
BBX 13 14 0 -1
BITMAP
0700
1FE0
3FF0
7FF0
FA88
FBD8
FBD8
BBD8
FFF8
7F78
7570
3FF0
1FC0
0700
ENDCHAR
STARTCHAR E7C7
ENCODING 59335
SWIDTH 660 0
DWIDTH 11 0
BBX 8 16 1 -3
BITMAP
08
08
08
1C
1C
1C
2C
3E
3E
3E
7E
7F
5F
FF
FF
3C
ENDCHAR
STARTCHAR E7C8
ENCODING 59336
SWIDTH 660 0
DWIDTH 11 0
BBX 13 14 0 -1
BITMAP
FFF8
FFF8
FBF8
FE38
E7F8
FFF8
FFF8
FFF8
F578
FEF8
EF78
FFF8
FFF8
FFF8
ENDCHAR
STARTCHAR E7C9
ENCODING 59337
SWIDTH 660 0
DWIDTH 11 0
BBX 11 14 0 -1
BITMAP
0E00
3F80
7FC0
7FE0
F9E0
F0E0
F0E0
F1E0
F7C0
F7C0
7B00
7C40
3F00
0E00
ENDCHAR
STARTCHAR E7CA
ENCODING 59338
SWIDTH 660 0
DWIDTH 11 0
BBX 12 14 0 -1
BITMAP
0700
1FE0
3FF0
7FE0
0000
FF80
FFC0
FFC0
FF80
0000
7FE0
3FE0
1FC0
0700
ENDCHAR
STARTCHAR E7CB
ENCODING 59339
SWIDTH 660 0
DWIDTH 11 0
BBX 10 12 0 0
BITMAP
0400
0600
0200
6D40
B140
4140
8500
A100
9040
8E40
1180
0C00
ENDCHAR
STARTCHAR E7CC
ENCODING 59340
SWIDTH 660 0
DWIDTH 11 0
BBX 10 14 0 -1
BITMAP
FFC0
FFC0
FFC0
FFC0
EBC0
D940
DB40
DAC0
DAC0
FEC0
FFC0
FFC0
FFC0
FFC0
ENDCHAR
STARTCHAR E7CD
ENCODING 59341
SWIDTH 660 0
DWIDTH 11 0
BBX 9 14 1 -1
BITMAP
0800
1800
1800
3800
7800
BC00
DE00
FF00
FF00
D780
7B00
BF00
7E00
1800
ENDCHAR
STARTCHAR E7CE
ENCODING 59342
SWIDTH 660 0
DWIDTH 11 0
BBX 12 12 0 0
BITMAP
7FF0
BF70
C030
EF50
F6F0
F9F0
F9F0
F6F0
EF70
DFB0
BFD0
7FF0
ENDCHAR
STARTCHAR E7CF
ENCODING 59343
SWIDTH 660 0
DWIDTH 11 0
BBX 12 12 0 0
BITMAP
0F00
3FC0
7E60
7160
FBE0
F1F0
E7F0
E7E0
78E0
7CC0
3F80
0F00
ENDCHAR
STARTCHAR E7D0
ENCODING 59344
SWIDTH 660 0
DWIDTH 11 0
BBX 13 14 0 -1
BITMAP
2AA0
2AA0
5FF0
F078
6230
E7F8
6FF0
EFF8
E7F8
6030
F878
7FF0
2AA0
0AA0
ENDCHAR
STARTCHAR E7D1
ENCODING 59345
SWIDTH 660 0
DWIDTH 11 0
BBX 13 10 0 1
BITMAP
0080
0760
0810
1A08
2988
F888
A488
BB30
4EC0
3000
ENDCHAR
STARTCHAR E7D2
ENCODING 59346
SWIDTH 660 0
DWIDTH 11 0
BBX 13 12 0 0
BITMAP
1FC0
3DE0
3860
6310
6F98
EF98
EF98
6F98
6330
3860
3DE0
1FC0
ENDCHAR
STARTCHAR E7D3
ENCODING 59347
SWIDTH 660 0
DWIDTH 11 0
BBX 13 8 0 3
BITMAP
3908
C510
84A0
8440
F860
8090
8510
7808
ENDCHAR
STARTCHAR E7D4
ENCODING 59348
SWIDTH 660 0
DWIDTH 11 0
BBX 12 12 0 0
BITMAP
FFF0
FFF0
FE30
FE70
FEF0
F830
F830
FEF0
FEF0
FEF0
FEF0
FEF0
ENDCHAR
STARTCHAR E7D5
ENCODING 59349
SWIDTH 660 0
DWIDTH 11 0
BBX 13 14 0 -1
BITMAP
0700
1FE0
3FF0
7DF0
FDF8
F9F8
F878
F078
FCF8
FCF8
7DF0
3DF0
1FC0
0700
ENDCHAR
STARTCHAR E7D6
ENCODING 59350
SWIDTH 660 0
DWIDTH 11 0
BBX 13 8 0 2
BITMAP
00B8
1FE0
3790
6DE0
7F80
C7E0
0600
1C00
ENDCHAR
STARTCHAR E7D7
ENCODING 59351
SWIDTH 660 0
DWIDTH 11 0
BBX 12 12 0 0
BITMAP
C000
E010
F8E0
7CC0
3EC0
3FC0
3F80
1F80
0E00
1800
2000
4000
ENDCHAR
STARTCHAR E7D8
ENCODING 59352
SWIDTH 660 0
DWIDTH 11 0
BBX 13 14 0 -1
BITMAP
0700
18C0
6130
8310
8508
8708
8608
8608
8408
8408
4410
4410
3060
0F80
ENDCHAR
STARTCHAR E7D9
ENCODING 59353
SWIDTH 660 0
DWIDTH 11 0
BBX 13 14 0 -1
BITMAP
0700
1FC0
3FE0
7E70
FDB8
FDB8
FDF8
E4F8
DDF8
DDF8
C9F0
F7E0
FFC0
7E00
ENDCHAR
STARTCHAR E7DA
ENCODING 59354
SWIDTH 660 0
DWIDTH 11 0
BBX 9 14 1 -1
BITMAP
7F00
FF80
FF80
FF80
7F00
F700
FF80
FF80
F700
7000
F000
F000
F000
6000
ENDCHAR
STARTCHAR E7DB
ENCODING 59355
SWIDTH 660 0
DWIDTH 11 0
BBX 13 14 0 -1
BITMAP
B648
FFF8
F078
E078
E7F8
E7F8
E018
EF38
CE78
CCF8
C818
F838
FFF8
B248
ENDCHAR
STARTCHAR E7DC
ENCODING 59356
SWIDTH 660 0
DWIDTH 11 0
BBX 12 10 0 1
BITMAP
4000
7000
B000
D000
5000
7000
B800
7400
1A40
0FF0
ENDCHAR
STARTCHAR E7DD
ENCODING 59357
SWIDTH 660 0
DWIDTH 11 0
BBX 11 14 0 -1
BITMAP
03E0
07C0
0F80
1F00
3E00
7C00
F9E0
73C0
2780
0F00
0F00
0780
03C0
01E0
ENDCHAR
STARTCHAR E7DE
ENCODING 59358
SWIDTH 660 0
DWIDTH 11 0
BBX 13 14 0 -1
BITMAP
7FF0
FFF8
C008
E3C8
E348
E248
E078
E278
E278
E3F8
E3F8
C1F8
FFF8
3FF0
ENDCHAR
STARTCHAR E7DF
ENCODING 59359
SWIDTH 660 0
DWIDTH 11 0
BBX 11 13 0 0
BITMAP
0200
0FC0
1FE0
3F80
3F80
7F40
7F40
FFE0
FFE0
FF00
FF40
7F80
7F80
ENDCHAR
STARTCHAR E7E0
ENCODING 59360
SWIDTH 660 0
DWIDTH 11 0
BBX 9 13 1 -1
BITMAP
FF80
7F80
3F80
1F80
0F80
F800
FC00
FE00
FF00
F000
7000
3000
1000
ENDCHAR
STARTCHAR E7E1
ENCODING 59361
SWIDTH 660 0
DWIDTH 11 0
BBX 13 14 0 -1
BITMAP
0700
1FC0
0000
7FE0
FFE8
FFD8
FFB8
FF38
FF78
7EF8
7DF0
3DE0
1BC0
0700
ENDCHAR
STARTCHAR E7E2
ENCODING 59362
SWIDTH 660 0
DWIDTH 11 0
BBX 11 8 1 2
BITMAP
6000
99C0
CF60
FC20
87A0
4F20
1840
FFE0
ENDCHAR
STARTCHAR E7E3
ENCODING 59363
SWIDTH 660 0
DWIDTH 11 0
BBX 13 14 0 -1
BITMAP
0700
1FC0
3030
6F90
DFF8
DFF8
CFF8
A788
D3E8
49D8
6490
3270
1FC0
0700
ENDCHAR
STARTCHAR E7E4
ENCODING 59364
SWIDTH 660 0
DWIDTH 11 0
BBX 11 14 0 -1
BITMAP
0400
0B00
3080
C060
C060
B080
8B00
8F60
B0A0
C320
4460
3480
0F00
0400
ENDCHAR
STARTCHAR E7E5
ENCODING 59365
SWIDTH 660 0
DWIDTH 11 0
BBX 11 14 0 -1
BITMAP
0C00
3F00
3BA0
7DE0
7FA0
FBC0
FE40
FFC0
EB40
F7C0
7740
7F80
3F00
0C00
ENDCHAR
STARTCHAR E7E6
ENCODING 59366
SWIDTH 660 0
DWIDTH 11 0
BBX 13 14 0 -1
BITMAP
1E00
7F80
7FC0
F8E0
FAF0
5FF8
3FE8
1FF0
3F90
7F60
FE80
FB00
9C00
7000
ENDCHAR
STARTCHAR E7E7
ENCODING 59367
SWIDTH 660 0
DWIDTH 11 0
BBX 13 9 0 1
BITMAP
0020
0020
20E0
C1E0
EBE0
FFC0
39C0
0FE0
0018
ENDCHAR
STARTCHAR E7E8
ENCODING 59368
SWIDTH 660 0
DWIDTH 11 0
BBX 13 9 0 2
BITMAP
0200
0F80
1FE0
7FE0
BF98
8E38
60C0
1F00
0E00
ENDCHAR
STARTCHAR E7E9
ENCODING 59369
SWIDTH 660 0
DWIDTH 11 0
BBX 13 14 0 -1
BITMAP
3000
C800
F800
D400
A800
7630
2948
3BD8
2528
2210
2738
1D48
0948
0630
ENDCHAR
STARTCHAR E7EA
ENCODING 59370
SWIDTH 660 0
DWIDTH 11 0
BBX 13 13 0 -1
BITMAP
0300
1FC0
3FE0
6FB0
6038
E018
C010
C038
E278
F1D8
59D8
2278
1838
ENDCHAR
STARTCHAR E7EB
ENCODING 59371
SWIDTH 660 0
DWIDTH 11 0
BBX 13 12 0 0
BITMAP
2020
6030
7070
7070
FFF8
FFF8
FFF8
FFF8
7FF0
1FC0
0F80
0700
ENDCHAR
STARTCHAR E7EC
ENCODING 59372
SWIDTH 660 0
DWIDTH 11 0
BBX 13 14 0 -1
BITMAP
0200
0F00
3F00
7C10
F078
E1F8
E7F8
E7B8
E038
F078
7CF8
3FE0
0F80
0200
ENDCHAR
STARTCHAR E7ED
ENCODING 59373
SWIDTH 660 0
DWIDTH 11 0
BBX 9 14 1 -1
BITMAP
8000
8000
8000
B480
B480
B480
B480
B480
3400
3400
3400
3400
3400
3400
ENDCHAR
STARTCHAR E7EE
ENCODING 59374
SWIDTH 660 0
DWIDTH 11 0
BBX 12 12 0 0
BITMAP
0900
1F80
1F80
FFF0
7FF0
5FA0
5FA0
7FE0
1980
6620
3FE0
0F00
ENDCHAR
STARTCHAR E7EF
ENCODING 59375
SWIDTH 660 0
DWIDTH 11 0
BBX 12 12 0 0
BITMAP
1F00
3F00
3FC0
6270
FDE0
ED60
7FF0
7FF0
63F0
FFE0
3FE0
08C0
ENDCHAR
STARTCHAR E7F0
ENCODING 59376
SWIDTH 660 0
DWIDTH 11 0
BBX 13 14 0 -1
BITMAP
0700
1FC0
3FE0
7840
E000
E000
E1F8
E1F8
E038
7038
7870
3FE0
1FC0
0200
ENDCHAR
STARTCHAR E7F1
ENCODING 59377
SWIDTH 660 0
DWIDTH 11 0
BBX 12 10 0 1
BITMAP
0F00
1FC0
39C0
3CE0
7C70
E030
C030
E070
7FE0
3FC0
ENDCHAR
STARTCHAR E7F2
ENCODING 59378
SWIDTH 660 0
DWIDTH 11 0
BBX 13 10 0 1
BITMAP
0030
0008
1F88
1FF8
7BF8
6FF0
FFE0
FFC0
FFC0
CCC0
ENDCHAR
STARTCHAR E7F3
ENCODING 59379
SWIDTH 660 0
DWIDTH 11 0
BBX 12 14 0 -1
BITMAP
0200
0300
3FE0
7C20
3010
33D0
3260
6420
F420
7330
1870
1FC0
1B80
0080
ENDCHAR
STARTCHAR E7F4
ENCODING 59380
SWIDTH 660 0
DWIDTH 11 0
BBX 12 13 0 0
BITMAP
0400
0600
0F00
FAE0
D170
9120
A0A0
A060
4060
FFF0
E0A0
1F00
0600
ENDCHAR
STARTCHAR E7F5
ENCODING 59381
SWIDTH 660 0
DWIDTH 11 0
BBX 12 5 0 4
BITMAP
DFF0
7EE0
5020
3010
2000
ENDCHAR
STARTCHAR E7F6
ENCODING 59382
SWIDTH 660 0
DWIDTH 11 0
BBX 13 10 0 1
BITMAP
03C0
0420
1818
7008
D208
5208
4CF0
C180
5980
3600
ENDCHAR
STARTCHAR E7F7
ENCODING 59383
SWIDTH 660 0
DWIDTH 11 0
BBX 13 4 0 4
BITMAP
0D80
DFE8
F8F8
6010
ENDCHAR
STARTCHAR E7F8
ENCODING 59384
SWIDTH 660 0
DWIDTH 11 0
BBX 13 10 0 1
BITMAP
0700
0FC0
3FE0
3DF0
78F0
7FF8
7DF8
7FF8
FFF8
0F80
ENDCHAR
STARTCHAR E7F9
ENCODING 59385
SWIDTH 660 0
DWIDTH 11 0
BBX 13 11 0 1
BITMAP
7FF0
FFF8
FFF8
D518
DA58
AB68
AB68
DA58
F518
FFF8
FFF8
ENDCHAR
STARTCHAR E7FA
ENCODING 59386
SWIDTH 660 0
DWIDTH 11 0
BBX 13 14 0 -1
BITMAP
F038
FCF8
FFF8
FFF8
FFF8
7FF0
7FF0
7FF0
7FF0
FFF8
FFF8
FFF8
FCF8
F038
ENDCHAR
STARTCHAR E7FB
ENCODING 59387
SWIDTH 660 0
DWIDTH 11 0
BBX 11 12 0 0
BITMAP
0400
2E40
1180
2000
0000
D4E0
D4A0
0200
0000
3180
2E40
0400
ENDCHAR
STARTCHAR E7FC
ENCODING 59388
SWIDTH 660 0
DWIDTH 11 0
BBX 12 12 0 0
BITMAP
3F00
6F00
7F80
FFC0
F040
7060
20E0
20F0
1EF0
1FE0
0FE0
0FC0
ENDCHAR
STARTCHAR E7FD
ENCODING 59389
SWIDTH 660 0
DWIDTH 11 0
BBX 9 14 1 -1
BITMAP
2000
7000
3C00
C200
FE00
8100
F600
7D80
7E80
7E80
7E80
7D00
BA00
7C00
ENDCHAR
STARTCHAR E7FE
ENCODING 59390
SWIDTH 660 0
DWIDTH 11 0
BBX 12 13 0 0
BITMAP
0400
1F00
3FC0
E6E0
E6F0
E6F0
E0F0
E6F0
E6F0
E6E0
FFE0
3FC0
1F00
ENDCHAR
STARTCHAR E7FF
ENCODING 59391
SWIDTH 660 0
DWIDTH 11 0
BBX 13 4 0 4
BITMAP
BFF8
A490
B490
A490
ENDCHAR
STARTCHAR E800
ENCODING 59392
SWIDTH 660 0
DWIDTH 11 0
BBX 13 14 0 -1
BITMAP
0800
1F80
3FD0
7EF0
FFF0
7FF0
AF78
DF78
73F8
7E00
3FF0
3F40
0F00
0100
ENDCHAR
STARTCHAR E801
ENCODING 59393
SWIDTH 660 0
DWIDTH 11 0
BBX 13 12 0 -1
BITMAP
0F00
1080
1440
3FE0
7FF0
FFF8
FFF8
1FE0
3F80
0FD0
1F20
0700
ENDCHAR
STARTCHAR E802
ENCODING 59394
SWIDTH 660 0
DWIDTH 11 0
BBX 13 14 0 -1
BITMAP
0700
18E0
2710
43D0
83E8
A7E8
BFE8
BFE8
BFE8
9FE8
4FD0
2710
1060
0F80
ENDCHAR
STARTCHAR E803
ENCODING 59395
SWIDTH 660 0
DWIDTH 11 0
BBX 11 12 0 1
BITMAP
0300
3D00
3980
7580
3F80
4980
4D80
7780
3FA0
FFC0
0000
6600
ENDCHAR
STARTCHAR E804
ENCODING 59396
SWIDTH 660 0
DWIDTH 11 0
BBX 11 12 0 0
BITMAP
0FE0
3FE0
7C20
7C20
FC20
FC20
C7E0
C420
4460
64C0
3F80
0E00
ENDCHAR
STARTCHAR E805
ENCODING 59397
SWIDTH 660 0
DWIDTH 11 0
BBX 13 14 0 -1
BITMAP
0700
1FC0
3030
6A10
CA98
DAE8
9CC8
8D08
DD88
4ED8
62B0
3070
1FC0
0700
ENDCHAR
STARTCHAR E806
ENCODING 59398
SWIDTH 660 0
DWIDTH 11 0
BBX 13 14 0 -1
BITMAP
0200
0F80
0F80
0F80
3FE0
FCF8
F8F8
F8F8
7DF8
1FE0
0F80
0F80
0780
0200
ENDCHAR
STARTCHAR E807
ENCODING 59399
SWIDTH 660 0
DWIDTH 11 0
BBX 13 14 0 -1
BITMAP
0FF8
0408
0408
04D0
02D0
6730
94C8
9548
6638
A808
9010
81E0
4600
3800
ENDCHAR
STARTCHAR E808
ENCODING 59400
SWIDTH 660 0
DWIDTH 11 0
BBX 13 14 0 -1
BITMAP
0400
1E00
3F00
F180
FFC0
7FE0
0BB0
0F98
0FF8
0FE0
07C0
0F00
1E00
0800
ENDCHAR
STARTCHAR E809
ENCODING 59401
SWIDTH 660 0
DWIDTH 11 0
BBX 12 13 0 -1
BITMAP
0400
1F00
3FC0
FEE0
9BF0
F0F0
F0F0
F0F0
F0F0
DFF0
F7E0
3FC0
0F00
ENDCHAR
STARTCHAR E80A
ENCODING 59402
SWIDTH 660 0
DWIDTH 11 0
BBX 13 14 0 -1
BITMAP
FFF8
FFF8
7FF8
7FF8
1FF8
F878
F878
F878
F878
FFE0
FFF0
FFF8
FFF8
FFF8
ENDCHAR
STARTCHAR E80B
ENCODING 59403
SWIDTH 660 0
DWIDTH 11 0
BBX 13 13 0 0
BITMAP
0200
1F40
3FA0
7FF0
E9D0
F8D8
D8D8
D8F8
D8F8
5DF0
7FF0
2FE0
17C0
ENDCHAR
STARTCHAR E80C
ENCODING 59404
SWIDTH 660 0
DWIDTH 11 0
BBX 11 14 0 -1
BITMAP
0400
0E00
1500
6480
C460
CE60
BFA0
FFA0
CE60
C460
6480
1700
0E00
0400
ENDCHAR
STARTCHAR E80D
ENCODING 59405
SWIDTH 660 0
DWIDTH 11 0
BBX 13 12 0 0
BITMAP
0780
0F80
0FC0
0FC0
0F80
0700
7870
FCF8
FDF8
FDF8
FCF8
78F0
ENDCHAR
STARTCHAR E80E
ENCODING 59406
SWIDTH 660 0
DWIDTH 11 0
BBX 13 14 0 -2
BITMAP
0700
1FE0
3070
7070
F7F8
F7F8
F078
FF78
FF38
7F78
7070
3FE0
1FC0
0200
ENDCHAR
STARTCHAR E80F
ENCODING 59407
SWIDTH 660 0
DWIDTH 11 0
BBX 10 14 0 -1
BITMAP
0040
0E40
BF80
60C0
0000
0000
0000
0000
0000
4040
3F80
1F00
6000
4000
ENDCHAR
STARTCHAR E810
ENCODING 59408
SWIDTH 660 0
DWIDTH 11 0
BBX 13 11 0 1
BITMAP
7FF0
FFF8
FEF8
FEF8
FDF8
FDF8
FFF8
EAB8
FFF8
DFD8
FFF8
ENDCHAR
STARTCHAR E811
ENCODING 59409
SWIDTH 660 0
DWIDTH 11 0
BBX 13 11 0 1
BITMAP
7FF0
FFF8
FDF8
FDF8
FDF8
FDF8
FFF8
F278
E318
CFD8
FFF8
ENDCHAR
STARTCHAR E812
ENCODING 59410
SWIDTH 660 0
DWIDTH 11 0
BBX 13 14 0 -1
BITMAP
0020
0020
0060
0060
08E0
0FF0
1FF0
1FF0
3F70
3E70
7EB8
7FF8
7FF8
FFF8
ENDCHAR
STARTCHAR E813
ENCODING 59411
SWIDTH 660 0
DWIDTH 11 0
BBX 8 14 1 -1
BITMAP
C0
C0
C0
C0
C0
C6
CC
D8
F0
F8
CC
CE
C6
43
ENDCHAR
STARTCHAR E814
ENCODING 59412
SWIDTH 660 0
DWIDTH 11 0
BBX 11 12 0 0
BITMAP
0E00
3F80
7BC0
7160
F0E0
FBE0
FDE0
E4E0
6EE0
5F40
3F80
0E00
ENDCHAR
STARTCHAR E815
ENCODING 59413
SWIDTH 660 0
DWIDTH 11 0
BBX 13 14 0 -1
BITMAP
0738
0770
0770
07E0
07E0
87C0
87C0
53C0
73E0
7BE0
7B70
4B70
0938
0138
ENDCHAR
STARTCHAR E816
ENCODING 59414
SWIDTH 660 0
DWIDTH 11 0
BBX 13 14 0 -1
BITMAP
0700
1EE0
2FB0
59D0
FFA8
BFF8
B8F8
F8F8
BFF8
7FB8
5AF0
3FB0
1FC0
0700
ENDCHAR
STARTCHAR E817
ENCODING 59415
SWIDTH 660 0
DWIDTH 11 0
BBX 13 14 0 -1
BITMAP
FFF8
FFF8
FFF8
F738
F678
F4F8
F1F8
F0F8
F6F8
F678
F738
FFF8
FFF8
FFF8
ENDCHAR
STARTCHAR E818
ENCODING 59416
SWIDTH 660 0
DWIDTH 11 0
BBX 10 14 0 -1
BITMAP
FFC0
FF80
FF80
FF00
FE00
FC00
F800
F200
E700
CF00
DF80
BFC0
3FC0
7FC0
ENDCHAR
STARTCHAR E819
ENCODING 59417
SWIDTH 660 0
DWIDTH 11 0
BBX 12 14 1 -1
BITMAP
0A00
0A00
2E80
EEE0
35C0
2F80
EBF0
FBF0
2F80
35C0
EEE0
2640
0A00
0200
ENDCHAR
STARTCHAR E81A
ENCODING 59418
SWIDTH 660 0
DWIDTH 11 0
BBX 13 3 0 5
BITMAP
D368
BAE0
3FF8
ENDCHAR
STARTCHAR E81B
ENCODING 59419
SWIDTH 660 0
DWIDTH 11 0
BBX 10 10 0 1
BITMAP
FFC0
FF80
FF00
FE00
FC00
FC00
FE00
FF00
FF80
FFC0
ENDCHAR
STARTCHAR E81C
ENCODING 59420
SWIDTH 660 0
DWIDTH 11 0
BBX 10 10 0 1
BITMAP
1000
3800
7C00
FE00
7F00
3F80
1FC0
0FC0
0780
0300
ENDCHAR
STARTCHAR E81D
ENCODING 59421
SWIDTH 660 0
DWIDTH 11 0
BBX 13 13 0 0
BITMAP
0200
0F80
3DE0
7DF0
6170
6538
E8B8
E238
ECB8
F278
7870
3760
1FC0
ENDCHAR
STARTCHAR E81E
ENCODING 59422
SWIDTH 660 0
DWIDTH 11 0
BBX 13 8 0 2
BITMAP
3800
3E00
FF80
3FF8
3FE0
FF80
3E00
3800
ENDCHAR
STARTCHAR E81F
ENCODING 59423
SWIDTH 660 0
DWIDTH 11 0
BBX 12 4 0 4
BITMAP
E630
87A0
95D0
43C0
ENDCHAR
STARTCHAR E820
ENCODING 59424
SWIDTH 660 0
DWIDTH 11 0
BBX 13 12 0 0
BITMAP
FFF8
DFF8
CFF8
FFF8
CA38
C818
C998
C998
C998
C998
FFF8
FFF8
ENDCHAR
STARTCHAR E821
ENCODING 59425
SWIDTH 660 0
DWIDTH 11 0
BBX 10 14 0 -1
BITMAP
1E00
7FC0
7FC0
3F80
0040
03C0
1FC0
7F00
71C0
9FC0
7F00
F0C0
4FC0
1E00
ENDCHAR
STARTCHAR E822
ENCODING 59426
SWIDTH 660 0
DWIDTH 11 0
BBX 11 12 0 0
BITMAP
3F80
71C0
78C0
E8E0
E0E0
E0E0
F1E0
FFE0
2580
2580
0400
0400
ENDCHAR
STARTCHAR E823
ENCODING 59427
SWIDTH 660 0
DWIDTH 11 0
BBX 13 8 0 2
BITMAP
7670
7578
F7F8
CF98
8208
0780
01C0
0FC0
ENDCHAR
STARTCHAR E824
ENCODING 59428
SWIDTH 660 0
DWIDTH 11 0
BBX 13 12 0 0
BITMAP
8000
8000
8070
8198
8108
8108
8108
8188
FCF0
0000
0000
FFF8
ENDCHAR
STARTCHAR E825
ENCODING 59429
SWIDTH 660 0
DWIDTH 11 0
BBX 11 14 0 -1
BITMAP
C000
F000
F800
F800
F800
F800
F800
F800
F800
F9E0
F9E0
79E0
39E0
09E0
ENDCHAR
STARTCHAR E826
ENCODING 59430
SWIDTH 660 0
DWIDTH 11 0
BBX 11 12 2 -1
BITMAP
0040
00E0
3EE0
7D00
F880
F8C0
BFC0
BDC0
BFC0
F780
7F00
3E40
ENDCHAR
STARTCHAR E827
ENCODING 59431
SWIDTH 660 0
DWIDTH 11 0
BBX 8 16 1 -2
BITMAP
33
CE
31
CE
39
E6
19
E6
14
14
3E
3E
20
3C
1C
3C
ENDCHAR
STARTCHAR E828
ENCODING 59432
SWIDTH 660 0
DWIDTH 11 0
BBX 13 8 0 2
BITMAP
0038
0030
0070
00E0
07E0
1FE0
1F80
E180
ENDCHAR
STARTCHAR E829
ENCODING 59433
SWIDTH 660 0
DWIDTH 11 0
BBX 13 10 0 1
BITMAP
8048
E1C8
FFC0
DEC0
C0C8
C1C8
0718
0638
07E0
01C0
ENDCHAR
STARTCHAR E82A
ENCODING 59434
SWIDTH 660 0
DWIDTH 11 0
BBX 13 12 0 0
BITMAP
00C0
01C0
01E0
07E0
0BE0
1BF0
E7F0
4FF0
3FC8
0780
0700
0600
ENDCHAR
STARTCHAR E82B
ENCODING 59435
SWIDTH 660 0
DWIDTH 11 0
BBX 13 13 0 0
BITMAP
0200
3DC0
5FA0
AED0
DDB0
B768
FEE8
F778
EAE8
D7F0
AF70
5CA0
3FC0
ENDCHAR
STARTCHAR E82C
ENCODING 59436
SWIDTH 660 0
DWIDTH 11 0
BBX 10 13 0 -1
BITMAP
4000
C0C0
C1C0
C3C0
E380
A700
6B00
6E00
7C00
5C00
3800
2000
6000
ENDCHAR
STARTCHAR E82D
ENCODING 59437
SWIDTH 660 0
DWIDTH 11 0
BBX 13 12 0 -1
BITMAP
F078
F0F8
F8F8
F8F8
FDD8
FDF8
EDB8
EFB8
E738
E738
E038
E038
ENDCHAR
STARTCHAR E82E
ENCODING 59438
SWIDTH 660 0
DWIDTH 11 0
BBX 12 14 0 -1
BITMAP
0800
3800
1C00
17C0
1EE0
1B90
0D60
3E00
3E00
FE00
FE00
DA00
7600
2C00
ENDCHAR
STARTCHAR E82F
ENCODING 59439
SWIDTH 660 0
DWIDTH 11 0
BBX 13 14 0 -1
BITMAP
FFF8
FFF8
F3F8
F3F8
F278
F278
D278
D248
D248
D248
D248
FFF8
FFF8
FFF8
ENDCHAR
STARTCHAR E830
ENCODING 59440
SWIDTH 660 0
DWIDTH 11 0
BBX 13 12 0 0
BITMAP
3FF0
4508
8888
8B88
8CC8
98C8
6528
2330
3CE0
2020
1040
0F80
ENDCHAR
STARTCHAR E831
ENCODING 59441
SWIDTH 660 0
DWIDTH 11 0
BBX 13 14 0 -1
BITMAP
FFF8
FFF8
FFF8
CF98
FFB8
FBB8
FAB8
FEB8
FDB8
FFB8
FFF8
FFF8
FFF8
7FF8
ENDCHAR
STARTCHAR E832
ENCODING 59442
SWIDTH 660 0
DWIDTH 11 0
BBX 12 14 0 -1
BITMAP
0400
0B00
3FC0
FFF0
FBF0
FFF0
9FB0
B5F0
FFF0
FFF0
FFA0
3FC0
0B00
0400
ENDCHAR
STARTCHAR E833
ENCODING 59443
SWIDTH 660 0
DWIDTH 11 0
BBX 12 12 0 1
BITMAP
6000
7BF0
7DE0
7FE0
7F80
7E40
07E0
3F60
3FE0
7EE0
FEE0
0020
ENDCHAR
STARTCHAR E834
ENCODING 59444
SWIDTH 660 0
DWIDTH 11 0
BBX 12 12 0 0
BITMAP
0180
0380
0180
0200
0600
0F00
FF00
E160
E0F0
00F0
00F0
0060
ENDCHAR
STARTCHAR E835
ENCODING 59445
SWIDTH 660 0
DWIDTH 11 0
BBX 12 6 1 3
BITMAP
0700
7BF0
FFF0
0F80
0000
0800
ENDCHAR
STARTCHAR E836
ENCODING 59446
SWIDTH 660 0
DWIDTH 11 0
BBX 13 8 0 2
BITMAP
1F00
7E60
FFF0
9998
9198
9198
1198
1198
ENDCHAR
STARTCHAR E837
ENCODING 59447
SWIDTH 660 0
DWIDTH 11 0
BBX 13 14 0 -1
BITMAP
C6C0
E7F0
EFC0
FEE0
DFF0
F7E0
FFF0
FFF8
DDE0
DCF8
DDF8
FFF8
FFF0
F7E0
ENDCHAR
STARTCHAR E838
ENCODING 59448
SWIDTH 660 0
DWIDTH 11 0
BBX 8 14 2 -1
BITMAP
0C
80
FE
63
63
00
63
63
00
63
03
00
03
03
ENDCHAR
STARTCHAR E839
ENCODING 59449
SWIDTH 660 0
DWIDTH 11 0
BBX 8 8 1 2
BITMAP
0E
19
11
D1
31
11
E0
40
ENDCHAR
STARTCHAR E83A
ENCODING 59450
SWIDTH 660 0
DWIDTH 11 0
BBX 11 12 0 0
BITMAP
3080
70C0
B8E0
FCE0
BCE0
AEE0
AFE0
A760
A3E0
A3E0
A1C0
6180
ENDCHAR
STARTCHAR E83B
ENCODING 59451
SWIDTH 660 0
DWIDTH 11 0
BBX 13 13 0 0
BITMAP
00C0
1FE0
3FD0
FFD8
7FF8
47F8
03F8
01F8
17F8
1EF8
0CE0
0180
0300
ENDCHAR
STARTCHAR E83C
ENCODING 59452
SWIDTH 660 0
DWIDTH 11 0
BBX 13 12 0 0
BITMAP
0200
0200
1200
0800
0700
F538
0500
0500
1800
1200
0200
0200
ENDCHAR
STARTCHAR E83D
ENCODING 59453
SWIDTH 660 0
DWIDTH 11 0
BBX 13 14 0 -1
BITMAP
0010
0078
0330
04C0
CBC0
CFA0
4FC0
F978
A790
40A0
06E0
09E0
0760
00C0
ENDCHAR
STARTCHAR E83E
ENCODING 59454
SWIDTH 660 0
DWIDTH 11 0
BBX 13 14 0 -1
BITMAP
0700
1FC0
3FF0
7FF0
F7F8
F3F8
F5F8
F6F8
F6F8
7778
7FB0
3FD0
1FC0
0700
ENDCHAR
STARTCHAR E83F
ENCODING 59455
SWIDTH 660 0
DWIDTH 11 0
BBX 13 13 0 -1
BITMAP
0800
30C0
F078
E678
EFB0
D9B0
D890
9890
8C90
8700
0000
1FC0
0F00
ENDCHAR
STARTCHAR E840
ENCODING 59456
SWIDTH 660 0
DWIDTH 11 0
BBX 13 12 0 0
BITMAP
1FC0
2FA0
FBF0
7FF0
FFF8
FBF8
F7F8
EFE8
BFF0
5FD0
2FA0
1FC0
ENDCHAR
STARTCHAR E841
ENCODING 59457
SWIDTH 660 0
DWIDTH 11 0
BBX 13 9 0 2
BITMAP
3FE0
FFF0
7078
4010
4210
7FB0
3FF0
1FC0
0200
ENDCHAR
STARTCHAR E842
ENCODING 59458
SWIDTH 660 0
DWIDTH 11 0
BBX 13 11 0 0
BITMAP
0200
07C0
FCF8
FFB8
FFB8
8FF8
F7F8
DFF8
EFF8
7FE0
0F80
ENDCHAR
STARTCHAR E843
ENCODING 59459
SWIDTH 660 0
DWIDTH 11 0
BBX 13 12 0 0
BITMAP
1240
1BC0
3F80
7EB0
18E0
F078
F078
78C0
4FE0
0C80
1CC0
1240
ENDCHAR
STARTCHAR E844
ENCODING 59460
SWIDTH 660 0
DWIDTH 11 0
BBX 11 13 0 0
BITMAP
0400
0F00
3F80
DFE0
C160
E060
C460
C660
C660
C660
DF60
3F80
0E00
ENDCHAR
STARTCHAR E845
ENCODING 59461
SWIDTH 660 0
DWIDTH 11 0
BBX 12 13 0 -1
BITMAP
0400
0F00
3FC0
FFE0
FFF0
FF70
FCF0
F7F0
EFF0
BFF0
FFE0
3FC0
0F00
ENDCHAR
STARTCHAR E846
ENCODING 59462
SWIDTH 660 0
DWIDTH 11 0
BBX 12 13 0 -1
BITMAP
0400
0F00
3FC0
FFE0
FEF0
F6F0
E0F0
E0F0
E7F0
E7F0
EFE0
3F80
0F00
ENDCHAR
STARTCHAR E847
ENCODING 59463
SWIDTH 660 0
DWIDTH 11 0
BBX 13 14 0 0
BITMAP
0600
1C00
3DE0
7FF0
EFF8
FC18
C818
C398
E798
EFB8
7DB0
39F0
19C0
0100
ENDCHAR
STARTCHAR E848
ENCODING 59464
SWIDTH 660 0
DWIDTH 11 0
BBX 13 14 0 -1
BITMAP
07C0
F820
BFD0
8008
9FE8
9128
99A8
98A8
9A28
9B28
9928
5FE8
2078
1F80
ENDCHAR
STARTCHAR E849
ENCODING 59465
SWIDTH 660 0
DWIDTH 11 0
BBX 13 12 0 1
BITMAP
C000
C000
0FF0
1BF8
11F8
11F8
1FF8
1F18
1F08
1F08
1F18
0FF0
ENDCHAR
STARTCHAR E84A
ENCODING 59466
SWIDTH 660 0
DWIDTH 11 0
BBX 12 13 0 -1
BITMAP
0200
0F00
30E0
78E0
8F10
C630
E9B0
EDA0
ED90
FC30
DDB0
1DA0
0D80
ENDCHAR
STARTCHAR E84B
ENCODING 59467
SWIDTH 660 0
DWIDTH 11 0
BBX 13 10 0 1
BITMAP
0400
0A00
0AC0
1140
12A0
22A0
4450
4450
8828
FFF8
ENDCHAR
STARTCHAR E84C
ENCODING 59468
SWIDTH 660 0
DWIDTH 11 0
BBX 13 14 0 -1
BITMAP
0700
3FE0
7FF0
B3F0
FDF8
FCF8
F978
F8B8
FB98
FF78
BFF0
6B70
1DC0
0700
ENDCHAR
STARTCHAR E84D
ENCODING 59469
SWIDTH 660 0
DWIDTH 11 0
BBX 13 12 0 0
BITMAP
1FC0
6020
8010
8010
C010
FC28
FC28
C030
8010
4010
4020
3FC0
ENDCHAR
STARTCHAR E84E
ENCODING 59470
SWIDTH 660 0
DWIDTH 11 0
BBX 13 12 0 0
BITMAP
7FF8
FFF8
FFF8
B7F8
8738
0318
0078
0078
FBF8
EDF8
FDF8
7F18
ENDCHAR
STARTCHAR E84F
ENCODING 59471
SWIDTH 660 0
DWIDTH 11 0
BBX 13 8 0 2
BITMAP
FFF0
7FF0
6B50
7FF0
B570
8A78
EDA8
9278
ENDCHAR
STARTCHAR E850
ENCODING 59472
SWIDTH 660 0
DWIDTH 11 0
BBX 11 10 0 1
BITMAP
4020
8020
8F20
99A0
B1A0
91A0
9BA0
8F20
8020
4060
ENDCHAR
STARTCHAR E851
ENCODING 59473
SWIDTH 660 0
DWIDTH 11 0
BBX 11 7 0 3
BITMAP
0080
01C0
0340
AFA0
D7A0
2180
0180
ENDCHAR
STARTCHAR E852
ENCODING 59474
SWIDTH 660 0
DWIDTH 11 0
BBX 13 14 0 -1
BITMAP
0010
0038
1FB8
3FF0
7FC0
F1A0
F770
FF00
FEF0
D0F0
7760
7F80
3F80
0600
ENDCHAR
STARTCHAR E853
ENCODING 59475
SWIDTH 660 0
DWIDTH 11 0
BBX 13 6 0 3
BITMAP
0F80
10E0
0000
D5F0
E8D0
1428
ENDCHAR
STARTCHAR E854
ENCODING 59476
SWIDTH 660 0
DWIDTH 11 0
BBX 13 12 0 0
BITMAP
0780
0F80
18C0
18C0
0C80
0000
7880
F198
C198
CD98
FDF8
78F0
ENDCHAR
STARTCHAR E855
ENCODING 59477
SWIDTH 660 0
DWIDTH 11 0
BBX 12 6 0 3
BITMAP
1E00
6100
F0F0
DEB0
6840
1F00
ENDCHAR
STARTCHAR E856
ENCODING 59478
SWIDTH 660 0
DWIDTH 11 0
BBX 13 12 0 0
BITMAP
FFE0
FFF0
FFF0
E070
0000
E070
E070
0000
E070
FFF0
FFF8
7FE8
ENDCHAR
STARTCHAR E857
ENCODING 59479
SWIDTH 660 0
DWIDTH 11 0
BBX 13 6 0 3
BITMAP
1FF8
7FF8
FFE0
AF90
F480
7000
ENDCHAR
STARTCHAR E858
ENCODING 59480
SWIDTH 660 0
DWIDTH 11 0
BBX 13 12 0 0
BITMAP
00C0
00E0
0170
03B8
07D0
02C0
0D80
1E80
3D80
1800
E000
4000
ENDCHAR
STARTCHAR E859
ENCODING 59481
SWIDTH 660 0
DWIDTH 11 0
BBX 13 2 0 5
BITMAP
ED50
C3F8
ENDCHAR
STARTCHAR E85A
ENCODING 59482
SWIDTH 660 0
DWIDTH 11 0
BBX 8 16 1 -2
BITMAP
1C
F7
C1
00
3C
7E
7F
FF
FF
7F
7E
1C
00
C3
7F
1C
ENDCHAR
STARTCHAR E85B
ENCODING 59483
SWIDTH 660 0
DWIDTH 11 0
BBX 13 6 0 3
BITMAP
0E00
E858
A650
A248
CCD0
8040
ENDCHAR
STARTCHAR E85C
ENCODING 59484
SWIDTH 660 0
DWIDTH 11 0
BBX 8 13 1 0
BITMAP
30
9C
EE
FF
FF
FF
FF
FF
FF
F9
78
18
08
ENDCHAR
STARTCHAR E85D
ENCODING 59485
SWIDTH 660 0
DWIDTH 11 0
BBX 9 14 1 -1
BITMAP
0180
3180
3180
3180
C580
F580
C580
F580
F580
F180
C400
C400
C400
C000
ENDCHAR
STARTCHAR E85E
ENCODING 59486
SWIDTH 660 0
DWIDTH 11 0
BBX 13 14 0 -1
BITMAP
FFF8
FFE0
FFC0
FFC8
FF98
D108
8898
9C98
9D38
9938
0338
3FF8
3FF8
7FF8
ENDCHAR
STARTCHAR E85F
ENCODING 59487
SWIDTH 660 0
DWIDTH 11 0
BBX 13 12 0 0
BITMAP
0108
03B0
07F0
0FE0
1EC0
1B40
1B80
F600
0F00
0680
0380
0780
ENDCHAR
STARTCHAR E860
ENCODING 59488
SWIDTH 660 0
DWIDTH 11 0
BBX 12 9 1 1
BITMAP
C000
F000
7E00
7DC0
7200
4BC0
2690
1800
0600
ENDCHAR
STARTCHAR E861
ENCODING 59489
SWIDTH 660 0
DWIDTH 11 0
BBX 13 4 0 4
BITMAP
6000
1EF8
88F0
6000
ENDCHAR
STARTCHAR E862
ENCODING 59490
SWIDTH 660 0
DWIDTH 11 0
BBX 12 12 0 0
BITMAP
7800
7FE0
FFE0
E4F0
E5F0
6EF0
7FE0
7FE0
63F0
3FF0
1FC0
0380
ENDCHAR
STARTCHAR E863
ENCODING 59491
SWIDTH 660 0
DWIDTH 11 0
BBX 11 8 0 2
BITMAP
0C00
0F00
FFE0
9DE0
7FE0
68C0
3FC0
0780
ENDCHAR
STARTCHAR E864
ENCODING 59492
SWIDTH 660 0
DWIDTH 11 0
BBX 13 14 0 -1
BITMAP
FFF8
FFF8
FFF8
CAD8
FFF8
CAD8
FBD8
FBD8
CAD8
CAD8
CAD8
FFF8
FFF8
FFF8
ENDCHAR
STARTCHAR E865
ENCODING 59493
SWIDTH 660 0
DWIDTH 11 0
BBX 13 14 0 -1
BITMAP
F7F8
F7F8
F7F8
F7F8
0000
07F8
07F8
07F8
07F8
F7F8
F7F8
F7F8
F7F8
F7F8
ENDCHAR
STARTCHAR E866
ENCODING 59494
SWIDTH 660 0
DWIDTH 11 0
BBX 13 13 0 0
BITMAP
0FC0
3040
4FA0
5090
BAC8
AF48
A528
BFC8
DE28
A3F0
4FF0
2020
1FC0
ENDCHAR
STARTCHAR E867
ENCODING 59495
SWIDTH 660 0
DWIDTH 11 0
BBX 10 12 0 0
BITMAP
FFC0
FFC0
FFC0
FFC0
FF80
FF00
FF00
FF00
FF80
FF00
7E00
3800
ENDCHAR
STARTCHAR E868
ENCODING 59496
SWIDTH 660 0
DWIDTH 11 0
BBX 13 14 0 -1
BITMAP
0700
1FE0
3FF0
73F0
CDF8
DD78
DE98
E3D8
FDD8
7C98
7F70
3FF0
1FC0
0700
ENDCHAR
STARTCHAR E869
ENCODING 59497
SWIDTH 660 0
DWIDTH 11 0
BBX 8 12 1 0
BITMAP
0C
3A
55
14
C4
D4
F4
F4
BC
FC
FC
7C
ENDCHAR
STARTCHAR E86A
ENCODING 59498
SWIDTH 660 0
DWIDTH 11 0
BBX 13 14 0 -1
BITMAP
0780
3E60
4910
8888
9FC8
94C8
8868
1058
10C8
17F8
6C10
2010
1060
0F80
ENDCHAR
STARTCHAR E86B
ENCODING 59499
SWIDTH 660 0
DWIDTH 11 0
BBX 13 13 0 -1
BITMAP
0200
1FC0
3FE0
7F30
FFF0
FDF8
FBF8
FDF8
FBF8
7FF0
6FF0
3FE0
1FC0
ENDCHAR
STARTCHAR E86C
ENCODING 59500
SWIDTH 660 0
DWIDTH 11 0
BBX 13 10 0 1
BITMAP
3FF8
37F8
33F0
79F0
7CF0
79F0
73F0
E460
FFE0
FFE0
ENDCHAR
STARTCHAR E86D
ENCODING 59501
SWIDTH 660 0
DWIDTH 11 0
BBX 13 14 0 -1
BITMAP
FFF8
FFF8
FFF8
E3F8
EDF8
ED38
E178
EF78
EF78
EF78
FFF8
FFF8
FFF8
FFF8
ENDCHAR
STARTCHAR E86E
ENCODING 59502
SWIDTH 660 0
DWIDTH 11 0
BBX 11 14 0 -1
BITMAP
0400
0600
0E00
1F00
1900
3900
7880
7880
F840
F040
7060
73C0
3E00
1000
ENDCHAR
STARTCHAR E86F
ENCODING 59503
SWIDTH 660 0
DWIDTH 11 0
BBX 13 12 0 0
BITMAP
01C0
01F0
01F8
0738
0738
6F38
FE38
7C78
79F0
79E0
F180
2000
ENDCHAR
STARTCHAR E870
ENCODING 59504
SWIDTH 660 0
DWIDTH 11 0
BBX 13 14 0 -1
BITMAP
0700
1DC0
3DF0
7DF0
F078
F078
F078
E058
E038
7FF8
7030
3FE0
1CC0
0300
ENDCHAR
STARTCHAR E871
ENCODING 59505
SWIDTH 660 0
DWIDTH 11 0
BBX 13 14 0 -1
BITMAP
0700
1FE0
38F0
6030
E758
CF98
DFC8
E018
C008
7FF8
7FF0
3FF0
1FC0
0700
ENDCHAR
STARTCHAR E872
ENCODING 59506
SWIDTH 660 0
DWIDTH 11 0
BBX 13 12 0 0
BITMAP
3FF0
4490
9868
AF68
B2E0
5750
5750
AA68
9DA8
9248
2590
FEE0
ENDCHAR
STARTCHAR E873
ENCODING 59507
SWIDTH 660 0
DWIDTH 11 0
BBX 13 14 0 -1
BITMAP
0600
0700
30E0
78E0
0700
C718
C0B0
59B0
8D80
C538
C8B0
5DA0
0D80
0500
ENDCHAR
STARTCHAR E874
ENCODING 59508
SWIDTH 660 0
DWIDTH 11 0
BBX 9 14 1 -1
BITMAP
4100
F700
BD00
7F00
C300
8100
8100
FE80
FF80
8080
FA80
8080
8080
FF00
ENDCHAR
STARTCHAR E875
ENCODING 59509
SWIDTH 660 0
DWIDTH 11 0
BBX 13 8 0 2
BITMAP
0020
0F90
2008
6798
C830
C020
6F80
2000
ENDCHAR
STARTCHAR E876
ENCODING 59510
SWIDTH 660 0
DWIDTH 11 0
BBX 12 12 0 0
BITMAP
03E0
0420
0520
01E0
07F0
0FE0
7C00
8C00
8400
7C00
8200
FE00
ENDCHAR
STARTCHAR E877
ENCODING 59511
SWIDTH 660 0
DWIDTH 11 0
BBX 12 12 0 0
BITMAP
0C80
7F80
7FC0
64E0
EFF0
ECF0
FFE0
FFE0
E3F0
FFF0
3FF0
19C0
ENDCHAR
STARTCHAR E878
ENCODING 59512
SWIDTH 660 0
DWIDTH 11 0
BBX 13 12 0 0
BITMAP
0040
03E0
07F8
0FF8
3FB8
3FB8
3FB8
FFB8
FFB8
FBB0
3F80
0400
ENDCHAR
STARTCHAR E879
ENCODING 59513
SWIDTH 660 0
DWIDTH 11 0
BBX 12 4 0 4
BITMAP
3EA0
D590
7900
1100
ENDCHAR
STARTCHAR E87A
ENCODING 59514
SWIDTH 660 0
DWIDTH 11 0
BBX 8 9 1 2
BITMAP
FF
F5
F5
F5
F4
F0
F0
F0
C0
ENDCHAR
STARTCHAR E87B
ENCODING 59515
SWIDTH 660 0
DWIDTH 11 0
BBX 11 12 0 0
BITMAP
0800
1800
3100
6000
40C0
C040
8060
8060
C040
40C0
6180
3F00
ENDCHAR
STARTCHAR E87C
ENCODING 59516
SWIDTH 660 0
DWIDTH 11 0
BBX 13 14 0 -1
BITMAP
3800
7FF0
FFF8
DFF8
D2A0
6AA0
5230
1FF8
5FF8
DFF8
DFF8
FFF8
7FE0
3000
ENDCHAR
STARTCHAR E87D
ENCODING 59517
SWIDTH 660 0
DWIDTH 11 0
BBX 13 10 0 1
BITMAP
7FF8
FFF8
E1F8
ED18
EDF8
EDF8
EDF8
F198
FDF8
FFF0
ENDCHAR
STARTCHAR E87E
ENCODING 59518
SWIDTH 660 0
DWIDTH 11 0
BBX 12 12 0 0
BITMAP
7FF0
8010
8910
8F10
8610
BFD0
8F10
8F10
8010
8210
C610
7E70
ENDCHAR
STARTCHAR E87F
ENCODING 59519
SWIDTH 660 0
DWIDTH 11 0
BBX 13 14 0 -1
BITMAP
0700
18C0
2730
4610
BDE8
B028
9348
9248
B028
BCA8
4310
2720
18C0
0700
ENDCHAR
STARTCHAR E880
ENCODING 59520
SWIDTH 660 0
DWIDTH 11 0
BBX 9 10 1 1
BITMAP
7E00
6F00
E700
E380
C380
E300
7300
7A00
3E00
0100
ENDCHAR
STARTCHAR E881
ENCODING 59521
SWIDTH 660 0
DWIDTH 11 0
BBX 13 10 0 1
BITMAP
1FC0
7FF0
7018
E7F8
E738
E7F8
77F0
3F60
0FF0
0730
ENDCHAR
STARTCHAR E882
ENCODING 59522
SWIDTH 660 0
DWIDTH 11 0
BBX 13 14 0 -1
BITMAP
E600
E700
E700
E700
E700
E700
FFF8
FFF8
FF38
FF38
FF38
FFF8
FFF8
FFF0
ENDCHAR
STARTCHAR E883
ENCODING 59523
SWIDTH 660 0
DWIDTH 11 0
BBX 13 14 0 -1
BITMAP
0700
1FE0
3FF0
7FF0
FF78
07B8
FFD8
FFD8
0038
7FC0
7FF0
3FF0
1FC0
0700
ENDCHAR
STARTCHAR E884
ENCODING 59524
SWIDTH 660 0
DWIDTH 11 0
BBX 13 6 0 3
BITMAP
7FE0
7FF8
FFF0
7FF0
60E0
60E0
ENDCHAR
STARTCHAR E885
ENCODING 59525
SWIDTH 660 0
DWIDTH 11 0
BBX 13 9 0 1
BITMAP
0200
0700
0F80
1F80
3F60
7E70
FC78
7870
3060
ENDCHAR
STARTCHAR E886
ENCODING 59526
SWIDTH 660 0
DWIDTH 11 0
BBX 13 12 0 0
BITMAP
1C00
13F0
13F8
1D08
7918
99F0
9918
7508
1D08
13F8
13F0
1C00
ENDCHAR
STARTCHAR E887
ENCODING 59527
SWIDTH 660 0
DWIDTH 11 0
BBX 13 14 0 -1
BITMAP
0700
1DC0
3FE0
6550
98C8
E068
E058
E058
E068
D048
6DD0
3FE0
1540
0F80
ENDCHAR
STARTCHAR E888
ENCODING 59528
SWIDTH 660 0
DWIDTH 11 0
BBX 13 8 0 3
BITMAP
0300
0300
00C0
18E0
18E0
43D0
E738
E318
ENDCHAR
STARTCHAR E889
ENCODING 59529
SWIDTH 660 0
DWIDTH 11 0
BBX 10 14 0 -1
BITMAP
7800
97C0
FFC0
9040
F7C0
FFC0
F040
F7C0
F040
F040
F040
F040
F840
07C0
ENDCHAR
STARTCHAR E88A
ENCODING 59530
SWIDTH 660 0
DWIDTH 11 0
BBX 12 13 0 0
BITMAP
0200
1DC0
2FE0
51B0
FF70
FBF0
7FF0
FFF0
A7F0
7CD0
7F60
3BE0
1F80
ENDCHAR
STARTCHAR E88B
ENCODING 59531
SWIDTH 660 0
DWIDTH 11 0
BBX 13 14 0 -1
BITMAP
FFF8
FFF8
FFF8
FFF8
FFF8
FFF8
FFF8
FFF8
FFF8
FFF8
FFF8
FF78
FD18
FFF8
ENDCHAR
STARTCHAR E88C
ENCODING 59532
SWIDTH 660 0
DWIDTH 11 0
BBX 13 12 0 0
BITMAP
0F80
1080
1040
1040
27C0
1020
5010
90C8
8888
8888
8308
7CF0
ENDCHAR
STARTCHAR E88D
ENCODING 59533
SWIDTH 660 0
DWIDTH 11 0
BBX 9 14 1 -1
BITMAP
3000
4C00
BF00
FA00
BF00
D500
A600
7A00
FE00
A600
BB00
7700
3980
0600
ENDCHAR
STARTCHAR E88E
ENCODING 59534
SWIDTH 660 0
DWIDTH 11 0
BBX 11 14 0 -1
BITMAP
F800
FC00
FC00
FC00
FC00
03E0
03E0
03E0
03E0
FC00
FC00
FC00
FC00
F800
ENDCHAR
STARTCHAR E88F
ENCODING 59535
SWIDTH 660 0
DWIDTH 11 0
BBX 12 12 0 0
BITMAP
1900
7F00
FFC0
E4C0
E570
6CF0
7FE0
7FE0
63E0
7FF0
7FE0
1CC0
ENDCHAR
STARTCHAR E890
ENCODING 59536
SWIDTH 660 0
DWIDTH 11 0
BBX 13 10 0 1
BITMAP
0030
10E0
11E8
67F0
9F88
7C18
1878
19F8
61F8
AFF8
ENDCHAR
STARTCHAR E891
ENCODING 59537
SWIDTH 660 0
DWIDTH 11 0
BBX 13 14 0 -1
BITMAP
0700
1FE0
3FF0
7FF0
FFF8
FF78
FE38
FC18
F888
71C0
63E0
07E0
0FC0
0700
ENDCHAR
STARTCHAR E892
ENCODING 59538
SWIDTH 660 0
DWIDTH 11 0
BBX 10 13 0 0
BITMAP
7E00
7F80
7BC0
7BC0
71C0
70C0
61C0
4380
4700
8F00
9F80
9F80
FFC0
ENDCHAR
STARTCHAR E893
ENCODING 59539
SWIDTH 660 0
DWIDTH 11 0
BBX 11 12 0 0
BITMAP
C460
EE60
C460
0000
0000
CE60
C660
0000
0000
C660
EE60
4460
ENDCHAR
STARTCHAR E894
ENCODING 59540
SWIDTH 660 0
DWIDTH 11 0
BBX 13 14 0 -1
BITMAP
0700
1EC0
3870
6030
CF98
DFD8
DFD8
CF88
C718
4308
6230
38F0
1FC0
0700
ENDCHAR
STARTCHAR E895
ENCODING 59541
SWIDTH 660 0
DWIDTH 11 0
BBX 13 14 0 -1
BITMAP
0700
1FE0
3FF0
7FF0
FB78
FB78
F8F8
FAF8
FB78
7138
7FF0
3FF0
1FC0
0700
ENDCHAR
STARTCHAR E896
ENCODING 59542
SWIDTH 660 0
DWIDTH 11 0
BBX 12 12 0 0
BITMAP
08E0
3FF0
FFF0
E570
EC70
ED70
FFE0
FFE0
E3E0
7FC0
7F80
3E00
ENDCHAR
STARTCHAR E897
ENCODING 59543
SWIDTH 660 0
DWIDTH 11 0
BBX 13 14 0 -1
BITMAP
0C00
1F80
7FC0
7FE0
FFF0
F868
F008
F008
7018
7030
3C28
1F70
0FE0
0100
ENDCHAR
STARTCHAR E898
ENCODING 59544
SWIDTH 660 0
DWIDTH 11 0
BBX 13 9 0 2
BITMAP
1000
7F80
7FF0
7FF8
FB48
FFF8
FFF0
7F80
1E00
ENDCHAR
STARTCHAR E899
ENCODING 59545
SWIDTH 660 0
DWIDTH 11 0
BBX 13 14 0 -1
BITMAP
FFF8
FFF8
FFF8
F078
F738
F7F8
F078
FC38
FFB8
F338
F878
FFF8
FFF8
FFF8
ENDCHAR
STARTCHAR E89A
ENCODING 59546
SWIDTH 660 0
DWIDTH 11 0
BBX 9 14 1 -1
BITMAP
0C00
1C00
3C00
3C00
7800
7300
F780
E700
4F00
0E00
1E00
3C00
3C00
1800
ENDCHAR
STARTCHAR E89B
ENCODING 59547
SWIDTH 660 0
DWIDTH 11 0
BBX 13 8 0 2
BITMAP
00C0
03E0
07F0
67F0
FFE0
FF58
77C0
0300
ENDCHAR
STARTCHAR E89C
ENCODING 59548
SWIDTH 660 0
DWIDTH 11 0
BBX 13 6 0 3
BITMAP
FD10
D308
3308
FDC8
0090
1FE0
ENDCHAR
STARTCHAR E89D
ENCODING 59549
SWIDTH 660 0
DWIDTH 11 0
BBX 12 13 0 0
BITMAP
FFE0
FFE0
FFC0
FF90
FC30
FE70
EFF0
97F0
9E30
C5B0
F5F0
C630
FFF0
ENDCHAR
STARTCHAR E89E
ENCODING 59550
SWIDTH 660 0
DWIDTH 11 0
BBX 13 14 0 -1
BITMAP
0700
1FC0
3DF0
79F0
FB78
FC18
FB38
F298
F7F8
77F8
67F0
3FE0
1FC0
0700
ENDCHAR
STARTCHAR E89F
ENCODING 59551
SWIDTH 660 0
DWIDTH 11 0
BBX 13 12 0 0
BITMAP
0300
0500
0480
0880
0640
1360
2D20
2490
1290
CA88
8A48
FBD8
ENDCHAR
STARTCHAR E8A0
ENCODING 59552
SWIDTH 660 0
DWIDTH 11 0
BBX 11 12 0 0
BITMAP
0E00
3B80
FEE0
FBE0
F5E0
FEE0
EE60
F4E0
DE60
77E0
3B80
0E00
ENDCHAR
STARTCHAR E8A1
ENCODING 59553
SWIDTH 660 0
DWIDTH 11 0
BBX 13 14 0 -1
BITMAP
0700
1FC0
3C00
7800
F000
E1F0
E1F8
F0F8
F018
7800
7E00
3F80
1FC0
0200
ENDCHAR
STARTCHAR E8A2
ENCODING 59554
SWIDTH 660 0
DWIDTH 11 0
BBX 13 13 0 0
BITMAP
0200
1FC0
3FE0
7FF0
FFB0
C218
CEF8
FAD8
C318
7FF0
7FF0
3FE0
1FC0
ENDCHAR
STARTCHAR E8A3
ENCODING 59555
SWIDTH 660 0
DWIDTH 11 0
BBX 13 12 0 0
BITMAP
1FC0
3FE0
7FF0
FFF8
FFF8
7FF0
3FA0
1FE0
0F40
0F80
0600
0200
ENDCHAR
STARTCHAR E8A4
ENCODING 59556
SWIDTH 660 0
DWIDTH 11 0
BBX 13 14 0 -1
BITMAP
0C80
0DC0
0DC0
01C0
FDD8
FDF8
78B0
6CF8
FDF8
FDF8
1C00
1DC0
0DC0
0880
ENDCHAR
STARTCHAR E8A5
ENCODING 59557
SWIDTH 660 0
DWIDTH 11 0
BBX 13 14 0 -1
BITMAP
0700
18C0
2030
4010
C188
8308
8608
8308
8608
4408
4010
2020
1FC0
0300
ENDCHAR
STARTCHAR E8A6
ENCODING 59558
SWIDTH 660 0
DWIDTH 11 0
BBX 8 14 1 -1
BITMAP
3E
7E
7F
FF
F0
60
62
02
07
0F
FF
7F
3E
3E
ENDCHAR
STARTCHAR E8A7
ENCODING 59559
SWIDTH 660 0
DWIDTH 11 0
BBX 13 12 0 -1
BITMAP
0FC0
0FF0
1FF8
3FF8
3FF0
1FC0
3FE0
7FE0
7FE0
FFC0
3FC0
0F80
ENDCHAR
STARTCHAR E8A8
ENCODING 59560
SWIDTH 660 0
DWIDTH 11 0
BBX 13 12 0 1
BITMAP
0640
F120
0CD0
0348
00A0
0090
0050
0028
0020
0020
0010
0010
ENDCHAR
STARTCHAR E8A9
ENCODING 59561
SWIDTH 660 0
DWIDTH 11 0
BBX 13 14 0 -1
BITMAP
0700
18C0
2220
4A90
8A88
A528
B648
9288
8F48
9348
4E90
2720
1640
0B80
ENDCHAR
STARTCHAR E8AA
ENCODING 59562
SWIDTH 660 0
DWIDTH 11 0
BBX 13 14 0 -1
BITMAP
0200
0700
0C80
1CC0
3760
6FB0
9FC8
DFC8
7EF0
3760
1DC0
0C80
0700
0200
ENDCHAR
STARTCHAR E8AB
ENCODING 59563
SWIDTH 660 0
DWIDTH 11 0
BBX 10 4 0 4
BITMAP
0080
EAC0
6EC0
4000
ENDCHAR
STARTCHAR E8AC
ENCODING 59564
SWIDTH 660 0
DWIDTH 11 0
BBX 13 14 0 -1
BITMAP
0700
1FE0
3FF8
7FC8
FF08
F008
E028
C028
C048
C188
7E10
5FF0
3FC0
0700
ENDCHAR
STARTCHAR E8AD
ENCODING 59565
SWIDTH 660 0
DWIDTH 11 0
BBX 13 11 0 1
BITMAP
FDD8
FFD8
0000
4EF8
0000
FFA8
0000
FFB0
DB60
7CF8
FBF8
ENDCHAR
STARTCHAR E8AE
ENCODING 59566
SWIDTH 660 0
DWIDTH 11 0
BBX 13 13 0 0
BITMAP
3FE0
C918
FD08
D2F8
D108
E200
A4F8
9480
98C0
E870
8818
8408
FCF8
ENDCHAR
STARTCHAR E8AF
ENCODING 59567
SWIDTH 660 0
DWIDTH 11 0
BBX 13 4 0 4
BITMAP
FD10
F530
CD08
0600
ENDCHAR
STARTCHAR E8B0
ENCODING 59568
SWIDTH 660 0
DWIDTH 11 0
BBX 13 12 0 0
BITMAP
7F80
FFC0
FFC0
FFC0
7F80
F3C0
FF60
7EF0
C198
FF98
FEF0
1E60
ENDCHAR
STARTCHAR E8B1
ENCODING 59569
SWIDTH 660 0
DWIDTH 11 0
BBX 11 12 0 0
BITMAP
0880
0020
3000
0000
4000
0000
0000
8000
0000
C000
0000
4200
ENDCHAR
STARTCHAR E8B2
ENCODING 59570
SWIDTH 660 0
DWIDTH 11 0
BBX 13 4 0 4
BITMAP
0008
DFD8
77B8
E738
ENDCHAR
STARTCHAR E8B3
ENCODING 59571
SWIDTH 660 0
DWIDTH 11 0
BBX 11 13 0 0
BITMAP
0040
FF60
FFE0
E0E0
E4E0
E7E0
E1E0
F8E0
E4E0
E0E0
F1E0
FFE0
FFE0
ENDCHAR
STARTCHAR E8B4
ENCODING 59572
SWIDTH 660 0
DWIDTH 11 0
BBX 13 8 0 2
BITMAP
0200
0300
C718
7FF8
7FF0
7FF0
3FE0
0780
ENDCHAR
STARTCHAR E8B5
ENCODING 59573
SWIDTH 660 0
DWIDTH 11 0
BBX 13 10 0 1
BITMAP
FFF0
FE38
E3F8
0FF8
0000
01E0
FFC0
FE38
E3F8
7FF8
ENDCHAR
STARTCHAR E8B6
ENCODING 59574
SWIDTH 660 0
DWIDTH 11 0
BBX 13 13 0 -1
BITMAP
0400
0400
0C00
1C00
3C00
7FF8
7E08
FE10
FE20
0220
0240
0280
0300
ENDCHAR
STARTCHAR E8B7
ENCODING 59575
SWIDTH 660 0
DWIDTH 11 0
BBX 11 14 0 -1
BITMAP
0300
0FC0
3860
7160
C760
CFE0
D860
C360
FE60
DC60
C1C0
C380
7E00
1800
ENDCHAR
STARTCHAR E8B8
ENCODING 59576
SWIDTH 660 0
DWIDTH 11 0
BBX 13 14 0 -1
BITMAP
0700
1FC0
3FF0
7FF0
EFB8
EFB8
EDB8
EFB8
EFB8
6FB8
7FF0
3FF0
1FC0
0700
ENDCHAR
STARTCHAR E8B9
ENCODING 59577
SWIDTH 660 0
DWIDTH 11 0
BBX 13 14 0 -1
BITMAP
0700
1E60
39F0
7FF0
F7F8
FBF8
FDF8
FEF8
FF78
7F78
7F70
3CF0
13C0
0700
ENDCHAR
STARTCHAR E8BA
ENCODING 59578
SWIDTH 660 0
DWIDTH 11 0
BBX 13 8 0 2
BITMAP
0780
0FC0
01F8
00F0
7800
FE00
0FC0
0780
ENDCHAR
STARTCHAR E8BB
ENCODING 59579
SWIDTH 660 0
DWIDTH 11 0
BBX 12 14 0 -1
BITMAP
0300
0FC0
1860
2030
1330
7330
4030
C060
8CC0
CC80
C000
6180
3F00
0C00
ENDCHAR
STARTCHAR E8BC
ENCODING 59580
SWIDTH 660 0
DWIDTH 11 0
BBX 12 13 0 -1
BITMAP
0600
0F00
3FC0
FFF0
FF70
DF30
1F80
1FC0
1FC0
1F00
1F00
1F00
0F00
ENDCHAR
STARTCHAR E8BD
ENCODING 59581
SWIDTH 660 0
DWIDTH 11 0
BBX 11 12 0 0
BITMAP
8000
E000
E820
ECE0
6FE0
0FE0
0780
0D00
0E00
0E00
0E00
0200
ENDCHAR
STARTCHAR E8BE
ENCODING 59582
SWIDTH 660 0
DWIDTH 11 0
BBX 13 7 0 3
BITMAP
F8D8
2850
2F20
2860
2850
2C88
0F80
ENDCHAR
STARTCHAR E8BF
ENCODING 59583
SWIDTH 660 0
DWIDTH 11 0
BBX 13 10 0 1
BITMAP
0E00
12C0
1540
2540
2AA0
3A60
7E10
8510
87E8
F8F8
ENDCHAR
STARTCHAR E8C0
ENCODING 59584
SWIDTH 660 0
DWIDTH 11 0
BBX 13 14 0 -1
BITMAP
3FE0
FFF0
FCF8
FA78
FCF8
FE78
FA78
FCF8
FFF8
FFF8
7FF8
74F8
7DB8
7FF8
ENDCHAR
STARTCHAR E8C1
ENCODING 59585
SWIDTH 660 0
DWIDTH 11 0
BBX 10 10 0 1
BITMAP
E000
FE00
77C0
9D40
FE80
7500
7A00
2C00
5800
3000
ENDCHAR
STARTCHAR E8C2
ENCODING 59586
SWIDTH 660 0
DWIDTH 11 0
BBX 13 14 0 -1
BITMAP
1060
7DF0
3FE0
EFB8
AFC8
9FE8
7CF0
7DF0
7278
F078
F058
6038
2710
18E0
ENDCHAR
STARTCHAR E8C3
ENCODING 59587
SWIDTH 660 0
DWIDTH 11 0
BBX 13 10 0 1
BITMAP
0100
01F0
39F0
41F0
4EF0
5FE0
3FC0
59E0
C470
0008
ENDCHAR
STARTCHAR E8C4
ENCODING 59588
SWIDTH 660 0
DWIDTH 11 0
BBX 13 8 0 2
BITMAP
0018
0F38
1EF8
FBF0
7FC0
7DC0
7740
0F80
ENDCHAR
STARTCHAR E8C5
ENCODING 59589
SWIDTH 660 0
DWIDTH 11 0
BBX 9 12 1 0
BITMAP
FF00
0000
0000
3E00
7F00
FF80
FF00
7F00
3E00
3E00
3E00
3E00
ENDCHAR
STARTCHAR E8C6
ENCODING 59590
SWIDTH 660 0
DWIDTH 11 0
BBX 13 8 0 2
BITMAP
0D80
0700
8D88
7078
F878
8D88
0700
0880
ENDCHAR
STARTCHAR E8C7
ENCODING 59591
SWIDTH 660 0
DWIDTH 11 0
BBX 13 12 0 0
BITMAP
0300
0F00
1860
63B0
C318
7030
3CE0
E798
E038
3860
0D80
0300
ENDCHAR
STARTCHAR E8C8
ENCODING 59592
SWIDTH 660 0
DWIDTH 11 0
BBX 13 14 0 -1
BITMAP
1FE0
7FF0
FDF8
FBF8
F5B8
F8D8
FFD8
D758
CB58
DBB8
E338
FDF8
7FF0
1FC0
ENDCHAR
STARTCHAR E8C9
ENCODING 59593
SWIDTH 660 0
DWIDTH 11 0
BBX 13 14 0 -1
BITMAP
F010
4830
4820
2440
1280
0B00
0900
0480
0EC0
0A40
1120
2090
40D0
8078
ENDCHAR
STARTCHAR E8CA
ENCODING 59594
SWIDTH 660 0
DWIDTH 11 0
BBX 13 13 0 0
BITMAP
FFF8
FFF8
FFF8
FFF8
FFF8
FFF8
E198
FB18
FB38
FB88
FBE8
FB08
FFF8
ENDCHAR
STARTCHAR E8CB
ENCODING 59595
SWIDTH 660 0
DWIDTH 11 0
BBX 11 12 0 1
BITMAP
0E00
0780
6180
7980
DF00
D100
DB00
FB00
BB20
BBE0
2B80
0A00
ENDCHAR
STARTCHAR E8CC
ENCODING 59596
SWIDTH 660 0
DWIDTH 11 0
BBX 12 12 0 0
BITMAP
F0E0
F1F0
F1F0
F1F0
F1F0
F1F0
F1F0
F1F0
F1F0
71E0
7BE0
3F80
ENDCHAR
STARTCHAR E8CD
ENCODING 59597
SWIDTH 660 0
DWIDTH 11 0
BBX 13 12 0 0
BITMAP
1FC0
6020
8050
9890
9D88
8D88
8D88
8D88
9FD0
8610
4020
3FC0
ENDCHAR
STARTCHAR E8CE
ENCODING 59598
SWIDTH 660 0
DWIDTH 11 0
BBX 13 4 0 4
BITMAP
2168
EE48
ED68
D128
ENDCHAR
STARTCHAR E8CF
ENCODING 59599
SWIDTH 660 0
DWIDTH 11 0
BBX 12 11 0 0
BITMAP
0600
0F00
F9F0
79E0
3FC0
1FC0
1D80
1B80
0F80
0700
0200
ENDCHAR
STARTCHAR E8D0
ENCODING 59600
SWIDTH 660 0
DWIDTH 11 0
BBX 12 12 0 0
BITMAP
E070
F0F0
F0F0
79E0
79E0
3FE0
3FC0
3FC0
1F80
1F80
0F80
0600
ENDCHAR
STARTCHAR E8D1
ENCODING 59601
SWIDTH 660 0
DWIDTH 11 0
BBX 8 9 1 2
BITMAP
08
39
59
9A
1A
1A
1C
1C
18
ENDCHAR
STARTCHAR E8D2
ENCODING 59602
SWIDTH 660 0
DWIDTH 11 0
BBX 13 13 0 0
BITMAP
FFF8
7FF8
7FF0
3D70
3FE0
1D60
1FC0
0FC0
0F80
0780
0700
0300
0200
ENDCHAR
STARTCHAR E8D3
ENCODING 59603
SWIDTH 660 0
DWIDTH 11 0
BBX 13 12 0 0
BITMAP
0200
0200
0700
0780
0F80
0FC0
1FC0
3FE0
3FE0
7FF0
7FF8
FFF8
ENDCHAR
STARTCHAR E8D4
ENCODING 59604
SWIDTH 660 0
DWIDTH 11 0
BBX 13 14 0 -1
BITMAP
7FF0
FFF8
FFF8
3C60
3848
9908
9318
C318
C728
EE48
E960
F9F8
FFF8
7FF0
ENDCHAR
STARTCHAR E8D5
ENCODING 59605
SWIDTH 660 0
DWIDTH 11 0
BBX 13 14 0 -1
BITMAP
0700
1FC0
3FF0
7FF0
DD38
FFD8
EBB8
FBD8
F7D8
7738
7FF0
3FF0
1FC0
0700
ENDCHAR
STARTCHAR E8D6
ENCODING 59606
SWIDTH 660 0
DWIDTH 11 0
BBX 13 12 0 0
BITMAP
0038
03F0
77E0
F7C0
77C0
7780
7700
3E00
3E00
1C00
1800
1000
ENDCHAR
STARTCHAR E8D7
ENCODING 59607
SWIDTH 660 0
DWIDTH 11 0
BBX 13 12 0 0
BITMAP
0780
E7F8
7FF0
77F0
3FE0
3FC0
1FC0
0F80
0D80
0700
0700
0200
ENDCHAR
STARTCHAR E8D8
ENCODING 59608
SWIDTH 660 0
DWIDTH 11 0
BBX 13 12 0 0
BITMAP
C038
6030
7070
3060
38C0
1CC0
0D40
0E80
0780
0700
0200
0200
ENDCHAR
STARTCHAR E8D9
ENCODING 59609
SWIDTH 660 0
DWIDTH 11 0
BBX 13 12 0 0
BITMAP
0100
0300
0300
07C0
0F80
C388
6310
3220
1840
0C80
0700
0200
ENDCHAR
STARTCHAR E8DA
ENCODING 59610
SWIDTH 660 0
DWIDTH 11 0
BBX 13 14 0 -1
BITMAP
0040
00F0
01F8
03F8
E7B8
7F38
3E38
3E38
FF38
E7B8
03F8
01F8
00F0
0040
ENDCHAR
STARTCHAR E8DB
ENCODING 59611
SWIDTH 660 0
DWIDTH 11 0
BBX 13 14 0 -1
BITMAP
7DF0
8008
FF88
C008
CFE8
D018
D018
D018
D018
B018
9018
8FE8
8008
7DF0
ENDCHAR
STARTCHAR E8DC
ENCODING 59612
SWIDTH 660 0
DWIDTH 11 0
BBX 13 12 0 0
BITMAP
F8F8
9DC8
8D90
47A0
2720
2340
1240
1080
0880
0900
0600
0200
ENDCHAR
STARTCHAR E8DD
ENCODING 59613
SWIDTH 660 0
DWIDTH 11 0
BBX 12 12 0 0
BITMAP
7FE0
7FE0
7FE0
7FE0
7FF0
FF70
EFF0
FEF0
FFF0
FFF0
FFF0
FFF0
ENDCHAR
STARTCHAR E8DE
ENCODING 59614
SWIDTH 660 0
DWIDTH 11 0
BBX 13 11 0 0
BITMAP
FEF8
7DF0
7DF0
3BE0
33C0
17C0
0F80
0F80
0700
0700
0200
ENDCHAR
STARTCHAR E8DF
ENCODING 59615
SWIDTH 660 0
DWIDTH 11 0
BBX 12 14 0 -1
BITMAP
C030
E070
E070
E070
E070
E070
E070
E070
F0F0
79E0
3DC0
1E00
0E00
0600
ENDCHAR
STARTCHAR E8E0
ENCODING 59616
SWIDTH 660 0
DWIDTH 11 0
BBX 13 14 0 -1
BITMAP
F8F8
FCF8
FFF8
FFF8
FFF8
FFF8
FFF8
EA98
EA98
EAD8
F488
F568
FFF8
FFF8
ENDCHAR
STARTCHAR E8E1
ENCODING 59617
SWIDTH 660 0
DWIDTH 11 0
BBX 13 14 0 -1
BITMAP
FFF8
FFF8
FFF8
FFF8
FFF8
F4B8
F538
F278
F278
FFF8
FFF8
FFF8
FFF8
FFF8
ENDCHAR
STARTCHAR E8E2
ENCODING 59618
SWIDTH 660 0
DWIDTH 11 0
BBX 13 10 0 1
BITMAP
0700
CF98
CD98
CCD8
CCD8
CD98
6F98
7630
3BF0
1DC0
ENDCHAR
STARTCHAR E8E3
ENCODING 59619
SWIDTH 660 0
DWIDTH 11 0
BBX 12 13 0 -1
BITMAP
0400
0F00
3FC0
F6F0
9F90
EF30
FDB0
FFB0
FFB0
AF50
F5E0
3FC0
0F00
ENDCHAR
STARTCHAR E8E4
ENCODING 59620
SWIDTH 660 0
DWIDTH 11 0
BBX 12 12 0 0
BITMAP
73E0
FFE0
FFF0
F670
66F0
7B60
7FE0
7FF0
63E0
7FC0
3F80
0700
ENDCHAR
STARTCHAR E8E5
ENCODING 59621
SWIDTH 660 0
DWIDTH 11 0
BBX 13 14 0 -1
BITMAP
FDF8
FDF8
FDF8
FDF8
FDF8
FDF8
FDF8
FDF8
FDF8
FDF8
FDF8
FDF8
FDF8
FDF8
ENDCHAR
STARTCHAR E8E6
ENCODING 59622
SWIDTH 660 0
DWIDTH 11 0
BBX 13 8 0 2
BITMAP
FFF8
BA48
AD58
8578
9448
B3F8
7FF8
0080
ENDCHAR
STARTCHAR E8E7
ENCODING 59623
SWIDTH 660 0
DWIDTH 11 0
BBX 13 12 0 0
BITMAP
1FC0
3FE0
3FE0
7770
72F0
FAF8
FAF8
7270
7770
3FE0
3FC0
1FC0
ENDCHAR
STARTCHAR E8E8
ENCODING 59624
SWIDTH 660 0
DWIDTH 11 0
BBX 11 12 0 0
BITMAP
0180
7EE0
FEA0
FBC0
FDC0
FBC0
EAC0
D740
FCC0
FFC0
5840
1B80
ENDCHAR
STARTCHAR E8E9
ENCODING 59625
SWIDTH 660 0
DWIDTH 11 0
BBX 13 13 0 0
BITMAP
3FF0
FFF8
FFF8
FFD8
C9D8
EB18
F658
EAD8
EA58
DD18
FFF8
FFF8
FFF8
ENDCHAR
STARTCHAR E8EA
ENCODING 59626
SWIDTH 660 0
DWIDTH 11 0
BBX 13 6 0 3
BITMAP
2000
2428
3C40
2AC0
6F40
80A0
ENDCHAR
STARTCHAR E8EB
ENCODING 59627
SWIDTH 660 0
DWIDTH 11 0
BBX 13 12 0 0
BITMAP
CF00
7B00
3280
3780
3440
3840
3140
3340
2F40
2D40
2540
2178
ENDCHAR
STARTCHAR E8EC
ENCODING 59628
SWIDTH 660 0
DWIDTH 11 0
BBX 13 14 0 -1
BITMAP
0700
1FC0
3FF0
7EF0
F778
F778
FFF8
FFF8
EF58
7F58
6FF0
3FF0
1FC0
0700
ENDCHAR
STARTCHAR E8ED
ENCODING 59629
SWIDTH 660 0
DWIDTH 11 0
BBX 13 12 0 0
BITMAP
F078
F078
F078
F078
7070
1040
0080
0380
0780
0F80
0F80
0F80
ENDCHAR
STARTCHAR E8EE
ENCODING 59630
SWIDTH 660 0
DWIDTH 11 0
BBX 12 10 0 1
BITMAP
82E0
F6E0
57E0
5BA0
0000
01A0
5F70
5AA0
FFA0
5000
ENDCHAR
STARTCHAR E8EF
ENCODING 59631
SWIDTH 660 0
DWIDTH 11 0
BBX 13 12 0 0
BITMAP
0008
0070
FFE8
FFD8
C198
C318
C618
CE18
DFD8
BFB8
3000
C000
ENDCHAR
STARTCHAR EA60
ENCODING 60000
SWIDTH 660 0
DWIDTH 11 0
BBX 13 14 0 -1
BITMAP
0200
0200
0200
0200
0200
0200
FFF8
0200
0200
0200
0200
0200
0200
0200
ENDCHAR
STARTCHAR EA61
ENCODING 60001
SWIDTH 660 0
DWIDTH 11 0
BBX 9 12 2 1
BITMAP
3F00
4180
4080
8080
8080
8080
4080
6100
2100
3E00
3200
1E00
ENDCHAR
STARTCHAR EA62
ENCODING 60002
SWIDTH 660 0
DWIDTH 11 0
BBX 11 16 0 -2
BITMAP
7FC0
8040
8060
8060
8060
8060
8060
8060
8060
8060
8060
FFC0
8000
F800
7FC0
2800
ENDCHAR
STARTCHAR EA63
ENCODING 60003
SWIDTH 660 0
DWIDTH 11 0
BBX 12 14 0 -1
BITMAP
78F0
89F0
89F0
C8F0
7060
2040
3040
1F80
0200
0700
0980
0880
0880
0F00
ENDCHAR
STARTCHAR EA64
ENCODING 60004
SWIDTH 660 0
DWIDTH 11 0
BBX 15 14 0 -1
BITMAP
7880
8900
8BF0
D990
7090
2010
2010
2010
2010
7038
C824
8842
8824
703C
ENDCHAR
STARTCHAR EA65
ENCODING 60005
SWIDTH 660 0
DWIDTH 11 0
BBX 15 10 0 1
BITMAP
FFFC
8002
A492
A492
8922
8922
8002
BFF2
8002
FFFC
ENDCHAR
STARTCHAR EA66
ENCODING 60006
SWIDTH 660 0
DWIDTH 11 0
BBX 12 12 0 0
BITMAP
07F0
0C10
18D0
3050
6010
C010
8010
8020
4040
2080
1100
0E00
ENDCHAR
STARTCHAR EA67
ENCODING 60007
SWIDTH 660 0
DWIDTH 11 0
BBX 7 14 2 -1
BITMAP
78
44
44
7C
86
82
82
82
C6
C4
54
54
54
7C
ENDCHAR
STARTCHAR EA68
ENCODING 60008
SWIDTH 660 0
DWIDTH 11 0
BBX 12 16 0 -2
BITMAP
7800
8800
8800
D8F0
7190
2110
2090
20E0
2040
3F80
3000
7000
C800
8800
8800
7000
ENDCHAR
STARTCHAR EA69
ENCODING 60009
SWIDTH 660 0
DWIDTH 11 0
BBX 15 14 0 -1
BITMAP
0FC0
7938
C106
8102
8862
9032
BFFA
9032
8862
8102
8102
8102
9EE2
E01E
ENDCHAR
STARTCHAR EA6A
ENCODING 60010
SWIDTH 660 0
DWIDTH 11 0
BBX 15 14 0 -1
BITMAP
0180
0280
0240
0440
7C3E
8002
4006
200C
1018
1010
1010
1190
16E8
1838
ENDCHAR
STARTCHAR EA6B
ENCODING 60011
SWIDTH 660 0
DWIDTH 11 0
BBX 15 14 0 -1
BITMAP
7FF8
C004
8002
8002
8002
8002
8002
8002
8006
C00C
31F8
1600
1C00
0800
ENDCHAR
STARTCHAR EA6C
ENCODING 60012
SWIDTH 660 0
DWIDTH 11 0
BBX 15 14 0 -1
BITMAP
0300
0280
0480
0440
0960
1920
1130
3110
2108
4008
4104
8104
8006
7FFC
ENDCHAR
STARTCHAR EA6D
ENCODING 60013
SWIDTH 660 0
DWIDTH 11 0
BBX 13 13 0 -1
BITMAP
0F00
3180
4040
4020
8020
8020
8020
8020
4020
6040
39A0
0610
0008
ENDCHAR
STARTCHAR EA6E
ENCODING 60014
SWIDTH 660 0
DWIDTH 11 0
BBX 12 14 0 -1
BITMAP
7F00
C000
8000
8000
8040
8020
9FF0
8010
8020
8040
8000
8000
C000
3F00
ENDCHAR
STARTCHAR EA6F
ENCODING 60015
SWIDTH 660 0
DWIDTH 11 0
BBX 13 14 0 -1
BITMAP
7F00
C000
8000
8100
8300
8600
8FF8
8400
8200
8100
8000
8000
C000
3F00
ENDCHAR
STARTCHAR EA70
ENCODING 60016
SWIDTH 660 0
DWIDTH 11 0
BBX 12 8 0 2
BITMAP
1F80
2060
4030
C710
8990
0880
0980
0700
ENDCHAR
STARTCHAR EA71
ENCODING 60017
SWIDTH 660 0
DWIDTH 11 0
BBX 8 8 1 2
BITMAP
3E
7F
FF
FF
FF
FF
7F
3C
ENDCHAR
STARTCHAR EA72
ENCODING 60018
SWIDTH 660 0
DWIDTH 11 0
BBX 8 8 1 2
BITMAP
FF
81
81
81
81
81
81
FF
ENDCHAR
STARTCHAR EA73
ENCODING 60019
SWIDTH 660 0
DWIDTH 11 0
BBX 15 14 0 -1
BITMAP
003C
0044
00C2
0124
021C
0418
0830
1060
20C0
4180
4300
4600
9C00
F000
ENDCHAR
STARTCHAR EA74
ENCODING 60020
SWIDTH 660 0
DWIDTH 11 0
BBX 15 14 0 -1
BITMAP
0FE0
3030
6008
400C
8304
8004
8102
8102
8104
C104
400C
2008
1030
0FC0
ENDCHAR
STARTCHAR EA75
ENCODING 60021
SWIDTH 660 0
DWIDTH 11 0
BBX 12 14 0 -1
BITMAP
0F00
1880
1080
1080
1080
7FF0
8010
8010
8610
8610
8010
8010
8010
7FF0
ENDCHAR
STARTCHAR EA76
ENCODING 60022
SWIDTH 660 0
DWIDTH 11 0
BBX 9 10 1 1
BITMAP
8080
C100
6200
3400
1800
1C00
2600
4300
8180
0080
ENDCHAR
STARTCHAR EA77
ENCODING 60023
SWIDTH 660 0
DWIDTH 11 0
BBX 12 16 0 -2
BITMAP
0400
0200
1F00
2660
4020
C010
8010
8010
8010
8010
4010
4020
2240
0780
0600
0200
ENDCHAR
STARTCHAR EA78
ENCODING 60024
SWIDTH 660 0
DWIDTH 11 0
BBX 15 15 0 -2
BITMAP
7FFC
8004
8002
8002
8002
8002
8002
8000
8000
800C
C00C
3FEC
084C
081E
3F8C
ENDCHAR
STARTCHAR EA79
ENCODING 60025
SWIDTH 660 0
DWIDTH 11 0
BBX 12 14 0 -1
BITMAP
3FE0
1080
1080
1080
1080
1080
1080
1040
2040
7FE0
4030
C010
8010
FFF0
ENDCHAR
STARTCHAR EA7A
ENCODING 60026
SWIDTH 660 0
DWIDTH 11 0
BBX 15 14 0 -1
BITMAP
FFFC
8002
8002
8002
8002
8002
8002
8002
8002
8004
7FFC
0840
0840
3FF0
ENDCHAR
STARTCHAR EA7B
ENCODING 60027
SWIDTH 660 0
DWIDTH 11 0
BBX 11 14 0 -1
BITMAP
FE00
8500
8480
8440
83E0
8060
8060
8060
8060
8060
8060
8060
8040
7FC0
ENDCHAR
STARTCHAR EA7C
ENCODING 60028
SWIDTH 660 0
DWIDTH 11 0
BBX 10 2 0 5
BITMAP
CC40
CC40
ENDCHAR
STARTCHAR EA7D
ENCODING 60029
SWIDTH 660 0
DWIDTH 11 0
BBX 13 10 1 1
BITMAP
0800
1000
2000
4000
FF80
4060
2030
1010
0010
0008
ENDCHAR
STARTCHAR EA7E
ENCODING 60030
SWIDTH 660 0
DWIDTH 11 0
BBX 15 12 0 0
BITMAP
0380
7498
56AC
2318
0000
EFDC
8842
8842
8842
8844
6C5C
0780
ENDCHAR
STARTCHAR EA7F
ENCODING 60031
SWIDTH 660 0
DWIDTH 11 0
BBX 14 16 0 -2
BITMAP
7E00
8700
8580
84C0
87C0
8000
80C0
83F0
8778
8F78
8F7C
8C0C
8F78
C778
73F0
01C0
ENDCHAR
STARTCHAR EA80
ENCODING 60032
SWIDTH 660 0
DWIDTH 11 0
BBX 16 14 0 -1
BITMAP
7C00
8200
83FC
8604
FC02
8078
81FC
81DE
83DE
8303
83DF
7DDE
01FE
00F8
ENDCHAR
STARTCHAR EA81
ENCODING 60033
SWIDTH 660 0
DWIDTH 11 0
BBX 14 16 0 -2
BITMAP
0300
0480
FFFC
4010
4010
4490
4490
4490
2490
2490
2490
2490
2490
2010
3020
1FC0
ENDCHAR
STARTCHAR EA82
ENCODING 60034
SWIDTH 660 0
DWIDTH 11 0
BBX 12 12 0 0
BITMAP
DF80
F060
C020
FC10
0410
0410
8710
8010
C010
4020
3040
1F80
ENDCHAR
STARTCHAR EA83
ENCODING 60035
SWIDTH 660 0
DWIDTH 11 0
BBX 15 12 0 0
BITMAP
7C00
8200
83FC
8604
FC02
8002
8002
8002
8002
8002
8004
7FFC
ENDCHAR
STARTCHAR EA84
ENCODING 60036
SWIDTH 660 0
DWIDTH 11 0
BBX 16 16 0 -2
BITMAP
07E0
1C38
300C
6006
4DB2
CFF3
8FF1
8FF1
8FF1
8FF1
C7E3
53C2
6FC6
33CC
1FF8
07E0
ENDCHAR
STARTCHAR EA85
ENCODING 60037
SWIDTH 660 0
DWIDTH 11 0
BBX 15 14 0 -1
BITMAP
7FFC
8004
8002
8002
A002
9002
8802
8402
8802
9002
A3F2
8002
8004
7FFC
ENDCHAR
STARTCHAR EA86
ENCODING 60038
SWIDTH 660 0
DWIDTH 11 0
BBX 11 14 0 -1
BITMAP
3F80
2100
6100
4100
43E0
4040
8080
F100
2300
2600
2400
6800
5000
7000
ENDCHAR
STARTCHAR EA87
ENCODING 60039
SWIDTH 660 0
DWIDTH 11 0
BBX 15 14 0 -1
BITMAP
0FE0
3030
6008
400C
CC44
8684
8302
8382
84C4
C844
400C
2008
1030
0FC0
ENDCHAR
STARTCHAR EA88
ENCODING 60040
SWIDTH 660 0
DWIDTH 11 0
BBX 12 12 0 0
BITMAP
E070
8010
8010
8790
B850
AF50
A450
B1D0
8E10
8010
8010
E070
ENDCHAR
STARTCHAR EA8A
ENCODING 60042
SWIDTH 660 0
DWIDTH 11 0
BBX 11 12 0 0
BITMAP
E0C0
8060
8060
8060
8060
8060
8060
8060
8060
8060
8060
E0C0
ENDCHAR
STARTCHAR EA8B
ENCODING 60043
SWIDTH 660 0
DWIDTH 11 0
BBX 12 12 0 0
BITMAP
7060
4020
4020
4020
4020
C010
C010
4020
4020
4020
4020
7060
ENDCHAR
STARTCHAR EA8C
ENCODING 60044
SWIDTH 660 0
DWIDTH 11 0
BBX 15 14 0 -1
BITMAP
07C0
3870
E00C
8002
9862
87C2
8102
8102
8102
8102
8002
E00C
1C70
0780
ENDCHAR
STARTCHAR EA8F
ENCODING 60047
SWIDTH 660 0
DWIDTH 11 0
BBX 17 12 0 0
BITMAP
7FFE00
FF0100
FF0080
F31080
E70880
C8FC80
CF0480
E70880
F31080
FF0080
FF0100
3FFE00
ENDCHAR
STARTCHAR EA90
ENCODING 60048
SWIDTH 660 0
DWIDTH 11 0
BBX 15 14 0 -1
BITMAP
0840
0840
0840
0840
FFFE
0840
0840
0840
0840
FFFE
0840
0840
0840
0840
ENDCHAR
STARTCHAR EA91
ENCODING 60049
SWIDTH 660 0
DWIDTH 11 0
BBX 15 12 0 0
BITMAP
FFFE
8002
8002
8002
FFFC
0000
0000
F83C
8842
8842
8842
F87E
ENDCHAR
STARTCHAR EA92
ENCODING 60050
SWIDTH 660 0
DWIDTH 11 0
BBX 15 10 0 1
BITMAP
1FE0
1120
0100
0110
2118
410C
8106
410C
2118
0390
ENDCHAR
STARTCHAR EA93
ENCODING 60051
SWIDTH 660 0
DWIDTH 11 0
BBX 13 6 0 3
BITMAP
0400
6718
17B8
F4A0
94A0
F718
ENDCHAR
STARTCHAR EA94
ENCODING 60052
SWIDTH 660 0
DWIDTH 11 0
BBX 14 16 0 -2
BITMAP
0800
04C0
7EE0
C6B0
8C98
80FC
100C
100C
100C
100C
100C
100C
100C
100C
1808
0FF0
ENDCHAR
STARTCHAR EA95
ENCODING 60053
SWIDTH 660 0
DWIDTH 11 0
BBX 15 12 0 0
BITMAP
07FC
0402
05F2
0402
0072
FF82
80BC
BE80
8080
BE80
8080
FF80
ENDCHAR
STARTCHAR EA96
ENCODING 60054
SWIDTH 660 0
DWIDTH 11 0
BBX 6 12 2 0
BITMAP
FC
84
84
E4
84
F4
84
84
E4
84
84
FC
ENDCHAR
STARTCHAR EA97
ENCODING 60055
SWIDTH 660 0
DWIDTH 11 0
BBX 15 14 0 -1
BITMAP
01F8
030C
0204
0404
0002
3E04
7F04
FF88
FFB0
FF80
FF80
FF80
7F00
3E00
ENDCHAR
STARTCHAR EA98
ENCODING 60056
SWIDTH 660 0
DWIDTH 11 0
BBX 15 12 0 0
BITMAP
FFFC
8002
8006
7FFC
4008
4008
4788
4008
4008
4008
4008
3FF8
ENDCHAR
STARTCHAR EA99
ENCODING 60057
SWIDTH 660 0
DWIDTH 11 0
BBX 15 7 0 2
BITMAP
1030
2018
400C
FFFE
400C
2018
1030
ENDCHAR
STARTCHAR EA9A
ENCODING 60058
SWIDTH 660 0
DWIDTH 11 0
BBX 12 12 2 0
BITMAP
0400
0400
0400
0400
0400
0400
8430
4460
24C0
1580
0F00
0600
ENDCHAR
STARTCHAR EA9B
ENCODING 60059
SWIDTH 660 0
DWIDTH 11 0
BBX 13 11 1 0
BITMAP
0400
0800
1000
2000
4000
FFF8
4000
2000
1000
0800
0400
ENDCHAR
STARTCHAR EA9C
ENCODING 60060
SWIDTH 660 0
DWIDTH 11 0
BBX 13 11 1 0
BITMAP
0300
0180
00C0
0060
0030
FFF8
0030
0060
00C0
0180
0300
ENDCHAR
STARTCHAR EA9D
ENCODING 60061
SWIDTH 660 0
DWIDTH 11 0
BBX 5 7 4 3
BITMAP
20
20
20
20
A8
78
30
ENDCHAR
STARTCHAR EA9E
ENCODING 60062
SWIDTH 660 0
DWIDTH 11 0
BBX 7 5 3 4
BITMAP
20
40
FE
40
20
ENDCHAR
STARTCHAR EA9F
ENCODING 60063
SWIDTH 660 0
DWIDTH 11 0
BBX 7 5 3 4
BITMAP
0C
06
FE
06
0C
ENDCHAR
STARTCHAR EAA0
ENCODING 60064
SWIDTH 660 0
DWIDTH 11 0
BBX 5 7 4 3
BITMAP
30
78
A8
20
20
20
20
ENDCHAR
STARTCHAR EAA1
ENCODING 60065
SWIDTH 660 0
DWIDTH 11 0
BBX 12 12 2 0
BITMAP
0600
0F00
1580
24C0
4460
8430
0400
0400
0400
0400
0400
0400
ENDCHAR
STARTCHAR EAA2
ENCODING 60066
SWIDTH 660 0
DWIDTH 11 0
BBX 13 14 1 -1
BITMAP
1F80
3040
2020
4020
4030
4030
4030
4030
4030
4010
C010
FFF8
0900
0700
ENDCHAR
STARTCHAR EAA3
ENCODING 60067
SWIDTH 660 0
DWIDTH 11 0
BBX 9 12 1 0
BITMAP
FE00
FE00
C300
C300
C700
FE00
FF00
C300
C380
C300
FF00
FE00
ENDCHAR
STARTCHAR EAA4
ENCODING 60068
SWIDTH 660 0
DWIDTH 11 0
BBX 15 12 0 0
BITMAP
FFFC
8102
8102
8102
8102
8102
8102
8102
8102
8102
8302
FEFC
ENDCHAR
STARTCHAR EAA5
ENCODING 60069
SWIDTH 660 0
DWIDTH 11 0
BBX 11 12 0 0
BITMAP
7FC0
8060
8060
8060
8060
8060
8060
8060
8C60
9B60
E1E0
C060
ENDCHAR
STARTCHAR EAA6
ENCODING 60070
SWIDTH 660 0
DWIDTH 11 0
BBX 8 8 1 2
BITMAP
3E
43
DD
81
81
DD
43
3C
ENDCHAR
STARTCHAR EAA7
ENCODING 60071
SWIDTH 660 0
DWIDTH 11 0
BBX 8 8 1 2
BITMAP
3E
7F
C3
FF
FF
C3
7F
3C
ENDCHAR
STARTCHAR EAA8
ENCODING 60072
SWIDTH 660 0
DWIDTH 11 0
BBX 9 8 1 2
BITMAP
7E00
4300
C100
8080
8080
C100
4300
3E00
ENDCHAR
STARTCHAR EAA9
ENCODING 60073
SWIDTH 660 0
DWIDTH 11 0
BBX 9 8 1 2
BITMAP
7E00
7F00
FF00
FF80
FF80
FF00
7F00
7E00
ENDCHAR
STARTCHAR EAAA
ENCODING 60074
SWIDTH 660 0
DWIDTH 11 0
BBX 10 10 0 1
BITMAP
0C00
1A00
3100
6080
C040
C040
6080
3100
1A00
0C00
ENDCHAR
STARTCHAR EAAB
ENCODING 60075
SWIDTH 660 0
DWIDTH 11 0
BBX 10 10 0 1
BITMAP
0C00
1E00
3F00
7F80
FFC0
FFC0
7F80
3F00
1E00
0C00
ENDCHAR
STARTCHAR EAAC
ENCODING 60076
SWIDTH 660 0
DWIDTH 11 0
BBX 15 14 0 -1
BITMAP
0FC0
0840
0840
FFFC
8006
8002
8002
8306
FFFE
8302
8002
8002
8006
FFFC
ENDCHAR
STARTCHAR EAAD
ENCODING 60077
SWIDTH 660 0
DWIDTH 11 0
BBX 15 10 0 1
BITMAP
6008
4004
D824
9014
9312
9312
9014
D824
400C
2008
ENDCHAR
STARTCHAR EAAE
ENCODING 60078
SWIDTH 660 0
DWIDTH 11 0
BBX 15 14 0 -1
BITMAP
7FFC
8004
8002
FFFE
8002
8002
8002
8002
8002
8002
8002
8002
C004
7FF8
ENDCHAR
STARTCHAR EAAF
ENCODING 60079
SWIDTH 660 0
DWIDTH 11 0
BBX 15 14 0 -1
BITMAP
0780
0C40
4848
3FF8
2010
2010
2010
E01E
2010
2010
1010
1820
37D0
6008
ENDCHAR
STARTCHAR EAB0
ENCODING 60080
SWIDTH 660 0
DWIDTH 11 0
BBX 15 14 0 -1
BITMAP
7FF8
8004
8002
FFFE
8002
8002
9B62
9B62
8002
9B02
9B02
8002
C004
7FF8
ENDCHAR
STARTCHAR EAB1
ENCODING 60081
SWIDTH 660 0
DWIDTH 11 0
BBX 14 10 0 1
BITMAP
1000
1800
2800
2800
2478
4408
7C7C
428C
828C
827C
ENDCHAR
STARTCHAR EAB2
ENCODING 60082
SWIDTH 660 0
DWIDTH 11 0
BBX 13 9 0 2
BITMAP
0008
0030
0060
00C0
8180
4300
2600
1C00
0800
ENDCHAR
STARTCHAR EAB3
ENCODING 60083
SWIDTH 660 0
DWIDTH 11 0
BBX 15 12 0 0
BITMAP
1000
A7FE
4000
0000
1000
B3FC
E3FC
4000
0000
1000
B7FE
6000
ENDCHAR
STARTCHAR EAB4
ENCODING 60084
SWIDTH 660 0
DWIDTH 11 0
BBX 11 6 0 3
BITMAP
8060
40C0
2180
1B00
0E00
0400
ENDCHAR
STARTCHAR EAB5
ENCODING 60085
SWIDTH 660 0
DWIDTH 11 0
BBX 5 10 2 1
BITMAP
08
10
20
40
80
80
40
20
10
08
ENDCHAR
STARTCHAR EAB6
ENCODING 60086
SWIDTH 660 0
DWIDTH 11 0
BBX 6 10 3 1
BITMAP
C0
60
30
18
0C
0C
18
30
60
C0
ENDCHAR
STARTCHAR EAB7
ENCODING 60087
SWIDTH 660 0
DWIDTH 11 0
BBX 11 6 0 4
BITMAP
0400
0E00
1300
2180
40C0
8060
ENDCHAR
STARTCHAR EAB8
ENCODING 60088
SWIDTH 660 0
DWIDTH 11 0
BBX 11 12 0 0
BITMAP
8020
4060
20C0
1180
0B00
0600
0E00
1900
3080
6040
C020
8000
ENDCHAR
STARTCHAR EAB9
ENCODING 60089
SWIDTH 660 0
DWIDTH 11 0
BBX 12 12 0 0
BITMAP
7FF0
8010
8010
8010
8010
8010
8010
8010
8010
8010
8010
7FF0
ENDCHAR
STARTCHAR EABA
ENCODING 60090
SWIDTH 660 0
DWIDTH 11 0
BBX 10 1 0 6
BITMAP
FFC0
ENDCHAR
STARTCHAR EABB
ENCODING 60091
SWIDTH 660 0
DWIDTH 11 0
BBX 11 10 0 1
BITMAP
3F80
0040
FF40
8160
8160
8160
8160
8140
8100
FF00
ENDCHAR
STARTCHAR EABC
ENCODING 60092
SWIDTH 660 0
DWIDTH 11 0
BBX 8 8 1 2
BITMAP
3E
67
C1
C1
C1
C1
67
3C
ENDCHAR
STARTCHAR EABD
ENCODING 60093
SWIDTH 660 0
DWIDTH 11 0
BBX 15 14 0 -1
BITMAP
0FE0
3030
6018
4024
C044
8084
8102
8202
8404
C804
500C
2008
1030
0FE0
ENDCHAR
STARTCHAR EABE
ENCODING 60094
SWIDTH 660 0
DWIDTH 11 0
BBX 15 14 0 -1
BITMAP
7FFC
8804
8802
8802
9CC2
957E
8CC2
8002
8062
87A2
8862
8802
8804
7FFC
ENDCHAR
STARTCHAR EABF
ENCODING 60095
SWIDTH 660 0
DWIDTH 11 0
BBX 15 12 0 0
BITMAP
C400
6800
31FE
3800
4C00
85FE
0000
0000
3FFE
0000
0000
3FFE
ENDCHAR
STARTCHAR EAC0
ENCODING 60096
SWIDTH 660 0
DWIDTH 11 0
BBX 13 16 0 -2
BITMAP
1F00
61C0
BF40
8040
8040
8040
8040
8240
8700
8EA0
8220
8220
8220
82E8
7A70
0020
ENDCHAR
STARTCHAR EAC1
ENCODING 60097
SWIDTH 660 0
DWIDTH 11 0
BBX 14 14 0 -1
BITMAP
7FE0
8020
8020
9128
8B24
8624
8E24
9924
8024
8024
C028
7FC8
0030
1FE0
ENDCHAR
STARTCHAR EAC2
ENCODING 60098
SWIDTH 660 0
DWIDTH 11 0
BBX 16 14 0 -1
BITMAP
0380
0C40
0820
1000
7030
C0FC
81DE
83DE
83DF
6397
1BCE
01FE
00FC
0070
ENDCHAR
STARTCHAR EAC3
ENCODING 60099
SWIDTH 660 0
DWIDTH 11 0
BBX 16 14 0 -1
BITMAP
0380
0C40
0820
1000
7030
C0FC
81FE
83CE
8397
63DF
1BDE
01DE
00FC
0070
ENDCHAR
STARTCHAR EAC4
ENCODING 60100
SWIDTH 660 0
DWIDTH 11 0
BBX 13 10 0 1
BITMAP
0080
0100
2130
6310
C208
C208
6410
2420
0800
0800
ENDCHAR
STARTCHAR EAC5
ENCODING 60101
SWIDTH 660 0
DWIDTH 11 0
BBX 14 14 0 -1
BITMAP
7FE0
8020
8020
8028
8024
9F24
8024
8024
8024
8024
C028
7FC8
0030
1FE0
ENDCHAR
STARTCHAR EAC6
ENCODING 60102
SWIDTH 660 0
DWIDTH 11 0
BBX 15 14 0 -1
BITMAP
0FE0
3E30
7E08
7E0C
FE04
FE04
FE02
FE02
FE04
FE04
7E0C
3E18
1E30
0FC0
ENDCHAR
STARTCHAR EAC7
ENCODING 60103
SWIDTH 660 0
DWIDTH 11 0
BBX 15 13 0 -1
BITMAP
7FE0
8010
8010
8010
8010
81FC
8204
8202
C202
2602
3A04
11FC
0010
ENDCHAR
STARTCHAR EAC9
ENCODING 60105
SWIDTH 660 0
DWIDTH 11 0
BBX 15 10 0 1
BITMAP
7FFC
8004
8002
FFFE
8002
8002
8002
8072
8004
7FFC
ENDCHAR
STARTCHAR EACC
ENCODING 60108
SWIDTH 660 0
DWIDTH 11 0
BBX 6 1 2 6
BITMAP
FC
ENDCHAR
STARTCHAR EACD
ENCODING 60109
SWIDTH 660 0
DWIDTH 11 0
BBX 12 12 0 0
BITMAP
1F80
3060
4E30
D090
B390
A750
A650
B050
50D0
4020
3060
1F80
ENDCHAR
STARTCHAR EACE
ENCODING 60110
SWIDTH 660 0
DWIDTH 11 0
BBX 11 14 0 -1
BITMAP
7F80
C040
8060
E0E0
9F60
8060
8060
8060
8060
8060
8060
8060
C040
3F80
ENDCHAR
STARTCHAR EACF
ENCODING 60111
SWIDTH 660 0
DWIDTH 11 0
BBX 13 12 0 0
BITMAP
CE00
CF00
CD80
CCE0
CC30
CC18
CC18
CC70
CCE0
CD80
CF00
CC00
ENDCHAR
STARTCHAR EAD0
ENCODING 60112
SWIDTH 660 0
DWIDTH 11 0
BBX 16 16 0 -2
BITMAP
0001
0002
00FC
018C
0184
00C4
0064
1638
3C00
2480
2300
2100
3100
3E00
4000
8000
ENDCHAR
STARTCHAR EAD1
ENCODING 60113
SWIDTH 660 0
DWIDTH 11 0
BBX 8 12 1 0
BITMAP
C1
C1
C1
C1
C1
C1
C1
C1
C1
C1
C1
C1
ENDCHAR
STARTCHAR EAD2
ENCODING 60114
SWIDTH 660 0
DWIDTH 11 0
BBX 13 12 0 0
BITMAP
DF80
F8E0
E060
F830
F810
0010
0018
4010
4030
6060
39E0
1F80
ENDCHAR
STARTCHAR EAD3
ENCODING 60115
SWIDTH 660 0
DWIDTH 11 0
BBX 11 12 0 0
BITMAP
E000
F800
CE00
C380
C1E0
C060
C060
C1C0
C780
CE00
F800
E000
ENDCHAR
STARTCHAR EAD4
ENCODING 60116
SWIDTH 660 0
DWIDTH 11 0
BBX 9 14 2 -1
BITMAP
1800
1800
1800
1800
9980
DB00
7E00
3C00
1800
0000
1800
3C00
3C00
1C00
ENDCHAR
STARTCHAR EAD5
ENCODING 60117
SWIDTH 660 0
DWIDTH 11 0
BBX 8 14 2 -1
BITMAP
18
3C
7E
DB
99
18
18
18
18
00
18
3C
3C
1C
ENDCHAR
STARTCHAR EAD6
ENCODING 60118
SWIDTH 660 0
DWIDTH 11 0
BBX 12 13 0 -1
BITMAP
1F90
38F0
6070
C0F0
C1F0
8000
0000
0000
0000
0600
0F00
0F00
0700
ENDCHAR
STARTCHAR EAD7
ENCODING 60119
SWIDTH 660 0
DWIDTH 11 0
BBX 12 12 0 0
BITMAP
FFF0
C010
C010
C010
C010
C010
C010
C010
C010
C010
C010
FFF0
ENDCHAR
STARTCHAR EAD8
ENCODING 60120
SWIDTH 660 0
DWIDTH 11 0
BBX 15 14 0 -1
BITMAP
0780
0C40
4848
3FF8
2010
2010
2690
E31E
2390
2490
1010
1820
37D0
6008
ENDCHAR
STARTCHAR EAD9
ENCODING 60121
SWIDTH 660 0
DWIDTH 11 0
BBX 15 10 0 1
BITMAP
7FC0
804C
8076
8066
8046
8046
8066
8056
804C
7FC0
ENDCHAR
STARTCHAR EADA
ENCODING 60122
SWIDTH 660 0
DWIDTH 11 0
BBX 13 12 0 0
BITMAP
0F80
1080
7060
C610
8D98
9098
9098
9098
8D98
8618
C010
7FE0
ENDCHAR
STARTCHAR EADB
ENCODING 60123
SWIDTH 660 0
DWIDTH 11 0
BBX 8 14 1 -1
BITMAP
FF
81
81
81
81
81
81
81
81
81
81
9D
81
FF
ENDCHAR
STARTCHAR EADC
ENCODING 60124
SWIDTH 660 0
DWIDTH 11 0
BBX 13 14 0 -1
BITMAP
7FF0
C008
8008
8208
8208
8208
9FC8
8208
8208
8208
8008
8008
C008
3FF0
ENDCHAR
STARTCHAR EADD
ENCODING 60125
SWIDTH 660 0
DWIDTH 11 0
BBX 13 14 0 -1
BITMAP
7FF0
C008
8008
8048
80C8
8188
8308
8608
8C08
9808
9008
8008
C008
3FF0
ENDCHAR
STARTCHAR EADE
ENCODING 60126
SWIDTH 660 0
DWIDTH 11 0
BBX 14 14 0 -1
BITMAP
7FF0
C008
8008
830C
8F8C
9FCC
9FCC
9FCC
9FCC
8F8C
820C
800C
C008
3FF0
ENDCHAR
STARTCHAR EADF
ENCODING 60127
SWIDTH 660 0
DWIDTH 11 0
BBX 13 14 0 -1
BITMAP
7FF0
C008
8008
8008
8008
8008
9FC8
8008
8008
8008
8008
8008
C008
3FF0
ENDCHAR
STARTCHAR EAE0
ENCODING 60128
SWIDTH 660 0
DWIDTH 11 0
BBX 13 14 0 -1
BITMAP
7FF0
C008
8008
8008
8108
8088
9FC8
8048
8088
8008
8008
8008
C008
3FF0
ENDCHAR
STARTCHAR EAE1
ENCODING 60129
SWIDTH 660 0
DWIDTH 11 0
BBX 15 12 0 0
BITMAP
FC7C
8482
8482
FC82
8482
8482
84FE
84FE
8482
8482
8482
FC7C
ENDCHAR
STARTCHAR EAE2
ENCODING 60130
SWIDTH 660 0
DWIDTH 11 0
BBX 11 12 0 0
BITMAP
87C0
8860
9020
A020
C020
FC20
0060
00C0
0180
0300
0600
0C00
ENDCHAR
STARTCHAR EAE3
ENCODING 60131
SWIDTH 660 0
DWIDTH 11 0
BBX 15 14 0 -1
BITMAP
FC00
8400
FC00
8400
87FC
8404
87FE
8402
FC02
0802
0802
0802
0804
07FC
ENDCHAR
STARTCHAR EAE4
ENCODING 60132
SWIDTH 660 0
DWIDTH 11 0
BBX 16 16 0 -2
BITMAP
1C00
7F7C
7782
F782
C0BF
F781
F781
7781
3F01
0801
4001
4001
4001
4002
2006
1FFC
ENDCHAR
STARTCHAR EAE5
ENCODING 60133
SWIDTH 660 0
DWIDTH 11 0
BBX 15 16 0 -2
BITMAP
0780
0480
0480
7878
8004
C30C
6430
24FC
65FE
83FE
83FE
7B02
03FE
01FE
01FC
0070
ENDCHAR
STARTCHAR EAE6
ENCODING 60134
SWIDTH 660 0
DWIDTH 11 0
BBX 15 14 0 -1
BITMAP
0070
FE88
830C
8206
8304
8388
82D0
FFF8
8204
8204
8204
8204
8204
FFF8
ENDCHAR
STARTCHAR EAE7
ENCODING 60135
SWIDTH 660 0
DWIDTH 11 0
BBX 15 14 0 -1
BITMAP
C000
6000
3000
1BC0
1C30
2618
6308
458C
04C0
04E0
03B0
0018
000C
0006
ENDCHAR
STARTCHAR EAE8
ENCODING 60136
SWIDTH 660 0
DWIDTH 11 0
BBX 11 14 0 -1
BITMAP
FE00
8500
8480
8440
83E0
8060
8060
9960
AB60
A960
A960
B960
8040
7FC0
ENDCHAR
STARTCHAR EAE9
ENCODING 60137
SWIDTH 660 0
DWIDTH 11 0
BBX 14 14 0 -1
BITMAP
0FC0
10A0
1090
1088
107C
100C
100C
100C
000C
220C
410C
808C
418C
2378
ENDCHAR
STARTCHAR EAEA
ENCODING 60138
SWIDTH 660 0
DWIDTH 11 0
BBX 14 16 0 -2
BITMAP
0FC0
10A0
1090
1098
10FC
000C
3F0C
FF8C
FD8C
FD8C
FF8C
E38C
E98C
DC88
BE30
7F00
ENDCHAR
STARTCHAR EAEB
ENCODING 60139
SWIDTH 660 0
DWIDTH 11 0
BBX 15 14 0 -1
BITMAP
3F80
2140
2120
2110
20F0
2010
FFFC
8002
BBBA
AAA2
BAB2
A3A2
8002
FFFC
ENDCHAR
STARTCHAR EAEC
ENCODING 60140
SWIDTH 660 0
DWIDTH 11 0
BBX 15 12 0 0
BITMAP
7C00
87E0
8410
F810
8014
8012
8012
8012
8014
7FF4
000C
1FF0
ENDCHAR
STARTCHAR EAED
ENCODING 60141
SWIDTH 660 0
DWIDTH 11 0
BBX 16 14 0 -1
BITMAP
3E00
4100
41FE
4302
7E01
0001
7F01
FF01
C301
F301
EB02
CB7E
FF00
FF00
ENDCHAR
STARTCHAR EAEE
ENCODING 60142
SWIDTH 660 0
DWIDTH 11 0
BBX 14 16 0 -2
BITMAP
0FC0
10A0
1090
1098
107C
100C
000C
7E0C
FF0C
C30C
C30C
F30C
CB0C
DB08
FF70
7E00
ENDCHAR
STARTCHAR EAEF
ENCODING 60143
SWIDTH 660 0
DWIDTH 11 0
BBX 15 12 0 0
BITMAP
7C00
8200
83FC
86A4
FCA2
80E2
8042
80C2
8062
80C2
8044
7FFC
ENDCHAR
STARTCHAR EAF0
ENCODING 60144
SWIDTH 660 0
DWIDTH 11 0
BBX 14 16 0 -2
BITMAP
3F80
2140
A120
A110
A108
A0FC
A00C
A00C
A00C
A00C
A00C
A00C
A00C
9FF8
4000
3FE0
ENDCHAR
STARTCHAR EAF1
ENCODING 60145
SWIDTH 660 0
DWIDTH 11 0
BBX 15 14 0 -1
BITMAP
7FFC
8004
8006
C004
6008
3010
1820
0C40
0480
0480
0480
0480
0480
0780
ENDCHAR
STARTCHAR EAF2
ENCODING 60146
SWIDTH 660 0
DWIDTH 11 0
BBX 11 14 0 -1
BITMAP
0E00
1A00
1100
1100
1080
48C0
F840
9020
8020
8020
8020
4040
60C0
1F80
ENDCHAR
STARTCHAR EAF3
ENCODING 60147
SWIDTH 660 0
DWIDTH 11 0
BBX 11 10 0 1
BITMAP
8060
40C0
2180
1300
8E00
4440
2080
1100
0A00
0400
ENDCHAR
STARTCHAR EAF4
ENCODING 60148
SWIDTH 660 0
DWIDTH 11 0
BBX 11 10 0 1
BITMAP
0400
0E00
1300
2180
44C0
8E40
1300
2180
40C0
8060
ENDCHAR
STARTCHAR EAF5
ENCODING 60149
SWIDTH 660 0
DWIDTH 11 0
BBX 8 12 1 0
BITMAP
81
43
26
1C
08
00
00
08
14
22
41
80
ENDCHAR
STARTCHAR EAF6
ENCODING 60150
SWIDTH 660 0
DWIDTH 11 0
BBX 16 14 0 -1
BITMAP
7C00
8200
83FC
8604
FC02
8078
81FC
81FE
83F2
8327
838F
7DDE
01FE
00F8
ENDCHAR
STARTCHAR EAF7
ENCODING 60151
SWIDTH 660 0
DWIDTH 11 0
BBX 15 12 0 0
BITMAP
7800
8400
83F0
8010
9FFC
A004
E002
C004
8004
8008
8018
7FF0
ENDCHAR
STARTCHAR EAF8
ENCODING 60152
SWIDTH 660 0
DWIDTH 11 0
BBX 14 14 0 -1
BITMAP
0780
0480
7CF8
5868
8004
4788
2490
2490
C30C
8004
5868
6CD8
0480
0780
ENDCHAR
STARTCHAR EAF9
ENCODING 60153
SWIDTH 660 0
DWIDTH 11 0
BBX 14 14 0 -1
BITMAP
0D80
1340
1240
FFF8
820C
820C
FFFC
4210
4210
4210
4210
4210
6210
3FE0
ENDCHAR
STARTCHAR EAFA
ENCODING 60154
SWIDTH 660 0
DWIDTH 11 0
BBX 13 14 0 -1
BITMAP
1F80
2140
2120
2110
00F8
3818
2418
2418
FE18
FE18
EE18
EE18
FE18
FEF0
ENDCHAR
STARTCHAR EAFB
ENCODING 60155
SWIDTH 660 0
DWIDTH 11 0
BBX 13 14 0 -1
BITMAP
0FC0
10A0
1090
1088
1078
1008
1008
1008
0008
2208
4108
8088
4188
2378
ENDCHAR
STARTCHAR EAFC
ENCODING 60156
SWIDTH 660 0
DWIDTH 11 0
BBX 7 14 2 -1
BITMAP
10
10
10
38
4C
86
82
82
86
6C
30
10
10
10
ENDCHAR
STARTCHAR EAFD
ENCODING 60157
SWIDTH 660 0
DWIDTH 11 0
BBX 15 14 0 -1
BITMAP
7080
8900
8BF0
D990
7090
2010
2010
2010
2010
2438
2224
1F42
0324
063C
ENDCHAR
STARTCHAR EAFE
ENCODING 60158
SWIDTH 660 0
DWIDTH 11 0
BBX 12 14 0 -1
BITMAP
7000
8800
8800
C800
7000
30F0
3990
2710
2090
70F0
C800
8800
8800
7000
ENDCHAR
STARTCHAR EAFF
ENCODING 60159
SWIDTH 660 0
DWIDTH 11 0
BBX 14 14 0 -1
BITMAP
7FF0
8010
8010
8000
BF78
80F8
BEF0
9EFC
FDFC
3CF8
0070
00E0
00C0
00C0
ENDCHAR
STARTCHAR EB00
ENCODING 60160
SWIDTH 660 0
DWIDTH 11 0
BBX 14 14 0 -1
BITMAP
3FB8
2048
2008
4008
4004
4004
4008
4008
2010
9C60
4840
6840
1840
0840
ENDCHAR
STARTCHAR EB01
ENCODING 60161
SWIDTH 660 0
DWIDTH 11 0
BBX 15 14 0 -1
BITMAP
0FE0
34B0
6448
444C
FFFC
8844
8842
8842
8844
FFFC
444C
2448
14B0
0FC0
ENDCHAR
STARTCHAR EB02
ENCODING 60162
SWIDTH 660 0
DWIDTH 11 0
BBX 13 4 0 4
BITMAP
FFF8
0000
0000
FFF8
ENDCHAR
STARTCHAR EB03
ENCODING 60163
SWIDTH 660 0
DWIDTH 11 0
BBX 15 14 0 -1
BITMAP
003C
0022
0022
0022
07A2
04A2
F4A2
94A2
94A2
94A2
94A2
94A2
94A2
F79C
ENDCHAR
STARTCHAR EB04
ENCODING 60164
SWIDTH 660 0
DWIDTH 11 0
BBX 6 10 2 1
BITMAP
CC
C4
00
00
CC
C4
00
00
C4
CC
ENDCHAR
STARTCHAR EB05
ENCODING 60165
SWIDTH 660 0
DWIDTH 11 0
BBX 15 12 0 0
BITMAP
7CF8
4384
8104
8006
8004
4004
6008
3010
1820
0C40
0680
0300
ENDCHAR
STARTCHAR EB06
ENCODING 60166
SWIDTH 660 0
DWIDTH 11 0
BBX 12 14 0 -1
BITMAP
0600
0D00
1880
3040
6020
C010
8010
8010
8710
8910
8910
8910
8910
70F0
ENDCHAR
STARTCHAR EB07
ENCODING 60167
SWIDTH 660 0
DWIDTH 11 0
BBX 13 12 0 0
BITMAP
04F0
4498
4488
4488
7CF0
4490
4488
4488
0088
0000
0000
FFF8
ENDCHAR
STARTCHAR EB08
ENCODING 60168
SWIDTH 660 0
DWIDTH 11 0
BBX 12 14 0 -1
BITMAP
0600
0600
0200
7FE0
4020
C8B0
C8B0
C030
4FA0
4020
79E0
0A00
0C00
0C00
ENDCHAR
STARTCHAR EB09
ENCODING 60169
SWIDTH 660 0
DWIDTH 11 0
BBX 15 14 0 -1
BITMAP
7FFC
8004
8002
8002
8002
8002
8002
F87E
8842
86C2
8302
8002
8004
7FFC
ENDCHAR
STARTCHAR EB0B
ENCODING 60171
SWIDTH 660 0
DWIDTH 11 0
BBX 15 14 0 -1
BITMAP
0FE0
B030
E008
C00C
F004
0004
8302
8300
8000
C03E
400E
200A
1032
0FC0
ENDCHAR
STARTCHAR EB0C
ENCODING 60172
SWIDTH 660 0
DWIDTH 11 0
BBX 15 14 0 -1
BITMAP
0FE0
3030
6008
400C
C004
8004
8302
8302
8004
C004
400C
2008
1030
0FC0
ENDCHAR
STARTCHAR EB0D
ENCODING 60173
SWIDTH 660 0
DWIDTH 11 0
BBX 11 12 0 0
BITMAP
0FE0
0100
0100
0200
0200
0600
0400
0400
0800
0800
0800
FE00
ENDCHAR
STARTCHAR EB0E
ENCODING 60174
SWIDTH 660 0
DWIDTH 11 0
BBX 15 12 0 0
BITMAP
3C70
C78E
8004
C004
703C
1020
1020
1020
1020
1020
1020
1FE0
ENDCHAR
STARTCHAR EB0F
ENCODING 60175
SWIDTH 660 0
DWIDTH 11 0
BBX 12 12 0 0
BITMAP
7060
4020
4020
4020
4020
C010
C010
4020
4020
4020
4020
7060
ENDCHAR
STARTCHAR EB10
ENCODING 60176
SWIDTH 660 0
DWIDTH 11 0
BBX 2 10 4 1
BITMAP
C0
40
00
00
C0
C0
00
00
C0
C0
ENDCHAR
STARTCHAR EB11
ENCODING 60177
SWIDTH 660 0
DWIDTH 11 0
BBX 15 14 0 -1
BITMAP
01F8
030C
0204
0464
0422
0404
0404
0808
10F0
2700
4400
9C00
9000
F000
ENDCHAR
STARTCHAR EB12
ENCODING 60178
SWIDTH 660 0
DWIDTH 11 0
BBX 13 12 0 0
BITMAP
7FF8
3230
5270
5248
8A48
FAF8
8A48
7270
0200
1FE0
2020
3FE0
ENDCHAR
STARTCHAR EB13
ENCODING 60179
SWIDTH 660 0
DWIDTH 11 0
BBX 15 14 0 -1
BITMAP
3E00
4100
C080
8080
8000
80F8
41DC
63DE
2306
3B06
238E
1B0E
017C
00F8
ENDCHAR
STARTCHAR EB14
ENCODING 60180
SWIDTH 660 0
DWIDTH 11 0
BBX 15 14 0 -1
BITMAP
7CFE
800E
801A
8022
8042
8082
8000
8000
8002
8002
8002
8002
8004
7FFC
ENDCHAR
STARTCHAR EB15
ENCODING 60181
SWIDTH 660 0
DWIDTH 11 0
BBX 12 8 0 2
BITMAP
39C0
6030
8010
9F90
8010
C010
6060
19C0
ENDCHAR
STARTCHAR EB16
ENCODING 60182
SWIDTH 660 0
DWIDTH 11 0
BBX 13 14 0 -1
BITMAP
4000
C000
47F8
4000
0000
E000
27F8
4000
E000
0000
E7F8
2000
2000
E000
ENDCHAR
STARTCHAR EB17
ENCODING 60183
SWIDTH 660 0
DWIDTH 11 0
BBX 15 12 0 0
BITMAP
C000
CFFC
0000
0000
0000
CFFC
C000
0000
0000
0000
CFFE
C000
ENDCHAR
STARTCHAR EB18
ENCODING 60184
SWIDTH 660 0
DWIDTH 11 0
BBX 16 15 0 -1
BITMAP
0020
3E30
6028
81E4
8302
8401
8802
89EC
9338
9430
9804
9004
8004
8004
7FF8
ENDCHAR
STARTCHAR EB19
ENCODING 60185
SWIDTH 660 0
DWIDTH 11 0
BBX 12 6 0 3
BITMAP
1FC0
2060
4030
C010
8010
8010
ENDCHAR
STARTCHAR EB1A
ENCODING 60186
SWIDTH 660 0
DWIDTH 11 0
BBX 12 14 0 -1
BITMAP
1F80
2060
4020
C010
8F10
8990
8910
8710
4010
4020
2040
10C0
0980
0700
ENDCHAR
STARTCHAR EB1B
ENCODING 60187
SWIDTH 660 0
DWIDTH 11 0
BBX 15 12 0 0
BITMAP
0780
1C60
6018
8004
C006
B01A
9C62
8782
8002
8002
8006
7FFC
ENDCHAR
STARTCHAR EB1C
ENCODING 60188
SWIDTH 660 0
DWIDTH 11 0
BBX 15 10 0 1
BITMAP
FFFC
8006
C006
B01A
9C62
8782
8002
8002
8006
7FFC
ENDCHAR
STARTCHAR EB1D
ENCODING 60189
SWIDTH 660 0
DWIDTH 11 0
BBX 14 10 0 1
BITMAP
8100
C310
E310
B510
9910
8110
8110
8134
8118
8100
ENDCHAR
STARTCHAR EB1E
ENCODING 60190
SWIDTH 660 0
DWIDTH 11 0
BBX 15 14 0 -1
BITMAP
000C
0076
0382
1C02
E002
8002
8002
8002
7002
1E02
1382
10F6
098C
0600
ENDCHAR
STARTCHAR EB1F
ENCODING 60191
SWIDTH 660 0
DWIDTH 11 0
BBX 13 12 0 0
BITMAP
1F80
3060
4020
C790
8990
8898
8890
8990
47E0
4000
3000
1F80
ENDCHAR
STARTCHAR EB20
ENCODING 60192
SWIDTH 660 0
DWIDTH 11 0
BBX 12 14 0 -1
BITMAP
1E00
1200
1200
FFE0
8030
8010
8030
FFE0
1200
1200
1200
1200
1200
1E00
ENDCHAR
STARTCHAR EB21
ENCODING 60193
SWIDTH 660 0
DWIDTH 11 0
BBX 14 12 0 0
BITMAP
0780
0C60
3010
400C
C004
A018
B830
A4D0
A390
2010
1030
0FC0
ENDCHAR
STARTCHAR EB22
ENCODING 60194
SWIDTH 660 0
DWIDTH 11 0
BBX 14 14 0 -1
BITMAP
0300
0780
0540
0100
2100
6008
F83C
C004
6008
2100
0100
0540
0780
0300
ENDCHAR
STARTCHAR EB23
ENCODING 60195
SWIDTH 660 0
DWIDTH 11 0
BBX 15 14 0 -1
BITMAP
7FF0
8010
8010
FFF4
8012
8012
8012
8012
8012
8012
8014
7FF4
000C
1FF0
ENDCHAR
STARTCHAR EB24
ENCODING 60196
SWIDTH 660 0
DWIDTH 11 0
BBX 13 12 0 0
BITMAP
0200
0600
0A00
F200
82D8
8270
8270
82D8
F200
0A00
0600
0200
ENDCHAR
STARTCHAR EB25
ENCODING 60197
SWIDTH 660 0
DWIDTH 11 0
BBX 16 14 0 -1
BITMAP
0010
0018
1818
3000
6030
FCFC
C1FE
63FA
33F1
1BE1
03C2
0182
00CC
0030
ENDCHAR
STARTCHAR EB26
ENCODING 60198
SWIDTH 660 0
DWIDTH 11 0
BBX 12 12 0 0
BITMAP
7FF0
8010
8010
8010
8010
8010
81F0
8310
8220
8240
8280
7F00
ENDCHAR
STARTCHAR EB27
ENCODING 60199
SWIDTH 660 0
DWIDTH 11 0
BBX 15 12 0 0
BITMAP
6018
7FFC
7FFC
7FFC
FFFC
F7DE
C04E
CC64
CC64
404C
2018
1FE0
ENDCHAR
STARTCHAR EB28
ENCODING 60200
SWIDTH 660 0
DWIDTH 11 0
BBX 17 16 0 -2
BITMAP
1FFE00
304100
204080
204080
204080
004080
184080
6C4080
C24080
824080
824080
C24080
6E4080
1B4100
01BE00
008000
ENDCHAR
STARTCHAR EB29
ENCODING 60201
SWIDTH 660 0
DWIDTH 11 0
BBX 15 14 0 -1
BITMAP
07C0
3870
E00C
E00E
9872
A782
9902
8502
B902
8102
8102
E10C
1D70
0780
ENDCHAR
STARTCHAR EB2A
ENCODING 60202
SWIDTH 660 0
DWIDTH 11 0
BBX 14 14 0 -1
BITMAP
0200
0300
0780
0AC0
1060
2030
4010
FFF0
C060
40D8
219C
1324
0E24
003C
ENDCHAR
STARTCHAR EB2B
ENCODING 60203
SWIDTH 660 0
DWIDTH 11 0
BBX 15 10 0 1
BITMAP
0004
043A
07E2
0402
7C02
8402
0402
07E2
041A
0004
ENDCHAR
STARTCHAR EB2C
ENCODING 60204
SWIDTH 660 0
DWIDTH 11 0
BBX 11 12 0 0
BITMAP
E000
9800
8600
8180
80E0
8020
8020
80C0
8380
8600
9800
E000
ENDCHAR
STARTCHAR EB2D
ENCODING 60205
SWIDTH 660 0
DWIDTH 11 0
BBX 8 14 1 -1
BITMAP
24
24
24
FF
81
81
81
81
C1
43
3C
08
08
08
ENDCHAR
STARTCHAR EB2E
ENCODING 60206
SWIDTH 660 0
DWIDTH 11 0
BBX 15 10 0 1
BITMAP
10F8
1888
2888
2888
24F8
4484
7C86
4686
8284
82F8
ENDCHAR
STARTCHAR EB2F
ENCODING 60207
SWIDTH 660 0
DWIDTH 11 0
BBX 15 12 0 0
BITMAP
7FFC
8004
BFF2
A012
BFF2
8002
BDF2
8112
BD12
81F2
8004
7FFC
ENDCHAR
STARTCHAR EB30
ENCODING 60208
SWIDTH 660 0
DWIDTH 11 0
BBX 15 14 0 -1
BITMAP
7FFC
8004
8002
FFFE
8002
8002
8002
8002
8002
8002
8002
8002
C004
7FF8
ENDCHAR
STARTCHAR EB31
ENCODING 60209
SWIDTH 660 0
DWIDTH 11 0
BBX 14 12 0 0
BITMAP
0800
0800
1800
1440
1460
24E0
E6BC
0280
0280
0300
0100
0100
ENDCHAR
STARTCHAR EB32
ENCODING 60210
SWIDTH 660 0
DWIDTH 11 0
BBX 15 14 0 -1
BITMAP
0FE0
3030
6008
438C
C4C4
8444
8082
8102
8104
C004
410C
2108
1030
0FC0
ENDCHAR
STARTCHAR EB33
ENCODING 60211
SWIDTH 660 0
DWIDTH 11 0
BBX 11 10 0 1
BITMAP
F1C0
F3E0
F3E0
F3C0
1040
1040
3040
2080
4180
0100
ENDCHAR
STARTCHAR EB34
ENCODING 60212
SWIDTH 660 0
DWIDTH 11 0
BBX 13 14 0 -1
BITMAP
2020
4010
D058
A228
A528
A728
B568
5550
4890
28A0
18C0
1FC0
1040
2020
ENDCHAR
STARTCHAR EB35
ENCODING 60213
SWIDTH 660 0
DWIDTH 11 0
BBX 15 14 0 -1
BITMAP
1F80
2060
4020
C010
8990
8890
8000
8078
4EDC
41DC
3102
0DDC
00DC
0078
ENDCHAR
STARTCHAR EB36
ENCODING 60214
SWIDTH 660 0
DWIDTH 11 0
BBX 15 16 0 -2
BITMAP
11FE
0902
FD7A
8902
917A
8102
007A
FF02
817E
BD00
8100
BD00
8100
BD00
8100
FF00
ENDCHAR
STARTCHAR EB37
ENCODING 60215
SWIDTH 660 0
DWIDTH 11 0
BBX 12 12 0 0
BITMAP
1F90
2070
4030
40F0
8000
8000
8010
8010
4010
4020
3040
1F80
ENDCHAR
STARTCHAR EB38
ENCODING 60216
SWIDTH 660 0
DWIDTH 11 0
BBX 9 12 1 0
BITMAP
0400
1500
1E00
3F80
0E00
1700
0500
0400
0000
0000
C000
8000
ENDCHAR
STARTCHAR EB39
ENCODING 60217
SWIDTH 660 0
DWIDTH 11 0
BBX 16 15 0 -1
BITMAP
7FF0
C018
8008
8008
8008
8008
8010
807C
80FA
81F7
FDB7
09DB
3DDF
00BE
007C
ENDCHAR
STARTCHAR EB3A
ENCODING 60218
SWIDTH 660 0
DWIDTH 11 0
BBX 10 14 0 -1
BITMAP
0040
00C0
0180
0300
8600
C200
6100
3080
1840
0800
1000
2000
4000
8000
ENDCHAR
STARTCHAR EB3B
ENCODING 60219
SWIDTH 660 0
DWIDTH 11 0
BBX 13 1 0 6
BITMAP
FFF8
ENDCHAR
STARTCHAR EB3C
ENCODING 60220
SWIDTH 660 0
DWIDTH 11 0
BBX 17 16 0 -2
BITMAP
000C00
00EF00
002D00
3CEC80
20AD00
A8E700
700000
27F800
000400
7FF600
67B200
6B5200
72F200
5AF200
631000
7FF000
ENDCHAR
STARTCHAR EB3D
ENCODING 60221
SWIDTH 660 0
DWIDTH 11 0
BBX 12 16 0 -2
BITMAP
0080
0080
0EF0
1090
5490
7CF0
3800
0000
7C00
FE00
C600
DE00
DE00
C600
EE00
FE00
ENDCHAR
STARTCHAR EB3E
ENCODING 60222
SWIDTH 660 0
DWIDTH 11 0
BBX 11 16 0 -2
BITMAP
0400
E5C0
8460
8460
9760
8E60
8460
8060
8060
8060
8060
FFE0
8000
B800
7FC0
3800
ENDCHAR
STARTCHAR EB3F
ENCODING 60223
SWIDTH 660 0
DWIDTH 11 0
BBX 11 16 0 -2
BITMAP
0400
0E00
1D00
3480
0E00
1D00
3480
0400
0400
0400
0000
0F00
1100
F1E0
1B00
0600
ENDCHAR
STARTCHAR EB40
ENCODING 60224
SWIDTH 660 0
DWIDTH 11 0
BBX 11 16 0 -2
BITMAP
0400
0400
0400
0400
0400
2480
3580
1F00
0E00
0000
0000
0F00
1100
F1E0
1B00
0600
ENDCHAR
STARTCHAR EB41
ENCODING 60225
SWIDTH 660 0
DWIDTH 11 0
BBX 11 16 0 -2
BITMAP
0400
0E00
1D00
3480
0400
0400
0400
0400
0400
0000
0000
0F00
1100
F1E0
1B00
0600
ENDCHAR
STARTCHAR EB42
ENCODING 60226
SWIDTH 660 0
DWIDTH 11 0
BBX 15 14 0 -1
BITMAP
7FF8
C004
8106
8106
8106
8106
8006
8106
8106
C004
31F8
1600
1C00
0800
ENDCHAR
STARTCHAR EB43
ENCODING 60227
SWIDTH 660 0
DWIDTH 11 0
BBX 12 15 2 -2
BITMAP
7F00
8180
80C0
8460
8430
9F30
8430
8430
8030
8030
8030
9F30
8030
C020
7FC0
ENDCHAR
STARTCHAR EB44
ENCODING 60228
SWIDTH 660 0
DWIDTH 11 0
BBX 12 12 0 0
BITMAP
01E0
0610
3C10
7B90
3290
23A0
1060
28C0
75C0
BBC0
5080
A000
ENDCHAR
STARTCHAR EB45
ENCODING 60229
SWIDTH 660 0
DWIDTH 11 0
BBX 16 14 0 -1
BITMAP
3C00
4200
41F8
4008
43FE
3E03
6101
DC82
BE82
BE84
BE8C
DCB8
6100
3E00
ENDCHAR
STARTCHAR EB46
ENCODING 60230
SWIDTH 660 0
DWIDTH 11 0
BBX 16 14 0 -1
BITMAP
3E00
4100
41FE
4302
0001
3E01
6101
DC81
BE81
BE81
BE82
DCBE
6100
3E00
ENDCHAR
STARTCHAR EB47
ENCODING 60231
SWIDTH 660 0
DWIDTH 11 0
BBX 13 14 0 -1
BITMAP
7FF0
C008
8008
9808
8608
8188
9088
8C48
8248
9248
9208
8008
C008
3FF0
ENDCHAR
STARTCHAR EB48
ENCODING 60232
SWIDTH 660 0
DWIDTH 11 0
BBX 14 14 0 -1
BITMAP
3FF8
2448
4448
4444
FFFC
C844
6448
2458
14B0
0AA0
0EC0
0780
0380
0100
ENDCHAR
STARTCHAR EB49
ENCODING 60233
SWIDTH 660 0
DWIDTH 11 0
BBX 15 14 0 -1
BITMAP
FFE0
8930
8F10
8010
8014
8012
9F92
9092
9092
9092
9092
7FF4
000C
1FF8
ENDCHAR
STARTCHAR EB4A
ENCODING 60234
SWIDTH 660 0
DWIDTH 11 0
BBX 16 16 0 -2
BITMAP
7FF0
8888
8884
8F86
8002
8002
8000
8FC0
902F
901F
903E
907C
90F8
D0F0
7DE0
0180
ENDCHAR
STARTCHAR EB4B
ENCODING 60235
SWIDTH 660 0
DWIDTH 11 0
BBX 15 14 0 -1
BITMAP
FFF0
8888
8884
8782
8002
8002
8002
9FE2
9022
9022
9022
9022
9026
FFFC
ENDCHAR
STARTCHAR EB4C
ENCODING 60236
SWIDTH 660 0
DWIDTH 11 0
BBX 13 12 0 0
BITMAP
F0F0
8018
8018
8008
0000
0000
0000
0000
8018
8018
8018
F0F0
ENDCHAR
STARTCHAR EB4D
ENCODING 60237
SWIDTH 660 0
DWIDTH 11 0
BBX 13 12 0 0
BITMAP
1080
1080
10C0
E070
0000
0000
0000
0000
E078
10C0
1080
1080
ENDCHAR
STARTCHAR EB4E
ENCODING 60238
SWIDTH 660 0
DWIDTH 11 0
BBX 15 14 0 -1
BITMAP
0FC0
1060
3020
2020
0020
3E20
6120
C2A0
84B0
8898
908C
E086
6100
3E00
ENDCHAR
STARTCHAR EB50
ENCODING 60240
SWIDTH 660 0
DWIDTH 11 0
BBX 12 14 0 -1
BITMAP
7FF0
8010
8050
8010
FFF0
8010
8010
8010
8010
FFF0
8010
8010
8010
7FF0
ENDCHAR
STARTCHAR EB51
ENCODING 60241
SWIDTH 660 0
DWIDTH 11 0
BBX 14 14 0 -1
BITMAP
0780
0480
7CF8
5868
8004
4788
2490
2490
C30C
8004
5868
6CD8
0480
0780
ENDCHAR
STARTCHAR EB52
ENCODING 60242
SWIDTH 660 0
DWIDTH 11 0
BBX 13 12 0 0
BITMAP
0180
0340
FE70
01C0
0000
0000
0000
0000
3C00
E7F8
3400
1800
ENDCHAR
STARTCHAR EB53
ENCODING 60243
SWIDTH 660 0
DWIDTH 11 0
BBX 13 14 0 -1
BITMAP
0200
0F80
F0F0
8018
8018
8618
8618
8210
4210
4030
2060
10C0
0F00
0200
ENDCHAR
STARTCHAR EB54
ENCODING 60244
SWIDTH 660 0
DWIDTH 11 0
BBX 12 12 0 0
BITMAP
1F80
2060
4020
4010
8990
8890
8010
8010
4D90
4620
3040
1F80
ENDCHAR
STARTCHAR EB55
ENCODING 60245
SWIDTH 660 0
DWIDTH 11 0
BBX 15 14 0 -1
BITMAP
2000
27FE
2406
2586
2006
2FE6
2026
2C2C
2DA0
21A0
2020
ABE0
7800
3000
ENDCHAR
STARTCHAR EB56
ENCODING 60246
SWIDTH 660 0
DWIDTH 11 0
BBX 15 14 0 -1
BITMAP
7FFC
8104
8102
8102
8102
8102
8102
8102
8102
8102
8102
8102
8104
7FFC
ENDCHAR
STARTCHAR EB57
ENCODING 60247
SWIDTH 660 0
DWIDTH 11 0
BBX 15 14 0 -1
BITMAP
7FFC
8004
8002
8002
8002
8002
FFFE
8002
8002
8002
8002
8002
8004
7FFC
ENDCHAR
STARTCHAR EB58
ENCODING 60248
SWIDTH 660 0
DWIDTH 11 0
BBX 15 14 0 -1
BITMAP
14F0
1D88
6704
4304
9102
C03C
3020
7030
8010
FC18
0830
3830
4030
7FE0
ENDCHAR
STARTCHAR EB59
ENCODING 60249
SWIDTH 660 0
DWIDTH 11 0
BBX 15 14 0 -1
BITMAP
0180
0380
03C0
07C0
7FFE
FFFE
7FFE
3FFC
1FF8
1FF0
1FF0
1FF0
1EF8
1838
ENDCHAR
STARTCHAR EB5A
ENCODING 60250
SWIDTH 660 0
DWIDTH 11 0
BBX 15 14 0 -1
BITMAP
0180
0380
0340
0740
7F7E
FF02
7F06
3F0C
1F18
1F10
1F10
1F90
1EC8
1838
ENDCHAR
STARTCHAR EB5B
ENCODING 60251
SWIDTH 660 0
DWIDTH 11 0
BBX 14 12 0 0
BITMAP
1C00
3600
6600
CC18
9FEC
7168
2130
0100
0118
01EC
0068
0030
ENDCHAR
STARTCHAR EB5C
ENCODING 60252
SWIDTH 660 0
DWIDTH 11 0
BBX 15 14 0 -1
BITMAP
0FE0
3030
6308
5B6C
9824
8004
8032
9E12
7204
0264
0264
020C
0108
00F0
ENDCHAR
STARTCHAR EB5D
ENCODING 60253
SWIDTH 660 0
DWIDTH 11 0
BBX 13 12 0 0
BITMAP
7FF0
8010
8018
8018
9F98
8018
8018
9F98
8018
8018
8010
7FF0
ENDCHAR
STARTCHAR EB5E
ENCODING 60254
SWIDTH 660 0
DWIDTH 11 0
BBX 15 12 0 0
BITMAP
07FC
0402
05F2
0402
0072
FF82
FFBC
FF80
C180
FF80
FF80
FF80
ENDCHAR
STARTCHAR EB5F
ENCODING 60255
SWIDTH 660 0
DWIDTH 11 0
BBX 15 12 0 0
BITMAP
0180
0770
381C
E006
9066
8F86
8206
8206
800C
6070
1F80
0200
ENDCHAR
STARTCHAR EB60
ENCODING 60256
SWIDTH 660 0
DWIDTH 11 0
BBX 11 14 0 -1
BITMAP
FE00
8500
8480
8440
83E0
8060
8060
8060
8060
8060
8060
8060
8040
7FC0
ENDCHAR
STARTCHAR EB61
ENCODING 60257
SWIDTH 660 0
DWIDTH 11 0
BBX 15 8 0 2
BITMAP
0030
00CC
7084
9F02
9106
6084
00DC
0030
ENDCHAR
STARTCHAR EB62
ENCODING 60258
SWIDTH 660 0
DWIDTH 11 0
BBX 12 14 0 -1
BITMAP
FF00
8100
8170
FF00
0000
0000
FE70
7E70
0000
0000
FBF0
0000
0000
FF00
ENDCHAR
STARTCHAR EB63
ENCODING 60259
SWIDTH 660 0
DWIDTH 11 0
BBX 17 14 0 -1
BITMAP
080000
181C00
346300
244100
600180
47F080
E81100
081100
081200
081000
081000
081000
081000
07F000
ENDCHAR
STARTCHAR EB64
ENCODING 60260
SWIDTH 660 0
DWIDTH 11 0
BBX 12 12 0 0
BITMAP
2000
2000
F9F0
2000
2000
0000
0000
8860
5000
21F0
5000
8860
ENDCHAR
STARTCHAR EB65
ENCODING 60261
SWIDTH 660 0
DWIDTH 11 0
BBX 14 14 0 -1
BITMAP
00F0
0120
0244
024C
0234
0604
0C08
18F0
3100
2200
4400
8800
9000
6000
ENDCHAR
STARTCHAR EB66
ENCODING 60262
SWIDTH 660 0
DWIDTH 11 0
BBX 11 12 0 0
BITMAP
FFC0
8040
8060
8060
8060
8060
8060
8060
8060
8060
0000
EEC0
ENDCHAR
STARTCHAR EB67
ENCODING 60263
SWIDTH 660 0
DWIDTH 11 0
BBX 15 12 0 0
BITMAP
1000
E7FE
4000
0000
1000
B3FC
E000
0000
0000
1000
B7FE
6000
ENDCHAR
STARTCHAR EB68
ENCODING 60264
SWIDTH 660 0
DWIDTH 11 0
BBX 13 14 0 -1
BITMAP
00E0
01A0
0310
0D10
1088
3098
E8F0
9B00
7780
4780
0B40
1B60
1320
0300
ENDCHAR
STARTCHAR EB69
ENCODING 60265
SWIDTH 660 0
DWIDTH 11 0
BBX 15 12 0 0
BITMAP
0060
0060
0060
0090
0090
1190
3108
39F8
4A08
7A04
C604
8406
ENDCHAR
STARTCHAR EB6A
ENCODING 60266
SWIDTH 660 0
DWIDTH 11 0
BBX 12 10 0 1
BITMAP
FFF0
0000
0000
0000
FFF0
0000
0000
0000
0000
FFF0
ENDCHAR
STARTCHAR EB6B
ENCODING 60267
SWIDTH 660 0
DWIDTH 11 0
BBX 15 14 0 -1
BITMAP
3FFC
2022
4022
4022
4022
8022
8022
8024
7C7C
0880
0880
0900
0900
0600
ENDCHAR
STARTCHAR EB6C
ENCODING 60268
SWIDTH 660 0
DWIDTH 11 0
BBX 15 14 0 -1
BITMAP
01C0
0160
0220
0240
0440
7C7C
9006
9004
9004
9004
900C
9008
9008
FFF0
ENDCHAR
STARTCHAR EB6D
ENCODING 60269
SWIDTH 660 0
DWIDTH 11 0
BBX 14 14 0 -1
BITMAP
6C78
EA48
AA48
9250
8250
6450
2850
28FC
288C
288C
288C
288C
28C8
3878
ENDCHAR
STARTCHAR EB6E
ENCODING 60270
SWIDTH 660 0
DWIDTH 11 0
BBX 8 6 1 3
BITMAP
FF
FF
7F
3E
3C
1C
ENDCHAR
STARTCHAR EB6F
ENCODING 60271
SWIDTH 660 0
DWIDTH 11 0
BBX 6 8 2 2
BITMAP
0C
1C
7C
FC
FC
7C
1C
0C
ENDCHAR
STARTCHAR EB70
ENCODING 60272
SWIDTH 660 0
DWIDTH 11 0
BBX 6 8 3 2
BITMAP
E0
F0
FC
FC
FC
F8
F0
C0
ENDCHAR
STARTCHAR EB71
ENCODING 60273
SWIDTH 660 0
DWIDTH 11 0
BBX 8 6 1 3
BITMAP
1C
3C
3E
7F
FF
FF
ENDCHAR
STARTCHAR EB72
ENCODING 60274
SWIDTH 660 0
DWIDTH 11 0
BBX 13 14 0 -1
BITMAP
F008
4810
2C20
2440
1280
0900
0D80
0480
0640
0960
1120
2090
4048
8078
ENDCHAR
STARTCHAR EB73
ENCODING 60275
SWIDTH 660 0
DWIDTH 11 0
BBX 8 14 1 -1
BITMAP
08
1C
26
43
81
00
00
00
00
81
43
26
1C
08
ENDCHAR
STARTCHAR EB74
ENCODING 60276
SWIDTH 660 0
DWIDTH 11 0
BBX 15 14 0 -1
BITMAP
007C
0044
0082
0082
0080
7FF0
8010
8010
8610
8610
8010
8010
8010
7FF0
ENDCHAR
STARTCHAR EB75
ENCODING 60277
SWIDTH 660 0
DWIDTH 11 0
BBX 13 12 0 0
BITMAP
0200
0660
0A30
F2D0
8250
8258
8258
8250
F2D0
0A30
0660
0200
ENDCHAR
STARTCHAR EB76
ENCODING 60278
SWIDTH 660 0
DWIDTH 11 0
BBX 14 14 0 -1
BITMAP
0CC0
1320
1020
6318
8584
8488
4188
4108
8204
8004
6318
1020
1320
0CC0
ENDCHAR
STARTCHAR EB77
ENCODING 60279
SWIDTH 660 0
DWIDTH 11 0
BBX 14 14 0 -1
BITMAP
0CC0
1320
1020
6018
8044
80CC
4188
4908
8604
8004
6018
1020
1320
0CC0
ENDCHAR
STARTCHAR EB78
ENCODING 60280
SWIDTH 660 0
DWIDTH 11 0
BBX 15 14 0 -1
BITMAP
7FF0
8010
8010
FFF4
8012
8012
8012
8012
8012
8012
8014
7FF4
000C
1FF0
ENDCHAR
STARTCHAR EB79
ENCODING 60281
SWIDTH 660 0
DWIDTH 11 0
BBX 16 16 0 -2
BITMAP
7FFC
8004
8002
8002
8002
8002
8032
80FC
81FE
83FE
C3F7
3BAF
0BDE
09FE
3CFC
0070
ENDCHAR
STARTCHAR EB7A
ENCODING 60282
SWIDTH 660 0
DWIDTH 11 0
BBX 16 16 0 -2
BITMAP
7FFC
8004
8002
8002
8002
8002
8032
80CC
8102
8302
C201
3A01
0B02
0902
3CCC
0070
ENDCHAR
STARTCHAR EB7B
ENCODING 60283
SWIDTH 660 0
DWIDTH 11 0
BBX 16 16 0 -2
BITMAP
7FFC
8004
8002
8002
8002
8002
8032
80FC
81FE
839E
C387
7B87
0B8E
09FE
3CFC
0070
ENDCHAR
STARTCHAR EB7C
ENCODING 60284
SWIDTH 660 0
DWIDTH 11 0
BBX 9 14 1 -1
BITMAP
7E00
4200
4200
FE00
8100
8180
8180
8180
8100
8100
FE00
4200
4200
7E00
ENDCHAR
STARTCHAR EB7D
ENCODING 60285
SWIDTH 660 0
DWIDTH 11 0
BBX 9 12 1 0
BITMAP
7F80
C500
8500
8500
8500
4500
3D00
0500
0500
0500
0500
0500
ENDCHAR
STARTCHAR EB7E
ENCODING 60286
SWIDTH 660 0
DWIDTH 11 0
BBX 17 14 0 -1
BITMAP
004000
004000
004000
004000
1E5800
027C00
1E6400
224200
226400
367C00
0A1800
800080
800180
7FFF00
ENDCHAR
STARTCHAR EB7F
ENCODING 60287
SWIDTH 660 0
DWIDTH 11 0
BBX 15 14 0 -1
BITMAP
7FFC
8004
8002
FFFE
8002
8002
8002
8002
8002
8002
8002
8002
C004
7FF8
ENDCHAR
STARTCHAR EB80
ENCODING 60288
SWIDTH 660 0
DWIDTH 11 0
BBX 13 14 0 -1
BITMAP
0400
7700
1480
F4B8
9488
7708
0008
0008
0008
3088
4108
43F8
4100
3080
ENDCHAR
STARTCHAR EB81
ENCODING 60289
SWIDTH 660 0
DWIDTH 11 0
BBX 13 13 0 -1
BITMAP
0F00
3180
4040
4420
8420
9F20
8420
8420
4020
6040
39A0
0610
0008
ENDCHAR
STARTCHAR EB82
ENCODING 60290
SWIDTH 660 0
DWIDTH 11 0
BBX 13 13 0 -1
BITMAP
0F00
3180
4040
4020
8020
9F20
8020
8020
4020
6040
39A0
0610
0008
ENDCHAR
STARTCHAR EB83
ENCODING 60291
SWIDTH 660 0
DWIDTH 11 0
BBX 12 10 0 1
BITMAP
FFF0
0000
0000
0000
3FC0
0000
0000
0000
0000
0F00
ENDCHAR
STARTCHAR EB84
ENCODING 60292
SWIDTH 660 0
DWIDTH 11 0
BBX 12 10 0 1
BITMAP
FF80
0000
0000
FFF0
0000
0000
FF00
0000
0000
FFC0
ENDCHAR
STARTCHAR EB85
ENCODING 60293
SWIDTH 660 0
DWIDTH 11 0
BBX 12 10 0 1
BITMAP
FF80
0000
0000
0000
FFF0
0000
0000
0000
0000
FF00
ENDCHAR
STARTCHAR EB86
ENCODING 60294
SWIDTH 660 0
DWIDTH 11 0
BBX 13 10 0 1
BITMAP
FFF0
1000
1000
1FF8
1000
1000
1FF8
1000
1000
1FF8
ENDCHAR
STARTCHAR EB87
ENCODING 60295
SWIDTH 660 0
DWIDTH 11 0
BBX 9 8 1 2
BITMAP
0800
1C00
3400
2200
4200
4100
8100
FF80
ENDCHAR
STARTCHAR EB88
ENCODING 60296
SWIDTH 660 0
DWIDTH 11 0
BBX 9 8 1 2
BITMAP
0800
1C00
3C00
3E00
7E00
7F00
FF00
FF80
ENDCHAR
STARTCHAR EB89
ENCODING 60297
SWIDTH 660 0
DWIDTH 11 0
BBX 12 12 0 0
BITMAP
FF00
8180
80C0
8060
8E30
9E10
9E10
8E30
8060
80C0
8180
7F00
ENDCHAR
STARTCHAR EB8A
ENCODING 60298
SWIDTH 660 0
DWIDTH 11 0
BBX 4 4 3 4
BITMAP
70
F0
F0
70
ENDCHAR
STARTCHAR EB8B
ENCODING 60299
SWIDTH 660 0
DWIDTH 11 0
BBX 12 12 0 0
BITMAP
FF00
8180
80C0
8060
8030
8010
8010
8030
8060
80C0
8180
7F00
ENDCHAR
STARTCHAR EB8C
ENCODING 60300
SWIDTH 660 0
DWIDTH 11 0
BBX 8 8 1 2
BITMAP
3E
77
F7
F7
F7
FF
77
3C
ENDCHAR
STARTCHAR EB8D
ENCODING 60301
SWIDTH 660 0
DWIDTH 11 0
BBX 13 6 0 3
BITMAP
0400
6718
17B8
F4A0
94A0
F718
ENDCHAR
STARTCHAR EB8E
ENCODING 60302
SWIDTH 660 0
DWIDTH 11 0
BBX 13 12 0 0
BITMAP
0188
0788
0E88
1888
7088
C088
E088
7088
1C88
0E88
0388
0188
ENDCHAR
STARTCHAR EB8F
ENCODING 60303
SWIDTH 660 0
DWIDTH 11 0
BBX 12 14 0 -1
BITMAP
8F00
FFC0
F060
E030
F810
0010
0000
0000
0000
0000
0F00
0F00
0F00
0600
ENDCHAR
STARTCHAR EB90
ENCODING 60304
SWIDTH 660 0
DWIDTH 11 0
BBX 16 14 0 -1
BITMAP
FFFE
0000
0000
0000
FFFC
0000
0018
00FE
FEE2
FE63
0001
0002
0066
0018
ENDCHAR
STARTCHAR EB91
ENCODING 60305
SWIDTH 660 0
DWIDTH 11 0
BBX 15 14 0 -1
BITMAP
1E00
1300
10C0
1030
100C
0006
1C04
A518
7E70
4240
C300
4200
6200
BD00
ENDCHAR
STARTCHAR EB92
ENCODING 60306
SWIDTH 660 0
DWIDTH 11 0
BBX 12 12 0 0
BITMAP
7810
C920
8D40
8980
99E0
5000
4800
4F80
20C0
1040
08C0
0780
ENDCHAR
STARTCHAR EB93
ENCODING 60307
SWIDTH 660 0
DWIDTH 11 0
BBX 13 12 0 0
BITMAP
78F8
C838
8C58
8898
9900
5000
4800
4F80
20C0
1040
08C0
0780
ENDCHAR
STARTCHAR EB94
ENCODING 60308
SWIDTH 660 0
DWIDTH 11 0
BBX 12 10 0 1
BITMAP
FFF0
0000
0000
0000
FFF0
0000
0000
0000
0000
FFF0
ENDCHAR
STARTCHAR EB95
ENCODING 60309
SWIDTH 660 0
DWIDTH 11 0
BBX 14 14 0 -1
BITMAP
7FE0
8020
8020
8428
8424
9F24
8424
8424
8024
8024
C028
7FC8
0030
1FE0
ENDCHAR
STARTCHAR EB96
ENCODING 60310
SWIDTH 660 0
DWIDTH 11 0
BBX 15 14 0 -1
BITMAP
00FC
0106
0102
1902
35BC
24E0
3CC0
0000
0000
FF00
8100
8100
6600
1C00
ENDCHAR
STARTCHAR EB97
ENCODING 60311
SWIDTH 660 0
DWIDTH 11 0
BBX 15 14 0 -1
BITMAP
3000
403C
4E42
4BC2
4E42
407E
C000
C03C
447E
4FC2
4BC2
4642
603C
3000
ENDCHAR
STARTCHAR EB98
ENCODING 60312
SWIDTH 660 0
DWIDTH 11 0
BBX 15 14 0 -1
BITMAP
2000
703E
B722
25E2
2722
003E
0000
001C
003E
2722
25E2
B722
703E
2000
ENDCHAR
STARTCHAR EB99
ENCODING 60313
SWIDTH 660 0
DWIDTH 11 0
BBX 15 14 0 -1
BITMAP
0FE0
3030
6308
478C
C784
8384
8002
8FE2
8FE4
CFE4
47CC
2008
1030
0FC0
ENDCHAR
STARTCHAR EB9A
ENCODING 60314
SWIDTH 660 0
DWIDTH 11 0
BBX 14 14 1 -1
BITMAP
1EF8
30F8
21FC
41FC
40F8
4070
4000
4030
4030
4010
C010
FFF8
0900
0700
ENDCHAR
STARTCHAR EB9B
ENCODING 60315
SWIDTH 660 0
DWIDTH 11 0
BBX 16 16 0 -2
BITMAP
7FF8
C004
8002
8002
A002
9002
8802
8412
8C28
98FA
B0FE
A086
8186
C0C4
3EEE
0139
ENDCHAR
STARTCHAR EB9C
ENCODING 60316
SWIDTH 660 0
DWIDTH 11 0
BBX 15 12 0 0
BITMAP
EE00
AA00
AA60
AA90
AA50
AA58
AA68
AA28
AA24
AA14
AA16
EE1C
ENDCHAR
STARTCHAR EB9D
ENCODING 60317
SWIDTH 660 0
DWIDTH 11 0
BBX 12 16 0 -2
BITMAP
2440
FFF0
8010
8010
8010
9F90
8010
8010
9F90
8010
8010
9DF0
8120
8140
8180
FF00
ENDCHAR
STARTCHAR EB9E
ENCODING 60318
SWIDTH 660 0
DWIDTH 11 0
BBX 13 14 0 -1
BITMAP
3C00
2600
2180
2060
A018
A008
A008
A030
A0C0
A180
A660
B980
4700
3C00
ENDCHAR
STARTCHAR EB9F
ENCODING 60319
SWIDTH 660 0
DWIDTH 11 0
BBX 15 16 0 -2
BITMAP
0200
C100
6F80
3330
3810
2C08
4608
430C
418C
40C8
2068
2030
1138
03CC
0306
0100
ENDCHAR
STARTCHAR EBA0
ENCODING 60320
SWIDTH 660 0
DWIDTH 11 0
BBX 12 12 0 0
BITMAP
0380
04C0
0460
0830
0810
7010
4060
2180
1100
2A00
4600
8200
ENDCHAR
STARTCHAR EBA1
ENCODING 60321
SWIDTH 660 0
DWIDTH 11 0
BBX 17 16 0 -2
BITMAP
07F000
1FF800
3FFC00
77F600
700700
F00700
E00780
E00380
E00380
E00780
F00700
581F00
6C3E00
303E00
1C3C00
0C3000
ENDCHAR
STARTCHAR EBA2
ENCODING 60322
SWIDTH 660 0
DWIDTH 11 0
BBX 15 16 0 -2
BITMAP
3FF8
4004
8004
FFFE
8000
800C
801E
8012
8092
815E
8738
82D0
82D0
4410
3370
00C0
ENDCHAR
STARTCHAR EBA3
ENCODING 60323
SWIDTH 660 0
DWIDTH 11 0
BBX 13 14 0 -1
BITMAP
1FC0
1040
1040
1740
1040
1040
1040
1740
1040
7770
5050
5FC8
C008
FFF8
ENDCHAR
STARTCHAR EBA4
ENCODING 60324
SWIDTH 660 0
DWIDTH 11 0
BBX 15 14 0 -1
BITMAP
0FE0
3030
6008
400C
C024
8044
8082
8902
8704
C004
400C
2008
1030
0FC0
ENDCHAR
STARTCHAR EBA5
ENCODING 60325
SWIDTH 660 0
DWIDTH 11 0
BBX 15 14 0 -1
BITMAP
0FE0
3030
6008
400C
CFC4
8FC4
8FC2
8FC2
8FC4
CFC4
400C
2008
1030
0FC0
ENDCHAR
STARTCHAR EBA6
ENCODING 60326
SWIDTH 660 0
DWIDTH 11 0
BBX 15 14 0 -1
BITMAP
0FE0
3030
6008
400C
C404
8704
87C2
87C2
8704
C004
400C
2008
1030
0FC0
ENDCHAR
STARTCHAR EBA7
ENCODING 60327
SWIDTH 660 0
DWIDTH 11 0
BBX 15 14 0 -1
BITMAP
0FE0
3030
6008
47CC
8FE4
9FE4
9FE2
9FE2
9FE4
CFE4
478C
2008
1030
0FC0
ENDCHAR
STARTCHAR EBA8
ENCODING 60328
SWIDTH 660 0
DWIDTH 11 0
BBX 15 14 0 -1
BITMAP
1E00
1300
10C0
1030
100C
0006
1C04
A518
7E70
4240
C300
4200
6200
BD00
ENDCHAR
STARTCHAR EBA9
ENCODING 60329
SWIDTH 660 0
DWIDTH 11 0
BBX 16 16 0 -2
BITMAP
7FFC
8004
8002
8002
8002
8002
8032
80FC
81F2
83E6
C367
3BB3
0B9E
093E
3CFC
0070
ENDCHAR
STARTCHAR EBAA
ENCODING 60330
SWIDTH 660 0
DWIDTH 11 0
BBX 15 10 0 1
BITMAP
07C0
0860
1020
1030
600C
8004
8002
8004
C004
7FF8
ENDCHAR
STARTCHAR EBAB
ENCODING 60331
SWIDTH 660 0
DWIDTH 11 0
BBX 11 16 0 -2
BITMAP
0800
1C00
2E00
4B00
8900
0800
0800
0800
0800
0800
0C00
0B80
0860
0800
0800
0800
ENDCHAR
STARTCHAR EBAC
ENCODING 60332
SWIDTH 660 0
DWIDTH 11 0
BBX 14 10 0 1
BITMAP
8040
8020
8010
8008
9FFC
8004
8008
8010
8020
8000
ENDCHAR
STARTCHAR EBAD
ENCODING 60333
SWIDTH 660 0
DWIDTH 11 0
BBX 15 15 0 -1
BITMAP
4000
FFFE
4000
0000
1DCC
155A
155A
155A
155A
155E
1540
15C0
1400
1C00
0C00
ENDCHAR
STARTCHAR EBAE
ENCODING 60334
SWIDTH 660 0
DWIDTH 11 0
BBX 12 12 0 0
BITMAP
1F80
3060
4020
CF10
9890
9090
9090
9090
F0F0
9090
9090
F0F0
ENDCHAR
STARTCHAR EBAF
ENCODING 60335
SWIDTH 660 0
DWIDTH 11 0
BBX 13 14 0 -1
BITMAP
FFE0
8020
BFA0
A0A8
BFA8
8020
8028
8028
8020
8028
8028
8020
8020
FFE0
ENDCHAR
STARTCHAR EBB0
ENCODING 60336
SWIDTH 660 0
DWIDTH 11 0
BBX 11 12 0 0
BITMAP
3E20
4320
81A0
80E0
8060
87E0
4000
2000
1000
0800
0400
0200
ENDCHAR
STARTCHAR EBB1
ENCODING 60337
SWIDTH 660 0
DWIDTH 11 0
BBX 15 8 0 2
BITMAP
0036
006C
00D8
01B0
9360
48C0
2580
1300
ENDCHAR
STARTCHAR EBB2
ENCODING 60338
SWIDTH 660 0
DWIDTH 11 0
BBX 13 14 0 -1
BITMAP
0300
0280
0440
0420
0810
3810
C000
6020
30F8
39F8
6DF8
C5F8
80F8
0060
ENDCHAR
STARTCHAR EBB3
ENCODING 60339
SWIDTH 660 0
DWIDTH 11 0
BBX 15 14 0 -1
BITMAP
0FE0
3FF0
7FF8
7FFC
FFDC
FFBC
FF7E
F6FE
F8FC
FFFC
7FFC
3FF8
1FF0
0FC0
ENDCHAR
STARTCHAR EBB4
ENCODING 60340
SWIDTH 660 0
DWIDTH 11 0
BBX 15 14 0 -1
BITMAP
0FE0
3FF0
7FF8
7FFC
FFFC
FFFC
FFFE
FFFE
FFFC
FFFC
7FFC
3FF8
3FF0
0FE0
ENDCHAR
STARTCHAR EBB5
ENCODING 60341
SWIDTH 660 0
DWIDTH 11 0
BBX 15 14 0 -1
BITMAP
0FE0
3030
6008
4004
C004
8004
8002
8002
8004
C004
400C
2008
3030
0FE0
ENDCHAR
STARTCHAR EBB6
ENCODING 60342
SWIDTH 660 0
DWIDTH 11 0
BBX 16 14 0 -1
BITMAP
F000
9000
9000
F000
001F
F091
90D1
97DF
F0D1
0091
F00F
9000
9000
F000
ENDCHAR
STARTCHAR EBB7
ENCODING 60343
SWIDTH 660 0
DWIDTH 11 0
BBX 15 14 0 -1
BITMAP
7FFC
8844
8842
8842
FFFE
8842
8842
8842
8842
FFFE
8842
8842
8844
7FFC
ENDCHAR
STARTCHAR EBB8
ENCODING 60344
SWIDTH 660 0
DWIDTH 11 0
BBX 15 14 0 -1
BITMAP
7FFC
8004
8002
FFFE
8002
8002
9222
96A2
9122
93A2
94A2
8002
C004
7FF8
ENDCHAR
STARTCHAR EBB9
ENCODING 60345
SWIDTH 660 0
DWIDTH 11 0
BBX 12 14 0 -1
BITMAP
0F00
0880
0880
0980
0700
0200
3FC0
2040
2040
70E0
C890
8910
8990
70F0
ENDCHAR
STARTCHAR EBBA
ENCODING 60346
SWIDTH 660 0
DWIDTH 11 0
BBX 14 14 0 -1
BITMAP
0F80
0880
0880
0880
0F80
0580
0880
1840
1020
F8F8
888C
888C
888C
F8F8
ENDCHAR
STARTCHAR EBBB
ENCODING 60347
SWIDTH 660 0
DWIDTH 11 0
BBX 14 14 0 -1
BITMAP
F8FC
888C
888C
888C
F878
1060
1840
0880
0580
0F80
0880
0880
0880
0F80
ENDCHAR
STARTCHAR EBBC
ENCODING 60348
SWIDTH 660 0
DWIDTH 11 0
BBX 16 16 0 -2
BITMAP
7080
C980
8BE0
8910
7090
2000
2030
20FC
21DE
23DE
7BDF
8B03
8BDE
D9DE
30FC
0070
ENDCHAR
STARTCHAR EBBD
ENCODING 60349
SWIDTH 660 0
DWIDTH 11 0
BBX 14 14 0 -1
BITMAP
F000
9800
8600
8180
80E0
8020
8000
8030
8278
86EC
9820
E020
0020
0020
ENDCHAR
STARTCHAR EBBE
ENCODING 60350
SWIDTH 660 0
DWIDTH 11 0
BBX 14 14 0 -1
BITMAP
F000
9800
8600
8180
80E0
8020
8000
80A0
8320
8620
9820
E0AC
0078
0030
ENDCHAR
STARTCHAR EBBF
ENCODING 60351
SWIDTH 660 0
DWIDTH 11 0
BBX 16 16 0 -2
BITMAP
6F70
8010
8010
0000
87F0
8C08
880C
0BED
880C
880C
880D
880C
080C
880D
8C09
67F0
ENDCHAR
STARTCHAR EBC0
ENCODING 60352
SWIDTH 660 0
DWIDTH 11 0
BBX 15 14 0 -1
BITMAP
1E00
1300
10C0
1030
100C
1006
0006
BC18
C670
E2C0
0200
0200
4600
7C00
ENDCHAR
STARTCHAR EBC1
ENCODING 60353
SWIDTH 660 0
DWIDTH 11 0
BBX 12 14 0 -1
BITMAP
0600
1980
E070
8010
8010
8090
8110
8A10
8410
4010
4020
2060
18C0
0F00
ENDCHAR
STARTCHAR EBC2
ENCODING 60354
SWIDTH 660 0
DWIDTH 11 0
BBX 13 14 0 -1
BITMAP
0600
19C0
E078
8018
8018
8D18
8618
8710
8910
4010
4020
2060
18C0
0F00
ENDCHAR
STARTCHAR EBC3
ENCODING 60355
SWIDTH 660 0
DWIDTH 11 0
BBX 13 14 0 -1
BITMAP
0600
19C0
E078
8018
8718
8918
8118
8210
8010
4210
4220
2060
18C0
0F00
ENDCHAR
STARTCHAR EBC4
ENCODING 60356
SWIDTH 660 0
DWIDTH 11 0
BBX 15 14 0 -1
BITMAP
7FFC
8004
8006
FFFE
8002
8002
9C42
9542
9022
9522
9C22
8002
8004
7FFC
ENDCHAR
STARTCHAR EBC5
ENCODING 60357
SWIDTH 660 0
DWIDTH 11 0
BBX 13 16 0 -2
BITMAP
0FC0
1C70
3038
4018
4188
8608
8408
8450
8490
8220
41C0
4100
6000
2000
1000
0E00
ENDCHAR
STARTCHAR EBC6
ENCODING 60358
SWIDTH 660 0
DWIDTH 11 0
BBX 14 16 0 -2
BITMAP
0780
07C0
0AC0
0540
08C0
0D40
0A60
1070
3030
3038
3038
5078
8848
8884
8788
7870
ENDCHAR
STARTCHAR EBC7
ENCODING 60359
SWIDTH 660 0
DWIDTH 11 0
BBX 16 14 0 -1
BITMAP
1FFF
2001
2001
2001
4001
4C01
4401
4202
4402
89F2
8002
8002
8004
7FFC
ENDCHAR
STARTCHAR EBC8
ENCODING 60360
SWIDTH 660 0
DWIDTH 11 0
BBX 15 14 0 -1
BITMAP
FDFE
FDFE
FDFE
FDFE
FDFE
FDFE
FC00
FDFE
FDFE
FDFE
FDFE
FDFE
FFFE
FFFE
ENDCHAR
STARTCHAR EBC9
ENCODING 60361
SWIDTH 660 0
DWIDTH 11 0
BBX 16 14 0 -1
BITMAP
07B8
0F7C
187C
103A
6006
F002
F003
F003
6002
1006
3072
1C78
0F78
0378
ENDCHAR
STARTCHAR EBCA
ENCODING 60362
SWIDTH 660 0
DWIDTH 11 0
BBX 14 16 0 -2
BITMAP
0300
0CC0
3020
C018
800C
801C
807C
81FC
81FC
817C
81FC
81FC
8178
61E0
1980
0700
ENDCHAR
STARTCHAR EBCB
ENCODING 60363
SWIDTH 660 0
DWIDTH 11 0
BBX 13 14 1 -1
BITMAP
0040
0060
0030
FFF8
0030
0060
0000
0000
2000
4000
FFF8
4000
2000
1000
ENDCHAR
STARTCHAR EBCC
ENCODING 60364
SWIDTH 660 0
DWIDTH 11 0
BBX 11 14 0 -1
BITMAP
3F80
4000
9FE0
A020
A020
A020
A020
A020
A020
A020
A020
2020
2020
1FE0
ENDCHAR
STARTCHAR EBCD
ENCODING 60365
SWIDTH 660 0
DWIDTH 11 0
BBX 12 16 0 -2
BITMAP
3800
6400
4400
6C00
FE00
8000
8180
87E0
8EF0
DEF0
5EF0
5810
5EF0
4EF0
27E0
0380
ENDCHAR
STARTCHAR EBCE
ENCODING 60366
SWIDTH 660 0
DWIDTH 11 0
BBX 15 14 0 -1
BITMAP
7FFC
FFFC
FFFE
FFFC
7FF8
3FF0
1FE0
0FC0
0780
0780
0780
0780
0780
0780
ENDCHAR
STARTCHAR EBCF
ENCODING 60367
SWIDTH 660 0
DWIDTH 11 0
BBX 14 14 0 -1
BITMAP
000C
000C
2000
70E0
2120
02A0
0440
0880
1100
2320
4670
8C20
9800
F000
ENDCHAR
STARTCHAR EBD0
ENCODING 60368
SWIDTH 660 0
DWIDTH 11 0
BBX 16 12 0 0
BITMAP
3E00
7F00
EF80
E3BF
E180
E380
EF80
7F7F
3E00
0000
0000
7FFF
ENDCHAR
STARTCHAR EBD1
ENCODING 60369
SWIDTH 660 0
DWIDTH 11 0
BBX 15 14 0 -1
BITMAP
7FFC
8004
8002
8002
8002
8002
8102
8186
8146
C124
3D10
01F0
0180
0100
ENDCHAR
STARTCHAR EBD2
ENCODING 60370
SWIDTH 660 0
DWIDTH 11 0
BBX 13 14 0 -1
BITMAP
0600
0D80
30C0
C030
8010
6030
18C0
CF10
3060
9988
6730
30C0
0D80
0200
ENDCHAR
STARTCHAR EBD3
ENCODING 60371
SWIDTH 660 0
DWIDTH 11 0
BBX 15 16 0 -2
BITMAP
0600
0D80
30E0
C030
8010
6070
18C0
CF10
3060
9980
677C
307C
0EFE
027C
007C
0038
ENDCHAR
STARTCHAR EBD4
ENCODING 60372
SWIDTH 660 0
DWIDTH 11 0
BBX 15 16 0 -2
BITMAP
0600
0D80
30E0
C030
8010
6070
18C0
CF10
3060
9990
677C
3074
0E86
024C
007C
0038
ENDCHAR
STARTCHAR EBD5
ENCODING 60373
SWIDTH 660 0
DWIDTH 11 0
BBX 15 15 0 -1
BITMAP
07C0
1870
2018
4008
4404
8F04
8584
8482
8244
81C4
4044
6008
3018
1C60
0380
ENDCHAR
STARTCHAR EBD6
ENCODING 60374
SWIDTH 660 0
DWIDTH 11 0
BBX 16 16 0 -2
BITMAP
07C0
1870
2018
4008
4404
8F04
8584
8482
8244
81C0
403E
603E
307F
1C7E
03BE
001C
ENDCHAR
STARTCHAR EBD7
ENCODING 60375
SWIDTH 660 0
DWIDTH 11 0
BBX 16 16 0 -2
BITMAP
07C0
1870
2018
4008
4404
8F04
8584
8482
8244
81C0
403E
603A
3043
1C66
03BE
001C
ENDCHAR
STARTCHAR EBD8
ENCODING 60376
SWIDTH 660 0
DWIDTH 11 0
BBX 15 14 0 -1
BITMAP
0FE0
0E10
0E10
1E10
1F08
1F08
3F08
3E84
3E84
7084
7842
7E42
F942
F8FE
ENDCHAR
STARTCHAR EBD9
ENCODING 60377
SWIDTH 660 0
DWIDTH 11 0
BBX 15 14 0 -1
BITMAP
0780
3010
2008
4008
0000
8004
8302
8302
8004
0000
4008
2008
1010
0780
ENDCHAR
STARTCHAR EBDA
ENCODING 60378
SWIDTH 660 0
DWIDTH 11 0
BBX 15 14 0 -1
BITMAP
7824
8838
8818
D82C
7000
2000
2010
2010
2010
7038
C824
8842
8824
703C
ENDCHAR
STARTCHAR EBDB
ENCODING 60379
SWIDTH 660 0
DWIDTH 11 0
BBX 15 14 0 -1
BITMAP
7800
8818
8818
D800
7000
2000
2018
2000
2000
7038
C824
8842
8824
703C
ENDCHAR
STARTCHAR EBDC
ENCODING 60380
SWIDTH 660 0
DWIDTH 11 0
BBX 15 14 0 -1
BITMAP
1E00
1300
10C0
1030
500C
4006
1C04
A518
7E60
4240
C330
4240
6200
BD00
ENDCHAR
STARTCHAR EBDD
ENCODING 60381
SWIDTH 660 0
DWIDTH 11 0
BBX 15 14 0 -1
BITMAP
1E00
1300
10C0
1030
000C
7806
FC04
FC18
FC70
FCC0
7B00
0000
3800
3000
ENDCHAR
STARTCHAR EBDE
ENCODING 60382
SWIDTH 660 0
DWIDTH 11 0
BBX 15 14 0 -1
BITMAP
1E00
1300
10C0
1030
000C
3E06
7F06
FD98
EBB0
F380
EB80
FD80
7F00
3E00
ENDCHAR
STARTCHAR EBDF
ENCODING 60383
SWIDTH 660 0
DWIDTH 11 0
BBX 16 14 0 -1
BITMAP
3E00
4100
41FE
4302
7E01
0001
F801
AA01
AD01
AD01
AC82
AABE
AAC0
F980
ENDCHAR
STARTCHAR EBE0
ENCODING 60384
SWIDTH 660 0
DWIDTH 11 0
BBX 12 12 0 0
BITMAP
9C00
9600
9100
90C0
9020
9010
9010
9060
90C0
9100
9600
9C00
ENDCHAR
STARTCHAR EBE1
ENCODING 60385
SWIDTH 660 0
DWIDTH 11 0
BBX 15 16 0 -2
BITMAP
3FE0
1080
1080
1080
1080
1000
1060
1198
220C
3614
7426
4446
8684
8304
7998
00E0
ENDCHAR
STARTCHAR EBE2
ENCODING 60386
SWIDTH 660 0
DWIDTH 11 0
BBX 14 14 0 -1
BITMAP
8000
8000
8030
8058
8888
9900
A600
C000
8000
8000
8000
8000
8000
FFFC
ENDCHAR
STARTCHAR EBE3
ENCODING 60387
SWIDTH 660 0
DWIDTH 11 0
BBX 14 14 0 -1
BITMAP
8000
8038
804C
8E28
9238
9200
8C00
80E0
8120
8120
80E0
8000
8000
FFFC
ENDCHAR
STARTCHAR EBE4
ENCODING 60388
SWIDTH 660 0
DWIDTH 11 0
BBX 15 14 0 -1
BITMAP
01E0
0110
1D08
3504
4504
4504
85FE
8400
87F0
8010
4010
4020
3060
1F80
ENDCHAR
STARTCHAR EBE5
ENCODING 60389
SWIDTH 660 0
DWIDTH 11 0
BBX 13 14 0 -1
BITMAP
6060
4020
4020
4020
4020
C010
4010
4000
4070
40F8
41F8
31F8
00F8
00F0
ENDCHAR
STARTCHAR EBE6
ENCODING 60390
SWIDTH 660 0
DWIDTH 11 0
BBX 13 14 0 -1
BITMAP
6060
4020
4020
4020
4020
C010
4010
4000
4070
40A8
4188
3188
00A8
00F0
ENDCHAR
STARTCHAR EBE7
ENCODING 60391
SWIDTH 660 0
DWIDTH 11 0
BBX 11 12 0 0
BITMAP
1E00
3100
2100
2100
2100
7FC0
8040
8C60
8C60
8060
8040
7FC0
ENDCHAR
STARTCHAR EBE8
ENCODING 60392
SWIDTH 660 0
DWIDTH 11 0
BBX 15 14 0 -1
BITMAP
0300
0380
0FE2
7F1E
E01E
C01E
C01E
C01E
C01E
401E
3F1E
1FFC
0BF8
0870
ENDCHAR
STARTCHAR EBE9
ENCODING 60393
SWIDTH 660 0
DWIDTH 11 0
BBX 14 14 0 -1
BITMAP
0CC0
1FE0
1FE0
7FF8
FFBC
FF3C
7E78
76F8
F9FC
FFFC
7FF8
1FE0
1FE0
0CC0
ENDCHAR
STARTCHAR EBEA
ENCODING 60394
SWIDTH 660 0
DWIDTH 11 0
BBX 13 10 0 1
BITMAP
0010
0018
1018
2018
4010
FFF0
4000
2000
1000
0800
ENDCHAR
STARTCHAR EBEB
ENCODING 60395
SWIDTH 660 0
DWIDTH 11 0
BBX 15 14 0 -1
BITMAP
FCFC
8482
8482
8482
8482
847C
8400
8400
847C
8482
8482
8482
8482
FC7C
ENDCHAR
STARTCHAR EBEC
ENCODING 60396
SWIDTH 660 0
DWIDTH 11 0
BBX 15 14 0 -1
BITMAP
7FFC
E004
E006
E006
E006
E006
E006
E006
E006
E006
E006
E006
E004
7FFC
ENDCHAR
STARTCHAR EBED
ENCODING 60397
SWIDTH 660 0
DWIDTH 11 0
BBX 15 14 0 -1
BITMAP
7FFC
801C
801E
801E
801E
801E
801E
801E
801E
801E
801E
801E
801C
7FFC
ENDCHAR
STARTCHAR EBEE
ENCODING 60398
SWIDTH 660 0
DWIDTH 11 0
BBX 15 14 0 -1
BITMAP
7FFC
8084
8082
8082
8082
8082
8082
8082
8082
FF82
FF82
FF82
FF84
7FFC
ENDCHAR
STARTCHAR EBEF
ENCODING 60399
SWIDTH 660 0
DWIDTH 11 0
BBX 15 14 0 -1
BITMAP
7FFC
9024
9022
9022
9022
9022
9022
9022
9022
9FE2
9FE2
9FE2
9FE4
7FFC
ENDCHAR
STARTCHAR EBF0
ENCODING 60400
SWIDTH 660 0
DWIDTH 11 0
BBX 15 14 0 -1
BITMAP
7FFC
9024
9022
9022
9022
9022
9022
9022
9022
FFFE
FFFE
FFFE
FFFC
7FFC
ENDCHAR
STARTCHAR EBF1
ENCODING 60401
SWIDTH 660 0
DWIDTH 11 0
BBX 15 14 0 -1
BITMAP
7FFC
8404
8402
8402
8402
8402
8402
8402
8402
87FE
87FE
87FE
87FC
7FFC
ENDCHAR
STARTCHAR EBF2
ENCODING 60402
SWIDTH 660 0
DWIDTH 11 0
BBX 15 14 0 -1
BITMAP
7FFC
8004
8002
8002
8002
8002
8002
8002
8002
FFFE
FFFE
FFFE
FFFC
7FFC
ENDCHAR
STARTCHAR EBF3
ENCODING 60403
SWIDTH 660 0
DWIDTH 11 0
BBX 15 14 0 -1
BITMAP
7FFC
FC04
FC06
FC06
FC06
FC06
FC06
FC06
FC06
FC06
FC06
FC06
FC04
7FFC
ENDCHAR
STARTCHAR EBF4
ENCODING 60404
SWIDTH 660 0
DWIDTH 11 0
BBX 15 14 0 -1
BITMAP
7FFC
80FC
80FE
80FE
80FE
80FE
80FE
80FE
80FE
80FE
80FE
80FE
80FC
7FFC
ENDCHAR
STARTCHAR EBF5
ENCODING 60405
SWIDTH 660 0
DWIDTH 11 0
BBX 15 14 0 -1
BITMAP
7FFC
8004
8006
8006
8006
8006
8006
8006
8006
8006
8006
FFFE
FFFC
7FFC
ENDCHAR
STARTCHAR EBF6
ENCODING 60406
SWIDTH 660 0
DWIDTH 11 0
BBX 15 14 0 -1
BITMAP
7FFC
8004
B6C6
8006
8006
8006
8006
8006
8006
8006
8006
8006
8004
7FFC
ENDCHAR
STARTCHAR EBF7
ENCODING 60407
SWIDTH 660 0
DWIDTH 11 0
BBX 15 14 0 -1
BITMAP
7FFC
8784
8782
8782
8782
8782
8782
8782
8782
8782
8782
8782
8784
7FFC
ENDCHAR
STARTCHAR EBF8
ENCODING 60408
SWIDTH 660 0
DWIDTH 11 0
BBX 15 14 0 -1
BITMAP
0FE0
3030
6008
47CC
C864
9024
9322
9322
9824
C864
478C
2008
1030
0FC0
ENDCHAR
STARTCHAR EBF9
ENCODING 60409
SWIDTH 660 0
DWIDTH 11 0
BBX 13 10 0 1
BITMAP
8000
8000
8080
8040
8030
7FF8
0030
0060
00C0
0080
ENDCHAR
STARTCHAR EBFA
ENCODING 60410
SWIDTH 660 0
DWIDTH 11 0
BBX 8 8 1 2
BITMAP
3E
43
C1
99
99
C1
43
3C
ENDCHAR
STARTCHAR EBFB
ENCODING 60411
SWIDTH 660 0
DWIDTH 11 0
BBX 8 8 1 2
BITMAP
3E
43
D5
99
9D
C1
43
3C
ENDCHAR
STARTCHAR EBFC
ENCODING 60412
SWIDTH 660 0
DWIDTH 11 0
BBX 15 14 0 -1
BITMAP
0FE0
3030
6008
410C
C104
8104
8102
8942
85C4
C384
410C
2008
1030
0FC0
ENDCHAR
STARTCHAR EBFD
ENCODING 60413
SWIDTH 660 0
DWIDTH 11 0
BBX 15 14 0 -1
BITMAP
0FE0
3030
6008
400C
8204
8404
8FE2
8802
8404
C204
400C
2008
1030
0FC0
ENDCHAR
STARTCHAR EBFE
ENCODING 60414
SWIDTH 660 0
DWIDTH 11 0
BBX 15 14 0 -1
BITMAP
0FE0
3030
6008
400C
C184
80C4
8FE2
8062
80C4
C184
400C
2008
1030
0FC0
ENDCHAR
STARTCHAR EBFF
ENCODING 60415
SWIDTH 660 0
DWIDTH 11 0
BBX 15 14 0 -1
BITMAP
0FE0
3030
6008
410C
8384
85C4
8942
8102
8104
C104
410C
2008
1030
0FC0
ENDCHAR
STARTCHAR EC00
ENCODING 60416
SWIDTH 660 0
DWIDTH 11 0
BBX 15 14 0 -1
BITMAP
7FFC
8084
8082
8082
8082
8082
8082
8082
8082
8082
8082
8082
8084
7FFC
ENDCHAR
STARTCHAR EC01
ENCODING 60417
SWIDTH 660 0
DWIDTH 11 0
BBX 15 14 0 -1
BITMAP
7FFC
8004
8002
8002
8002
8002
8002
8002
8002
FFFE
8002
8002
8004
7FFC
ENDCHAR
STARTCHAR EC02
ENCODING 60418
SWIDTH 660 0
DWIDTH 11 0
BBX 15 14 0 -1
BITMAP
7FFC
8404
8402
8402
8402
8402
8402
8402
8402
8402
8402
8402
8404
7FFC
ENDCHAR
STARTCHAR EC03
ENCODING 60419
SWIDTH 660 0
DWIDTH 11 0
BBX 0 0 0 0
BITMAP
ENDCHAR
STARTCHAR EC04
ENCODING 60420
SWIDTH 660 0
DWIDTH 11 0
BBX 15 12 0 0
BITMAP
7CF8
7FFC
FFFC
FFFE
FFFC
7FFC
7FF8
3FF0
1FE0
0FC0
0780
0300
ENDCHAR
STARTCHAR EC05
ENCODING 60421
SWIDTH 660 0
DWIDTH 11 0
BBX 15 12 0 0
BITMAP
1C06
3B1A
C8E2
8842
8842
8842
8842
8842
8842
9E4C
E3D8
C0E0
ENDCHAR
STARTCHAR EC06
ENCODING 60422
SWIDTH 660 0
DWIDTH 11 0
BBX 15 12 0 0
BITMAP
1406
371E
F7BE
F7BE
F7BE
F7BE
F7BE
F7BE
F7BE
F7BC
E3B8
C0A0
ENDCHAR
STARTCHAR EC07
ENCODING 60423
SWIDTH 660 0
DWIDTH 11 0
BBX 4 4 3 4
BITMAP
70
90
90
70
ENDCHAR
STARTCHAR EC08
ENCODING 60424
SWIDTH 660 0
DWIDTH 11 0
BBX 15 14 0 -1
BITMAP
CFC0
6820
3010
3810
2C18
2618
2318
2198
20D8
2068
6030
7FF8
048C
0386
ENDCHAR
STARTCHAR EC09
ENCODING 60425
SWIDTH 660 0
DWIDTH 11 0
BBX 15 14 0 -1
BITMAP
CF7C
687C
30FE
38FE
2C7C
2638
2300
2198
20D8
2068
6030
7FF8
048C
0386
ENDCHAR
STARTCHAR EC0A
ENCODING 60426
SWIDTH 660 0
DWIDTH 11 0
BBX 15 14 0 -1
BITMAP
7FF8
C004
8002
8002
8002
8002
8002
8012
807C
C07C
32FE
16FC
1C7C
0830
ENDCHAR
STARTCHAR EC0B
ENCODING 60427
SWIDTH 660 0
DWIDTH 11 0
BBX 14 16 0 -2
BITMAP
0800
04C0
7E60
C630
8D18
A10C
27CC
210C
210C
200C
200C
200C
27CC
200C
3008
1FF0
ENDCHAR
STARTCHAR EC0C
ENCODING 60428
SWIDTH 660 0
DWIDTH 11 0
BBX 14 15 2 -2
BITMAP
7F00
8180
80C0
8460
8430
9F30
8430
8410
8000
80F8
80F8
9DFC
80F8
C0F8
7F70
ENDCHAR
STARTCHAR EC0D
ENCODING 60429
SWIDTH 660 0
DWIDTH 11 0
BBX 15 14 0 -1
BITMAP
0F80
1860
3020
2020
2020
2020
1020
1860
07B0
0018
000C
8886
5DC0
3320
ENDCHAR
STARTCHAR EC0E
ENCODING 60430
SWIDTH 660 0
DWIDTH 11 0
BBX 15 14 0 -1
BITMAP
6FD8
C004
8002
0000
8000
8002
0000
0000
8006
C00C
31C8
1600
1C00
0800
ENDCHAR
STARTCHAR EC0F
ENCODING 60431
SWIDTH 660 0
DWIDTH 11 0
BBX 14 14 0 -1
BITMAP
C000
F000
4C00
4300
40C0
2030
3F8C
200C
2030
40C0
4300
4C00
B000
C000
ENDCHAR
STARTCHAR EC10
ENCODING 60432
SWIDTH 660 0
DWIDTH 11 0
BBX 12 12 0 0
BITMAP
1800
1800
2400
C300
E300
3400
1840
18C0
03B0
03B0
00E0
0040
ENDCHAR
STARTCHAR EC11
ENCODING 60433
SWIDTH 660 0
DWIDTH 11 0
BBX 15 14 0 -1
BITMAP
003E
0022
0022
0022
E13E
1180
1FC0
10C0
719C
E03E
0022
0022
0022
003E
ENDCHAR
STARTCHAR EC12
ENCODING 60434
SWIDTH 660 0
DWIDTH 11 0
BBX 11 14 0 -1
BITMAP
1E00
3100
2100
2100
2100
2100
A160
A140
9140
5E40
2180
1F00
0400
0400
ENDCHAR
STARTCHAR EC13
ENCODING 60435
SWIDTH 660 0
DWIDTH 11 0
BBX 15 14 0 -1
BITMAP
3FDC
3FDE
7FDE
7FDE
7FDE
FFDE
FFDE
FFDC
7FC0
03C0
07C0
0780
0780
0300
ENDCHAR
STARTCHAR EC14
ENCODING 60436
SWIDTH 660 0
DWIDTH 11 0
BBX 14 14 0 -1
BITMAP
0380
0380
0780
0780
0F80
0FFC
EFFC
EFFC
EFFC
EFFC
EFFC
EFF8
EFF8
EFF0
ENDCHAR
STARTCHAR EC15
ENCODING 60437
SWIDTH 660 0
DWIDTH 11 0
BBX 15 16 0 -2
BITMAP
9200
DB00
6D80
2480
0000
FFE0
8038
8024
8026
8026
8024
8038
4020
6040
3180
0E00
ENDCHAR
STARTCHAR EC16
ENCODING 60438
SWIDTH 660 0
DWIDTH 11 0
BBX 15 14 0 -1
BITMAP
1FC0
1020
1220
1020
3F20
E120
2120
0F30
0808
0808
39FC
2002
2002
3FFE
ENDCHAR
STARTCHAR EC17
ENCODING 60439
SWIDTH 660 0
DWIDTH 11 0
BBX 17 12 0 0
BITMAP
1FFC00
600300
C00100
840980
841C80
9F0080
8F0080
843080
841180
C00100
600600
1FFC00
ENDCHAR
STARTCHAR EC18
ENCODING 60440
SWIDTH 660 0
DWIDTH 11 0
BBX 17 12 0 0
BITMAP
03C000
1FFC00
200200
400100
C00180
CE3980
C00180
C00100
400100
418300
236600
1C3C00
ENDCHAR
STARTCHAR EC19
ENCODING 60441
SWIDTH 660 0
DWIDTH 11 0
BBX 15 14 0 -1
BITMAP
0940
0940
1FF0
2010
E31E
2690
E45C
2450
2790
E11E
2010
1FF0
0940
0940
ENDCHAR
STARTCHAR EC1A
ENCODING 60442
SWIDTH 660 0
DWIDTH 11 0
BBX 16 12 0 0
BITMAP
FFFE
BBBD
BBBD
BBBD
BBBD
BBBD
BB99
9111
9111
9111
9111
FFFE
ENDCHAR
STARTCHAR EC1B
ENCODING 60443
SWIDTH 660 0
DWIDTH 11 0
BBX 11 14 0 -1
BITMAP
00E0
03A0
1C20
1060
13A0
1C20
1020
1020
1020
10E0
71A0
9120
90E0
7000
ENDCHAR
STARTCHAR EC1C
ENCODING 60444
SWIDTH 660 0
DWIDTH 11 0
BBX 11 14 0 -1
BITMAP
1E00
3F00
3F00
3F00
3F00
3F00
BF60
BF40
9F40
5E40
2180
1F00
0400
0400
ENDCHAR
STARTCHAR EC1D
ENCODING 60445
SWIDTH 660 0
DWIDTH 11 0
BBX 11 16 0 -2
BITMAP
0400
0400
0000
0400
0400
2080
3580
1F00
0E00
0000
0000
0F00
1100
F1E0
1B00
0600
ENDCHAR
STARTCHAR EC1E
ENCODING 60446
SWIDTH 660 0
DWIDTH 11 0
BBX 17 14 0 0
BITMAP
1FFC00
31C600
218600
218200
21C600
3F7E00
7E3F00
E00300
E26380
E26380
E26380
700700
3C3C00
0FF000
ENDCHAR
STARTCHAR EC1F
ENCODING 60447
SWIDTH 660 0
DWIDTH 11 0
BBX 11 14 0 -1
BITMAP
0100
0300
37C0
4100
C140
80E0
8060
8040
C080
6100
2200
3E00
2200
1E00
ENDCHAR
STARTCHAR EC20
ENCODING 60448
SWIDTH 660 0
DWIDTH 11 0
BBX 11 14 0 -1
BITMAP
0400
3F80
2040
2040
3940
2040
3FC0
0000
0000
FFE0
8020
8020
70C0
1F00
ENDCHAR
STARTCHAR EC21
ENCODING 60449
SWIDTH 660 0
DWIDTH 11 0
BBX 12 12 0 0
BITMAP
1800
1800
3C00
FF00
FF00
3C00
1840
18C0
03F0
03F0
00E0
0040
ENDCHAR
STARTCHAR EC22
ENCODING 60450
SWIDTH 660 0
DWIDTH 11 0
BBX 11 14 0 -1
BITMAP
FF00
8080
8040
8420
8420
9F20
8420
8420
8020
8020
9F20
8020
8020
7FE0
ENDCHAR
STARTCHAR EC23
ENCODING 60451
SWIDTH 660 0
DWIDTH 11 0
BBX 14 16 0 -2
BITMAP
FF00
8080
8040
8420
8420
9F28
8424
8424
8024
8024
9F24
8024
8024
7FE8
0018
1FF0
ENDCHAR
STARTCHAR EC24
ENCODING 60452
SWIDTH 660 0
DWIDTH 11 0
BBX 15 10 0 1
BITMAP
C006
8002
8002
8002
9B62
9B62
8002
8002
8002
C00C
ENDCHAR
STARTCHAR EC25
ENCODING 60453
SWIDTH 660 0
DWIDTH 11 0
BBX 16 14 0 -1
BITMAP
0030
7E38
80E4
8183
8202
84EC
8738
8630
8028
8008
8008
8008
8008
7FF8
ENDCHAR
STARTCHAR EC26
ENCODING 60454
SWIDTH 660 0
DWIDTH 11 0
BBX 15 14 0 -1
BITMAP
0100
0100
0100
0100
05C0
0380
0100
F87E
8842
86C2
8302
8002
8004
7FFC
ENDCHAR
STARTCHAR EC27
ENCODING 60455
SWIDTH 660 0
DWIDTH 11 0
BBX 15 14 0 -1
BITMAP
0300
0780
0540
0000
0100
0000
0100
F87E
8842
86C2
8302
8002
8004
7FFC
ENDCHAR
STARTCHAR EC28
ENCODING 60456
SWIDTH 660 0
DWIDTH 11 0
BBX 15 14 0 -1
BITMAP
0300
0780
0540
0100
0100
0100
0100
F87E
8846
86C6
8306
8006
8004
7FFC
ENDCHAR
STARTCHAR EC29
ENCODING 60457
SWIDTH 660 0
DWIDTH 11 0
BBX 17 16 0 -2
BITMAP
001C00
003F00
007F80
00FF80
E3FF80
F7EF80
7F8F80
3F0F80
3F0F80
7FCF80
F7EF80
61FF80
00FF80
007F80
003F00
001C00
ENDCHAR
STARTCHAR EC2A
ENCODING 60458
SWIDTH 660 0
DWIDTH 11 0
BBX 17 16 0 -2
BITMAP
000C00
002F00
006F80
00EF80
E3EF80
F3EF80
7D8F80
3E0F80
1F0F80
6FCF80
F3EF80
61EF80
00EF80
006F80
002F00
000C00
ENDCHAR
STARTCHAR EC2B
ENCODING 60459
SWIDTH 660 0
DWIDTH 11 0
BBX 15 14 0 -1
BITMAP
7FFC
8804
8BC2
8802
88F2
8802
88F2
8802
88F2
8802
8BC2
8802
8804
7FFC
ENDCHAR
STARTCHAR EC2C
ENCODING 60460
SWIDTH 660 0
DWIDTH 11 0
BBX 15 14 0 -1
BITMAP
1E00
1300
10C0
1030
000C
3E06
7F06
FF98
FDB0
D980
E380
F780
7F00
3E00
ENDCHAR
STARTCHAR EC2D
ENCODING 60461
SWIDTH 660 0
DWIDTH 11 0
BBX 15 14 0 -1
BITMAP
1E00
1300
10C0
1030
400C
3E06
7F04
FF98
FDB0
D980
E3B0
F780
7F00
3E00
ENDCHAR
STARTCHAR EC2E
ENCODING 60462
SWIDTH 660 0
DWIDTH 11 0
BBX 15 14 0 -1
BITMAP
03F0
0418
0004
1F04
20C4
4062
81A4
8324
862C
9C28
8820
4060
20C0
1F80
ENDCHAR
STARTCHAR EC2F
ENCODING 60463
SWIDTH 660 0
DWIDTH 11 0
BBX 12 12 0 0
BITMAP
7FF0
8810
8810
8810
FFF0
8810
8810
8810
8810
8810
8810
7FF0
ENDCHAR
STARTCHAR EC30
ENCODING 60464
SWIDTH 660 0
DWIDTH 11 0
BBX 13 14 0 -1
BITMAP
3FF0
2010
4020
C060
FFC0
4060
4020
2030
2010
1FF8
2010
6020
4060
FFC0
ENDCHAR
STARTCHAR EC31
ENCODING 60465
SWIDTH 660 0
DWIDTH 11 0
BBX 12 14 0 -1
BITMAP
3FF0
3FF0
7FE0
FFE0
0000
7FE0
7FE0
3FF0
3FF0
0000
3FF0
7FE0
7FE0
FFC0
ENDCHAR
STARTCHAR EC32
ENCODING 60466
SWIDTH 660 0
DWIDTH 11 0
BBX 15 14 0 -1
BITMAP
0C00
0600
7E80
8440
8820
A020
2020
2020
1020
1860
0FB0
0018
000C
0006
ENDCHAR
STARTCHAR EC33
ENCODING 60467
SWIDTH 660 0
DWIDTH 11 0
BBX 12 12 0 0
BITMAP
7000
8820
8840
C880
7100
0200
0400
08E0
1190
2110
4190
00F0
ENDCHAR
STARTCHAR EC34
ENCODING 60468
SWIDTH 660 0
DWIDTH 11 0
BBX 11 12 0 0
BITMAP
07C0
0C60
1820
3120
6220
C440
88C0
1180
2300
4600
4C00
3800
ENDCHAR
STARTCHAR EC35
ENCODING 60469
SWIDTH 660 0
DWIDTH 11 0
BBX 13 16 0 -2
BITMAP
00F8
7C38
8078
80D8
8400
8400
9F00
8420
8420
8020
8020
8020
9F20
8020
8020
7FC0
ENDCHAR
STARTCHAR EC36
ENCODING 60470
SWIDTH 660 0
DWIDTH 11 0
BBX 14 15 0 -1
BITMAP
7F7C
801C
8000
84E0
84F8
9E80
8420
8420
8020
8020
9F20
8020
8020
FFE0
3FC0
ENDCHAR
STARTCHAR EC37
ENCODING 60471
SWIDTH 660 0
DWIDTH 11 0
BBX 15 14 0 -1
BITMAP
7FF8
C004
8486
8C46
9826
9016
9826
8C46
8406
C004
31F8
1600
1C00
0800
ENDCHAR
STARTCHAR EC38
ENCODING 60472
SWIDTH 660 0
DWIDTH 11 0
BBX 17 16 0 -2
BITMAP
0F7800
3FFC00
218600
218200
21C200
218000
3F1800
607E00
E0EF00
E0EF00
E1EF80
E1FF80
39FF00
1CE700
027E00
003C00
ENDCHAR
STARTCHAR EC39
ENCODING 60473
SWIDTH 660 0
DWIDTH 11 0
BBX 15 14 0 -1
BITMAP
0FE0
0BE0
0FE0
3FE8
7FEC
FFEC
F80E
EFFE
EFFC
6FFC
2E00
0FE0
0FA0
0FC0
ENDCHAR
STARTCHAR EC3A
ENCODING 60474
SWIDTH 660 0
DWIDTH 11 0
BBX 16 14 0 -1
BITMAP
03C0
0FF0
1188
2184
2184
2184
73CE
EC37
E247
E247
E247
6006
1C38
03C0
ENDCHAR
STARTCHAR EC3B
ENCODING 60475
SWIDTH 660 0
DWIDTH 11 0
BBX 16 14 0 -1
BITMAP
07E0
1FF8
318C
2184
2184
318C
7E72
E03C
E276
E277
6077
3877
077E
003E
ENDCHAR
STARTCHAR EC3C
ENCODING 60476
SWIDTH 660 0
DWIDTH 11 0
BBX 14 10 0 1
BITMAP
000C
010C
008C
004C
FFEC
002C
004C
008C
010C
000C
ENDCHAR
STARTCHAR EC3D
ENCODING 60477
SWIDTH 660 0
DWIDTH 11 0
BBX 17 16 0 -2
BITMAP
0F7800
3FFC00
218600
218200
21C200
238000
3F1800
607E00
E0FF00
E0FF00
E1FF80
E18180
79FF00
1CFF00
027E00
003C00
ENDCHAR
STARTCHAR EC3E
ENCODING 60478
SWIDTH 660 0
DWIDTH 11 0
BBX 16 16 0 -2
BITMAP
0E70
3FFC
3186
2186
21C2
2180
3E38
6C46
E083
E16D
E139
E139
716D
1C83
0666
0018
ENDCHAR
STARTCHAR EC3F
ENCODING 60479
SWIDTH 660 0
DWIDTH 11 0
BBX 11 12 0 0
BITMAP
FFE0
8040
8080
8180
8080
80C0
8040
FFE0
8000
8000
8000
8000
ENDCHAR
STARTCHAR EC40
ENCODING 60480
SWIDTH 660 0
DWIDTH 11 0
BBX 9 12 1 0
BITMAP
3E00
4300
8180
8080
8080
8080
8100
4100
4200
3E00
2200
3C00
ENDCHAR
STARTCHAR EC41
ENCODING 60481
SWIDTH 660 0
DWIDTH 11 0
BBX 15 15 0 -2
BITMAP
0380
1CE0
701C
8006
9026
8EC2
8302
8102
8102
8102
8000
C004
3802
0E7E
0004
ENDCHAR
STARTCHAR EC42
ENCODING 60482
SWIDTH 660 0
DWIDTH 11 0
BBX 17 14 0 0
BITMAP
6FFC00
31C600
398600
2D8200
26C600
3F7E00
7FBF00
E0C300
E26380
E27380
E27B80
700D00
3E3E00
0FF300
ENDCHAR
STARTCHAR EC43
ENCODING 60483
SWIDTH 660 0
DWIDTH 11 0
BBX 14 16 0 -2
BITMAP
0070
FEF8
80F8
83FC
87F8
83E0
83C0
84C0
8000
8040
8040
FFC0
8000
B800
FFC0
3800
ENDCHAR
STARTCHAR EC44
ENCODING 60484
SWIDTH 660 0
DWIDTH 11 0
BBX 15 11 0 1
BITMAP
8000
8006
8082
8042
8022
C012
7FF2
0022
0042
0082
0002
ENDCHAR
STARTCHAR EC45
ENCODING 60485
SWIDTH 660 0
DWIDTH 11 0
BBX 15 10 0 2
BITMAP
0002
00C2
0062
0032
7FF2
C032
8062
80C2
8082
8002
ENDCHAR
STARTCHAR EC46
ENCODING 60486
SWIDTH 660 0
DWIDTH 11 0
BBX 16 16 0 -2
BITMAP
7080
C980
8BE0
8910
7090
2000
2030
20FC
21FE
23FE
7BF7
8BAF
8BDE
D9FE
30FC
0070
ENDCHAR
STARTCHAR EC47
ENCODING 60487
SWIDTH 660 0
DWIDTH 11 0
BBX 15 16 0 -2
BITMAP
01E0
0230
04D0
09BC
1366
26CA
4D92
9B26
164C
1498
1930
0E60
00C0
0180
0180
00C0
ENDCHAR
STARTCHAR EC48
ENCODING 60488
SWIDTH 660 0
DWIDTH 11 0
BBX 15 16 0 -2
BITMAP
0030
7E58
838C
8186
8102
8102
8184
8148
FFFC
8104
8104
8104
8104
8104
8104
7FF8
ENDCHAR
STARTCHAR EC49
ENCODING 60489
SWIDTH 660 0
DWIDTH 11 0
BBX 15 14 0 -1
BITMAP
7FFC
8004
8102
8102
8102
8502
8382
8102
8002
FFFE
FFFE
FFFE
FFFC
7FFC
ENDCHAR
STARTCHAR EC4A
ENCODING 60490
SWIDTH 660 0
DWIDTH 11 0
BBX 15 14 0 -1
BITMAP
7FFC
F804
F806
F806
F806
F982
FBF2
F902
F882
F802
F802
F802
F804
7FFC
ENDCHAR
STARTCHAR EC4B
ENCODING 60491
SWIDTH 660 0
DWIDTH 11 0
BBX 15 14 0 -1
BITMAP
7FFC
807C
807E
807E
807E
827E
BF7E
837E
827E
807E
807E
807E
807C
7FFC
ENDCHAR
STARTCHAR EC4C
ENCODING 60492
SWIDTH 660 0
DWIDTH 11 0
BBX 17 16 0 -2
BITMAP
0F7800
3FFC00
218600
218200
21C200
238000
3F1800
607E00
E0E500
E0D900
E1F380
E1FF80
798B00
1C8300
027E00
003C00
ENDCHAR
STARTCHAR EC4D
ENCODING 60493
SWIDTH 660 0
DWIDTH 11 0
BBX 17 16 0 -2
BITMAP
0F7800
3FFC00
218600
218200
21C200
238000
3F1800
607E00
E0FF00
E0DB00
E1E780
E1E780
79DB00
1CFF00
027E00
003C00
ENDCHAR
STARTCHAR EC4E
ENCODING 60494
SWIDTH 660 0
DWIDTH 11 0
BBX 17 16 0 -2
BITMAP
0F7800
3FFC00
218600
218200
21C200
238000
3F1800
607E00
E0FF00
E0FF00
E1FB80
E1D780
79EF00
1CFF00
027E00
003C00
ENDCHAR
STARTCHAR EC4F
ENCODING 60495
SWIDTH 660 0
DWIDTH 11 0
BBX 17 15 0 -1
BITMAP
001800
7F3C00
C01800
801A00
800200
800F80
800200
800200
800000
800600
C00400
31F800
120000
1C0000
180000
ENDCHAR
STARTCHAR EC50
ENCODING 60496
SWIDTH 660 0
DWIDTH 11 0
BBX 15 14 0 -1
BITMAP
0080
00C0
31E0
47F0
C1C0
80C0
8090
8018
C17E
6118
3E90
0040
0020
0010
ENDCHAR
STARTCHAR EC51
ENCODING 60497
SWIDTH 660 0
DWIDTH 11 0
BBX 15 16 0 -2
BITMAP
2000
2018
F864
70C2
21E6
0434
1E18
0410
1020
3040
6080
4100
4200
8400
F800
C000
ENDCHAR
STARTCHAR EC52
ENCODING 60498
SWIDTH 660 0
DWIDTH 11 0
BBX 17 16 0 -2
BITMAP
000F80
0F6100
3FE200
200200
21E400
206F80
20C000
3CE200
600300
E00380
E26380
E26380
E22300
780E00
1FFC00
03E000
ENDCHAR
STARTCHAR EC53
ENCODING 60499
SWIDTH 660 0
DWIDTH 11 0
BBX 16 14 0 -1
BITMAP
07C0
0860
1020
3030
600C
8304
81C2
81F0
C1FC
7C0F
01FC
01F0
01C0
0300
ENDCHAR
STARTCHAR EC54
ENCODING 60500
SWIDTH 660 0
DWIDTH 11 0
BBX 16 16 0 -2
BITMAP
0010
0018
FF3C
8018
8002
8007
8002
8002
80FC
6103
2501
2901
3101
00F6
001C
000C
ENDCHAR
STARTCHAR EC55
ENCODING 60501
SWIDTH 660 0
DWIDTH 11 0
BBX 17 16 0 -2
BITMAP
001000
001800
7F3C00
801800
800200
800700
800200
801A00
801800
802C00
802C00
716E00
126E00
14FF00
18FF00
01FF80
ENDCHAR
STARTCHAR EC56
ENCODING 60502
SWIDTH 660 0
DWIDTH 11 0
BBX 17 16 0 -2
BITMAP
001000
001800
7F3C00
801800
800200
800700
800000
803C00
80FF00
80DB00
81C380
71E780
11C380
14DB00
18FF00
007E00
ENDCHAR
STARTCHAR EC57
ENCODING 60503
SWIDTH 660 0
DWIDTH 11 0
BBX 15 14 0 -1
BITMAP
03FC
0202
FE02
8202
9FE2
9022
9022
9022
9022
903C
9020
F020
1020
1FE0
ENDCHAR
STARTCHAR EC58
ENCODING 60504
SWIDTH 660 0
DWIDTH 11 0
BBX 16 16 0 -2
BITMAP
01FC
0206
7E06
8206
8FE6
9006
9032
90FC
91DE
93DE
93DF
9303
73DE
11DE
0CFC
0070
ENDCHAR
STARTCHAR EC59
ENCODING 60505
SWIDTH 660 0
DWIDTH 11 0
BBX 16 16 0 -2
BITMAP
0F80
1878
1008
100C
7802
C003
8001
8002
C01E
3C10
0620
03C0
0C00
1400
DC00
C000
ENDCHAR
STARTCHAR EC5A
ENCODING 60506
SWIDTH 660 0
DWIDTH 11 0
BBX 15 16 0 -2
BITMAP
0100
0100
0100
0540
0780
0300
8000
8002
8112
B332
8112
8002
8CC2
8442
C004
7FF8
ENDCHAR
STARTCHAR EC5B
ENCODING 60507
SWIDTH 660 0
DWIDTH 11 0
BBX 15 14 0 -1
BITMAP
7FF8
C004
8006
9FE6
8006
8006
9F86
9F86
8006
C00C
31F8
1600
1C00
0800
ENDCHAR
STARTCHAR EC5C
ENCODING 60508
SWIDTH 660 0
DWIDTH 11 0
BBX 10 12 0 0
BITMAP
E000
B000
9800
8600
8300
8180
8040
8FC0
9000
B000
A000
C000
ENDCHAR
STARTCHAR EC5D
ENCODING 60509
SWIDTH 660 0
DWIDTH 11 0
BBX 14 13 0 0
BITMAP
0040
00E0
0110
0208
0404
0804
1008
2810
4420
8240
8180
4100
3FE0
ENDCHAR
STARTCHAR EC5E
ENCODING 60510
SWIDTH 660 0
DWIDTH 11 0
BBX 11 14 0 -1
BITMAP
FE00
8500
8480
8440
83E0
8060
8060
BF60
8060
BF60
8060
BF60
8040
7FC0
ENDCHAR
STARTCHAR EC60
ENCODING 60512
SWIDTH 660 0
DWIDTH 11 0
BBX 12 4 0 4
BITMAP
49B0
99B0
D890
D930
ENDCHAR
STARTCHAR EC61
ENCODING 60513
SWIDTH 660 0
DWIDTH 11 0
BBX 13 12 0 0
BITMAP
0F00
0200
7AF0
8218
8218
8218
8218
8218
8218
7AF0
0200
0F00
ENDCHAR
STARTCHAR EC62
ENCODING 60514
SWIDTH 660 0
DWIDTH 11 0
BBX 14 14 0 -1
BITMAP
F000
9800
8600
8180
80E0
8020
8000
87F8
880C
880C
87F8
E88C
088C
0FF8
ENDCHAR
STARTCHAR EC63
ENCODING 60515
SWIDTH 660 0
DWIDTH 11 0
BBX 14 14 0 -1
BITMAP
000C
0018
03F0
0620
0610
1B10
2D90
26E0
2340
2100
3100
7E00
C000
8000
ENDCHAR
STARTCHAR EC64
ENCODING 60516
SWIDTH 660 0
DWIDTH 11 0
BBX 12 12 0 0
BITMAP
1F80
3040
2000
2000
1000
0000
FFF0
0040
0040
0040
30C0
0F80
ENDCHAR
STARTCHAR EC65
ENCODING 60517
SWIDTH 660 0
DWIDTH 11 0
BBX 15 14 0 -1
BITMAP
7FFC
8004
8002
8002
8002
8002
8000
8000
80FE
80E0
80B0
8098
808C
7C86
ENDCHAR
STARTCHAR EC66
ENCODING 60518
SWIDTH 660 0
DWIDTH 11 0
BBX 15 12 0 0
BITMAP
E00C
8002
8782
8C42
8842
8842
8842
8842
8442
8782
8002
E00C
ENDCHAR
STARTCHAR EC67
ENCODING 60519
SWIDTH 660 0
DWIDTH 11 0
BBX 16 14 0 -1
BITMAP
1F38
1048
2044
2046
4082
C081
8081
8101
4103
4102
2304
3204
1208
1EF8
ENDCHAR
STARTCHAR EC68
ENCODING 60520
SWIDTH 660 0
DWIDTH 11 0
BBX 16 16 0 -2
BITMAP
3FF8
4004
8004
8002
8482
8C40
9824
900E
981F
8C3E
847C
80F8
81F0
41E0
3BC0
0100
ENDCHAR
STARTCHAR EC69
ENCODING 60521
SWIDTH 660 0
DWIDTH 11 0
BBX 11 16 0 -2
BITMAP
7FC0
FFC0
FFE0
FEE0
FCE0
E9E0
F3E0
FFE0
FFE0
FFE0
FFE0
FFC0
8000
F800
7FC0
2800
ENDCHAR
STARTCHAR EC6A
ENCODING 60522
SWIDTH 660 0
DWIDTH 11 0
BBX 15 14 0 -1
BITMAP
0FE0
3030
6008
400C
C044
8084
8102
8202
8404
C804
400C
2008
1030
0FC0
ENDCHAR
STARTCHAR EC6B
ENCODING 60523
SWIDTH 660 0
DWIDTH 11 0
BBX 10 12 0 0
BITMAP
1C00
3E00
6B00
C980
0800
0800
0800
0800
0800
0400
0200
01C0
ENDCHAR
STARTCHAR EC6C
ENCODING 60524
SWIDTH 660 0
DWIDTH 11 0
BBX 15 16 0 -2
BITMAP
7800
8800
8800
D8F0
7190
2110
2000
20F0
23F8
3BBC
3624
779E
D60C
93BC
8BBC
71F0
ENDCHAR
STARTCHAR EC6D
ENCODING 60525
SWIDTH 660 0
DWIDTH 11 0
BBX 15 16 0 -2
BITMAP
7800
8800
8800
D8F0
7190
2110
2000
20F0
23F8
3BBC
37BC
7606
D7BC
93BC
8BFC
71F0
ENDCHAR
STARTCHAR EC6E
ENCODING 60526
SWIDTH 660 0
DWIDTH 11 0
BBX 15 16 0 -2
BITMAP
7800
8800
8800
D8F0
7190
2110
2000
20F0
23F8
3BBC
37BC
77BE
D7FC
939C
8BFC
71F0
ENDCHAR
STARTCHAR EC6F
ENCODING 60527
SWIDTH 660 0
DWIDTH 11 0
BBX 12 16 0 -2
BITMAP
7800
8800
8800
D8F0
7190
2110
2090
20E0
2040
3F80
3000
7000
C800
8800
8800
7000
ENDCHAR
STARTCHAR EC70
ENCODING 60528
SWIDTH 660 0
DWIDTH 11 0
BBX 15 14 0 -1
BITMAP
1F80
60C0
4060
8020
8020
8020
8020
C020
4060
20E0
1F30
0018
000C
0006
ENDCHAR
STARTCHAR EC71
ENCODING 60529
SWIDTH 660 0
DWIDTH 11 0
BBX 14 14 0 -1
BITMAP
0380
01C0
0CE0
0450
3238
781C
FCCC
FC6C
7A38
3690
0CC0
0CC0
0780
0300
ENDCHAR
STARTCHAR EC72
ENCODING 60530
SWIDTH 660 0
DWIDTH 11 0
BBX 16 16 0 -2
BITMAP
3FF8
4004
8004
FFFE
8002
8002
8030
80FC
81FE
83FE
83F7
83AF
83DE
41FE
3CFC
0070
ENDCHAR
STARTCHAR EC73
ENCODING 60531
SWIDTH 660 0
DWIDTH 11 0
BBX 12 10 0 1
BITMAP
0080
00C0
0060
0030
1FF0
2030
4060
80C0
8080
8000
ENDCHAR
STARTCHAR EC74
ENCODING 60532
SWIDTH 660 0
DWIDTH 11 0
BBX 9 14 1 -1
BITMAP
0800
0800
0800
0800
0800
0800
0880
8980
4B00
2E00
1C00
0800
0000
FF80
ENDCHAR
STARTCHAR EC75
ENCODING 60533
SWIDTH 660 0
DWIDTH 11 0
BBX 15 14 0 -1
BITMAP
0FE0
3030
6008
420C
8204
8204
8202
83C2
8004
C004
400C
2008
1030
0FC0
ENDCHAR
STARTCHAR EC76
ENCODING 60534
SWIDTH 660 0
DWIDTH 11 0
BBX 16 14 0 -1
BITMAP
FFFC
8006
8006
7FFC
4000
4078
41FC
4146
431A
431B
43F3
39E6
01CE
00F8
ENDCHAR
STARTCHAR EC77
ENCODING 60535
SWIDTH 660 0
DWIDTH 11 0
BBX 15 14 0 -1
BITMAP
0F80
3030
6008
4000
8000
8004
8006
8006
8004
C000
4008
2008
1030
0F80
ENDCHAR
STARTCHAR EC78
ENCODING 60536
SWIDTH 660 0
DWIDTH 11 0
BBX 15 15 0 -1
BITMAP
00FC
01FE
7F06
FF06
C106
C7C6
DFF6
D836
D836
D83E
F830
F830
1830
1830
1FE0
ENDCHAR
STARTCHAR EC79
ENCODING 60537
SWIDTH 660 0
DWIDTH 11 0
BBX 17 15 0 -1
BITMAP
7FFE00
FFFF80
C00180
C00180
C00180
C00180
C00180
C00180
C00180
C00180
FFFF80
FFFF00
063000
063000
3FFC00
ENDCHAR
STARTCHAR EC7A
ENCODING 60538
SWIDTH 660 0
DWIDTH 11 0
BBX 17 12 0 0
BITMAP
03C000
07F000
0C3800
081800
380C00
780F00
C00300
C00180
C00180
C00300
7FFF00
3FFC00
ENDCHAR
STARTCHAR EC7B
ENCODING 60539
SWIDTH 660 0
DWIDTH 11 0
BBX 17 16 0 -2
BITMAP
008000
008000
008000
008000
008000
008000
008000
FFFF80
FFFF00
008000
008000
008000
008000
008000
008000
008000
ENDCHAR
STARTCHAR EC7C
ENCODING 60540
SWIDTH 660 0
DWIDTH 11 0
BBX 17 2 0 5
BITMAP
FFFF80
FFFF00
ENDCHAR
STARTCHAR EC7D
ENCODING 60541
SWIDTH 660 0
DWIDTH 11 0
BBX 17 15 0 -1
BITMAP
000200
000700
00FF80
01FF80
010700
010000
010000
FF0000
FF0000
010000
010200
010700
01FF80
00FF80
000700
ENDCHAR
STARTCHAR EC7E
ENCODING 60542
SWIDTH 660 0
DWIDTH 11 0
BBX 15 13 0 -1
BITMAP
0018
000C
01FE
0204
0208
0200
FE00
0200
0200
0208
0304
01FC
0008
ENDCHAR
STARTCHAR EC7F
ENCODING 60543
SWIDTH 660 0
DWIDTH 11 0
BBX 17 14 0 -1
BITMAP
6F7300
800180
800080
040000
822080
834080
010000
008000
81C080
C26100
5E3800
124C00
1A2800
0C1000
ENDCHAR
STARTCHAR EC80
ENCODING 60544
SWIDTH 660 0
DWIDTH 11 0
BBX 15 14 0 -1
BITMAP
0FE0
3030
2008
4384
C4C4
8444
8082
8102
8104
C004
410C
4108
9030
EFE0
ENDCHAR
STARTCHAR EC81
ENCODING 60545
SWIDTH 660 0
DWIDTH 11 0
BBX 17 16 0 -2
BITMAP
07C000
087C00
118600
363200
54DA00
95C600
963100
943900
9C2480
462480
71E500
4F2700
646600
20C800
1F0800
01F000
ENDCHAR
STARTCHAR EC82
ENCODING 60546
SWIDTH 660 0
DWIDTH 11 0
BBX 17 16 0 -2
BITMAP
0C4000
0C4400
064C00
665C00
3B5800
1F7000
07F380
E3FE00
1FE000
07FF80
0DF000
32A800
26B400
0C9A00
098800
018000
ENDCHAR
STARTCHAR EC83
ENCODING 60547
SWIDTH 660 0
DWIDTH 11 0
BBX 16 16 0 -2
BITMAP
0FFC
1802
1001
71F1
D011
9031
9051
9091
9101
8201
8401
8802
93FC
8010
C010
7FE0
ENDCHAR
STARTCHAR EC84
ENCODING 60548
SWIDTH 660 0
DWIDTH 11 0
BBX 16 16 0 -2
BITMAP
000E
3F9F
403F
807E
80FC
80F8
81F2
83E6
83C6
8006
8006
8006
8006
8004
400C
3FF8
ENDCHAR
STARTCHAR ED00
ENCODING 60672
SWIDTH 660 0
DWIDTH 11 0
BBX 12 16 0 -2
BITMAP
0E00
3F80
7FC0
7FE0
F9E0
F0F0
F0F0
F9E0
7FE0
7FC0
3FC0
3F80
1F80
0F00
0E00
0400
ENDCHAR
STARTCHAR ED01
ENCODING 60673
SWIDTH 660 0
DWIDTH 11 0
BBX 9 16 1 -2
BITMAP
1C00
6300
8100
8080
8080
8880
9880
B700
4100
4200
2200
2200
0000
3E00
0000
1C00
ENDCHAR
STARTCHAR ED02
ENCODING 60674
SWIDTH 660 0
DWIDTH 11 0
BBX 16 15 0 -1
BITMAP
0100
0E00
3C00
7BF0
7038
F199
F189
E7C9
E7CB
F183
F187
741E
3BFE
3CF8
0F00
ENDCHAR
STARTCHAR ED03
ENCODING 60675
SWIDTH 660 0
DWIDTH 11 0
BBX 11 16 0 -2
BITMAP
0C00
1F00
3F00
3800
3F00
3800
BF60
B860
BF60
DF40
4EC0
7180
1F00
0400
1F00
1F00
ENDCHAR
STARTCHAR ED04
ENCODING 60676
SWIDTH 660 0
DWIDTH 11 0
BBX 13 14 0 -1
BITMAP
FDF8
FDF8
FDF8
FDF8
FDF8
FDF8
FDF8
FDF8
FDF8
FDF8
FDF8
FDF8
FDF8
FDF8
ENDCHAR
STARTCHAR ED05
ENCODING 60677
SWIDTH 660 0
DWIDTH 11 0
BBX 13 12 0 0
BITMAP
FFF8
FFF8
E7F8
E7F8
E7B8
E718
E718
E700
E700
E700
E000
C000
ENDCHAR
STARTCHAR ED06
ENCODING 60678
SWIDTH 660 0
DWIDTH 11 0
BBX 15 15 0 -1
BITMAP
0100
0FE0
3FF8
66C8
644C
E44C
E44E
E44E
E44E
E44E
E44C
6FEC
3FF8
3FF0
0FE0
ENDCHAR
STARTCHAR ED07
ENCODING 60679
SWIDTH 660 0
DWIDTH 11 0
BBX 11 16 0 -2
BITMAP
7FC0
FFC0
FFE0
FFE0
FFE0
FFE0
FFE0
FFE0
FFE0
FFE0
FFE0
FFE0
FBE0
F3E0
FFC0
7F80
ENDCHAR
STARTCHAR ED08
ENCODING 60680
SWIDTH 660 0
DWIDTH 11 0
BBX 11 16 0 -2
BITMAP
7FC0
FFC0
FFE0
FFE0
FFE0
FFE0
FFE0
FFE0
FFE0
FFE0
FFE0
FFE0
FFE0
F1E0
FFC0
7F80
ENDCHAR
STARTCHAR ED09
ENCODING 60681
SWIDTH 660 0
DWIDTH 11 0
BBX 11 16 0 -2
BITMAP
7FC0
FFC0
C060
C060
C060
C060
C060
C060
C060
C060
C060
C060
FFE0
F1E0
FFC0
7F80
ENDCHAR
STARTCHAR ED0A
ENCODING 60682
SWIDTH 660 0
DWIDTH 11 0
BBX 15 15 0 -1
BITMAP
0100
0FE0
3FF8
7FF8
7FFC
EFEC
E7CE
E38E
E92E
EC6E
0EE0
0FE0
3FF8
3FF0
0FE0
ENDCHAR
STARTCHAR ED0B
ENCODING 60683
SWIDTH 660 0
DWIDTH 11 0
BBX 17 12 0 0
BITMAP
7FFF00
FFFF80
E00380
C3E080
837080
877080
877080
823080
C3E180
E00380
FFFF80
7FFF00
ENDCHAR
STARTCHAR ED0C
ENCODING 60684
SWIDTH 660 0
DWIDTH 11 0
BBX 15 14 0 -2
BITMAP
07C0
1830
77DC
6C6C
600C
E00E
E00E
E00E
6EEC
6008
2388
3398
1C70
07C0
ENDCHAR
STARTCHAR ED0D
ENCODING 60685
SWIDTH 660 0
DWIDTH 11 0
BBX 13 16 0 -2
BITMAP
0200
0D80
1860
6030
8008
8BC8
8A28
8B88
8868
8A28
8BE8
8808
7830
0040
0780
0200
ENDCHAR
STARTCHAR ED0E
ENCODING 60686
SWIDTH 660 0
DWIDTH 11 0
BBX 17 6 0 3
BITMAP
FFFF80
94AA80
94AA80
942A80
FCFF80
078000
ENDCHAR
STARTCHAR ED0F
ENCODING 60687
SWIDTH 660 0
DWIDTH 11 0
BBX 19 8 0 2
BITMAP
380000
440240
7C5DA0
4C3660
C291A0
BA1660
440000
380000
ENDCHAR
STARTCHAR ED10
ENCODING 60688
SWIDTH 660 0
DWIDTH 11 0
BBX 12 14 0 0
BITMAP
1C00
1D80
0F80
0000
3FC0
4020
8610
FFF0
D4B0
FFF0
D4B0
FFF0
54A0
3FC0
ENDCHAR
STARTCHAR ED11
ENCODING 60689
SWIDTH 660 0
DWIDTH 11 0
BBX 15 15 0 -1
BITMAP
0100
0FA0
3F38
7E38
7E24
FE3C
FA26
F63E
F62E
EE3E
DE24
4018
3E38
3E30
0E20
ENDCHAR
STARTCHAR ED12
ENCODING 60690
SWIDTH 660 0
DWIDTH 11 0
BBX 17 14 0 -1
BITMAP
01C000
0FF800
1FFC00
3E0E00
FCE780
FAE780
32EE00
32CE00
3E1C00
3EFC00
1EFC00
1EFC00
1EFC00
1FF800
ENDCHAR
STARTCHAR ED13
ENCODING 60691
SWIDTH 660 0
DWIDTH 11 0
BBX 14 16 0 -2
BITMAP
07C0
1FF0
3FF8
7FFC
FFFC
FFFC
FFFC
FFF8
FFF0
FFC0
FF00
FE00
7E00
7C00
7C00
1000
ENDCHAR
STARTCHAR ED14
ENCODING 60692
SWIDTH 660 0
DWIDTH 11 0
BBX 12 16 0 -2
BITMAP
0700
18C0
6020
8310
8390
9790
9FD0
9F90
8F90
8710
4020
4020
2040
1080
0900
0600
ENDCHAR
STARTCHAR ED15
ENCODING 60693
SWIDTH 660 0
DWIDTH 11 0
BBX 15 12 0 0
BITMAP
0780
0C60
1030
3298
67CC
E6CE
E6CE
638C
3298
1830
0EE0
0380
ENDCHAR
STARTCHAR ED16
ENCODING 60694
SWIDTH 660 0
DWIDTH 11 0
BBX 18 13 1 -1
BITMAP
700000
FC0000
7F8000
7F4000
7FFE00
7CC100
3E0400
331B00
11F580
0C4840
0E0000
03C000
002000
ENDCHAR
STARTCHAR ED17
ENCODING 60695
SWIDTH 660 0
DWIDTH 11 0
BBX 19 16 0 -2
BITMAP
060020
3E0060
3F01C0
3F0300
3F0600
3E0C00
1C3800
1E6000
1EC000
0F8400
070F00
0C7F80
19FF80
70FF80
C03F80
800700
ENDCHAR
STARTCHAR ED18
ENCODING 60696
SWIDTH 660 0
DWIDTH 11 0
BBX 17 13 0 -1
BITMAP
030000
03E000
03F800
03B800
03B800
03BC00
03B800
03B800
0F8000
7FBF80
E3A780
7F9E00
03B000
ENDCHAR
STARTCHAR ED19
ENCODING 60697
SWIDTH 660 0
DWIDTH 11 0
BBX 12 16 0 -2
BITMAP
7FE0
FFE0
FFF0
FFF0
F9F0
F0F0
F0F0
F9F0
FFF0
E070
C070
E070
FFF0
FFF0
FFE0
7FC0
ENDCHAR
STARTCHAR ED1A
ENCODING 60698
SWIDTH 660 0
DWIDTH 11 0
BBX 13 14 0 -1
BITMAP
01C0
7E40
8FE0
8098
4110
6120
6140
5280
4B00
2A00
2400
2800
1800
1000
ENDCHAR
STARTCHAR ED1B
ENCODING 60699
SWIDTH 660 0
DWIDTH 11 0
BBX 13 14 0 -1
BITMAP
0F80
17C0
1FC0
01C0
7FF8
FFF8
FFB8
EFF8
EFF8
6FF8
0E00
0FC0
0F40
0780
ENDCHAR
STARTCHAR ED1C
ENCODING 60700
SWIDTH 660 0
DWIDTH 11 0
BBX 13 14 0 -1
BITMAP
3FF0
FFF8
FFF8
E0F8
E1F8
EFF8
EC18
ECF8
FDF8
FDF8
FDF8
FFF8
7FF8
3FF0
ENDCHAR
STARTCHAR ED1D
ENCODING 60701
SWIDTH 660 0
DWIDTH 11 0
BBX 15 15 0 -1
BITMAP
0100
0FE0
3FF8
7FF8
7FFC
F70C
E70E
EA8E
CA1E
C0FE
C0FC
7FFC
3FF8
3FF0
0FE0
ENDCHAR
STARTCHAR ED1E
ENCODING 60702
SWIDTH 660 0
DWIDTH 11 0
BBX 13 14 0 -1
BITMAP
3FE0
7FF0
FFF8
FFF8
FFF8
FFF8
FFF8
EA68
E5A8
EC38
EDE8
EE68
7FF0
1FE0
ENDCHAR
STARTCHAR ED1F
ENCODING 60703
SWIDTH 660 0
DWIDTH 11 0
BBX 15 15 0 -1
BITMAP
0100
0FE0
3FF8
7FF8
7C3C
E09E
07DE
3FCE
3F9E
B83E
81FC
000C
1E08
1FF0
0FE0
ENDCHAR
STARTCHAR ED20
ENCODING 60704
SWIDTH 660 0
DWIDTH 11 0
BBX 17 16 0 -2
BITMAP
700000
FC0000
7FF800
7FFE00
700700
600380
C00180
CC9980
CC9980
C00180
600300
200700
623C00
6FF000
FC0000
700000
ENDCHAR
STARTCHAR ED21
ENCODING 60705
SWIDTH 660 0
DWIDTH 11 0
BBX 15 15 0 -1
BITMAP
0100
0FE0
3CF8
78F8
707C
E23C
C71E
FE8E
FC0E
FC0E
FE3C
7F1C
3F88
3FF0
0FE0
ENDCHAR
STARTCHAR ED22
ENCODING 60706
SWIDTH 660 0
DWIDTH 11 0
BBX 13 12 0 0
BITMAP
0030
0B78
0220
54C0
44E0
3800
CB00
6380
3100
0C00
0600
0600
ENDCHAR
STARTCHAR ED23
ENCODING 60707
SWIDTH 660 0
DWIDTH 11 0
BBX 14 14 0 -1
BITMAP
1600
7F00
6980
CC80
DCC0
D4C0
C880
6980
37C0
14E0
0070
0038
001C
000C
ENDCHAR
STARTCHAR ED24
ENCODING 60708
SWIDTH 660 0
DWIDTH 11 0
BBX 14 12 1 0
BITMAP
1000
1C00
0E00
0F80
07C0
33E0
1CF0
1F70
1FB8
3FF8
3FDC
FFFC
ENDCHAR
STARTCHAR ED25
ENCODING 60709
SWIDTH 660 0
DWIDTH 11 0
BBX 14 16 0 -2
BITMAP
0100
0FC0
3EF8
FE3C
FE0C
FE0C
FE0C
FE0C
7E0C
7E18
7E18
3E30
1E70
0EE0
07C0
0100
ENDCHAR
STARTCHAR ED26
ENCODING 60710
SWIDTH 660 0
DWIDTH 11 0
BBX 13 14 0 -1
BITMAP
1E00
3300
4080
C0C0
8040
8040
8040
40C0
6180
3FC0
0060
0030
0018
0008
ENDCHAR
STARTCHAR ED27
ENCODING 60711
SWIDTH 660 0
DWIDTH 11 0
BBX 13 14 0 0
BITMAP
0700
1FC0
3FE0
7870
F3F8
F3F8
F8F8
FE78
FE78
7070
7DF0
3FE0
0FF0
03C0
ENDCHAR
STARTCHAR ED28
ENCODING 60712
SWIDTH 660 0
DWIDTH 11 0
BBX 13 16 0 -2
BITMAP
0200
0700
0F80
3DC0
76E0
EF70
77B8
3BD0
5EE0
EF70
77B8
3AF0
1DE0
0F80
0700
0200
ENDCHAR
STARTCHAR ED29
ENCODING 60713
SWIDTH 660 0
DWIDTH 11 0
BBX 13 12 0 0
BITMAP
0060
0198
0178
01F8
03F8
0798
C7F0
FF80
FB00
7A00
2400
1800
ENDCHAR
STARTCHAR ED2A
ENCODING 60714
SWIDTH 660 0
DWIDTH 11 0
BBX 17 15 0 -1
BITMAP
000700
001F00
003F80
7FFF80
FFFC80
FFF800
FFF000
FFF000
E3E000
E06000
C06000
406000
404000
606000
006000
ENDCHAR
STARTCHAR ED2B
ENCODING 60715
SWIDTH 660 0
DWIDTH 11 0
BBX 13 15 1 -2
BITMAP
1000
C800
3E00
FD98
7FD8
3FF8
0FF8
1FF8
01F0
0030
0020
00E0
01C0
0E80
0B00
ENDCHAR
STARTCHAR ED2C
ENCODING 60716
SWIDTH 660 0
DWIDTH 11 0
BBX 19 8 0 2
BITMAP
1F0000
600000
C00040
95FA20
4EAA20
400060
0000C0
001F00
ENDCHAR
STARTCHAR ED2D
ENCODING 60717
SWIDTH 660 0
DWIDTH 11 0
BBX 13 16 0 -2
BITMAP
7FF0
FFF8
FFF8
FFF8
FFF8
FFF8
FFF8
FFF8
FFF8
FFF8
FFF8
FFF8
FDF8
FCF8
FFF8
7FF0
ENDCHAR
STARTCHAR ED2E
ENCODING 60718
SWIDTH 660 0
DWIDTH 11 0
BBX 13 16 0 -2
BITMAP
7FF0
FFF8
FFF8
FFF8
FFF8
FFF8
FFF8
FFF8
FFF8
FFF8
FFF8
FFF8
FFF8
F878
FFF8
7FF0
ENDCHAR
STARTCHAR ED2F
ENCODING 60719
SWIDTH 660 0
DWIDTH 11 0
BBX 15 16 0 -2
BITMAP
03C0
1FF0
3EF8
7E7C
67DE
F79E
FFBE
CF36
CF76
FC7E
FC3E
7C7E
7E7C
3FF8
0FF0
0380
ENDCHAR
STARTCHAR ED30
ENCODING 60720
SWIDTH 660 0
DWIDTH 11 0
BBX 17 12 0 0
BITMAP
7FFF00
FFFF80
FFFF80
FFFF80
FFFF80
7FFF00
7FFF00
FFFF80
FFFF80
FFFF80
FFFF80
7FFF00
ENDCHAR
STARTCHAR ED31
ENCODING 60721
SWIDTH 660 0
DWIDTH 11 0
BBX 13 14 0 -1
BITMAP
FFF8
FFF8
FFF8
F078
E038
E018
E318
FF18
E038
F038
F878
FFF8
FFF8
FFF8
ENDCHAR
STARTCHAR ED32
ENCODING 60722
SWIDTH 660 0
DWIDTH 11 0
BBX 13 16 0 -2
BITMAP
0200
0780
0720
00F0
0078
0038
C018
E018
E018
E018
E038
F8F8
7FF0
1FC0
0780
0200
ENDCHAR
STARTCHAR ED33
ENCODING 60723
SWIDTH 660 0
DWIDTH 11 0
BBX 12 14 0 -1
BITMAP
4060
4060
E0F0
E0F0
E0F0
E0F0
E0F0
E0F0
0000
6060
70E0
3FC0
3FC0
0E00
ENDCHAR
STARTCHAR ED34
ENCODING 60724
SWIDTH 660 0
DWIDTH 11 0
BBX 18 16 0 -2
BITMAP
011000
01B000
016000
00E000
01C000
07F800
0FBC00
0FBE00
1FBE00
3F3F00
3E1F80
7E0FC0
FC07C0
F807C0
7003C0
300100
ENDCHAR
STARTCHAR ED35
ENCODING 60725
SWIDTH 660 0
DWIDTH 11 0
BBX 15 16 0 -2
BITMAP
0380
07E0
0FE0
1FF0
1FF0
1FF0
0FF0
07E0
03C0
0000
3FF8
7FFC
7FFE
FFFE
FFFE
FFFE
ENDCHAR
STARTCHAR ED36
ENCODING 60726
SWIDTH 660 0
DWIDTH 11 0
BBX 14 14 0 -1
BITMAP
0FE0
3010
4008
4014
8054
8054
A054
D5D4
BFF4
8004
4004
4008
3010
0FE0
ENDCHAR
STARTCHAR ED37
ENCODING 60727
SWIDTH 660 0
DWIDTH 11 0
BBX 13 12 0 0
BITMAP
8008
FDF8
FFF8
0300
0200
1040
18E0
1CC0
0D80
0780
0700
0300
ENDCHAR
STARTCHAR ED38
ENCODING 60728
SWIDTH 660 0
DWIDTH 11 0
BBX 15 15 0 -2
BITMAP
0FC0
3838
600C
C884
9CC4
9CE6
8806
8C06
8646
83E4
C0E4
400C
3038
13C0
1C00
ENDCHAR
STARTCHAR ED39
ENCODING 60729
SWIDTH 660 0
DWIDTH 11 0
BBX 13 14 0 -1
BITMAP
7FF8
FFF8
FFF8
E318
C218
E398
F318
F338
F078
F878
F8F8
FFF8
FFF8
7FF8
ENDCHAR
STARTCHAR ED3A
ENCODING 60730
SWIDTH 660 0
DWIDTH 11 0
BBX 19 4 0 4
BITMAP
C6FC60
67B640
6D9EC0
3F1B80
ENDCHAR
STARTCHAR ED3B
ENCODING 60731
SWIDTH 660 0
DWIDTH 11 0
BBX 13 14 0 -1
BITMAP
7FF8
FFF8
F878
E7B8
EFD8
D3D8
D3E8
DBE8
DC58
FFD8
C738
D8F8
FFF8
7FF0
ENDCHAR
STARTCHAR ED3C
ENCODING 60732
SWIDTH 660 0
DWIDTH 11 0
BBX 13 14 0 -1
BITMAP
0240
1BF0
1F98
7F08
7918
31F8
F0D8
F038
3070
7878
5FF0
1FC0
1360
0200
ENDCHAR
STARTCHAR ED3D
ENCODING 60733
SWIDTH 660 0
DWIDTH 11 0
BBX 15 15 0 -1
BITMAP
0100
0EE0
3018
4018
779C
F39C
B18A
B18A
99CA
9AD2
9AD4
4E74
2C68
3C70
0FE0
ENDCHAR
STARTCHAR ED3E
ENCODING 60734
SWIDTH 660 0
DWIDTH 11 0
BBX 15 15 0 -1
BITMAP
0100
0FE0
0100
7018
783C
F83E
F01E
E38E
E7CE
CFE6
CFE4
5FF4
3FF8
1FF0
0FE0
ENDCHAR
STARTCHAR ED3F
ENCODING 60735
SWIDTH 660 0
DWIDTH 11 0
BBX 7 16 2 -2
BITMAP
1E
7E
66
C6
C6
C6
C6
66
7E
3E
36
66
66
C6
C6
86
ENDCHAR
STARTCHAR ED40
ENCODING 60736
SWIDTH 660 0
DWIDTH 11 0
BBX 8 16 1 -2
BITMAP
01
01
C3
42
62
66
24
34
1C
18
18
18
18
18
18
18
ENDCHAR
STARTCHAR ED41
ENCODING 60737
SWIDTH 660 0
DWIDTH 11 0
BBX 19 8 0 2
BITMAP
11C000
012000
F92F20
F162A0
F99EC0
7916C0
000840
000080
ENDCHAR
STARTCHAR ED42
ENCODING 60738
SWIDTH 660 0
DWIDTH 11 0
BBX 17 14 0 -1
BITMAP
7FFF80
FFFF80
FFFF80
FFFF80
F67F80
EFBF80
C7BB80
C3D980
E7DF80
FFFB80
FFFF80
FFFF80
FFFF80
7FFF80
ENDCHAR
STARTCHAR ED43
ENCODING 60739
SWIDTH 660 0
DWIDTH 11 0
BBX 10 16 0 -2
BITMAP
0E00
3780
6640
6740
E740
E740
6740
7680
3680
1500
0E00
0400
0000
0400
0C00
0400
ENDCHAR
STARTCHAR ED44
ENCODING 60740
SWIDTH 660 0
DWIDTH 11 0
BBX 19 12 0 0
BITMAP
000400
000400
000400
631CE0
F7BDA0
97A580
97BDC0
00C000
013800
017000
019000
006000
ENDCHAR
STARTCHAR ED45
ENCODING 60741
SWIDTH 660 0
DWIDTH 11 0
BBX 15 14 0 0
BITMAP
0FE0
1010
6008
4004
8104
86C2
8842
8842
8442
8282
8284
4484
2448
1830
ENDCHAR
STARTCHAR ED46
ENCODING 60742
SWIDTH 660 0
DWIDTH 11 0
BBX 15 14 0 -1
BITMAP
0C30
12D0
1110
1290
1FF0
745C
8BA2
8BA2
5454
3FF8
1290
1110
1290
0C60
ENDCHAR
STARTCHAR ED47
ENCODING 60743
SWIDTH 660 0
DWIDTH 11 0
BBX 19 14 0 -1
BITMAP
004000
004000
006000
00E000
00E000
00F000
01B000
01B000
01B800
039800
FBFBE0
7BFFC0
070C00
060C00
ENDCHAR
STARTCHAR ED48
ENCODING 60744
SWIDTH 660 0
DWIDTH 11 0
BBX 19 8 0 2
BITMAP
700040
500060
577F40
D4E660
57BB60
545D40
5B3760
600040
ENDCHAR
STARTCHAR ED49
ENCODING 60745
SWIDTH 660 0
DWIDTH 11 0
BBX 19 14 0 0
BITMAP
07E000
1C1000
301000
601000
C02000
80C000
C71400
41BC00
32BBC0
0ED620
3BEE00
4BB000
480000
700000
ENDCHAR
STARTCHAR ED4A
ENCODING 60746
SWIDTH 660 0
DWIDTH 11 0
BBX 13 11 0 0
BITMAP
F8F8
4CC8
4F90
27B0
1720
1340
0A40
0880
0580
0700
0200
ENDCHAR
STARTCHAR ED4B
ENCODING 60747
SWIDTH 660 0
DWIDTH 11 0
BBX 12 14 0 -1
BITMAP
0600
1FC0
FDF0
F9F0
F9F0
FAF0
F6F0
7070
6070
6F30
7FF0
3FC0
0F00
0200
ENDCHAR
STARTCHAR ED4C
ENCODING 60748
SWIDTH 660 0
DWIDTH 11 0
BBX 19 6 0 3
BITMAP
5225E0
6D2520
657520
9024C0
0E7300
01FC00
ENDCHAR
STARTCHAR ED4D
ENCODING 60749
SWIDTH 660 0
DWIDTH 11 0
BBX 15 16 0 -2
BITMAP
0004
000E
00DE
00FC
00F8
00F8
00FC
0000
3E00
3E00
3E00
3E00
7E00
F600
E000
4000
ENDCHAR
STARTCHAR ED4E
ENCODING 60750
SWIDTH 660 0
DWIDTH 11 0
BBX 18 8 1 2
BITMAP
004000
00C000
00C000
00C000
DEEE80
DEB780
B73A40
42CC00
ENDCHAR
STARTCHAR ED4F
ENCODING 60751
SWIDTH 660 0
DWIDTH 11 0
BBX 15 16 0 -2
BITMAP
003E
003E
001E
003E
007E
00F2
0060
0000
0400
0E00
DE00
FC00
F800
F800
FC00
F800
ENDCHAR
STARTCHAR ED50
ENCODING 60752
SWIDTH 660 0
DWIDTH 11 0
BBX 11 16 0 -2
BITMAP
C000
C000
C000
DB60
DB60
DB60
DB60
DB60
DB60
DB60
1B00
1B00
1B00
1B00
1B00
1B00
ENDCHAR
STARTCHAR ED51
ENCODING 60753
SWIDTH 660 0
DWIDTH 11 0
BBX 19 6 0 3
BITMAP
F00080
BC01A0
7FDFE0
5F5FE0
2F5FE0
3BDDE0
ENDCHAR
STARTCHAR ED52
ENCODING 60754
SWIDTH 660 0
DWIDTH 11 0
BBX 11 15 0 -2
BITMAP
0800
0800
1C00
1C00
3E00
3E00
7700
6300
E380
0660
06C0
03C0
0380
0180
0100
ENDCHAR
STARTCHAR ED53
ENCODING 60755
SWIDTH 660 0
DWIDTH 11 0
BBX 19 8 0 2
BITMAP
004000
080000
EFDEE0
CB53A0
6B53E0
EF5EE0
001000
001000
ENDCHAR
STARTCHAR ED54
ENCODING 60756
SWIDTH 660 0
DWIDTH 11 0
BBX 11 16 0 -2
BITMAP
0F00
3FC0
7FC0
FFC0
F040
F800
FE00
7F80
3FC0
0FE0
03E0
C3E0
FFE0
FFC0
FF80
1E00
ENDCHAR
STARTCHAR ED55
ENCODING 60757
SWIDTH 660 0
DWIDTH 11 0
BBX 13 14 0 -1
BITMAP
00F0
38F8
F8F8
FCF8
FCF8
FC70
7E70
7E00
7F00
3F80
3F80
1F00
0F00
0400
ENDCHAR
STARTCHAR ED56
ENCODING 60758
SWIDTH 660 0
DWIDTH 11 0
BBX 18 12 0 0
BITMAP
2CE880
322900
226500
22A500
34A200
284200
200C00
000000
8000C0
700140
0FFE40
01E000
ENDCHAR
STARTCHAR ED57
ENCODING 60759
SWIDTH 660 0
DWIDTH 11 0
BBX 17 14 0 -1
BITMAP
7FFF80
FFFF80
E32D80
EDDD80
EE1B80
EED380
EFFF80
EFE780
FFFC80
DFFF80
E1E280
FC1F80
FFFF80
7FFF80
ENDCHAR
STARTCHAR ED58
ENCODING 60760
SWIDTH 660 0
DWIDTH 11 0
BBX 9 14 1 -1
BITMAP
0800
1C00
3C00
3E00
7E00
7F00
FF80
FF00
BF00
4B00
7600
3C00
1C00
0800
ENDCHAR
STARTCHAR ED59
ENCODING 60761
SWIDTH 660 0
DWIDTH 11 0
BBX 13 14 0 -1
BITMAP
7FF8
FFF8
FFF8
E238
E438
E078
E0F8
FF78
E478
E238
E218
FFF8
FFF8
7FF0
ENDCHAR
STARTCHAR ED5A
ENCODING 60762
SWIDTH 660 0
DWIDTH 11 0
BBX 15 16 0 -2
BITMAP
0380
0FF0
3FF8
7FFC
7FFE
F21E
F3FE
F21E
F21E
F3FE
F21E
7FFC
3FFC
3FF8
0FF0
0380
ENDCHAR
STARTCHAR ED5B
ENCODING 60763
SWIDTH 660 0
DWIDTH 11 0
BBX 15 16 0 -2
BITMAP
0008
001C
003E
007E
00FC
01F8
03F0
07E0
07C0
0F80
1E00
3C1C
B03E
C03E
601E
000C
ENDCHAR
STARTCHAR ED5C
ENCODING 60764
SWIDTH 660 0
DWIDTH 11 0
BBX 15 16 0 -2
BITMAP
02C0
1EF0
3EF8
7FFC
7DFE
FBFE
F7FE
3FFE
FFE8
FFDE
FFBE
7F7E
7FFC
3F78
0F70
0300
ENDCHAR
STARTCHAR ED5D
ENCODING 60765
SWIDTH 660 0
DWIDTH 11 0
BBX 15 16 0 -2
BITMAP
01C0
1DF0
1DF0
6DE4
73CE
F39E
053E
FE7E
FC78
F9A6
F3DE
67AE
4F74
1F78
0F70
0300
ENDCHAR
STARTCHAR ED5E
ENCODING 60766
SWIDTH 660 0
DWIDTH 11 0
BBX 15 16 0 -2
BITMAP
03C0
1FF0
3FF8
7CFC
7EFE
E7FE
FCFE
FFFE
FFFE
FFFE
FFFE
7FFE
7FFC
3FF8
0FF0
0380
ENDCHAR
STARTCHAR ED5F
ENCODING 60767
SWIDTH 660 0
DWIDTH 11 0
BBX 15 16 0 -2
BITMAP
1000
3800
1000
7C00
7C00
3C00
3C7E
3C7E
387E
3C3C
3C3C
3C3C
0000
7E3E
FF7E
FE7E
ENDCHAR
STARTCHAR ED60
ENCODING 60768
SWIDTH 660 0
DWIDTH 11 0
BBX 9 16 1 -2
BITMAP
3E00
3C00
3600
6300
C300
8780
8C80
8080
8080
C380
4300
0000
FF00
8180
FF80
FF00
ENDCHAR
STARTCHAR ED61
ENCODING 60769
SWIDTH 660 0
DWIDTH 11 0
BBX 13 14 0 -1
BITMAP
7FF8
FFF8
CCC8
CCC8
F338
F338
CCC8
CCC8
F338
F338
CCC8
CCC8
FFF8
7FF0
ENDCHAR
STARTCHAR ED62
ENCODING 60770
SWIDTH 660 0
DWIDTH 11 0
BBX 13 16 0 -2
BITMAP
0200
0200
0F80
0200
0200
FFF8
8008
C008
4018
6010
2030
0000
3FF0
6010
7FF0
3FF0
ENDCHAR
STARTCHAR ED63
ENCODING 60771
SWIDTH 660 0
DWIDTH 11 0
BBX 12 16 0 -2
BITMAP
3F00
7FC0
3060
2020
6830
6010
6010
6630
3C30
3820
2020
0000
7FF0
C010
FFF0
7FF0
ENDCHAR
STARTCHAR ED64
ENCODING 60772
SWIDTH 660 0
DWIDTH 11 0
BBX 9 14 1 -1
BITMAP
3E00
6600
4300
4300
4300
7E00
7F00
2600
2200
0000
7F00
FF80
8180
FF80
ENDCHAR
STARTCHAR ED65
ENCODING 60773
SWIDTH 660 0
DWIDTH 11 0
BBX 15 16 0 -2
BITMAP
0100
0380
0380
0C30
1EF0
F3DE
C006
6004
200C
3008
1018
0000
1FF8
3008
3FF8
1FF8
ENDCHAR
STARTCHAR ED66
ENCODING 60774
SWIDTH 660 0
DWIDTH 11 0
BBX 12 14 0 -1
BITMAP
FFE0
9930
8130
8030
8030
E660
66C0
20C0
20C0
0000
7FC0
7FE0
C020
FFE0
ENDCHAR
STARTCHAR ED67
ENCODING 60775
SWIDTH 660 0
DWIDTH 11 0
BBX 19 14 0 -1
BITMAP
1C0300
1C0700
1C0700
7C07C0
7C07C0
7C07C0
FDF7E0
FDF7E0
7C07C0
7C07C0
7C07C0
1C0700
1C0700
180300
ENDCHAR
STARTCHAR ED68
ENCODING 60776
SWIDTH 660 0
DWIDTH 11 0
BBX 13 14 0 -1
BITMAP
FFF8
FFF8
FFF8
E018
E018
E018
E0F8
E0F8
E7F8
E7F8
E7F8
FFF8
FFF8
FFF8
ENDCHAR
STARTCHAR ED69
ENCODING 60777
SWIDTH 660 0
DWIDTH 11 0
BBX 15 14 0 -1
BITMAP
067C
0F1C
1F8C
3FC6
7EE2
7F70
FDB8
727C
39FC
9DF8
CFF8
E7F0
F3E0
F980
ENDCHAR
STARTCHAR ED6A
ENCODING 60778
SWIDTH 660 0
DWIDTH 11 0
BBX 12 16 0 -2
BITMAP
0E00
3F80
7FC0
7FE0
FFE0
FFF0
FDB0
FFE0
7EE0
7FC0
3F80
0000
1F80
1F00
0600
0400
ENDCHAR
STARTCHAR ED6B
ENCODING 60779
SWIDTH 660 0
DWIDTH 11 0
BBX 19 11 0 1
BITMAP
020000
830000
800000
FB79E0
CFCD00
8F87C0
8F8660
8FCC20
8FF9E0
00C000
00C000
ENDCHAR
STARTCHAR ED6C
ENCODING 60780
SWIDTH 660 0
DWIDTH 11 0
BBX 15 12 0 0
BITMAP
0FE0
7FFC
FFFE
FFFE
7FFC
8FF2
F00E
FFFE
FFFE
FFFE
7FFC
07E0
ENDCHAR
STARTCHAR ED6D
ENCODING 60781
SWIDTH 660 0
DWIDTH 11 0
BBX 19 10 0 1
BITMAP
07FC00
18C380
608040
8FFD20
899920
92BB20
9C0C20
500840
300180
0FFE00
ENDCHAR
STARTCHAR ED6E
ENCODING 60782
SWIDTH 660 0
DWIDTH 11 0
BBX 17 16 0 -2
BITMAP
000080
000180
000300
000600
000C00
009800
00F000
066000
1F3000
3F9000
3FC000
0FCF00
3FCF00
7FCF00
FF8F00
FE0600
ENDCHAR
STARTCHAR ED6F
ENCODING 60783
SWIDTH 660 0
DWIDTH 11 0
BBX 15 15 0 -1
BITMAP
0100
0FE0
3FF0
7FF8
7FFC
FE1C
FC0E
F806
F002
F012
F07C
787C
38FC
1C7C
0FFC
ENDCHAR
STARTCHAR ED70
ENCODING 60784
SWIDTH 660 0
DWIDTH 11 0
BBX 15 16 0 -2
BITMAP
FFFE
FFFE
8002
8002
8002
8002
8002
8002
8002
8002
8002
8002
8002
8002
FFFE
FFFE
ENDCHAR
STARTCHAR ED71
ENCODING 60785
SWIDTH 660 0
DWIDTH 11 0
BBX 15 16 0 -2
BITMAP
01E0
07F8
0FFC
1FFC
1FFE
4FFE
67FE
73FE
79FE
3CC0
1E9C
3F3E
7FBE
F3BE
E0BE
4008
ENDCHAR
STARTCHAR ED72
ENCODING 60786
SWIDTH 660 0
DWIDTH 11 0
BBX 15 16 0 -2
BITMAP
0300
1B90
39D8
79EC
66EE
CEF6
DEF6
BEF6
BC36
7BC2
77FE
77FE
69F8
2E00
0FF0
0380
ENDCHAR
STARTCHAR ED73
ENCODING 60787
SWIDTH 660 0
DWIDTH 11 0
BBX 14 16 0 -2
BITMAP
0100
0DA0
0DB0
0DB4
0DBC
0DBC
0DBC
0DBC
4FFC
EFFC
FEEC
7FBC
3BFC
0ED8
07F0
01C0
ENDCHAR
STARTCHAR ED74
ENCODING 60788
SWIDTH 660 0
DWIDTH 11 0
BBX 19 10 0 1
BITMAP
7BFBC0
FBFBE0
FBFBE0
FA4BE0
FBFBE0
FBFBE0
FA4BE0
FBFBE0
FBFBE0
7BFBC0
ENDCHAR
STARTCHAR ED75
ENCODING 60789
SWIDTH 660 0
DWIDTH 11 0
BBX 13 14 0 -1
BITMAP
3DF0
7DF0
7DF8
FDF8
0000
FFF8
FFF8
FFF8
FFF8
FFF8
FFF8
FFF8
FFF8
7FF0
ENDCHAR
STARTCHAR ED76
ENCODING 60790
SWIDTH 660 0
DWIDTH 11 0
BBX 17 16 0 -2
BITMAP
063000
063000
063000
07F000
07F000
07F000
07F000
000000
637380
E3B380
E7B380
FFBF80
FFBF80
FFBF80
FF3F80
7E3F00
ENDCHAR
STARTCHAR ED77
ENCODING 60791
SWIDTH 660 0
DWIDTH 11 0
BBX 15 14 0 -1
BITMAP
0FE0
0830
0830
FFFE
FFFE
FEFE
FE7E
F83E
F81E
FE7E
FE7E
FFFE
FFFE
FFFE
ENDCHAR
STARTCHAR ED78
ENCODING 60792
SWIDTH 660 0
DWIDTH 11 0
BBX 12 16 0 -2
BITMAP
0400
0E00
1F00
1F80
3FC0
7FC0
7BE0
71E0
F0E0
E0F0
E070
E0E0
70E0
7FC0
3F80
0E00
ENDCHAR
STARTCHAR ED79
ENCODING 60793
SWIDTH 660 0
DWIDTH 11 0
BBX 17 14 0 -1
BITMAP
380000
7C7000
CFF800
C79800
C78C00
C78E00
C7C600
FECF00
FE7F80
FE7F80
FE3F80
FC1F80
7C1F00
300600
ENDCHAR
STARTCHAR ED7A
ENCODING 60794
SWIDTH 660 0
DWIDTH 11 0
BBX 12 16 0 -2
BITMAP
0600
1F00
7BE0
F9E0
FFF0
FFF0
FFF0
FF70
FE70
CCF0
C1F0
E3F0
FFF0
FFF0
FFE0
7FC0
ENDCHAR
STARTCHAR ED7B
ENCODING 60795
SWIDTH 660 0
DWIDTH 11 0
BBX 12 16 0 -2
BITMAP
0600
1F00
7BE0
F9E0
FFF0
FFF0
FFF0
FFF0
C830
FFF0
FFF0
C830
FFF0
FFF0
FFE0
7FC0
ENDCHAR
STARTCHAR ED7C
ENCODING 60796
SWIDTH 660 0
DWIDTH 11 0
BBX 17 16 0 -2
BITMAP
00C000
03E000
03E000
03E000
01E000
008000
008000
2FF400
1EF900
FFFF80
F7B780
47B180
07F000
000000
FFFF80
FFFF80
ENDCHAR
STARTCHAR ED7D
ENCODING 60797
SWIDTH 660 0
DWIDTH 11 0
BBX 13 16 0 -2
BITMAP
C008
FFF8
FFF8
6018
7FF0
3FE0
1DC0
0F80
0F00
1CE0
3FF0
7FF0
E018
FFF8
FFF8
8008
ENDCHAR
STARTCHAR ED7E
ENCODING 60798
SWIDTH 660 0
DWIDTH 11 0
BBX 17 16 0 -2
BITMAP
F00000
F80000
181C00
0DCC00
0DFC00
0CFE00
06FE00
06FE00
067800
030380
03DF80
07FC00
07E000
07C000
07C000
018000
ENDCHAR
STARTCHAR ED7F
ENCODING 60799
SWIDTH 660 0
DWIDTH 11 0
BBX 19 16 0 -2
BITMAP
E00000
F3C3C0
33C3C0
33C3C0
33C3C0
33CBC0
33FFC0
33FFC0
33FFC0
33FFC0
300000
300000
3FFFE0
1FFFE0
070700
020300
ENDCHAR
STARTCHAR ED80
ENCODING 60800
SWIDTH 660 0
DWIDTH 11 0
BBX 12 16 0 -2
BITMAP
7E00
FE80
FEC0
FEE0
FE00
FFF0
FFF0
F9F0
F9F0
E070
E070
F9F0
F9F0
FFF0
FFE0
7FC0
ENDCHAR
STARTCHAR ED81
ENCODING 60801
SWIDTH 660 0
DWIDTH 11 0
BBX 12 16 0 -2
BITMAP
7E00
FE80
FEC0
FEE0
FE00
FFF0
FFF0
FDF0
F9F0
0A30
E7F0
F7F0
FFF0
FFF0
FFE0
7FC0
ENDCHAR
STARTCHAR ED82
ENCODING 60802
SWIDTH 660 0
DWIDTH 11 0
BBX 17 14 0 -1
BITMAP
6FFB00
EFFB80
EFFB80
EFFB80
EF3B80
EF3B80
EC0B80
EC0B80
EF3B80
EF3B80
EFFB80
EFFB80
EFFB80
6FFB00
ENDCHAR
STARTCHAR ED83
ENCODING 60803
SWIDTH 660 0
DWIDTH 11 0
BBX 15 16 0 -2
BITMAP
03C0
1FF0
3FF8
7FFC
73DE
F3DE
F3DE
F01E
F01E
F3DE
F3DE
73DE
7FFC
3FF8
0FF0
0380
ENDCHAR
STARTCHAR ED84
ENCODING 60804
SWIDTH 660 0
DWIDTH 11 0
BBX 17 16 0 -2
BITMAP
01C000
01E000
7DEF00
FDEF80
FC1F80
FFFF80
FFFF80
FE3F80
FE1F80
FE3F80
FF3F80
FFFF80
FC0F80
F80F80
FFFF80
7FFF00
ENDCHAR
STARTCHAR ED85
ENCODING 60805
SWIDTH 660 0
DWIDTH 11 0
BBX 14 14 0 -1
BITMAP
1FFC
1FFC
1FFC
9F3C
9F3C
9C0C
9F3C
9F3C
9FFC
9FF8
9FF0
C000
6000
3FC0
ENDCHAR
STARTCHAR ED86
ENCODING 60806
SWIDTH 660 0
DWIDTH 11 0
BBX 19 6 0 3
BITMAP
FFFFE0
FFFFE0
306180
306180
FFFFE0
FFFFE0
ENDCHAR
STARTCHAR ED87
ENCODING 60807
SWIDTH 660 0
DWIDTH 11 0
BBX 17 14 0 -1
BITMAP
380000
7C0000
CE0000
C60000
C63E00
C63F00
C69F80
FECF80
FEE780
FEF380
FEF980
FCFC00
7C7E00
301C00
ENDCHAR
STARTCHAR ED88
ENCODING 60808
SWIDTH 660 0
DWIDTH 11 0
BBX 12 16 0 -2
BITMAP
FFE0
FFF0
FFE0
0000
7FE0
7FE0
07E0
7FE0
7FE0
07E0
7FE0
7FE0
07E0
7FE0
7FC0
3F80
ENDCHAR
STARTCHAR ED89
ENCODING 60809
SWIDTH 660 0
DWIDTH 11 0
BBX 12 16 0 -2
BITMAP
FFE0
FFF0
FFE0
0000
7FE0
7FE0
7FE0
79E0
79E0
6060
6060
79E0
79E0
7FE0
7FC0
3F80
ENDCHAR
STARTCHAR ED8A
ENCODING 60810
SWIDTH 660 0
DWIDTH 11 0
BBX 19 16 0 -2
BITMAP
000600
000600
C3EFE0
C3FDE0
C01800
CE5BC0
DE67E0
DF7FE0
DE7FE0
CE7FE0
C07FE0
FFFFE0
FFFFE0
FFFFE0
C00060
800020
ENDCHAR
STARTCHAR ED8B
ENCODING 60811
SWIDTH 660 0
DWIDTH 11 0
BBX 19 16 0 -2
BITMAP
1FF000
3FF000
3FF000
FFFE00
007F00
7FF380
00F1C0
FFF0C0
01FFC0
3FFFC0
3FFFC0
33FDE0
23F8E0
330880
1E0F80
0C0200
ENDCHAR
STARTCHAR ED8C
ENCODING 60812
SWIDTH 660 0
DWIDTH 11 0
BBX 19 16 0 -2
BITMAP
000900
000B00
000D80
000DC0
000EC0
000760
000360
000360
000160
000000
000000
FFFB60
FFFB60
FE0B60
FFFB60
7FF920
ENDCHAR
STARTCHAR ED8D
ENCODING 60813
SWIDTH 660 0
DWIDTH 11 0
BBX 15 16 0 -2
BITMAP
0008
004C
006E
00BA
01D8
01EC
06F4
07F0
1BE0
3FC0
3F80
3F00
3E00
7C00
C000
8000
ENDCHAR
STARTCHAR ED8E
ENCODING 60814
SWIDTH 660 0
DWIDTH 11 0
BBX 19 16 0 -2
BITMAP
000700
000FC0
002FC0
0037E0
003BE0
003DE0
1E3EE0
7F3F40
FF9F80
FF8F00
000000
FF8000
FF8000
7F8000
3F0000
0C0000
ENDCHAR
STARTCHAR ED8F
ENCODING 60815
SWIDTH 660 0
DWIDTH 11 0
BBX 15 16 0 -2
BITMAP
001C
003E
007E
003E
019E
00FE
077C
0BF8
1DF0
1FE0
1FC0
1F80
3E00
6000
C000
8000
ENDCHAR
STARTCHAR ED90
ENCODING 60816
SWIDTH 660 0
DWIDTH 11 0
BBX 15 16 0 -2
BITMAP
0040
0060
0070
00F8
01CC
038E
071A
0E30
1FE0
3FC0
7F80
FF00
FE00
FC00
7800
3000
ENDCHAR
STARTCHAR ED91
ENCODING 60817
SWIDTH 660 0
DWIDTH 11 0
BBX 15 14 0 -1
BITMAP
FC7E
FE7E
6C24
6C24
6C24
6C24
6C24
7C3C
7C3C
7C3C
7C3C
7C3C
783C
3018
ENDCHAR
STARTCHAR ED92
ENCODING 60818
SWIDTH 660 0
DWIDTH 11 0
BBX 19 16 0 -2
BITMAP
004000
03F800
0FFE00
7FFFC0
FFFFE0
FFFFE0
E000E0
EFFEE0
EFFEE0
E000E0
EFFEE0
EFFEE0
E000E0
EFFEE0
EFFEE0
EFFE60
ENDCHAR
STARTCHAR ED93
ENCODING 60819
SWIDTH 660 0
DWIDTH 11 0
BBX 15 16 0 -2
BITMAP
0380
0FE0
783E
F05E
F09E
F08E
F19E
F19E
F83E
FFFE
FFFE
FFFE
FFFE
FFFE
FFFE
7FFC
ENDCHAR
STARTCHAR ED94
ENCODING 60820
SWIDTH 660 0
DWIDTH 11 0
BBX 15 14 0 -1
BITMAP
FFFE
FFFE
7EFC
7EFC
781C
7EFC
600C
7EFC
7ADC
700C
725C
783C
FFFE
FFFE
ENDCHAR
STARTCHAR ED95
ENCODING 60821
SWIDTH 660 0
DWIDTH 11 0
BBX 18 14 0 -1
BITMAP
700180
7FFFC0
FF3FC0
FF1FC0
7EDF80
06EC00
79F380
7FFF80
7FFF80
7FFF80
7FFF80
3FFF80
0FFC00
00C000
ENDCHAR
STARTCHAR ED96
ENCODING 60822
SWIDTH 660 0
DWIDTH 11 0
BBX 19 16 0 -2
BITMAP
800000
E1F000
37FC00
1FFF00
0FFF00
27FF80
31FF80
3CFF80
3E7F80
3F3F80
1F8F00
1FE600
1FF380
3CF0C0
300060
000020
ENDCHAR
STARTCHAR ED97
ENCODING 60823
SWIDTH 660 0
DWIDTH 11 0
BBX 19 14 0 -1
BITMAP
0FFE00
1FFF00
3FFF80
3FFF80
3FFF80
1FFF00
EFFF60
EFFEE0
EFFEE0
E000E0
FFFFE0
FFFFE0
FFFFE0
C00060
ENDCHAR
STARTCHAR ED98
ENCODING 60824
SWIDTH 660 0
DWIDTH 11 0
BBX 15 16 0 -2
BITMAP
0380
0FE0
1FF8
3EF8
3C7C
3DFC
7C7C
3FBC
3C7C
3EF8
1FF0
CFE6
F38E
C006
FFFE
7FFE
ENDCHAR
STARTCHAR ED99
ENCODING 60825
SWIDTH 660 0
DWIDTH 11 0
BBX 15 16 0 -2
BITMAP
0200
2300
671E
773E
79BC
7C3C
7FFC
7FFC
3FFC
3FFC
1FFC
0FFC
7FF8
FFE0
7C00
0800
ENDCHAR
STARTCHAR ED9A
ENCODING 60826
SWIDTH 660 0
DWIDTH 11 0
BBX 17 6 0 3
BITMAP
0FE180
1FE380
FF0F00
FFFE00
FFFC00
FFF000
ENDCHAR
STARTCHAR ED9B
ENCODING 60827
SWIDTH 660 0
DWIDTH 11 0
BBX 17 16 0 -2
BITMAP
023000
07F800
0FF800
0FF800
07F000
03E000
01C000
008000
000000
000000
0FF180
3FE780
FF0F00
FFFE00
FFF800
7FE000
ENDCHAR
STARTCHAR ED9C
ENCODING 60828
SWIDTH 660 0
DWIDTH 11 0
BBX 17 16 0 -2
BITMAP
008000
01C000
01C000
018000
00E000
016000
01C000
008000
000000
000000
0FE180
3FE780
FF0F00
FFFE00
FFF800
FFF000
ENDCHAR
STARTCHAR ED9D
ENCODING 60829
SWIDTH 660 0
DWIDTH 11 0
BBX 17 16 0 -2
BITMAP
008000
00C000
01C000
03E000
03F000
03F000
03E000
01C000
000000
000000
0FE180
3FE780
FF0F00
FFFE00
FFF800
FFF000
ENDCHAR
STARTCHAR ED9E
ENCODING 60830
SWIDTH 660 0
DWIDTH 11 0
BBX 19 14 0 -1
BITMAP
C00060
C00060
C00060
C00060
C00060
CC0260
CE0660
E70CE0
F319E0
FF9FE0
7F9FC0
3F9F80
1F9F00
0F1E00
ENDCHAR
STARTCHAR ED9F
ENCODING 60831
SWIDTH 660 0
DWIDTH 11 0
BBX 19 14 0 -1
BITMAP
000700
00FF80
01FFC0
03FFE0
1B81C0
1BBE80
1BBE00
3DBE00
7C7C00
FFFC00
FFFC00
FFF800
7FF000
3C0000
ENDCHAR
STARTCHAR EDA0
ENCODING 60832
SWIDTH 660 0
DWIDTH 11 0
BBX 19 12 0 0
BITMAP
03B800
067C00
FCFFE0
F9CFE0
FB8FE0
FC67E0
FFFBE0
FFFDE0
7FFEE0
07FE00
01FC00
008000
ENDCHAR
STARTCHAR EDA1
ENCODING 60833
SWIDTH 660 0
DWIDTH 11 0
BBX 15 16 0 -2
BITMAP
0380
17D0
2FE8
6FEC
EFEE
EFEE
4104
2108
1110
0920
07C0
07C0
07C0
07C0
07C0
03C0
ENDCHAR
STARTCHAR EDA2
ENCODING 60834
SWIDTH 660 0
DWIDTH 11 0
BBX 19 16 0 -2
BITMAP
180100
380380
180380
000000
31F180
79FBC0
7DFFC0
7FFFC0
77FDC0
31F9C0
180380
4C0740
6C06C0
C60660
C60460
840420
ENDCHAR
STARTCHAR EDA3
ENCODING 60835
SWIDTH 660 0
DWIDTH 11 0
BBX 17 16 0 -2
BITMAP
00C000
01F000
03F000
000600
03FE00
6FFE00
EFFF00
9FF780
FFF780
1FFF80
1FFF80
0FFF80
07FE00
07FC00
070C00
060C00
ENDCHAR
STARTCHAR EDA4
ENCODING 60836
SWIDTH 660 0
DWIDTH 11 0
BBX 17 12 0 0
BITMAP
FF3F80
FF7F80
FFFF80
C1C180
FFFF80
C1C180
FFFF80
C1C180
FFFF80
FFFF80
01C000
008000
ENDCHAR
STARTCHAR EDA5
ENCODING 60837
SWIDTH 660 0
DWIDTH 11 0
BBX 12 16 0 -2
BITMAP
0F00
1F80
3FC0
38E0
70E0
79E0
3DE0
3EC0
1F00
0F80
37C0
3BE0
79F0
F8F0
70F0
2000
ENDCHAR
STARTCHAR EDA6
ENCODING 60838
SWIDTH 660 0
DWIDTH 11 0
BBX 15 16 0 -2
BITMAP
001C
003E
0036
0036
003E
003E
00FC
01F8
7980
F980
CDFC
CCFE
7806
7806
37FE
0FF8
ENDCHAR
STARTCHAR EDA7
ENCODING 60839
SWIDTH 660 0
DWIDTH 11 0
BBX 15 16 0 -2
BITMAP
000E
003E
F0FE
FCFE
FEFE
FF7C
7F78
3FE0
1F80
0780
0180
0180
0180
0180
0180
0100
ENDCHAR
STARTCHAR EDA8
ENCODING 60840
SWIDTH 660 0
DWIDTH 11 0
BBX 15 16 0 -2
BITMAP
3000
3000
FFFE
FFFE
3000
37FC
37FC
37FC
37FC
37FC
37FC
37FC
3000
3000
3000
2000
ENDCHAR
STARTCHAR EDA9
ENCODING 60841
SWIDTH 660 0
DWIDTH 11 0
BBX 15 16 0 -2
BITMAP
03C0
1FF0
3818
600C
4006
C006
CCF2
8002
8002
C002
CC66
67C6
600C
3818
0FF0
0380
ENDCHAR
STARTCHAR EDAA
ENCODING 60842
SWIDTH 660 0
DWIDTH 11 0
BBX 17 14 0 -1
BITMAP
078000
1FE000
3FF000
7FF800
F8F800
F77800
F7B800
F7B800
F37800
F8F800
7FF000
3FF000
1FFF80
07FF80
ENDCHAR
STARTCHAR EDAB
ENCODING 60843
SWIDTH 660 0
DWIDTH 11 0
BBX 19 16 0 -2
BITMAP
001FE0
003FE0
003FE0
003FE0
0E3FE0
663FE0
E63FE0
6F3FE0
7F3FE0
7F3FE0
3F3FE0
30FC60
0FFC60
7F0EE0
F007C0
000180
ENDCHAR
STARTCHAR EDAC
ENCODING 60844
SWIDTH 660 0
DWIDTH 11 0
BBX 19 14 0 -1
BITMAP
7FF800
FFFC00
FFFC00
FFFC00
FFFF80
FFFCC0
FFFC60
FFFFE0
FFFFE0
FFFFE0
DDFEE0
998640
FF03C0
660180
ENDCHAR
STARTCHAR EDAD
ENCODING 60845
SWIDTH 660 0
DWIDTH 11 0
BBX 19 16 0 -2
BITMAP
800000
E00000
3FF000
1FF0C0
4FF1C0
67F7C0
71F7C0
7CF7C0
7E77C0
7F3FC0
7F8FC0
7FE7C0
7FF3C0
3FE0C0
000060
000020
ENDCHAR
STARTCHAR EDAE
ENCODING 60846
SWIDTH 660 0
DWIDTH 11 0
BBX 9 16 1 -2
BITMAP
7F00
FF00
C300
C300
FF00
FF80
FF80
FF00
FF00
7E00
1C00
1800
1800
1800
7F00
7E00
ENDCHAR
STARTCHAR EDAF
ENCODING 60847
SWIDTH 660 0
DWIDTH 11 0
BBX 11 15 0 -1
BITMAP
0100
0200
0200
0F00
0A00
1200
0A00
0000
6020
3F20
1F00
1000
4F20
FFC0
1F40
ENDCHAR
STARTCHAR EDB0
ENCODING 60848
SWIDTH 660 0
DWIDTH 11 0
BBX 19 14 0 -1
BITMAP
000020
0000C0
000080
000100
000300
000300
000600
01F800
03F800
078000
0EFC00
0BFC00
3FF800
FC0000
ENDCHAR
STARTCHAR EDB1
ENCODING 60849
SWIDTH 660 0
DWIDTH 11 0
BBX 15 15 0 -1
BITMAP
0100
0FE0
3838
6108
4304
C006
C786
8782
8782
C386
C384
438C
2388
1830
0FE0
ENDCHAR
STARTCHAR EDB2
ENCODING 60850
SWIDTH 660 0
DWIDTH 11 0
BBX 15 15 0 -1
BITMAP
0100
0FE0
3838
6108
4104
F7C6
9E06
8782
81E2
C0FE
C7CC
410C
2018
1830
0FE0
ENDCHAR
STARTCHAR EDB3
ENCODING 60851
SWIDTH 660 0
DWIDTH 11 0
BBX 15 15 0 -1
BITMAP
0100
0FE0
3838
6008
43C4
F646
DE06
8F82
8FE2
CC3E
C64C
63CC
2008
1830
0FE0
ENDCHAR
STARTCHAR EDB4
ENCODING 60852
SWIDTH 660 0
DWIDTH 11 0
BBX 15 15 0 -1
BITMAP
0100
0FE0
3838
6008
4C64
FC46
BEC6
8782
87E2
C17E
C7DC
610C
2118
1830
0FE0
ENDCHAR
STARTCHAR EDB5
ENCODING 60853
SWIDTH 660 0
DWIDTH 11 0
BBX 15 15 0 -1
BITMAP
0100
0FE0
3838
6008
4004
C006
C7C6
8002
8002
C7C6
C004
400C
2008
1830
0FE0
ENDCHAR
STARTCHAR EDB6
ENCODING 60854
SWIDTH 660 0
DWIDTH 11 0
BBX 15 15 0 -1
BITMAP
0100
0FE0
3838
6008
438C
F7C4
DE06
8F86
8DE6
CE3E
C7CC
638C
2018
3830
0FE0
ENDCHAR
STARTCHAR EDB7
ENCODING 60855
SWIDTH 660 0
DWIDTH 11 0
BBX 15 15 0 -1
BITMAP
0100
0FE0
3838
6008
4004
C006
CEE6
8992
8EB2
C8E6
C004
400C
2008
1830
0FE0
ENDCHAR
STARTCHAR EDB8
ENCODING 60856
SWIDTH 660 0
DWIDTH 11 0
BBX 15 15 0 -1
BITMAP
0100
0FE0
3838
6008
4704
CFE6
CFE6
BFE2
BE52
DD36
C0F4
400C
2008
1830
0FE0
ENDCHAR
STARTCHAR EDB9
ENCODING 60857
SWIDTH 660 0
DWIDTH 11 0
BBX 15 15 0 -1
BITMAP
0100
0FE0
3838
6008
4384
C7C6
CC66
8C62
8062
CC66
C7C4
478C
2008
1830
0FE0
ENDCHAR
STARTCHAR EDBA
ENCODING 60858
SWIDTH 660 0
DWIDTH 11 0
BBX 15 15 0 -1
BITMAP
0100
0FE0
3838
6108
4304
C7C6
C7C6
8FC2
9FF2
C7E6
C384
468C
2008
1830
0FE0
ENDCHAR
STARTCHAR EDBB
ENCODING 60859
SWIDTH 660 0
DWIDTH 11 0
BBX 15 15 0 -1
BITMAP
0100
0FE0
3838
6108
4304
C7C6
C7C6
8EC2
9EF2
C7E6
C3C4
400C
2008
1830
0FE0
ENDCHAR
STARTCHAR EDBC
ENCODING 60860
SWIDTH 660 0
DWIDTH 11 0
BBX 15 15 0 -1
BITMAP
0100
0FE0
3838
6008
4F84
C886
CBE6
8A22
8A22
CE26
C224
43EC
2008
1830
0FE0
ENDCHAR
STARTCHAR EDBD
ENCODING 60861
SWIDTH 660 0
DWIDTH 11 0
BBX 15 15 0 -1
BITMAP
0100
0FE0
3838
6008
47C4
C6C6
CCC6
8D62
8F62
C646
C6C4
438C
2008
1830
0FE0
ENDCHAR
STARTCHAR EDBE
ENCODING 60862
SWIDTH 660 0
DWIDTH 11 0
BBX 19 8 0 2
BITMAP
040000
040000
77BE20
8C4540
F47D40
D6A480
211880
000100
ENDCHAR
STARTCHAR EDBF
ENCODING 60863
SWIDTH 660 0
DWIDTH 11 0
BBX 13 14 0 -1
BITMAP
0400
3C00
2F00
3F00
3F80
1FC0
39E0
7CF0
7DF0
FFF0
FCE8
A008
C490
4010
ENDCHAR
STARTCHAR EDC0
ENCODING 60864
SWIDTH 660 0
DWIDTH 11 0
BBX 13 14 0 -1
BITMAP
1F80
7FE0
F770
E230
C9B8
CDB8
CDB0
CFB0
FFF0
FFE0
F780
7000
3F80
0E00
ENDCHAR
STARTCHAR EDC1
ENCODING 60865
SWIDTH 660 0
DWIDTH 11 0
BBX 17 14 0 -1
BITMAP
03E000
1FFC00
3F9F00
7C0180
F1FE80
F1FF80
E1C780
F1CF80
71FE80
3DFD00
1FFE00
07FF00
01C700
01C780
ENDCHAR
STARTCHAR EDC2
ENCODING 60866
SWIDTH 660 0
DWIDTH 11 0
BBX 13 14 0 -1
BITMAP
FFF8
FFF8
FFF8
FF78
FFF8
FDB8
FDF8
FBF8
FBF8
FDF8
FFF8
FFF8
FFF8
FFF8
ENDCHAR
STARTCHAR EDC3
ENCODING 60867
SWIDTH 660 0
DWIDTH 11 0
BBX 16 16 0 -1
BITMAP
03C0
0E30
188C
1B76
313A
38B9
7CBD
FD7D
FCBD
FCBD
7DBD
113B
0172
0764
0018
01E0
ENDCHAR
STARTCHAR EDC4
ENCODING 60868
SWIDTH 660 0
DWIDTH 11 0
BBX 19 16 0 -2
BITMAP
80E000
E1F800
33F800
1FFC00
0FFC00
07FC00
01F800
00F800
007000
003800
0F8C00
1FE600
3FF380
3FF8C0
3FFC60
3FFF20
ENDCHAR
STARTCHAR EDC5
ENCODING 60869
SWIDTH 660 0
DWIDTH 11 0
BBX 13 16 0 -2
BITMAP
0700
1FC0
1FE0
3030
6430
6C30
3430
1860
1FC0
0780
3860
7FF0
FFF8
F038
F4B8
F438
ENDCHAR
STARTCHAR EDC6
ENCODING 60870
SWIDTH 660 0
DWIDTH 11 0
BBX 19 16 0 -2
BITMAP
070000
0FC000
1FC000
1FE000
1FE020
1FC060
0FC8C0
078D80
000700
0F8200
3FE000
7FF000
FFF800
FFF800
FFF800
FFF800
ENDCHAR
STARTCHAR EDC7
ENCODING 60871
SWIDTH 660 0
DWIDTH 11 0
BBX 19 16 0 -2
BITMAP
070000
0FC000
1FC000
1FE000
1FE000
1FC000
0FC000
078780
000FC0
0F9DE0
3FDDE0
7FDC60
FFDFE0
FFDFE0
FFEFC0
FFF300
ENDCHAR
STARTCHAR EDC8
ENCODING 60872
SWIDTH 660 0
DWIDTH 11 0
BBX 19 16 0 -2
BITMAP
070000
0FC000
1FC000
1FE000
1FE000
1FC000
0FC700
078700
001FC0
0FBDE0
3F98C0
7F98C0
FFBFE0
FFDFC0
FFC700
FFF000
ENDCHAR
STARTCHAR EDC9
ENCODING 60873
SWIDTH 660 0
DWIDTH 11 0
BBX 19 16 0 -2
BITMAP
070000
0FC000
1FC000
1FE000
1FE000
1FC000
0FC000
078060
0000E0
0F8160
3FE380
7FE780
FFCF00
FFDE00
FFDC00
FFD000
ENDCHAR
STARTCHAR EDCA
ENCODING 60874
SWIDTH 660 0
DWIDTH 11 0
BBX 19 16 0 -2
BITMAP
070000
0FCC00
1FDF00
1FEF00
1FEF00
1FDF00
0FDF00
079E00
000000
0F8000
3FE780
7FF3C0
FFFBE0
FFFBE0
FFFBE0
FFFBE0
ENDCHAR
STARTCHAR EDCB
ENCODING 60875
SWIDTH 660 0
DWIDTH 11 0
BBX 13 16 0 -2
BITMAP
0700
FFF8
FFF8
9FE0
9FE0
DFE0
DFC0
CFC0
0700
0000
3060
78F0
7DF8
FFF8
FFF8
FFF8
ENDCHAR
STARTCHAR EDCC
ENCODING 60876
SWIDTH 660 0
DWIDTH 11 0
BBX 19 16 0 -2
BITMAP
070000
0FC000
1FC000
1FE000
1FE000
1FC000
0FC380
0783C0
000640
0F8640
3FE7E0
7FFFE0
FFFFE0
FFFFE0
FFFFE0
FFF7E0
ENDCHAR
STARTCHAR EDCD
ENCODING 60877
SWIDTH 660 0
DWIDTH 11 0
BBX 19 16 0 -2
BITMAP
070000
0FC000
1FC000
1FE000
1FE000
1FC000
0FC3E0
0783E0
000000
0F8000
3FE000
7FF000
FFF800
FFF800
FFF800
FFF800
ENDCHAR
STARTCHAR EDCE
ENCODING 60878
SWIDTH 660 0
DWIDTH 11 0
BBX 13 16 0 -2
BITMAP
0700
6FC0
7FC0
3060
7FE0
7FC0
0FC0
0780
0000
0000
38E0
7CF0
FFF8
FFF8
FFF8
FFF8
ENDCHAR
STARTCHAR EDCF
ENCODING 60879
SWIDTH 660 0
DWIDTH 11 0
BBX 19 16 0 -2
BITMAP
070000
0FC000
1FC000
1FE000
1FE000
1FC000
0FC000
078700
001FE0
0F9E60
3FDE20
7FDE60
FFDE40
FFEEC0
FFF780
FFFA00
ENDCHAR
STARTCHAR EDD0
ENCODING 60880
SWIDTH 660 0
DWIDTH 11 0
BBX 19 16 0 -2
BITMAP
80E000
E1F000
33F800
1BF800
0FF800
07F800
01F800
00E000
007000
013800
078C00
0FE600
1FF380
1FF8C0
1FFC60
1FFF20
ENDCHAR
STARTCHAR EDD1
ENCODING 60881
SWIDTH 660 0
DWIDTH 11 0
BBX 19 16 0 -2
BITMAP
070000
0FC000
1FC000
1FE000
1FE000
1FC000
0FC000
079E00
001F00
0F9380
3FDFC0
7FDFE0
FFEFE0
FFF7C0
FFFB80
FFF800
ENDCHAR
STARTCHAR EDD2
ENCODING 60882
SWIDTH 660 0
DWIDTH 11 0
BBX 13 16 0 -2
BITMAP
0700
0FC0
1FC0
1FE0
1FE0
1FC0
0FC0
0780
0000
0300
3260
7270
7B78
FBF8
FFF8
FFF8
ENDCHAR
STARTCHAR EDD3
ENCODING 60883
SWIDTH 660 0
DWIDTH 11 0
BBX 19 16 0 -2
BITMAP
180300
3C07C0
3E07C0
3E07C0
1CE380
01F000
7DF7C0
7DF460
FDF720
FEEFC0
000FE0
03EC40
07ECE0
0FEFE0
0FF380
0FFD00
ENDCHAR
STARTCHAR EDD4
ENCODING 60884
SWIDTH 660 0
DWIDTH 11 0
BBX 15 15 0 -1
BITMAP
0100
1FE0
3D78
65D8
DFFC
EFFC
BFFE
BFFE
BFFE
BFFE
EFEC
DFFC
6558
3130
1FE0
ENDCHAR
STARTCHAR EDD5
ENCODING 60885
SWIDTH 660 0
DWIDTH 11 0
BBX 7 14 2 -1
BITMAP
30
30
30
B2
B6
28
44
48
28
30
30
30
30
30
ENDCHAR
STARTCHAR EDD6
ENCODING 60886
SWIDTH 660 0
DWIDTH 11 0
BBX 15 15 0 -1
BITMAP
0100
0EE0
3C78
4108
A92C
CD6C
C7C6
9FF2
87C2
C7C6
CD6C
A92C
4108
2EF0
1FE0
ENDCHAR
STARTCHAR EDD7
ENCODING 60887
SWIDTH 660 0
DWIDTH 11 0
BBX 15 13 0 0
BITMAP
0100
0100
0100
0100
0280
0FE0
0530
1BB0
7EFE
DBB6
0640
0380
0180
ENDCHAR
STARTCHAR EDD8
ENCODING 60888
SWIDTH 660 0
DWIDTH 11 0
BBX 13 13 0 0
BITMAP
2220
2220
2210
E230
F238
F278
B238
F238
F238
7738
7270
3AE0
0780
ENDCHAR
STARTCHAR EDD9
ENCODING 60889
SWIDTH 660 0
DWIDTH 11 0
BBX 12 15 0 -2
BITMAP
0500
1F00
0E00
2480
1700
2FC0
6E60
CA30
8A30
8A30
8460
6400
0600
0600
0600
ENDCHAR
STARTCHAR EDDA
ENCODING 60890
SWIDTH 660 0
DWIDTH 11 0
BBX 15 15 0 -1
BITMAP
0100
0EE0
3018
5038
5314
B21A
B21A
DA36
BA3A
AA3A
9B34
6314
3EE8
37D0
0FE0
ENDCHAR
STARTCHAR EDDB
ENCODING 60891
SWIDTH 660 0
DWIDTH 11 0
BBX 15 14 0 -1
BITMAP
0F80
3F00
3C10
7862
F0E2
F386
F986
FF06
FF0E
FF9E
7FFC
3FFC
1FF8
0FE0
ENDCHAR
STARTCHAR EDDC
ENCODING 60892
SWIDTH 660 0
DWIDTH 11 0
BBX 13 13 0 0
BITMAP
D058
7CF0
BBF0
7338
27B0
2FA0
2FA0
27B0
7270
3CF8
7FF0
5058
8000
ENDCHAR
STARTCHAR EDDD
ENCODING 60893
SWIDTH 660 0
DWIDTH 11 0
BBX 15 15 0 -1
BITMAP
0100
0FE0
3018
63F8
C21C
C3E4
FCF2
BFE6
8782
8302
C304
C30C
2308
3530
0FE0
ENDCHAR
STARTCHAR EDDE
ENCODING 60894
SWIDTH 660 0
DWIDTH 11 0
BBX 14 15 0 -2
BITMAP
0010
3030
3070
3850
1860
7CF8
9FFC
97B8
DEF8
8DC8
5590
25A0
0580
0480
0700
ENDCHAR
STARTCHAR EDDF
ENCODING 60895
SWIDTH 660 0
DWIDTH 11 0
BBX 19 16 0 -2
BITMAP
00E300
01FF00
01FC00
07F100
1FE380
186680
0066C0
186C40
386860
3C6FE0
646FE0
466380
C26000
FF6000
7E7F00
187F00
ENDCHAR
STARTCHAR EDE0
ENCODING 60896
SWIDTH 660 0
DWIDTH 11 0
BBX 19 16 0 -2
BITMAP
186000
1FF000
07F000
19FC00
18FF00
3C6300
646000
466100
C26380
FF6680
7E64C0
386C40
006860
006FE0
1FEFC0
1FC380
ENDCHAR
STARTCHAR EDE1
ENCODING 60897
SWIDTH 660 0
DWIDTH 11 0
BBX 15 16 0 -2
BITMAP
7FFE
FFFE
CFC0
CFFE
CFFC
CFC0
FFFC
7FF8
07C0
07F8
07F8
0000
1FFC
1F3C
1F7C
0FFC
ENDCHAR
STARTCHAR EDE2
ENCODING 60898
SWIDTH 660 0
DWIDTH 11 0
BBX 17 14 0 -1
BITMAP
1C1E00
FF7F80
FF7F80
FF7F80
FF7F80
FF7F80
FF7F80
FF7F80
FF7F80
FF7F80
FF7F80
FF7F80
FF7F80
814000
ENDCHAR
STARTCHAR EDE3
ENCODING 60899
SWIDTH 660 0
DWIDTH 11 0
BBX 17 16 0 -2
BITMAP
400100
C80D80
D8CD80
D9CD80
D9ED80
D9CD80
D8CD80
40C180
00C000
00C000
00C000
00C000
00C000
00C000
00C000
008000
ENDCHAR
STARTCHAR EDE4
ENCODING 60900
SWIDTH 660 0
DWIDTH 11 0
BBX 17 16 0 -2
BITMAP
000080
000180
000300
000600
000C00
009800
00F000
066000
1F3000
3F9000
3FC000
0FC000
3FC000
7FC000
FF8000
FE0000
ENDCHAR
STARTCHAR EDE5
ENCODING 60901
SWIDTH 660 0
DWIDTH 11 0
BBX 17 14 0 -1
BITMAP
3FFE00
7FFF00
600300
600300
600300
600300
600300
600300
600300
600300
61F300
01F000
FFFF80
FFFF80
ENDCHAR
STARTCHAR EDE6
ENCODING 60902
SWIDTH 660 0
DWIDTH 11 0
BBX 19 16 0 -2
BITMAP
03FFC0
07FFE0
060060
020060
1C0060
3E0060
3F0060
3F0060
3E0060
1C0E60
000E60
3F7FE0
7FBFC0
FF8000
FFC000
FF8000
ENDCHAR
STARTCHAR EDE7
ENCODING 60903
SWIDTH 660 0
DWIDTH 11 0
BBX 19 16 0 -2
BITMAP
004000
004000
01F000
004000
004000
01F000
03FC00
07FC00
07FC00
37FD80
F7FDE0
F71DE0
F70DE0
F70DE0
F70DE0
770DC0
ENDCHAR
STARTCHAR EDE8
ENCODING 60904
SWIDTH 660 0
DWIDTH 11 0
BBX 15 16 0 -2
BITMAP
01F0
07FE
0FFE
0FFE
0078
3F86
FFEE
FFF8
7FE6
1F9E
E070
7FE0
1F10
E0F0
7FE0
0F00
ENDCHAR
STARTCHAR EDE9
ENCODING 60905
SWIDTH 660 0
DWIDTH 11 0
BBX 15 16 0 -2
BITMAP
03C0
1FF0
38F8
73FC
6FFE
DC7E
D83E
D99E
F91E
F83E
FC7E
7FFE
7FFC
3FF8
0FF0
0380
ENDCHAR
STARTCHAR EDEA
ENCODING 60906
SWIDTH 660 0
DWIDTH 11 0
BBX 19 16 0 -2
BITMAP
000600
001FC0
001BE0
001BC0
003F00
007F00
00FF00
03FF00
07FF00
0FFE00
3FFC00
7FF000
E0D800
C0D800
004800
004800
ENDCHAR
STARTCHAR EDEB
ENCODING 60907
SWIDTH 660 0
DWIDTH 11 0
BBX 17 14 0 -1
BITMAP
008000
01C000
C08180
C1C180
61C100
73E700
3FFF00
3FFF00
3FFE00
3FFE00
3FFE00
3FFE00
1FFE00
0FFC00
ENDCHAR
STARTCHAR EDEC
ENCODING 60908
SWIDTH 660 0
DWIDTH 11 0
BBX 19 15 0 -1
BITMAP
020000
0F0000
1D8000
3DC000
7FE000
FFF000
DDDBC0
FFFBE0
7FF7E0
3FEFE0
1DD9E0
0FBFE0
077FE0
007FE0
007FE0
ENDCHAR
STARTCHAR EDED
ENCODING 60909
SWIDTH 660 0
DWIDTH 11 0
BBX 13 14 0 -1
BITMAP
7FF8
FFF8
FFF8
E7B8
E7B8
FFF8
FCF8
FCF8
FFF8
E798
E7B8
FFF8
FFF8
7FF0
ENDCHAR
STARTCHAR EDEE
ENCODING 60910
SWIDTH 660 0
DWIDTH 11 0
BBX 13 14 0 -1
BITMAP
7FF8
FFF8
FFF8
E7B8
E7B8
FFF8
FFF8
FFF8
FFF8
E798
E7B8
FFF8
FFF8
7FF0
ENDCHAR
STARTCHAR EDEF
ENCODING 60911
SWIDTH 660 0
DWIDTH 11 0
BBX 13 14 0 -1
BITMAP
7FF8
FFF8
FFF8
FFF8
FFF8
FFF8
FCF8
FCF8
FFF8
FFF8
FFF8
FFF8
FFF8
7FF0
ENDCHAR
STARTCHAR EDF0
ENCODING 60912
SWIDTH 660 0
DWIDTH 11 0
BBX 13 14 0 -1
BITMAP
7FF8
FFF8
FFF8
E7B8
E7B8
FFF8
E7B8
E7B8
FFF8
E798
E7B8
FFF8
FFF8
7FF0
ENDCHAR
STARTCHAR EDF1
ENCODING 60913
SWIDTH 660 0
DWIDTH 11 0
BBX 13 14 0 -1
BITMAP
7FF8
FFF8
FFF8
E7F8
E7F8
FFF8
FCF8
FCF8
FFF8
FF98
FFB8
FFF8
FFF8
7FF0
ENDCHAR
STARTCHAR EDF2
ENCODING 60914
SWIDTH 660 0
DWIDTH 11 0
BBX 13 14 0 -1
BITMAP
7FF8
FFF8
FFF8
E7F8
E7F8
FFF8
FFF8
FFF8
FFF8
FF98
FFB8
FFF8
FFF8
7FF0
ENDCHAR
STARTCHAR EDF3
ENCODING 60915
SWIDTH 660 0
DWIDTH 11 0
BBX 12 12 0 0
BITMAP
0700
0700
0200
0000
0000
FFF0
FFF0
0000
0000
0200
0700
0600
ENDCHAR
STARTCHAR EDF4
ENCODING 60916
SWIDTH 660 0
DWIDTH 11 0
BBX 17 16 0 -2
BITMAP
0FF800
1FFC00
1FFC00
1FFC00
1FFC00
1FFC00
1FFC00
1FEC00
1FEC00
1FFC00
1FFC00
1FFC00
1FFC00
1FFC00
FFFF80
FFFF80
ENDCHAR
STARTCHAR EDF5
ENCODING 60917
SWIDTH 660 0
DWIDTH 11 0
BBX 17 16 0 -2
BITMAP
018000
0FC000
3FDE00
3FDE00
3FC600
3FC600
3FC600
3CC600
3CC600
3FC600
3FC600
3FC600
3FC600
3FC600
FFC780
FFC380
ENDCHAR
STARTCHAR EDF6
ENCODING 60918
SWIDTH 660 0
DWIDTH 11 0
BBX 12 8 0 2
BITMAP
FFF0
FFF0
0000
0000
0000
0000
FFF0
FFF0
ENDCHAR
STARTCHAR EDF7
ENCODING 60919
SWIDTH 660 0
DWIDTH 11 0
BBX 15 16 0 -2
BITMAP
0070
01F8
03FC
07FE
0FFE
1FFE
3EFE
3DFC
3BE0
77F0
6FE0
5F80
3F80
7E00
C000
8000
ENDCHAR
STARTCHAR EDF8
ENCODING 60920
SWIDTH 660 0
DWIDTH 11 0
BBX 17 14 0 -1
BITMAP
003000
007800
01CC00
07FF80
1FFF80
3FFF80
3C7F00
7BBE00
77D800
EFD800
FF9C00
FF0E00
FFF780
7FE380
ENDCHAR
STARTCHAR EDF9
ENCODING 60921
SWIDTH 660 0
DWIDTH 11 0
BBX 15 16 0 -2
BITMAP
3F80
7F98
60CC
60CE
60CE
60C6
7FC6
7FC2
7FE2
7FF2
7FD2
7FD2
7FDE
7FCC
FFE0
FFC0
ENDCHAR
STARTCHAR EDFA
ENCODING 60922
SWIDTH 660 0
DWIDTH 11 0
BBX 17 14 0 -1
BITMAP
380600
3C0F00
600100
600100
400100
400180
C00180
FF3F80
FFFF80
C3E180
C36180
E77180
7E3F00
3C0E00
ENDCHAR
STARTCHAR EDFB
ENCODING 60923
SWIDTH 660 0
DWIDTH 11 0
BBX 11 12 0 0
BITMAP
C000
F000
3C00
0F00
03C0
00E0
01E0
07C0
1F00
7C00
F000
C000
ENDCHAR
STARTCHAR EDFC
ENCODING 60924
SWIDTH 660 0
DWIDTH 11 0
BBX 13 14 0 -1
BITMAP
6000
7800
1F00
07C0
00F0
00F0
07C0
1F00
7800
6000
0000
0000
FFF8
FFF8
ENDCHAR
STARTCHAR EDFD
ENCODING 60925
SWIDTH 660 0
DWIDTH 11 0
BBX 19 16 0 -2
BITMAP
0FFF80
0FFF80
C06000
E06000
FFFC00
7FFF00
3FE380
07E180
03E180
01E180
00FF80
00FF80
000000
000060
01FFE0
01FF80
ENDCHAR
STARTCHAR EDFE
ENCODING 60926
SWIDTH 660 0
DWIDTH 11 0
BBX 19 10 0 1
BITMAP
1C0780
7F0FC0
E398E0
C1F060
C0E060
C0F060
C1B860
631CE0
7E0FC0
1C0700
ENDCHAR
STARTCHAR EDFF
ENCODING 60927
SWIDTH 660 0
DWIDTH 11 0
BBX 17 14 0 -1
BITMAP
0F0000
3FC000
7FFE00
7FFF00
FFFF80
FFFB80
FFFB80
FFFF80
7FFF80
7FFF80
3F8380
1F0180
130080
100080
ENDCHAR
STARTCHAR EE00
ENCODING 60928
SWIDTH 660 0
DWIDTH 11 0
BBX 10 18 1 -3
BITMAP
FFC0
8000
8000
8000
8000
8000
8000
8000
8000
8000
8000
8000
8000
8000
8000
8000
8000
FFC0
ENDCHAR
STARTCHAR EE01
ENCODING 60929
SWIDTH 660 0
DWIDTH 11 0
BBX 12 18 -1 -3
BITMAP
FFF0
0000
0000
0000
0000
0000
0000
0000
0000
0000
0000
0000
0000
0000
0000
0000
0000
FFF0
ENDCHAR
STARTCHAR EE02
ENCODING 60930
SWIDTH 660 0
DWIDTH 11 0
BBX 11 18 -1 -3
BITMAP
FFE0
0060
0060
0060
0060
0060
0060
0060
0060
0060
0060
0060
0060
0060
0060
0060
0060
FFE0
ENDCHAR
STARTCHAR EE03
ENCODING 60931
SWIDTH 660 0
DWIDTH 11 0
BBX 10 18 1 -3
BITMAP
FFC0
8000
8000
8FC0
8FC0
8FC0
8FC0
8FC0
8FC0
8FC0
8FC0
8FC0
8FC0
8FC0
8FC0
8000
8000
FFC0
ENDCHAR
STARTCHAR EE04
ENCODING 60932
SWIDTH 660 0
DWIDTH 11 0
BBX 12 18 -1 -3
BITMAP
FFF0
0000
0000
FFF0
FFF0
FFF0
FFF0
FFF0
FFF0
FFF0
FFF0
FFF0
FFF0
FFF0
FFF0
0000
0000
FFF0
ENDCHAR
STARTCHAR EE05
ENCODING 60933
SWIDTH 660 0
DWIDTH 11 0
BBX 11 18 -1 -3
BITMAP
FFE0
0060
0060
FE60
FE60
FE60
FE60
FE60
FE60
FE60
FE60
FE60
FE60
FE60
FE60
0060
0060
FFE0
ENDCHAR
STARTCHAR EE06
ENCODING 60934
SWIDTH 660 0
DWIDTH 11 0
BBX 7 2 2 9
BITMAP
7C
86
ENDCHAR
STARTCHAR EE07
ENCODING 60935
SWIDTH 660 0
DWIDTH 11 0
BBX 5 7 5 3
BITMAP
E0
30
08
08
08
08
08
ENDCHAR
STARTCHAR EE08
ENCODING 60936
SWIDTH 660 0
DWIDTH 11 0
BBX 6 8 4 2
BITMAP
04
04
04
04
04
0C
18
F0
ENDCHAR
STARTCHAR EE09
ENCODING 60937
SWIDTH 660 0
DWIDTH 11 0
BBX 10 5 0 1
BITMAP
8040
C040
40C0
2180
1F00
ENDCHAR
STARTCHAR EE0A
ENCODING 60938
SWIDTH 660 0
DWIDTH 11 0
BBX 7 9 0 1
BITMAP
40
40
C0
80
80
C0
40
20
1E
ENDCHAR
STARTCHAR EE0B
ENCODING 60939
SWIDTH 660 0
DWIDTH 11 0
BBX 5 7 0 3
BITMAP
18
60
40
80
80
80
C0
ENDCHAR
STARTCHAR EE0C
ENCODING 60940
SWIDTH 660 0
DWIDTH 11 0
BBX 12 16 0 -2
BITMAP
8920
FFF0
FFF0
FFF0
FFF0
E070
FFF0
E070
FFF0
FFF0
E070
FFF0
FFF0
FFF0
FFF0
8920
ENDCHAR
STARTCHAR EE0D
ENCODING 60941
SWIDTH 660 0
DWIDTH 11 0
BBX 19 16 0 -2
BITMAP
004000
006000
006000
0FFE00
1FFF00
1FFF00
1FFF00
DCE360
DCE360
DFFF60
DFFF60
DFFF60
5C9760
1FFF00
1FFF00
0FFE00
ENDCHAR
STARTCHAR EE0E
ENCODING 60942
SWIDTH 660 0
DWIDTH 11 0
BBX 15 15 0 -2
BITMAP
0030
0078
007C
013E
01BE
04FE
07FC
1BF8
1FF0
6FE0
FFC0
FF80
7F00
3E00
1C00
ENDCHAR
STARTCHAR EE0F
ENCODING 60943
SWIDTH 660 0
DWIDTH 11 0
BBX 15 16 0 -2
BITMAP
7800
FC00
FC00
E000
FC00
FC00
E000
FC00
FC00
E000
FDBE
FDBE
FDBE
FFFE
FFFE
7FFE
ENDCHAR
STARTCHAR EE10
ENCODING 60944
SWIDTH 660 0
DWIDTH 11 0
BBX 19 8 0 2
BITMAP
EDB6E0
EDB6E0
EDB6E0
FFFFE0
FFFFE0
FFFFE0
FFFFE0
7FFFE0
ENDCHAR
STARTCHAR EE11
ENCODING 60945
SWIDTH 660 0
DWIDTH 11 0
BBX 8 16 1 -2
BITMAP
7F
FF
FF
F8
FF
FF
F8
FF
FF
F8
FF
FF
F8
FF
FF
7E
ENDCHAR
STARTCHAR EE12
ENCODING 60946
SWIDTH 660 0
DWIDTH 11 0
BBX 19 16 0 -2
BITMAP
004000
01F000
03F800
FF1FE0
FE4FE0
FE6FE0
CE0E60
CF1E60
CFFE60
FFFFE0
CFFE60
CF1E60
CF0E60
FF0FE0
FF0FE0
7F0FC0
ENDCHAR
STARTCHAR EE13
ENCODING 60947
SWIDTH 660 0
DWIDTH 11 0
BBX 15 16 0 -2
BITMAP
0004
000E
003E
003E
003C
0078
00C0
0180
0E00
1E00
3F00
7E00
FC00
F800
7000
2000
ENDCHAR
STARTCHAR EE14
ENCODING 60948
SWIDTH 660 0
DWIDTH 11 0
BBX 19 16 0 -2
BITMAP
003E00
06FF80
0EFFE0
0EFFE0
0EFFE0
003FE0
000F80
000000
000000
00FC00
03FE00
EFFE00
EFFE00
EFFE00
6FF800
01C000
ENDCHAR
STARTCHAR EE15
ENCODING 60949
SWIDTH 660 0
DWIDTH 11 0
BBX 15 16 0 -2
BITMAP
03C0
1FF0
3FF8
7FFC
7FFE
FFFE
F38E
E18E
E18E
738E
7FFC
3FF8
1FF0
1FF0
1DB0
0DB0
ENDCHAR
STARTCHAR EE16
ENCODING 60950
SWIDTH 660 0
DWIDTH 11 0
BBX 15 16 0 -2
BITMAP
03C0
1FF0
3C38
789C
7CEE
CE16
C706
DBF6
DDD6
DEF6
E076
603E
701C
3C78
0FF0
0380
ENDCHAR
STARTCHAR EE17
ENCODING 60951
SWIDTH 660 0
DWIDTH 11 0
BBX 16 16 0 -2
BITMAP
3FFC
3FFE
7FFE
FFFF
FFFF
FFFF
7776
0000
6006
6006
6006
6006
7FFE
7FFE
3FFE
1FFC
ENDCHAR
STARTCHAR EE18
ENCODING 60952
SWIDTH 660 0
DWIDTH 11 0
BBX 19 16 0 -2
BITMAP
1FFF00
3FFF80
7FFFC0
7FFFC0
FFFFE0
FFFFE0
000000
303180
303180
303180
303180
303180
3FF180
3FF180
3FF180
1FE080
ENDCHAR
STARTCHAR EE19
ENCODING 60953
SWIDTH 660 0
DWIDTH 11 0
BBX 15 12 0 0
BITMAP
FFF8
FFF8
0000
0000
0000
3FFE
3FFE
0000
0000
0000
FFF8
FFF8
ENDCHAR
STARTCHAR EE1A
ENCODING 60954
SWIDTH 660 0
DWIDTH 11 0
BBX 15 16 0 -2
BITMAP
03C0
1FF0
3D38
6E6C
744E
F99E
D11A
E666
C466
D19A
F19E
646E
7E7C
3D38
0FF0
0380
ENDCHAR
STARTCHAR EE1B
ENCODING 60955
SWIDTH 660 0
DWIDTH 11 0
BBX 15 14 0 -1
BITMAP
07E0
0FF0
0830
3FF8
7FFC
FFFE
FFFE
F3DE
0000
F3CE
F3DE
FFFE
FFFE
7FFC
ENDCHAR
STARTCHAR EE1C
ENCODING 60956
SWIDTH 660 0
DWIDTH 11 0
BBX 19 16 0 -2
BITMAP
060C00
1E0F00
3F9F80
7FFFC0
FFFFE0
FFFFE0
77FDC0
27FC80
07FC00
07FC00
07FC00
07FC00
07FC00
07FC00
07FC00
03F800
ENDCHAR
STARTCHAR EE1D
ENCODING 60957
SWIDTH 660 0
DWIDTH 11 0
BBX 10 16 0 -2
BITMAP
0300
0700
0300
0000
1E00
3F00
7F80
6F80
0FC0
0C00
0600
1300
3B00
7180
E180
4100
ENDCHAR
STARTCHAR EE1E
ENCODING 60958
SWIDTH 660 0
DWIDTH 11 0
BBX 15 14 0 -1
BITMAP
7FFC
FFFC
C000
FFFE
FFFE
FFFE
FFFE
FFF6
FFF6
FFFE
FFFE
FFFE
FFFE
7FFC
ENDCHAR
STARTCHAR EE1F
ENCODING 60959
SWIDTH 660 0
DWIDTH 11 0
BBX 15 16 0 -2
BITMAP
03C0
1FF0
3818
600C
4006
C006
CE72
8C62
8002
C002
C386
67C6
600C
3818
0FF0
0380
ENDCHAR
STARTCHAR EE20
ENCODING 60960
SWIDTH 660 0
DWIDTH 11 0
BBX 15 14 0 -1
BITMAP
FFFE
FFFE
0000
7FFC
7FFC
7FFC
7FFC
7C7C
783C
781C
781C
781C
F81E
F81E
ENDCHAR
STARTCHAR EE21
ENCODING 60961
SWIDTH 660 0
DWIDTH 11 0
BBX 13 16 0 -2
BITMAP
3FF8
FFF8
FC78
F138
FB58
EB58
EB58
FB58
F138
FC78
FFF8
FFF8
C010
C010
7FF8
3FF8
ENDCHAR
STARTCHAR EE22
ENCODING 60962
SWIDTH 660 0
DWIDTH 11 0
BBX 12 16 0 -2
BITMAP
0400
3F80
3FC0
7FE0
70E0
E0E0
E0E0
70E0
7FE0
3FC0
3F80
4620
F9E0
F9F0
1180
1000
ENDCHAR
STARTCHAR EE23
ENCODING 60963
SWIDTH 660 0
DWIDTH 11 0
BBX 17 12 0 0
BITMAP
07FF00
0FFF80
1FFF80
3F7780
7F2780
FF8F80
FF8F80
7F2780
3F7780
1FFF80
0FFF80
07FF00
ENDCHAR
STARTCHAR EE24
ENCODING 60964
SWIDTH 660 0
DWIDTH 11 0
BBX 19 14 0 -1
BITMAP
00E000
F1F0E0
FFBFE0
F3FCE0
0EFE40
0C0700
180300
180100
100180
7C03C0
7C07C0
6C0640
7C07C0
380380
ENDCHAR
STARTCHAR EE25
ENCODING 60965
SWIDTH 660 0
DWIDTH 11 0
BBX 13 16 0 -2
BITMAP
3F80
3FC0
1980
1980
1980
1990
1998
39F8
70E0
E060
FFE0
FFF0
FFF0
FFE0
7FE0
3FC0
ENDCHAR
STARTCHAR EE26
ENCODING 60966
SWIDTH 660 0
DWIDTH 11 0
BBX 12 16 0 -2
BITMAP
49E0
DBF0
FFF0
FFF0
FFF0
FFF0
FFF0
FFF0
0000
FFF0
FFE0
7FE0
0F00
0B00
0F00
0400
ENDCHAR
STARTCHAR EE27
ENCODING 60967
SWIDTH 660 0
DWIDTH 11 0
BBX 13 16 0 -2
BITMAP
0FC0
7FF8
FFF8
C018
C008
C008
C008
C008
C018
FFF8
DFE8
9FC8
FFF8
FFF8
7030
6030
ENDCHAR
STARTCHAR EE28
ENCODING 60968
SWIDTH 660 0
DWIDTH 11 0
BBX 14 16 0 -2
BITMAP
0100
0300
0380
0780
8784
F79C
7FFC
7FF8
7FF8
3FF0
FFFC
7FFC
0FC0
0B40
0300
0100
ENDCHAR
STARTCHAR EE29
ENCODING 60969
SWIDTH 660 0
DWIDTH 11 0
BBX 13 14 0 -1
BITMAP
0040
00E0
01C0
7380
3F08
1E18
0C30
0060
C0C0
E180
7300
3E00
1C00
0800
ENDCHAR
STARTCHAR EE2A
ENCODING 60970
SWIDTH 660 0
DWIDTH 11 0
BBX 17 16 0 -2
BITMAP
000C00
003F00
006180
000080
FFF080
FFF080
7FE180
3FDF00
1F9E00
0F0000
060000
020000
020000
020000
1F8000
1F8000
ENDCHAR
STARTCHAR EE2B
ENCODING 60971
SWIDTH 660 0
DWIDTH 11 0
BBX 15 12 0 0
BITMAP
0380
0380
0100
0FE0
1FF0
3FF8
3FFC
7FFC
7FFC
0000
FFFE
FFFE
ENDCHAR
STARTCHAR EE2C
ENCODING 60972
SWIDTH 660 0
DWIDTH 11 0
BBX 14 14 0 -1
BITMAP
0FE0
3FF0
3FF8
7FFC
79FC
FFFC
FFFC
FFDC
F7CC
73FC
7FF8
3FF8
1FF0
0FC0
ENDCHAR
STARTCHAR EE2D
ENCODING 60973
SWIDTH 660 0
DWIDTH 11 0
BBX 14 14 0 -1
BITMAP
0E00
3F00
3F80
7FE0
79E0
FFF0
FFF8
FFDC
F7CC
73FC
7FF8
3FF8
1FF0
0FC0
ENDCHAR
STARTCHAR EE2E
ENCODING 60974
SWIDTH 660 0
DWIDTH 11 0
BBX 15 16 0 -2
BITMAP
3000
3000
F7F8
F7F8
3008
3008
3008
3008
3008
3008
3008
3008
3FEE
1FEE
0008
0008
ENDCHAR
STARTCHAR EE2F
ENCODING 60975
SWIDTH 660 0
DWIDTH 11 0
BBX 19 12 0 0
BITMAP
7FFFC0
FFFFE0
C03FE0
C01FE0
C01FE0
C03FE0
FFFFE0
D55FE0
FFFFE0
C01060
FFFFE0
7FFFC0
ENDCHAR
STARTCHAR EE30
ENCODING 60976
SWIDTH 660 0
DWIDTH 11 0
BBX 15 16 0 -2
BITMAP
03C0
1FF0
3818
600C
5656
DC76
DC72
9652
8002
C382
C3C6
6386
618C
3818
0FF0
0380
ENDCHAR
STARTCHAR EE31
ENCODING 60977
SWIDTH 660 0
DWIDTH 11 0
BBX 15 16 0 -2
BITMAP
0180
07C0
06E0
0660
07C0
0FE0
0EF0
7E66
7C4C
3C3C
3FF0
7FCC
F01E
E00E
E006
8000
ENDCHAR
STARTCHAR EE32
ENCODING 60978
SWIDTH 660 0
DWIDTH 11 0
BBX 15 14 0 -1
BITMAP
0002
0006
0FFC
7FFC
C0E6
8182
E006
FFFE
FFFE
CFF6
CEF6
CEF6
0EF4
06C0
ENDCHAR
STARTCHAR EE33
ENCODING 60979
SWIDTH 660 0
DWIDTH 11 0
BBX 17 14 0 -1
BITMAP
07F000
3FFE00
661380
C22080
C3E080
E22380
FFFF80
FFFF80
FFFF80
FFFF80
FFFF80
7FFF80
3FFE00
03E000
ENDCHAR
STARTCHAR EE34
ENCODING 60980
SWIDTH 660 0
DWIDTH 11 0
BBX 15 16 0 -2
BITMAP
000E
00FE
03FE
0FFE
1FFC
1FFC
3EFC
3DF8
7BE0
77F0
2FE0
1F80
3FC0
6F00
C000
8000
ENDCHAR
STARTCHAR EE35
ENCODING 60981
SWIDTH 660 0
DWIDTH 11 0
BBX 12 16 0 -2
BITMAP
7E00
FE80
C6C0
FEE0
C600
FFF0
FFF0
FFF0
FFF0
F7F0
E7F0
E9F0
DA30
FFF0
FFE0
7FC0
ENDCHAR
STARTCHAR EE36
ENCODING 60982
SWIDTH 660 0
DWIDTH 11 0
BBX 12 16 0 -2
BITMAP
7E00
FE80
FEC0
FEE0
FE00
FFF0
FFF0
FBF0
FBF0
EA70
E0F0
F1F0
FBF0
FFF0
FFE0
7FC0
ENDCHAR
STARTCHAR EE37
ENCODING 60983
SWIDTH 660 0
DWIDTH 11 0
BBX 17 16 0 -2
BITMAP
7E0000
FE8000
FEC000
FEE000
FE0000
FFF000
FFF000
FFF200
FFF300
FC0F80
FFF180
FFF300
FFF200
FFF000
FFE000
7FC000
ENDCHAR
STARTCHAR EE38
ENCODING 60984
SWIDTH 660 0
DWIDTH 11 0
BBX 15 16 0 -2
BITMAP
07E0
0FE8
0FEC
0FEE
0FE0
0FFE
0F7E
0F3E
0F9E
F00E
0F9E
0F3E
0F7E
0FFE
0FFE
07FC
ENDCHAR
STARTCHAR EE39
ENCODING 60985
SWIDTH 660 0
DWIDTH 11 0
BBX 12 16 0 -2
BITMAP
7E00
FE80
C6C0
FEE0
C600
FFF0
FFF0
C030
DFB0
DFB0
C070
FFF0
FFF0
FE30
FFE0
7FC0
ENDCHAR
STARTCHAR EE3A
ENCODING 60986
SWIDTH 660 0
DWIDTH 11 0
BBX 12 16 0 -2
BITMAP
7E00
FE80
C6C0
FEE0
C600
FFF0
FFF0
FBF0
F1F0
F7F0
F9F0
FEF0
F1F0
FBF0
FFE0
7FC0
ENDCHAR
STARTCHAR EE3B
ENCODING 60987
SWIDTH 660 0
DWIDTH 11 0
BBX 12 16 0 -2
BITMAP
7E00
FE80
FEC0
FEE0
FE00
FFF0
E3F0
EDF0
EDF0
E3F0
E970
ECF0
F870
FB70
FFE0
7FC0
ENDCHAR
STARTCHAR EE3C
ENCODING 60988
SWIDTH 660 0
DWIDTH 11 0
BBX 17 16 0 -2
BITMAP
7E0000
FE8000
FEC000
FEE000
FE0180
FFF380
FFE580
FFCE00
FF9E00
FF3C00
F77800
E77000
E94000
DA3000
FFE000
7FC000
ENDCHAR
STARTCHAR EE3D
ENCODING 60989
SWIDTH 660 0
DWIDTH 11 0
BBX 12 16 0 -2
BITMAP
7E00
FE80
FEC0
FEE0
FE00
FFF0
FFF0
F9F0
F0F0
E270
EBF0
FBF0
FBF0
FFF0
FFE0
7FC0
ENDCHAR
STARTCHAR EE3E
ENCODING 60990
SWIDTH 660 0
DWIDTH 11 0
BBX 15 16 0 -2
BITMAP
4000
63C0
37E0
1E70
0C38
3E1C
730E
6006
C00E
FFFC
FFF8
7FF0
3FE0
1FC0
0F80
0200
ENDCHAR
STARTCHAR EE3F
ENCODING 60991
SWIDTH 660 0
DWIDTH 11 0
BBX 17 16 0 -2
BITMAP
600000
73C000
3FE000
1E7000
1E3800
3E1C00
730E00
E00600
C00E00
FFFC00
FFF900
7FF300
3FE380
1FC780
0F8380
020100
ENDCHAR
STARTCHAR EE40
ENCODING 60992
SWIDTH 660 0
DWIDTH 11 0
BBX 15 16 0 -2
BITMAP
0380
0FF0
3818
23CC
6070
DB90
D7DA
B56A
B56A
B56A
3578
3558
0F40
0300
0200
0200
ENDCHAR
STARTCHAR EE41
ENCODING 60993
SWIDTH 660 0
DWIDTH 11 0
BBX 17 10 0 1
BITMAP
01F800
C7FE00
FFFF00
7FFF80
7FF780
7FF780
7FFF80
E7FF00
C3FE00
01F800
ENDCHAR
STARTCHAR EE42
ENCODING 60994
SWIDTH 660 0
DWIDTH 11 0
BBX 15 16 0 -2
BITMAP
03C0
1FF0
3818
600C
4006
DE76
EAAA
AAAA
9E72
C002
C7C6
67C6
600C
3818
0FF0
0380
ENDCHAR
STARTCHAR EE43
ENCODING 60995
SWIDTH 660 0
DWIDTH 11 0
BBX 15 16 0 -2
BITMAP
03C0
1FF0
3818
600C
4006
C006
CC62
8002
8002
C182
C7C6
6466
600C
3818
0FF0
0380
ENDCHAR
STARTCHAR EE44
ENCODING 60996
SWIDTH 660 0
DWIDTH 11 0
BBX 15 16 0 -2
BITMAP
FFFE
FFFE
700C
3818
1FF0
0FF0
07E0
03C0
0180
0180
0180
0180
0180
0180
0FF0
0FE0
ENDCHAR
STARTCHAR EE45
ENCODING 60997
SWIDTH 660 0
DWIDTH 11 0
BBX 15 16 0 -2
BITMAP
03C0
1FF0
3C18
7C0C
7DC6
FFC6
F80E
F81E
F81E
F81E
FF1E
7F3E
7F7C
3FF8
0FF0
0380
ENDCHAR
STARTCHAR EE46
ENCODING 60998
SWIDTH 660 0
DWIDTH 11 0
BBX 15 16 0 -2
BITMAP
03C0
1FF0
38F8
61FC
41FE
C0F6
C7F2
E3F2
FC3A
FC1E
FC3E
7E7E
7E7C
3EF8
0FF0
0380
ENDCHAR
STARTCHAR EE47
ENCODING 60999
SWIDTH 660 0
DWIDTH 11 0
BBX 15 16 0 -2
BITMAP
03C0
1FF0
3838
607C
40BE
C0BE
C0FE
81FE
83FE
FAE2
F686
7F86
7F8C
3FF8
0FF0
0380
ENDCHAR
STARTCHAR EE48
ENCODING 61000
SWIDTH 660 0
DWIDTH 11 0
BBX 15 16 0 -2
BITMAP
03C0
1FF0
3818
600C
4006
C006
CC62
8002
8002
CFF2
D556
6FF6
600C
3818
0FF0
0380
ENDCHAR
STARTCHAR EE49
ENCODING 61001
SWIDTH 660 0
DWIDTH 11 0
BBX 15 16 0 -2
BITMAP
03C0
1FF0
3818
600C
4006
C006
CC62
8002
8002
C002
CFE6
67C6
600C
3818
0FF0
0380
ENDCHAR
STARTCHAR EE4A
ENCODING 61002
SWIDTH 660 0
DWIDTH 11 0
BBX 15 16 0 -2
BITMAP
03C0
1FF0
3818
600C
4446
C666
C662
8442
8002
C002
CFE6
67C6
600C
3818
0FF0
0380
ENDCHAR
STARTCHAR EE4B
ENCODING 61003
SWIDTH 660 0
DWIDTH 11 0
BBX 15 16 0 -2
BITMAP
03C0
1FF0
3818
600C
4006
CC66
CA92
8002
8002
C002
CFE6
67C6
600C
3818
0FF0
0380
ENDCHAR
STARTCHAR EE4C
ENCODING 61004
SWIDTH 660 0
DWIDTH 11 0
BBX 15 16 0 -2
BITMAP
03C0
1FF6
3816
6006
4000
CC66
CA92
8002
8002
C002
CFE6
67C6
600C
3818
0FF0
0380
ENDCHAR
STARTCHAR EE4D
ENCODING 61005
SWIDTH 660 0
DWIDTH 11 0
BBX 15 16 0 -2
BITMAP
03C0
1FF0
3818
600C
4246
CEE6
DEF2
8662
8002
C002
CFE6
67C6
600C
3818
0FF0
0380
ENDCHAR
STARTCHAR EE4E
ENCODING 61006
SWIDTH 660 0
DWIDTH 11 0
BBX 15 16 0 -2
BITMAP
03C0
1FF0
3818
600C
4006
CC36
C6E2
8C32
8002
C002
CFE6
67C6
600C
3818
0FF0
0380
ENDCHAR
STARTCHAR EE4F
ENCODING 61007
SWIDTH 660 0
DWIDTH 11 0
BBX 15 16 0 -2
BITMAP
03C6
1FEE
380E
6088
4086
C1E6
C102
8432
9C32
C472
C0E6
43C6
200C
E818
EFF0
4380
ENDCHAR
STARTCHAR EE50
ENCODING 61008
SWIDTH 660 0
DWIDTH 11 0
BBX 15 16 0 -2
BITMAP
03C0
1FF0
3818
600C
4406
DEF6
CE62
8E62
8002
C002
CFE6
67C6
600C
3818
0FF0
0380
ENDCHAR
STARTCHAR EE51
ENCODING 61009
SWIDTH 660 0
DWIDTH 11 0
BBX 19 16 0 -2
BITMAP
00F000
07FC00
0E0600
180300
100100
331980
32A480
000000
E000E0
E000E0
43F960
11F100
180300
0E0E00
03FC00
00E000
ENDCHAR
STARTCHAR EE52
ENCODING 61010
SWIDTH 660 0
DWIDTH 11 0
BBX 15 16 0 -2
BITMAP
03C0
1FF0
3818
600C
4006
C006
CC62
8002
8002
C002
CFE6
6526
642C
3C58
0EF0
0380
ENDCHAR
STARTCHAR EE53
ENCODING 61011
SWIDTH 660 0
DWIDTH 11 0
BBX 15 16 0 -2
BITMAP
03C0
1FF0
3818
600C
4006
CC36
C6E2
8C32
8002
D012
DFF6
6D26
642C
3C58
0EF0
0380
ENDCHAR
STARTCHAR EE54
ENCODING 61012
SWIDTH 660 0
DWIDTH 11 0
BBX 15 16 0 -2
BITMAP
03C0
1FF0
3818
600C
4066
C096
DEF2
8092
8062
C002
CFE6
6526
642C
3C58
0EF0
0380
ENDCHAR
STARTCHAR EE55
ENCODING 61013
SWIDTH 660 0
DWIDTH 11 0
BBX 15 16 0 -2
BITMAP
03C0
1FF0
3818
600C
4006
C006
CCF2
8002
8002
C002
CFE6
67C6
600C
3818
0FF0
0380
ENDCHAR
STARTCHAR EE56
ENCODING 61014
SWIDTH 660 0
DWIDTH 11 0
BBX 13 10 0 1
BITMAP
E738
F7B8
F7B8
F738
0000
0000
F738
F7B8
F7B8
E738
ENDCHAR
STARTCHAR EE57
ENCODING 61015
SWIDTH 660 0
DWIDTH 11 0
BBX 10 14 0 -1
BITMAP
71C0
F3C0
F3C0
73C0
0000
73C0
F3C0
F3C0
71C0
0000
73C0
F3C0
73C0
71C0
ENDCHAR
STARTCHAR EE58
ENCODING 61016
SWIDTH 660 0
DWIDTH 11 0
BBX 15 14 0 -1
BITMAP
03C0
1FF0
3818
600C
4006
C006
C002
8002
9C32
BC3A
BC3A
BC3A
1C38
0830
ENDCHAR
STARTCHAR EE59
ENCODING 61017
SWIDTH 660 0
DWIDTH 11 0
BBX 15 16 0 -2
BITMAP
03C0
1FF0
3818
600C
4006
C006
C822
9C3A
BC3A
BC3A
1C3A
1C32
0002
03FE
03FC
0180
ENDCHAR
STARTCHAR EE5A
ENCODING 61018
SWIDTH 660 0
DWIDTH 11 0
BBX 16 16 0 -2
BITMAP
0004
001E
003F
0073
01C7
0386
0F0C
0E18
0F38
0FB0
1FE0
1FE0
0FC0
6400
F000
E000
ENDCHAR
STARTCHAR EE5B
ENCODING 61019
SWIDTH 660 0
DWIDTH 11 0
BBX 15 16 0 -2
BITMAP
0800
1FC0
0EE0
0CC2
1C3E
301E
700E
5002
400E
600E
7014
F830
4770
0670
03F0
0010
ENDCHAR
STARTCHAR EE5C
ENCODING 61020
SWIDTH 660 0
DWIDTH 11 0
BBX 15 16 0 -2
BITMAP
6120
F130
F1B0
60D8
004C
706C
FC64
FE00
FFFE
FFFE
EDBE
EDBE
EDBE
EDBE
FFFE
7FFC
ENDCHAR
STARTCHAR EE5D
ENCODING 61021
SWIDTH 660 0
DWIDTH 11 0
BBX 15 16 0 -2
BITMAP
FFFE
FFFE
7FFC
666C
666C
7FFC
666C
666C
7FFC
7C7C
783C
783C
7FFC
7C7C
FC7E
FC7E
ENDCHAR
STARTCHAR EE5E
ENCODING 61022
SWIDTH 660 0
DWIDTH 11 0
BBX 19 16 0 -2
BITMAP
000900
000B00
000D80
000DC0
000EC0
000760
000360
000360
000160
000000
000000
0F73E0
7F3BE0
FFBDE0
3FDEE0
01E760
ENDCHAR
STARTCHAR EE5F
ENCODING 61023
SWIDTH 660 0
DWIDTH 11 0
BBX 15 16 0 -2
BITMAP
03C0
1FF0
3818
600C
4006
C006
CC62
8002
8182
C082
C186
6086
610C
3818
0FF0
0380
ENDCHAR
STARTCHAR EE60
ENCODING 61024
SWIDTH 660 0
DWIDTH 11 0
BBX 15 16 0 -2
BITMAP
03C0
1FF0
3818
600C
4006
CC66
CA92
8002
8102
C082
C186
6086
618C
3818
0FF0
0380
ENDCHAR
STARTCHAR EE61
ENCODING 61025
SWIDTH 660 0
DWIDTH 11 0
BBX 15 16 0 -2
BITMAP
03C0
1FF0
3818
600C
4006
C006
CCF2
8002
8002
C182
C118
619E
619E
381E
0FC0
0380
ENDCHAR
STARTCHAR EE62
ENCODING 61026
SWIDTH 660 0
DWIDTH 11 0
BBX 15 16 0 -2
BITMAP
03C0
1FF0
3818
600C
4006
CC66
CC62
8002
8002
CFF2
CFE6
67C6
600C
3818
0FF0
0380
ENDCHAR
STARTCHAR EE63
ENCODING 61027
SWIDTH 660 0
DWIDTH 11 0
BBX 15 16 0 -2
BITMAP
03C0
1FF0
3818
600C
4006
CC66
CA92
8002
8002
CFF2
CFE6
67C6
600C
3818
0FF0
0380
ENDCHAR
STARTCHAR EE64
ENCODING 61028
SWIDTH 660 0
DWIDTH 11 0
BBX 15 16 0 -2
BITMAP
03C0
1FF0
3818
600C
5816
CE66
CE62
9812
8002
CFF2
CFE6
67C6
600C
3818
0FF0
0380
ENDCHAR
STARTCHAR EE65
ENCODING 61029
SWIDTH 660 0
DWIDTH 11 0
BBX 15 16 0 -2
BITMAP
03C0
1FF0
3818
600C
4006
CC66
CCD2
8002
8002
CFF2
CFE6
67C6
600C
3818
0FF0
0380
ENDCHAR
STARTCHAR EE66
ENCODING 61030
SWIDTH 660 0
DWIDTH 11 0
BBX 19 16 0 -2
BITMAP
E07C00
F07C00
304400
337D80
337D80
337D80
337D80
337D80
337D80
337D80
300000
300000
3FFFE0
1FFFE0
070700
020300
ENDCHAR
STARTCHAR EE67
ENCODING 61031
SWIDTH 660 0
DWIDTH 11 0
BBX 14 14 -1 -1
BITMAP
0300
0CF0
13F0
25E0
4FE0
4E10
9E90
6E08
4608
47F4
3EB4
0F48
07F0
01C0
ENDCHAR
STARTCHAR EE68
ENCODING 61032
SWIDTH 660 0
DWIDTH 11 0
BBX 17 16 0 -2
BITMAP
00C000
03E000
07F000
07F000
07F080
37F780
FBEF80
F9EF80
F9DF80
FA9F80
FB3F80
FBFF80
FBFF80
FBFF80
E0FE00
001000
ENDCHAR
STARTCHAR EE69
ENCODING 61033
SWIDTH 660 0
DWIDTH 11 0
BBX 17 16 0 -2
BITMAP
00C000
03E000
07F000
063000
073080
37F780
FBEF80
F9EF80
F9DF80
FA9F80
FB3F80
FBFF80
FBFF80
FBFF80
E0FE00
001000
ENDCHAR
STARTCHAR EE6A
ENCODING 61034
SWIDTH 660 0
DWIDTH 11 0
BBX 15 16 0 -2
BITMAP
0008
03FE
067E
0CFE
09FE
03FC
03F8
0DF0
1EE0
3F40
3F80
7F00
7E00
FC00
F000
8000
ENDCHAR
STARTCHAR EE6B
ENCODING 61035
SWIDTH 660 0
DWIDTH 11 0
BBX 15 16 0 -2
BITMAP
F81E
F83E
7C7E
3E7C
3838
13C8
0FE0
1EF0
1EF8
3818
3C38
1C78
1DB8
1FF0
0FE0
0380
ENDCHAR
STARTCHAR EE6C
ENCODING 61036
SWIDTH 660 0
DWIDTH 11 0
BBX 15 15 0 -1
BITMAP
0100
0EE0
3EF8
7EF8
7C7C
F83C
FB3E
FB3E
FB3E
F11E
E44C
66CC
26C8
3FF0
0FE0
ENDCHAR
STARTCHAR EE6D
ENCODING 61037
SWIDTH 660 0
DWIDTH 11 0
BBX 15 16 0 -2
BITMAP
03C0
1FF0
3818
600C
4006
C006
CC62
8002
8002
C002
C006
6006
600C
3818
0FF0
0380
ENDCHAR
STARTCHAR EE6E
ENCODING 61038
SWIDTH 660 0
DWIDTH 11 0
BBX 15 16 0 -2
BITMAP
03C0
1FF0
3818
600C
4006
DE76
EEAA
A28A
9E72
C002
C006
67C6
600C
3818
0FF0
0380
ENDCHAR
STARTCHAR EE6F
ENCODING 61039
SWIDTH 660 0
DWIDTH 11 0
BBX 12 16 0 -2
BITMAP
0400
0E00
1F00
1F80
1F80
1F80
3F80
3F80
3180
3080
3FC0
3FC0
3FC0
0000
FFF0
FFE0
ENDCHAR
STARTCHAR EE70
ENCODING 61040
SWIDTH 660 0
DWIDTH 11 0
BBX 15 16 0 -2
BITMAP
0002
000E
001C
0038
00F0
0000
FFFE
FFFE
7FFC
7FFC
3FFC
3FF8
1FF0
0FE0
0FE0
0FE0
ENDCHAR
STARTCHAR EE71
ENCODING 61041
SWIDTH 660 0
DWIDTH 11 0
BBX 11 15 0 -1
BITMAP
8000
8000
8000
8000
9F00
B380
E0C0
C040
9360
9360
C060
C040
60C0
3F80
0E00
ENDCHAR
STARTCHAR EE72
ENCODING 61042
SWIDTH 660 0
DWIDTH 11 0
BBX 15 16 0 -2
BITMAP
7FF0
FFF0
FFF4
FFF6
FFF6
7FF6
0006
01FE
03FC
0300
0780
0780
0780
0780
0780
0700
ENDCHAR
STARTCHAR EE73
ENCODING 61043
SWIDTH 660 0
DWIDTH 11 0
BBX 13 16 0 -2
BITMAP
7FF0
FFF8
F8F8
F238
EAB8
EAD8
EAD8
EAB8
F238
F8F8
FFF8
FFF8
E018
FFF8
FFF8
7FF0
ENDCHAR
STARTCHAR EE74
ENCODING 61044
SWIDTH 660 0
DWIDTH 11 0
BBX 15 16 0 -2
BITMAP
000C
001E
003E
007E
00FC
01F8
03F0
03E0
1DC0
3E80
7F00
6600
4E00
9E00
3800
4000
ENDCHAR
STARTCHAR EE75
ENCODING 61045
SWIDTH 660 0
DWIDTH 11 0
BBX 15 16 0 -2
BITMAP
0018
003C
007E
01BE
0FDE
1FEC
3FF0
3FF0
39F0
78F0
71E0
67E0
CFE0
9F00
3800
4000
ENDCHAR
STARTCHAR EE76
ENCODING 61046
SWIDTH 660 0
DWIDTH 11 0
BBX 15 16 0 -2
BITMAP
180C
381E
723E
E61E
FCCE
79E4
33F0
07F0
0FE8
1FDC
3FBA
7F76
7EFE
FC7C
F038
8010
ENDCHAR
STARTCHAR EE77
ENCODING 61047
SWIDTH 660 0
DWIDTH 11 0
BBX 19 16 0 -2
BITMAP
070000
030000
C38000
E3C000
F3C000
FFE000
7FE000
3FFC00
1FFF00
03FF80
083F80
0D8000
010000
000000
FFFFE0
FFFFE0
ENDCHAR
STARTCHAR EE78
ENCODING 61048
SWIDTH 660 0
DWIDTH 11 0
BBX 19 14 0 -1
BITMAP
1E01E0
1FC7E0
0FFFE0
03FFC0
01FF80
67FE00
7FF800
7FE000
3F8000
000000
000000
000000
FFFFE0
FFFFE0
ENDCHAR
STARTCHAR EE79
ENCODING 61049
SWIDTH 660 0
DWIDTH 11 0
BBX 13 16 0 -2
BITMAP
FE00
FF00
C300
C180
C380
FF00
FE08
CE18
C730
C3E0
01C0
01E0
0370
0638
0C18
0808
ENDCHAR
STARTCHAR EE7A
ENCODING 61050
SWIDTH 660 0
DWIDTH 11 0
BBX 12 13 0 0
BITMAP
0700
1F80
7260
4030
C030
CF10
8F10
CF10
C030
6030
7070
1FF0
07F0
ENDCHAR
STARTCHAR EE7B
ENCODING 61051
SWIDTH 660 0
DWIDTH 11 0
BBX 15 16 0 -2
BITMAP
03C0
1FF0
3818
600C
4006
C006
DE72
8002
9912
DB92
DB96
7B96
781C
3818
0FF0
0380
ENDCHAR
STARTCHAR EE7C
ENCODING 61052
SWIDTH 660 0
DWIDTH 11 0
BBX 15 16 0 -2
BITMAP
03C0
1FF0
3818
600C
4006
C006
CC62
8002
8002
C582
CDE6
6E26
6C0C
3018
0FF0
0380
ENDCHAR
STARTCHAR EE7D
ENCODING 61053
SWIDTH 660 0
DWIDTH 11 0
BBX 15 15 0 -1
BITMAP
0100
0FE0
3FD0
7C00
7800
F070
F0FC
F0FE
F07E
F81E
F800
7E00
3F80
3FE0
0FE0
ENDCHAR
STARTCHAR EE7E
ENCODING 61054
SWIDTH 660 0
DWIDTH 11 0
BBX 19 14 0 -1
BITMAP
7FFE00
FFFF00
C63380
C631C0
C630C0
FFFFE0
FFFFE0
FFFFE0
FFFFE0
F7FDE0
63F8E0
330880
3E0F80
0C0600
ENDCHAR
STARTCHAR EE7F
ENCODING 61055
SWIDTH 660 0
DWIDTH 11 0
BBX 19 14 0 -1
BITMAP
070000
0F8000
0DC000
0CC000
0CCC00
00FC00
07FC00
0F8F80
198F80
1B0000
DB7FE0
DF7FE0
1E0000
0C0000
ENDCHAR
STARTCHAR EE80
ENCODING 61056
SWIDTH 660 0
DWIDTH 11 0
BBX 15 16 0 -2
BITMAP
03C0
1FF0
3818
600C
4006
CC66
CA92
8002
8002
C002
CC66
67C6
600C
3818
0FF0
0380
ENDCHAR
STARTCHAR EE81
ENCODING 61057
SWIDTH 660 0
DWIDTH 11 0
BBX 19 16 0 -2
BITMAP
1FFF00
3FFF80
631980
6318C0
6218C0
7FFFC0
7FFFC0
C208C0
C20860
C60860
FFFFE0
7FFFC0
00C000
00C000
03F800
03F800
ENDCHAR
STARTCHAR EE82
ENCODING 61058
SWIDTH 660 0
DWIDTH 11 0
BBX 17 14 0 -1
BITMAP
008000
01C000
01E000
03E000
03E000
F3E380
FDCF80
FEBF80
7F7F80
7FFF00
3FFF00
1FFE00
0FF800
03E000
ENDCHAR
STARTCHAR EE83
ENCODING 61059
SWIDTH 660 0
DWIDTH 11 0
BBX 15 16 0 -2
BITMAP
00C0
01C0
03E0
FFE0
FFF0
FFF8
7FFE
3FFE
3FFE
3FFC
7FF8
7FF0
7FF0
73F0
00F0
0060
ENDCHAR
STARTCHAR EE84
ENCODING 61060
SWIDTH 660 0
DWIDTH 11 0
BBX 15 16 0 -2
BITMAP
1C00
1E92
1ED2
1E00
0012
7F12
FF80
FFC2
E3C2
E1C0
C1C0
E1C0
F3C0
FFC0
FFC0
7F80
ENDCHAR
STARTCHAR EE85
ENCODING 61061
SWIDTH 660 0
DWIDTH 11 0
BBX 15 12 0 0
BITMAP
0DE0
1BB0
36C0
6DDC
DBB6
F76A
EEDA
FDB6
736C
06D8
0DB0
0F60
ENDCHAR
STARTCHAR EE86
ENCODING 61062
SWIDTH 660 0
DWIDTH 11 0
BBX 15 16 0 -2
BITMAP
0180
07C0
07E0
07E0
07C0
03C0
0380
07C0
3FFC
7FFE
FFFE
FFFE
7FFE
600C
7FFC
3FFC
ENDCHAR
STARTCHAR EE87
ENCODING 61063
SWIDTH 660 0
DWIDTH 11 0
BBX 16 16 0 -2
BITMAP
0100
0180
0380
03C0
0740
7F7E
FF0F
7F06
3F0C
1F18
1F10
1F18
1F98
1FF8
1C38
1008
ENDCHAR
STARTCHAR EE88
ENCODING 61064
SWIDTH 660 0
DWIDTH 11 0
BBX 12 16 0 -2
BITMAP
0F00
1F80
1180
1180
7FE0
FFE0
FFF0
E070
FFF0
FFF0
FFF0
E070
FFF0
FFE0
7FC0
2080
ENDCHAR
STARTCHAR EE89
ENCODING 61065
SWIDTH 660 0
DWIDTH 11 0
BBX 15 16 0 -2
BITMAP
03C0
1FF0
3818
600C
4006
C006
CC62
8002
8002
C382
C3C6
6386
618C
3818
0FF0
0380
ENDCHAR
STARTCHAR EE8A
ENCODING 61066
SWIDTH 660 0
DWIDTH 11 0
BBX 15 16 0 -2
BITMAP
F800
FC00
CC40
CCE0
FDF0
FDF8
CDF8
CDF0
FDE0
FDC0
FD9E
FD3E
CE7E
FCFE
79FE
33FE
ENDCHAR
STARTCHAR EE8B
ENCODING 61067
SWIDTH 660 0
DWIDTH 11 0
BBX 17 10 0 1
BITMAP
307C00
79FC00
7BC000
33C000
07E000
07F800
063800
31C700
FFFF80
CE3980
ENDCHAR
STARTCHAR EE8C
ENCODING 61068
SWIDTH 660 0
DWIDTH 11 0
BBX 17 14 0 -1
BITMAP
070700
0F8F80
0DCD80
0C8980
0C0800
0C0800
0FF800
0FF800
0C0800
0C0800
040800
31C700
FFFF80
CE3880
ENDCHAR
STARTCHAR EE8D
ENCODING 61069
SWIDTH 660 0
DWIDTH 11 0
BBX 13 16 0 -2
BITMAP
0200
0F80
1FE0
7FF0
FFF8
FFF8
FFB8
DB78
C978
DAB8
FFF8
FFF8
7FF0
1FE0
0780
0200
ENDCHAR
STARTCHAR EE8E
ENCODING 61070
SWIDTH 660 0
DWIDTH 11 0
BBX 19 16 0 -2
BITMAP
804000
E0E000
31F000
19F000
0FF800
07FC00
01FC00
0CFE00
0E7E00
0F3E00
0D8E00
0DE600
0EF380
0738C0
03F860
00E020
ENDCHAR
STARTCHAR EE8F
ENCODING 61071
SWIDTH 660 0
DWIDTH 11 0
BBX 15 16 0 -2
BITMAP
03C0
1FF0
3818
600C
4006
CC36
C6E2
8C32
8002
C3C2
C7E6
6FE6
600C
3818
0FF0
0380
ENDCHAR
STARTCHAR EE90
ENCODING 61072
SWIDTH 660 0
DWIDTH 11 0
BBX 12 14 0 -1
BITMAP
31C0
F9E0
FFE0
FFF0
FFE0
7FE0
7FC0
7FC0
3FC0
39C0
31C0
3180
3080
1080
ENDCHAR
STARTCHAR EE91
ENCODING 61073
SWIDTH 660 0
DWIDTH 11 0
BBX 17 16 0 -2
BITMAP
008000
077800
0E7C00
1EFD00
1DFD00
05FD80
00FD80
001B80
00C380
00C000
00C000
018000
018000
038000
FFFF80
7FFF80
ENDCHAR
STARTCHAR EE92
ENCODING 61074
SWIDTH 660 0
DWIDTH 11 0
BBX 13 14 0 -1
BITMAP
F038
FFF8
BFE8
F038
6010
6010
6010
6010
6010
6010
F038
BFE8
FFF8
E038
ENDCHAR
STARTCHAR EE93
ENCODING 61075
SWIDTH 660 0
DWIDTH 11 0
BBX 15 12 0 0
BITMAP
738C
FFDE
CE72
CC62
CC66
4426
6104
210C
3188
3398
1EF8
0C60
ENDCHAR
STARTCHAR EE94
ENCODING 61076
SWIDTH 660 0
DWIDTH 11 0
BBX 15 16 0 -2
BITMAP
0180
07C0
06E0
0660
1FF8
3FF8
3FFC
3FFC
7FFC
7FFC
7FFE
7FFE
FFFE
FFFE
FFFE
7FFE
ENDCHAR
STARTCHAR EE95
ENCODING 61077
SWIDTH 660 0
DWIDTH 11 0
BBX 9 16 1 -2
BITMAP
7F00
FF00
C300
C300
C300
C180
C180
C300
E300
7E00
1C00
1800
1800
1800
7F00
7E00
ENDCHAR
STARTCHAR EE96
ENCODING 61078
SWIDTH 660 0
DWIDTH 11 0
BBX 19 8 0 2
BITMAP
805420
CCE640
5EB2C0
52B180
53B180
73B2C0
333640
212420
ENDCHAR
STARTCHAR EE97
ENCODING 61079
SWIDTH 660 0
DWIDTH 11 0
BBX 15 16 0 -2
BITMAP
1C00
1E66
1E44
1E00
0018
7F10
FF80
FFC6
E3C0
E1C0
C1C0
E1C0
F3C0
FFC0
FFC0
7F80
ENDCHAR
STARTCHAR EE98
ENCODING 61080
SWIDTH 660 0
DWIDTH 11 0
BBX 13 16 0 -2
BITMAP
00C0
01C0
0380
0300
38F0
7FF8
FFF8
FFF8
FFF8
FFF8
FFF8
FFF8
7FF8
7FF0
3FE0
0CC0
ENDCHAR
STARTCHAR EE99
ENCODING 61081
SWIDTH 660 0
DWIDTH 11 0
BBX 13 16 0 -2
BITMAP
0300
0780
0DC0
7DF8
FFF8
DFC8
F878
7378
7378
F878
DFC8
FFF8
7DF8
0DC0
0780
0300
ENDCHAR
STARTCHAR EE9A
ENCODING 61082
SWIDTH 660 0
DWIDTH 11 0
BBX 17 10 0 1
BITMAP
700300
F80780
F80F80
FFFF80
7FFF00
7FFF00
FFFF80
F80F80
F00780
600300
ENDCHAR
STARTCHAR EE9B
ENCODING 61083
SWIDTH 660 0
DWIDTH 11 0
BBX 15 15 0 -2
BITMAP
0180
07C0
07E0
07E0
07C0
0380
F81E
FEFE
FEFE
FEFE
FEFE
FEFE
FEFE
FEFE
06E0
ENDCHAR
STARTCHAR EE9C
ENCODING 61084
SWIDTH 660 0
DWIDTH 11 0
BBX 15 16 0 -2
BITMAP
0460
0EE0
1EF8
3EF8
3EFC
7EFC
7EFC
7EFC
FEFE
FEFE
FEFE
7EFC
7EFC
3EFC
0EE0
0460
ENDCHAR
STARTCHAR EE9D
ENCODING 61085
SWIDTH 660 0
DWIDTH 11 0
BBX 15 14 0 -1
BITMAP
0FF0
1FF8
3018
300C
600C
7FFE
FFFE
8C72
FC3E
FFFE
FFFE
700C
700C
600C
ENDCHAR
STARTCHAR EE9E
ENCODING 61086
SWIDTH 660 0
DWIDTH 11 0
BBX 15 12 0 0
BITMAP
1C78
7FFE
FFFE
FFFE
FFEE
C386
FFEE
FFFE
FFFE
FFFE
FFFE
7FFC
ENDCHAR
STARTCHAR EE9F
ENCODING 61087
SWIDTH 660 0
DWIDTH 11 0
BBX 18 14 0 -1
BITMAP
0C0000
4C8000
7F3000
3E7F00
3ECF80
F9C180
3BF180
1A7F80
17FFC0
07FEC0
067EC0
0607C0
000180
000180
ENDCHAR
STARTCHAR EEA0
ENCODING 61088
SWIDTH 660 0
DWIDTH 11 0
BBX 19 14 0 -1
BITMAP
0FF000
1FF800
311C00
310E00
710600
7FFF80
FFFFC0
FFFFE0
FFFFE0
F7FDE0
E3F8E0
330880
3E0F80
0C0600
ENDCHAR
STARTCHAR EEA1
ENCODING 61089
SWIDTH 660 0
DWIDTH 11 0
BBX 17 16 0 -2
BITMAP
3F8000
7F8000
7FC500
79C500
73CF80
63CF80
78C780
71C300
73F300
7FD300
7FDB00
7FDB00
7FCE00
7FC400
FFE000
FFC000
ENDCHAR
STARTCHAR EEA2
ENCODING 61090
SWIDTH 660 0
DWIDTH 11 0
BBX 15 16 0 -2
BITMAP
0100
0380
07C0
0FE0
1FF0
3FB8
7F9C
F80E
FB9E
7BBC
3BF8
1FF0
0FE0
07C0
0380
0100
ENDCHAR
STARTCHAR EEA3
ENCODING 61091
SWIDTH 660 0
DWIDTH 11 0
BBX 13 14 0 -1
BITMAP
6018
FFF8
FFF8
6038
6060
61E0
61E0
61E0
60E0
6060
E038
FFF8
FFF8
6010
ENDCHAR
STARTCHAR EEA4
ENCODING 61092
SWIDTH 660 0
DWIDTH 11 0
BBX 15 15 0 -1
BITMAP
0100
0FE0
3FF8
7FF8
7FFC
FFFC
FFFE
FFFE
FFFE
EFEE
F7DC
793C
3FF8
3FF0
0FE0
ENDCHAR
STARTCHAR EEA5
ENCODING 61093
SWIDTH 660 0
DWIDTH 11 0
BBX 14 16 0 -2
BITMAP
0300
0FC0
3FE0
7BF8
FBFC
FB7C
FB7C
FB7C
F87C
FB7C
FB7C
FF3C
7F78
1FE0
0FC0
0200
ENDCHAR
STARTCHAR EEA6
ENCODING 61094
SWIDTH 660 0
DWIDTH 11 0
BBX 9 16 1 -2
BITMAP
C000
C000
C000
C000
C000
C300
C700
CE00
DC00
F800
F800
FC00
CC00
C600
C700
C380
ENDCHAR
STARTCHAR EEA7
ENCODING 61095
SWIDTH 660 0
DWIDTH 11 0
BBX 19 14 0 -1
BITMAP
1FFF00
3FFF80
300180
300180
311180
331980
330980
319980
301180
300180
000000
FFFFE0
FFFFE0
7FFFC0
ENDCHAR
STARTCHAR EEA8
ENCODING 61096
SWIDTH 660 0
DWIDTH 11 0
BBX 15 16 0 -2
BITMAP
0180
07E0
3FF8
FFFE
FFFE
3FF8
0FE0
F39E
FC7E
3FF8
0FE4
F19E
7E7E
1FF8
07E0
0100
ENDCHAR
STARTCHAR EEA9
ENCODING 61097
SWIDTH 660 0
DWIDTH 11 0
BBX 15 16 0 -2
BITMAP
0100
0180
03C0
0FE0
1C70
3818
33D8
F7CE
F7CE
33D8
1818
1C70
0FE0
0380
0180
0100
ENDCHAR
STARTCHAR EEAA
ENCODING 61098
SWIDTH 660 0
DWIDTH 11 0
BBX 19 16 0 -2
BITMAP
004000
006000
006000
0E6E00
0F6F00
1F6F00
3FEF80
3FFF80
7F1FC0
7E07C0
F913E0
F70DE0
FF0FE0
FE0FE0
FE07E0
300080
ENDCHAR
STARTCHAR EEAB
ENCODING 61099
SWIDTH 660 0
DWIDTH 11 0
BBX 19 12 0 0
BITMAP
FFFFE0
FFFFE0
FFFFE0
E739E0
E239E0
E039E0
E93060
E538E0
E73DE0
FFFFE0
FFFFE0
FFFFE0
ENDCHAR
STARTCHAR EEAC
ENCODING 61100
SWIDTH 660 0
DWIDTH 11 0
BBX 15 16 0 -2
BITMAP
0600
0F00
0F80
0F80
0FB0
0FB8
0F9C
0F86
0F86
0F06
0606
0006
1FCE
001C
FFFE
FFFE
ENDCHAR
STARTCHAR EEAD
ENCODING 61101
SWIDTH 660 0
DWIDTH 11 0
BBX 14 16 0 -2
BITMAP
783C
C864
A5A4
9324
9324
8924
A4A4
A464
B264
A904
A484
A484
A644
A524
D918
E0F0
ENDCHAR
STARTCHAR EEAE
ENCODING 61102
SWIDTH 660 0
DWIDTH 11 0
BBX 19 10 0 1
BITMAP
07E000
07C000
018020
FFFFE0
9FFFC0
9FFF80
FFFF00
7FFE00
1FFE00
1FFC00
ENDCHAR
STARTCHAR EEAF
ENCODING 61103
SWIDTH 660 0
DWIDTH 11 0
BBX 15 16 0 -2
BITMAP
0080
00C0
00E0
01E0
0FF0
1FF0
1FF0
1FF8
7FFC
7FFC
7FFC
7FFC
FFFE
FFFE
FFFE
7FFC
ENDCHAR
STARTCHAR EEB0
ENCODING 61104
SWIDTH 660 0
DWIDTH 11 0
BBX 15 16 0 -2
BITMAP
0080
01C0
01E0
03E0
03F0
07F0
07F0
0000
3C7E
7E7E
FE7E
FF7E
FF7E
FE7E
7E7E
1800
ENDCHAR
STARTCHAR EEB1
ENCODING 61105
SWIDTH 660 0
DWIDTH 11 0
BBX 14 16 0 -2
BITMAP
0300
0300
0300
4308
F33C
FFFC
3FF0
1FE0
1FE0
7FF8
FB7C
F33C
4308
0300
0300
0300
ENDCHAR
STARTCHAR EEB2
ENCODING 61106
SWIDTH 660 0
DWIDTH 11 0
BBX 15 16 0 -2
BITMAP
03C0
1FF0
3EF8
7EFC
66CE
F6FE
FEFE
CEF6
CEF6
FC7E
FC3E
7C7E
7E7C
3FF8
0FF0
0380
ENDCHAR
STARTCHAR EEB3
ENCODING 61107
SWIDTH 660 0
DWIDTH 11 0
BBX 15 16 0 -2
BITMAP
03C0
1FF0
3EF8
7EFC
7EFE
FEFE
FEFE
FEFE
FEFE
FC7E
FC3E
7C7E
7E7C
3FF8
0FF0
0380
ENDCHAR
STARTCHAR EEB4
ENCODING 61108
SWIDTH 660 0
DWIDTH 11 0
BBX 17 14 0 -1
BITMAP
3FFF00
FFFF80
FFFF80
FCCF80
C88980
888880
C88880
FFFF80
888880
888880
CCDD80
FFFF80
7FFF80
3FFE00
ENDCHAR
STARTCHAR EEB5
ENCODING 61109
SWIDTH 660 0
DWIDTH 11 0
BBX 17 14 0 -1
BITMAP
3FFF00
FFFF80
FCCF80
C88980
888880
888880
7FFF80
000000
7FFF80
888880
888880
CCDD80
7FFF80
3FFE00
ENDCHAR
STARTCHAR EEB6
ENCODING 61110
SWIDTH 660 0
DWIDTH 11 0
BBX 19 16 0 -2
BITMAP
078000
3FC000
FF3E00
FEFFC0
FEFFE0
E6FFE0
FECEE0
7DFCE0
79FFE0
75FFE0
7DDEC0
3EC0C0
0EF3C0
077F80
003F00
000800
ENDCHAR
STARTCHAR EEB7
ENCODING 61111
SWIDTH 660 0
DWIDTH 11 0
BBX 10 16 0 -2
BITMAP
7F80
7FC0
F3C0
F1C0
F3C0
FFC0
F3C0
F1C0
F3C0
FFC0
F3C0
71C0
7BC0
7F80
3F00
0C00
ENDCHAR
STARTCHAR EEB8
ENCODING 61112
SWIDTH 660 0
DWIDTH 11 0
BBX 19 16 0 -2
BITMAP
01F000
01F800
019C00
018C00
7FFFC0
7FFFC0
7FFFC0
E1F060
8CE620
3F1F80
371DC0
6398C0
7318C0
3F1F80
3F0F80
080200
ENDCHAR
STARTCHAR EEB9
ENCODING 61113
SWIDTH 660 0
DWIDTH 11 0
BBX 19 14 0 -1
BITMAP
01F000
01F800
019C00
018E00
018600
7FFFC0
7FFFC0
7FFFC0
FFFFE0
F3F9E0
319180
3B1980
1F1F00
0C0600
ENDCHAR
STARTCHAR EEBA
ENCODING 61114
SWIDTH 660 0
DWIDTH 11 0
BBX 19 8 0 2
BITMAP
401FE0
FF8200
A48A40
248200
749FE0
248200
548200
C30600
ENDCHAR
STARTCHAR EEBB
ENCODING 61115
SWIDTH 660 0
DWIDTH 11 0
BBX 17 14 0 -1
BITMAP
7FFF00
FFFF80
FFFF80
FFFF80
FDFB80
F9F380
F8C380
F2D380
F04380
E76380
FFFF80
FFFF80
FFFF80
7FFF00
ENDCHAR
STARTCHAR EEBC
ENCODING 61116
SWIDTH 660 0
DWIDTH 11 0
BBX 13 14 0 -1
BITMAP
7FF0
FFF8
FDF8
FDF8
FDF8
E038
FF38
9078
FE18
BCC0
D1E0
FFF8
FFF8
7FF0
ENDCHAR
STARTCHAR EEBD
ENCODING 61117
SWIDTH 660 0
DWIDTH 11 0
BBX 9 16 1 -2
BITMAP
1C00
7E00
6700
4300
C300
6300
6700
3600
FF80
FF80
1800
1800
1800
1800
1800
0800
ENDCHAR
STARTCHAR EEBE
ENCODING 61118
SWIDTH 660 0
DWIDTH 11 0
BBX 13 16 0 -2
BITMAP
3FF8
FFF8
FCF8
FCF8
F038
F038
FCF8
FCF8
FCF8
FCF8
FFF8
FFF8
C010
C010
7FF8
3FF8
ENDCHAR
STARTCHAR EEBF
ENCODING 61119
SWIDTH 660 0
DWIDTH 11 0
BBX 19 16 0 -2
BITMAP
07E000
0FE000
083000
7FFE00
FFFE00
FFFE00
FFF800
FFE780
000FC0
FC1DE0
FC1DE0
FFDC60
FFDFE0
FFDFE0
7FEFC0
000300
ENDCHAR
STARTCHAR EEC0
ENCODING 61120
SWIDTH 660 0
DWIDTH 11 0
BBX 19 16 0 -2
BITMAP
267C00
267C00
266C00
FFEC00
FFFC00
CCEC00
CCEFE0
FFFFE0
CCEE60
CCEE60
FFFFE0
CCFE60
CCFE60
FFFFE0
FFFFE0
7FFFC0
ENDCHAR
STARTCHAR EEC1
ENCODING 61121
SWIDTH 660 0
DWIDTH 11 0
BBX 15 14 0 -1
BITMAP
07C0
1FF0
3FFC
7EFC
FC7E
FDFE
FC7E
FFBE
FC7E
7EFC
7FFC
7FF0
F3C0
C000
ENDCHAR
STARTCHAR EEC2
ENCODING 61122
SWIDTH 660 0
DWIDTH 11 0
BBX 19 16 0 -2
BITMAP
0F0000
3FC000
7DE000
F0F000
F7F000
F8F700
FEF780
F0F7C0
7DE7E0
7FCFE0
CF1FE0
00FFE0
01FFE0
00FFC0
007FE0
000C20
ENDCHAR
STARTCHAR EEC3
ENCODING 61123
SWIDTH 660 0
DWIDTH 11 0
BBX 12 16 0 -2
BITMAP
0E00
0F00
0F00
0F00
FFE0
FFF0
FFF0
FFE0
0F00
0F00
0F00
0F00
0F00
0F00
0F00
0600
ENDCHAR
STARTCHAR EEC4
ENCODING 61124
SWIDTH 660 0
DWIDTH 11 0
BBX 15 16 0 -2
BITMAP
0100
03C0
3FF8
3D38
3938
7FEC
67CC
FE7E
FEFE
67CC
7FEC
3938
3D78
2FE8
0380
0100
ENDCHAR
STARTCHAR EEC5
ENCODING 61125
SWIDTH 660 0
DWIDTH 11 0
BBX 15 16 0 -2
BITMAP
0180
07C0
3FFC
600C
600C
E7EE
E00E
27EC
8002
E006
F01E
F83E
FE7E
FFFE
FFFE
7FFC
ENDCHAR
STARTCHAR EEC6
ENCODING 61126
SWIDTH 660 0
DWIDTH 11 0
BBX 15 14 0 -1
BITMAP
7E00
FF00
FFFE
FFFE
FFFE
FFFE
FFFE
F83E
F83E
FFFE
FFFE
FFFE
FFFE
7FFC
ENDCHAR
STARTCHAR EEC7
ENCODING 61127
SWIDTH 660 0
DWIDTH 11 0
BBX 15 14 0 -1
BITMAP
7E00
FF00
FFFE
FFFE
FFFE
FEFE
FEFE
F01E
F81E
FEFE
FEFE
FFFE
FFFE
7FFC
ENDCHAR
STARTCHAR EEC8
ENCODING 61128
SWIDTH 660 0
DWIDTH 11 0
BBX 17 16 0 -2
BITMAP
FFFE00
FFFE00
FFFE00
7FFC00
3FF800
1FF000
0FE000
079E00
07BF00
037380
036F80
037380
016980
007780
003F00
000C00
ENDCHAR
STARTCHAR EEC9
ENCODING 61129
SWIDTH 660 0
DWIDTH 11 0
BBX 15 16 0 -2
BITMAP
1250
1FF0
1FF0
1FF0
3BD8
3A58
3A58
77EC
76EC
766C
766C
EFFE
EFFE
EC7E
EC7E
EC7E
ENDCHAR
STARTCHAR EECA
ENCODING 61130
SWIDTH 660 0
DWIDTH 11 0
BBX 15 16 0 -2
BITMAP
0100
1B90
1BB0
1BB0
1BB0
1BB0
1BB0
1FF0
1FF0
FC7E
F99E
793C
3E78
1FF8
0FE0
0380
ENDCHAR
STARTCHAR EECB
ENCODING 61131
SWIDTH 660 0
DWIDTH 11 0
BBX 16 16 0 -2
BITMAP
0100
0180
3B98
1FB8
1FF8
0FF0
FC3F
F83E
3C3C
1838
3F7C
7FFE
47E4
06E0
0E60
0420
ENDCHAR
STARTCHAR EECC
ENCODING 61132
SWIDTH 660 0
DWIDTH 11 0
BBX 16 15 0 -1
BITMAP
110C
310E
708E
708F
F88F
7C9E
F89F
FA8F
71CF
33EE
79CE
389E
1FFC
0FF0
01C0
ENDCHAR
STARTCHAR EECD
ENCODING 61133
SWIDTH 660 0
DWIDTH 11 0
BBX 13 16 0 -2
BITMAP
3FF8
FFF8
FFF8
FFF8
F7B8
FBD8
F2B8
FCB8
F878
FFF8
FFF8
FFF8
C010
C010
7FF8
3FF8
ENDCHAR
STARTCHAR EECE
ENCODING 61134
SWIDTH 660 0
DWIDTH 11 0
BBX 17 16 0 -2
BITMAP
00C000
07F800
7C1F00
E00380
F00780
3E3E00
C3F180
7C0F00
AFFB80
F2F780
FF3F80
FFFF80
FFFF80
3FFF00
07F000
008000
ENDCHAR
STARTCHAR EECF
ENCODING 61135
SWIDTH 660 0
DWIDTH 11 0
BBX 15 16 0 -2
BITMAP
0100
0380
1388
67CC
6DEE
ED26
EDEE
E7CE
F38E
7B9E
7D7C
3FB8
1388
0560
0180
0100
ENDCHAR
STARTCHAR EED0
ENCODING 61136
SWIDTH 660 0
DWIDTH 11 0
BBX 15 16 0 -2
BITMAP
0100
07C0
1FF0
3FFC
FFFE
FFFE
0000
36C8
36C8
36C8
36C8
36C8
36C8
7FFC
FFFE
FFFE
ENDCHAR
STARTCHAR EED1
ENCODING 61137
SWIDTH 660 0
DWIDTH 11 0
BBX 17 16 0 -2
BITMAP
3FF800
3FF800
3FF800
3FF800
3C0000
3BFF80
3BFF80
003980
FFD980
FF9F80
3F1F80
9EDF80
E9DF80
F3C000
FFC000
FF8000
ENDCHAR
STARTCHAR EED2
ENCODING 61138
SWIDTH 660 0
DWIDTH 11 0
BBX 19 16 0 -2
BITMAP
124920
DB4960
DB6B60
000000
DB4960
DB6B60
DB6B60
DB6B60
DB6B60
C06060
FFFFE0
3FFFC0
006000
006000
0FFE00
0FFE00
ENDCHAR
STARTCHAR EED3
ENCODING 61139
SWIDTH 660 0
DWIDTH 11 0
BBX 19 16 0 -2
BITMAP
200000
701800
F83E00
F8FF00
01FF80
FBFFC0
FBFFC0
FBFFC0
FBFFC0
F00000
F7FFE0
F7FFE0
F7E7E0
F66660
F66660
766660
ENDCHAR
STARTCHAR EED4
ENCODING 61140
SWIDTH 660 0
DWIDTH 11 0
BBX 15 16 0 -2
BITMAP
0010
0030
0084
1CFC
3E78
0700
031C
073E
1FE6
1FC6
0306
81A6
C1B6
633E
3F18
0C00
ENDCHAR
STARTCHAR EED5
ENCODING 61141
SWIDTH 660 0
DWIDTH 11 0
BBX 19 16 0 -2
BITMAP
060C00
0F0E00
0B0A00
0E0E00
03F800
03FC00
C7FC20
EFFE60
7FFFC0
37FD80
0FFE00
ECF2E0
39B380
011000
071C00
060400
ENDCHAR
STARTCHAR EED6
ENCODING 61142
SWIDTH 660 0
DWIDTH 11 0
BBX 15 16 0 -2
BITMAP
03C0
1FF0
3DB8
719C
618E
C186
C186
C186
C7C6
CFE6
FDF6
799E
719C
3DF8
0FF0
0380
ENDCHAR
STARTCHAR EED7
ENCODING 61143
SWIDTH 660 0
DWIDTH 11 0
BBX 19 16 0 -2
BITMAP
004000
00E000
01F000
01F000
01F000
01F000
01F000
07FC00
07FD00
37FD80
F7FDE0
F71DE0
F70DE0
F70DE0
F70DE0
770DC0
ENDCHAR
STARTCHAR EED8
ENCODING 61144
SWIDTH 660 0
DWIDTH 11 0
BBX 13 14 0 -1
BITMAP
7FF8
FFF8
FFF8
FCF8
FCF8
FCF8
E4F8
E4F8
E498
E498
E5B8
FFF8
FFF8
7FF0
ENDCHAR
STARTCHAR EED9
ENCODING 61145
SWIDTH 660 0
DWIDTH 11 0
BBX 13 14 0 -1
BITMAP
7FF8
FFF8
FFF8
E0F8
E0F8
FFF8
E038
E038
FFF8
E3F8
E3F8
FFF8
FFF8
7FF0
ENDCHAR
STARTCHAR EEDA
ENCODING 61146
SWIDTH 660 0
DWIDTH 11 0
BBX 12 16 0 -2
BITMAP
0180
0380
03C0
0380
0000
1E60
1FF0
3FE0
3F80
7900
7800
3800
1E00
FF00
FF80
7F00
ENDCHAR
STARTCHAR EEDB
ENCODING 61147
SWIDTH 660 0
DWIDTH 11 0
BBX 19 16 0 -2
BITMAP
01B000
01B000
039800
071C00
060C00
0E0E00
0DB700
1DB700
1DB700
1DB700
3FBF80
FFBFE0
FF9FE0
FF1FE0
F803E0
C00020
ENDCHAR
STARTCHAR EEDC
ENCODING 61148
SWIDTH 660 0
DWIDTH 11 0
BBX 13 16 0 -2
BITMAP
FFF0
FFF8
F8F8
F1F8
E3F8
E638
E778
E3F8
F1F8
F8F8
FFF8
FFF8
6008
6018
FFF8
FFE0
ENDCHAR
STARTCHAR EEDD
ENCODING 61149
SWIDTH 660 0
DWIDTH 11 0
BBX 15 16 0 -2
BITMAP
0700
1FC0
7FE0
7DF0
F0F0
F7F0
F8F0
FEF0
F0F0
7DF0
7FF0
3FF8
0F1C
000E
0006
0002
ENDCHAR
STARTCHAR EEDE
ENCODING 61150
SWIDTH 660 0
DWIDTH 11 0
BBX 15 16 0 -2
BITMAP
0700
1FC0
7FE0
78F0
F0F0
F670
F0F0
F0F0
F9F0
7DF0
7FF0
3FF8
0F1C
000E
0006
0002
ENDCHAR
STARTCHAR EEDF
ENCODING 61151
SWIDTH 660 0
DWIDTH 11 0
BBX 15 16 0 -2
BITMAP
0FBE
0FBE
0000
0FBE
0FBE
0FBE
0FBE
0FBE
0F7E
3EFE
7DFE
FBFE
FBFC
FBF0
7BE0
30C0
ENDCHAR
STARTCHAR EEE0
ENCODING 61152
SWIDTH 660 0
DWIDTH 11 0
BBX 17 14 0 -1
BITMAP
007F80
007F80
00C000
00C000
00C000
018000
F18980
F18F80
1B0700
1B0F00
0F0D80
0F0880
060000
020000
ENDCHAR
STARTCHAR EEE1
ENCODING 61153
SWIDTH 660 0
DWIDTH 11 0
BBX 15 16 0 -2
BITMAP
03C0
1FE0
3E00
7800
7810
F010
F038
F0FE
F07C
F07C
F06C
7800
7C00
3E00
0FE0
0380
ENDCHAR
STARTCHAR EEE2
ENCODING 61154
SWIDTH 660 0
DWIDTH 11 0
BBX 14 16 0 -2
BITMAP
0300
0380
0780
0CC0
FFFC
D86C
783C
7038
7038
783C
D86C
FFFC
06C0
0780
0380
0100
ENDCHAR
STARTCHAR EEE3
ENCODING 61155
SWIDTH 660 0
DWIDTH 11 0
BBX 19 16 0 -2
BITMAP
004000
00E000
01F800
03FC00
07BC00
071C00
071C80
37BDC0
77FDE0
F7FDE0
F7FDE0
F7FDE0
F79DE0
F79DE0
F79DE0
779DC0
ENDCHAR
STARTCHAR EEE4
ENCODING 61156
SWIDTH 660 0
DWIDTH 11 0
BBX 15 15 0 -1
BITMAP
0F00
1200
2FF0
2BEC
44F6
4CE4
B842
8442
8344
808C
681C
57F8
3910
1920
07C0
ENDCHAR
STARTCHAR EEE5
ENCODING 61157
SWIDTH 660 0
DWIDTH 11 0
BBX 19 16 0 -2
BITMAP
C00060
EFFEE0
EFFEE0
EFFEE0
EFBEE0
EF5EE0
EDE6E0
EEE6E0
ECE6E0
EC06E0
EF5EE0
EFBEE0
EFFEE0
EFFEE0
EFFEE0
400060
ENDCHAR
STARTCHAR EEE6
ENCODING 61158
SWIDTH 660 0
DWIDTH 11 0
BBX 15 16 0 -2
BITMAP
8002
FFFE
FFFE
FFFE
3188
3188
0000
FFFE
FFFE
3008
3008
3008
3008
3008
3008
2008
ENDCHAR
STARTCHAR EEE7
ENCODING 61159
SWIDTH 660 0
DWIDTH 11 0
BBX 19 16 0 -2
BITMAP
004000
00F000
07FC00
0FFE00
060C00
060C00
0FFE00
7FFFC0
7FFFC0
180300
180300
3FFF80
FFFFE0
FFFFE0
306180
204080
ENDCHAR
STARTCHAR EEE8
ENCODING 61160
SWIDTH 660 0
DWIDTH 11 0
BBX 17 14 0 -1
BITMAP
008000
01C000
03C000
07C000
7FC880
FFCD80
FFC700
FFC700
FFCD80
7FC880
07C000
03C000
01C000
008000
ENDCHAR
STARTCHAR EEE9
ENCODING 61161
SWIDTH 660 0
DWIDTH 11 0
BBX 15 16 0 -2
BITMAP
03C0
1FF0
3C78
703C
611E
C19E
C03E
C07E
C3FE
C7FE
E67E
66FE
77FC
3DF8
0FF0
0380
ENDCHAR
STARTCHAR EEEA
ENCODING 61162
SWIDTH 660 0
DWIDTH 11 0
BBX 17 16 0 -2
BITMAP
21FF80
7BFF80
7BF000
F3FF00
C3FF00
C3F000
C3FF00
C3FE00
F1F000
71FE00
79FE00
300000
07FF00
07CF00
07DF00
03FF00
ENDCHAR
STARTCHAR EEEB
ENCODING 61163
SWIDTH 660 0
DWIDTH 11 0
BBX 13 16 0 -2
BITMAP
3FF8
FFF8
F878
FAB8
F878
FC78
FFD8
F318
FC78
F398
FFF8
FFF8
C010
C010
7FF8
3FF8
ENDCHAR
STARTCHAR EEEC
ENCODING 61164
SWIDTH 660 0
DWIDTH 11 0
BBX 17 16 0 -2
BITMAP
022000
036000
01E000
01C000
01E000
03E000
07F000
0FF800
0FFC00
1F7E00
3F3E00
7E1F00
FC1F80
F80F80
FFFF80
7FFF00
ENDCHAR
STARTCHAR EEED
ENCODING 61165
SWIDTH 660 0
DWIDTH 11 0
BBX 15 15 0 -1
BITMAP
0022
003E
C03E
E02A
303E
33DC
37E0
3FF8
3FF8
3FE8
3FC8
3F88
3F08
3FC8
0FC8
ENDCHAR
STARTCHAR EEEE
ENCODING 61166
SWIDTH 660 0
DWIDTH 11 0
BBX 13 16 0 -2
BITMAP
0F80
1FE0
35A0
25B0
25B0
25B0
25B0
25B0
0000
7FF8
FFF8
FFF8
6010
6010
6010
4010
ENDCHAR
STARTCHAR EEEF
ENCODING 61167
SWIDTH 660 0
DWIDTH 11 0
BBX 19 16 0 -2
BITMAP
000700
001E00
003C00
003C00
007800
007800
007C00
0E1C00
1FEE00
3FEFE0
7FF7E0
FFFB80
FFF800
FFF800
7FF800
3FF000
ENDCHAR
STARTCHAR EEF0
ENCODING 61168
SWIDTH 660 0
DWIDTH 11 0
BBX 19 16 0 -2
BITMAP
108000
1D8000
1F8000
7FE000
F0F000
777000
2F0000
777800
F07F00
7EFF80
1DFF80
1BFFE0
13FFE0
03FFE0
03FFE0
00FFC0
ENDCHAR
STARTCHAR EEF1
ENCODING 61169
SWIDTH 660 0
DWIDTH 11 0
BBX 19 12 0 0
BITMAP
1FFC00
3FFE00
781F00
581FE0
5C3FE0
5FFFE0
DFFBE0
DFFBE0
1FDBA0
1D59E0
1C18C0
1818C0
ENDCHAR
STARTCHAR EEF2
ENCODING 61170
SWIDTH 660 0
DWIDTH 11 0
BBX 13 16 0 -2
BITMAP
0200
0F80
1560
6B10
AA88
CFF8
8B38
D6A8
BA28
DBB8
9A08
8608
7FF0
3260
0880
0700
ENDCHAR
STARTCHAR EEF3
ENCODING 61171
SWIDTH 660 0
DWIDTH 11 0
BBX 19 6 0 3
BITMAP
01B000
01D000
002000
FEF5E0
F95BA0
FD71E0
ENDCHAR
STARTCHAR EEF4
ENCODING 61172
SWIDTH 660 0
DWIDTH 11 0
BBX 13 14 0 -1
BITMAP
7FF8
FFF8
FFF8
FFF8
C968
DB68
D9D8
DB98
CB98
FFF8
FFF8
FFF8
FFF8
7FF8
ENDCHAR
STARTCHAR EEF5
ENCODING 61173
SWIDTH 660 0
DWIDTH 11 0
BBX 14 16 0 -2
BITMAP
0540
1B60
3BB0
77BC
27D8
C7C4
C7CC
D7D4
B7B4
7BB8
7B7C
FCFC
0000
7EF8
1EE0
0200
ENDCHAR
STARTCHAR EEF6
ENCODING 61174
SWIDTH 660 0
DWIDTH 11 0
BBX 13 16 0 -2
BITMAP
0200
0F80
3FE0
7FF8
7FF0
9FC8
E798
F878
FDF8
FDF8
FDF8
FDF8
FDF8
3DF0
0DC0
0500
ENDCHAR
STARTCHAR EEF7
ENCODING 61175
SWIDTH 660 0
DWIDTH 11 0
BBX 17 16 0 -2
BITMAP
002000
003C00
003B80
003F80
C07F80
C03F00
FFC800
7FF000
3FF000
3FF000
3FF000
3FB000
383000
383000
383000
303000
ENDCHAR
STARTCHAR EEF8
ENCODING 61176
SWIDTH 660 0
DWIDTH 11 0
BBX 19 16 0 -2
BITMAP
007E00
007F00
007D80
0C7FC0
1E1FC0
3F99C0
7FDC00
E7DC00
0FDF00
1FDFC0
000FE0
0007E0
0007E0
1FFFE0
FFFFC0
7FFF80
ENDCHAR
STARTCHAR EEF9
ENCODING 61177
SWIDTH 660 0
DWIDTH 11 0
BBX 15 16 0 -2
BITMAP
00F0
01FC
03FC
07FE
07FE
07F0
07E0
07E0
07E0
0FE0
FFE0
FC00
FC00
3C00
3C00
1800
ENDCHAR
STARTCHAR EEFA
ENCODING 61178
SWIDTH 660 0
DWIDTH 11 0
BBX 15 16 0 -2
BITMAP
03C0
13D0
3BB8
3BBC
1C30
E00E
F15E
F54E
0540
F54E
F54E
F54E
0540
F54E
F54E
F00E
ENDCHAR
STARTCHAR EEFB
ENCODING 61179
SWIDTH 660 0
DWIDTH 11 0
BBX 15 16 0 -2
BITMAP
0100
0380
07C0
0FE0
1C70
3838
719C
E16E
A70E
5B9C
2838
1470
0BE0
05C0
0280
0100
ENDCHAR
STARTCHAR EEFC
ENCODING 61180
SWIDTH 660 0
DWIDTH 11 0
BBX 15 16 0 -2
BITMAP
7E00
FE80
FEC0
FEE0
FE00
FFF0
FFF0
FFF0
FFF0
F800
F000
E77A
E54A
E436
E516
6660
ENDCHAR
STARTCHAR EEFD
ENCODING 61181
SWIDTH 660 0
DWIDTH 11 0
BBX 12 16 0 -2
BITMAP
0800
6D00
6D80
6DA0
6DB0
01B0
FC20
F980
C3E0
FFE0
7FE0
3FC0
1FC0
1FC0
1FC0
1F80
ENDCHAR
STARTCHAR EEFE
ENCODING 61182
SWIDTH 660 0
DWIDTH 11 0
BBX 12 16 0 -2
BITMAP
0E00
3F80
7FC0
7FE0
FFE0
E670
E670
FFF0
FFF0
FFF0
FFF0
FFF0
FFF0
FFF0
9B80
1100
ENDCHAR
STARTCHAR EEFF
ENCODING 61183
SWIDTH 660 0
DWIDTH 11 0
BBX 17 16 0 -2
BITMAP
00E000
03F800
01FC00
00FC00
00FE00
007F00
01BF80
03C780
078700
1F0600
3F0000
7E0000
FC0000
F80000
F00000
200000
ENDCHAR
STARTCHAR EF00
ENCODING 61184
SWIDTH 660 0
DWIDTH 11 0
BBX 19 16 0 -2
BITMAP
004000
004000
954D20
D71FA0
006000
D56560
D57560
D57560
D56560
C06060
FFFFE0
3FFFC0
006000
006000
0FFE00
0FFE00
ENDCHAR
STARTCHAR EF01
ENCODING 61185
SWIDTH 660 0
DWIDTH 11 0
BBX 15 16 0 -2
BITMAP
0010
0030
00F0
01E0
03E0
0660
07E0
0FE0
0DF0
1DF0
1070
38F8
3DF8
0000
FFFE
FFFE
ENDCHAR
STARTCHAR EF02
ENCODING 61186
SWIDTH 660 0
DWIDTH 11 0
BBX 11 16 0 -2
BITMAP
0300
0300
0300
3000
7600
7F20
EFE0
EFE0
EE20
0E20
1720
1B20
1920
3120
3120
1120
ENDCHAR
STARTCHAR EF03
ENCODING 61187
SWIDTH 660 0
DWIDTH 11 0
BBX 19 14 0 -1
BITMAP
000800
07EFC0
1FFF80
3FFA80
3FFFC0
7FFBE0
7FDB20
7FDFE0
7FCFC0
FFF4C0
BFB000
3C3800
3C3800
183800
ENDCHAR
STARTCHAR EF04
ENCODING 61188
SWIDTH 660 0
DWIDTH 11 0
BBX 17 16 0 -2
BITMAP
000F80
001F80
003D80
003F80
1FFF80
3FFB80
FFF900
FFF800
9FF800
9FF800
1E7800
1C3800
1C3800
1C3800
1C3800
0C3000
ENDCHAR
STARTCHAR EF05
ENCODING 61189
SWIDTH 660 0
DWIDTH 11 0
BBX 17 16 0 -2
BITMAP
008000
01C600
03FE00
07FE00
1FFE00
3FFE00
7FFF00
FFFF80
FEFF80
3E7E00
3F3E00
3F1E00
3E3E00
3C7E00
3C7E00
1E3C00
ENDCHAR
STARTCHAR EF06
ENCODING 61190
SWIDTH 660 0
DWIDTH 11 0
BBX 12 14 0 -1
BITMAP
0F00
3F80
30C0
00C0
00C0
FFF0
0700
7FE0
FFF0
3000
6000
31C0
3F80
0E00
ENDCHAR
STARTCHAR EF07
ENCODING 61191
SWIDTH 660 0
DWIDTH 11 0
BBX 17 12 0 0
BITMAP
07F000
1FFE00
7FFF00
7FFF80
F3E380
E1E380
E1E380
F3E380
FFFF80
7F7F00
3E3F00
0C1C00
ENDCHAR
STARTCHAR EF08
ENCODING 61192
SWIDTH 660 0
DWIDTH 11 0
BBX 15 14 0 -1
BITMAP
0100
0380
03C0
06C0
0E60
0C70
19F0
1DF8
3FF8
7FFC
7FFE
FFFE
FFFE
7FFC
ENDCHAR
STARTCHAR EF09
ENCODING 61193
SWIDTH 660 0
DWIDTH 11 0
BBX 19 16 0 -2
BITMAP
03F800
03F800
030800
030800
03F800
03F800
006000
FFFFE0
FFFFE0
0C0600
7F1FC0
7F9FC0
6190C0
6190C0
7F9FC0
3F1F80
ENDCHAR
STARTCHAR EF0A
ENCODING 61194
SWIDTH 660 0
DWIDTH 11 0
BBX 19 14 0 -1
BITMAP
1E0000
7F0600
C1C180
E280C0
CCE0E0
7FE2E0
7FC6E0
61EEE0
70EEE0
7F0FE0
3E0FC0
1FFF80
0FFF00
03FC00
ENDCHAR
STARTCHAR EF0B
ENCODING 61195
SWIDTH 660 0
DWIDTH 11 0
BBX 15 12 0 0
BITMAP
07E0
3FF8
781E
E006
C7C6
FFFE
F81E
FFFE
FFFE
7FFC
3FF8
07C0
ENDCHAR
STARTCHAR EF0C
ENCODING 61196
SWIDTH 660 0
DWIDTH 11 0
BBX 12 16 0 -2
BITMAP
0180
01C0
0180
1E00
3F80
77C0
07C0
0FF0
0E70
0F00
1380
F9C0
F180
0180
0180
0100
ENDCHAR
STARTCHAR EF0D
ENCODING 61197
SWIDTH 660 0
DWIDTH 11 0
BBX 17 14 0 -1
BITMAP
4FF800
EFFC00
EFFC00
EFFC00
0FFC00
0FFC00
0FFC00
0FFC00
0FFC00
0F0000
0F7F80
0F7F80
06FF00
01FE00
ENDCHAR
STARTCHAR EF0E
ENCODING 61198
SWIDTH 660 0
DWIDTH 11 0
BBX 13 16 0 -2
BITMAP
0700
0FC0
1FE0
3FE0
3260
1F60
1FC0
0F80
C798
F078
3DE0
0F80
1FC0
78F0
E038
8008
ENDCHAR
STARTCHAR EF0F
ENCODING 61199
SWIDTH 660 0
DWIDTH 11 0
BBX 19 16 0 -2
BITMAP
800000
E00000
300000
180000
0C0000
070000
018000
00C000
006000
003800
000C00
000600
000380
0000C0
000060
000020
ENDCHAR
STARTCHAR EF10
ENCODING 61200
SWIDTH 660 0
DWIDTH 11 0
BBX 15 16 0 -2
BITMAP
0810
1810
1018
32C8
F7DA
DFF6
7FEE
3FF8
3FFC
6FEE
DFF2
B7FA
37D8
1198
1810
0010
ENDCHAR
STARTCHAR EF11
ENCODING 61201
SWIDTH 660 0
DWIDTH 11 0
BBX 18 16 0 -2
BITMAP
1FFB00
1FF780
3FF780
3FEFC0
3FECC0
7FECC0
6AACC0
7FECC0
7FEFC0
7FE780
7FE780
7FE300
7FC000
FFC000
FFC000
FF8000
ENDCHAR
STARTCHAR EF12
ENCODING 61202
SWIDTH 660 0
DWIDTH 11 0
BBX 19 16 0 -2
BITMAP
0F8000
1FC180
18C180
186300
186300
1FFFE0
3FFFE0
7FFFE0
71FFE0
E0FE00
E0F980
E1C3C0
7386C0
7FC6C0
2F83C0
0C0180
ENDCHAR
STARTCHAR EF13
ENCODING 61203
SWIDTH 660 0
DWIDTH 11 0
BBX 13 16 0 -2
BITMAP
0700
0E40
1DC0
0000
1FE0
1FC0
0FC0
0780
0000
0780
17E0
5BF0
D838
DDB8
DED8
DEB8
ENDCHAR
STARTCHAR EF14
ENCODING 61204
SWIDTH 660 0
DWIDTH 11 0
BBX 19 12 0 0
BITMAP
7FFFC0
FFFFE0
FFFFE0
FFFFE0
E3F8E0
E1F0E0
E3F8E0
FFFFE0
FF1FE0
FF1FE0
FE0FE0
7C07C0
ENDCHAR
STARTCHAR EF15
ENCODING 61205
SWIDTH 660 0
DWIDTH 11 0
BBX 15 16 0 -2
BITMAP
0202
0706
220E
201C
F878
20F0
21E0
03C0
0F80
0F08
1E0C
3C1E
FC0C
F800
7000
2000
ENDCHAR
STARTCHAR EF16
ENCODING 61206
SWIDTH 660 0
DWIDTH 11 0
BBX 15 16 0 -2
BITMAP
0070
0078
0018
0018
FFF8
FFF0
0000
FFFC
FFFE
0006
FE06
FE1E
031C
0700
1E00
1C00
ENDCHAR
STARTCHAR EF17
ENCODING 61207
SWIDTH 660 0
DWIDTH 11 0
BBX 15 16 0 -2
BITMAP
0008
000C
001E
003E
03F8
07F0
0FF0
19F0
30F0
6060
E0E0
F1C0
7B80
3F00
1E00
0800
ENDCHAR
STARTCHAR EF18
ENCODING 61208
SWIDTH 660 0
DWIDTH 11 0
BBX 19 12 0 0
BITMAP
01F000
03FE00
0E5D80
3F3FC0
6B5540
EEE7E0
32BEE0
1BFFC0
0FF180
054080
060080
000080
ENDCHAR
STARTCHAR EF19
ENCODING 61209
SWIDTH 660 0
DWIDTH 11 0
BBX 16 15 0 -1
BITMAP
0300
0300
0480
0540
0B40
14A0
14A0
2851
2832
502C
4014
8010
0008
0004
0004
ENDCHAR
STARTCHAR EF1A
ENCODING 61210
SWIDTH 660 0
DWIDTH 11 0
BBX 15 16 0 -2
BITMAP
0E00
1F60
3FF0
3FF0
7FFC
FFFE
FFFE
FFFE
FC7E
719C
07C0
E7E6
EFE6
47C6
07C0
0100
ENDCHAR
STARTCHAR EF1B
ENCODING 61211
SWIDTH 660 0
DWIDTH 11 0
BBX 17 16 0 -2
BITMAP
000600
000C00
001C00
0E1C00
1FCC00
3FEE00
7FF780
FFFB00
FFF800
FFF800
FFF800
3FF000
000000
6DB000
4B6000
484000
ENDCHAR
STARTCHAR EF1C
ENCODING 61212
SWIDTH 660 0
DWIDTH 11 0
BBX 15 16 0 -2
BITMAP
0E00
1F60
3FF0
3FF0
7FFC
FFFE
FFFE
FFFE
FFFE
7FFC
0000
0108
3108
339C
739C
2108
ENDCHAR
STARTCHAR EF1D
ENCODING 61213
SWIDTH 660 0
DWIDTH 11 0
BBX 15 16 0 -2
BITMAP
0E00
1F60
3FF0
3FF0
7FFC
FFFE
FFFE
FFFE
FFFE
7FFC
0000
64C8
6488
4C98
C990
8910
ENDCHAR
STARTCHAR EF1E
ENCODING 61214
SWIDTH 660 0
DWIDTH 11 0
BBX 19 16 0 -2
BITMAP
108000
1D8000
1F8000
7F3000
F07F00
76FF80
2DFF80
73FFC0
F3FFE0
7BFFE0
1BFFE0
1DFFC0
100000
01B480
036D80
004900
ENDCHAR
STARTCHAR EF1F
ENCODING 61215
SWIDTH 660 0
DWIDTH 11 0
BBX 19 16 0 -2
BITMAP
240000
3C0000
180000
3C0000
7E0000
FFFF80
FFFFC0
644960
064D20
03FF00
000000
03FF00
03FF00
038700
038700
030300
ENDCHAR
STARTCHAR EF20
ENCODING 61216
SWIDTH 660 0
DWIDTH 11 0
BBX 13 16 0 -2
BITMAP
C000
DE08
F7F8
FCF8
D700
FFF8
C0F8
FF00
FFF8
C0F0
FF08
FFF8
C0F0
C000
C000
8000
ENDCHAR
STARTCHAR EF21
ENCODING 61217
SWIDTH 660 0
DWIDTH 11 0
BBX 12 15 0 -2
BITMAP
0400
1C00
7C00
7E00
FF80
F1C0
E0E0
E660
E660
60F0
71E0
3FE0
0FE0
03C0
0380
ENDCHAR
STARTCHAR EF22
ENCODING 61218
SWIDTH 660 0
DWIDTH 11 0
BBX 15 16 0 -2
BITMAP
0100
03C0
0FE0
1FF0
3FF8
3FF8
7FFC
7FFC
0000
36C8
36C8
36C8
36C8
7FFC
FFFE
FFFE
ENDCHAR
STARTCHAR EF23
ENCODING 61219
SWIDTH 660 0
DWIDTH 11 0
BBX 15 16 0 -2
BITMAP
0002
008E
03FE
0FFC
1FFC
3FFC
70F8
E07C
CC7C
CC38
C038
C270
6060
79E0
1FC0
0600
ENDCHAR
STARTCHAR EF24
ENCODING 61220
SWIDTH 660 0
DWIDTH 11 0
BBX 17 16 0 -2
BITMAP
027C80
637D80
E37D80
637D80
037D80
637D80
F07D80
FF3D80
EF7D80
E07D80
E37D80
F37D80
FB7D80
DB5580
DB0180
920080
ENDCHAR
STARTCHAR EF25
ENCODING 61221
SWIDTH 660 0
DWIDTH 11 0
BBX 13 16 0 -2
BITMAP
0100
0180
01C0
07C0
3FE0
3FF0
3E60
7DB8
FB78
E778
CE38
5FD0
0700
0600
0C00
0800
ENDCHAR
STARTCHAR EF26
ENCODING 61222
SWIDTH 660 0
DWIDTH 11 0
BBX 19 14 0 -1
BITMAP
01F000
07FC00
1E0F00
39F380
37FDC0
6E0EC0
6CF660
D9FB60
DB1B60
DB0B60
DB0B60
DB0B60
DB0B60
D20920
ENDCHAR
STARTCHAR EF27
ENCODING 61223
SWIDTH 660 0
DWIDTH 11 0
BBX 18 16 -1 -2
BITMAP
060C00
09B200
084200
08A200
096200
0E9D00
728880
BD9640
9DD440
46A880
391300
0FEE00
08A200
084200
08A200
071C00
ENDCHAR
STARTCHAR EF28
ENCODING 61224
SWIDTH 660 0
DWIDTH 11 0
BBX 19 14 0 -1
BITMAP
1FF800
3FFE00
7FFF00
FFF700
C62300
E67700
FFFF00
000000
FFFF00
FFFF60
FFFB60
F03B60
F039E0
E038C0
ENDCHAR
STARTCHAR EF29
ENCODING 61225
SWIDTH 660 0
DWIDTH 11 0
BBX 19 16 0 -2
BITMAP
0E7000
3FF800
7FFF00
7FFFC0
7FFFC0
7FFFC0
7FFFC0
3FFFC0
1FFF00
003800
000000
3CFFE0
3EFFE0
000000
FFE780
FFE780
ENDCHAR
STARTCHAR EF2A
ENCODING 61226
SWIDTH 660 0
DWIDTH 11 0
BBX 15 16 0 -2
BITMAP
1C1C
3E3E
6636
6B36
6B3E
6B1C
6B00
6B00
6B00
EB00
DD80
DD80
CB00
6700
7E00
1800
ENDCHAR
STARTCHAR EF2B
ENCODING 61227
SWIDTH 660 0
DWIDTH 11 0
BBX 15 16 0 -2
BITMAP
1C1C
3E3E
6636
6336
633E
631C
6300
6300
6B00
EB00
DD80
DD80
CB00
6700
7E00
1800
ENDCHAR
STARTCHAR EF2C
ENCODING 61228
SWIDTH 660 0
DWIDTH 11 0
BBX 15 16 0 -2
BITMAP
0E00
1F60
3FF0
3FF0
7FFC
FFFE
FF9E
FE5E
FCDE
7BBC
0780
0FE0
01C0
0380
0200
0400
ENDCHAR
STARTCHAR EF2D
ENCODING 61229
SWIDTH 660 0
DWIDTH 11 0
BBX 13 16 0 -2
BITMAP
FFF0
FFF0
FFE0
0000
7FE0
7FE0
3FF0
0000
0FF8
03F8
00F8
0000
0078
0070
0060
0040
ENDCHAR
STARTCHAR EF2E
ENCODING 61230
SWIDTH 660 0
DWIDTH 11 0
BBX 15 16 0 -2
BITMAP
0180
1FF0
1FF0
1FF0
0BA0
0180
0000
07C0
0E60
0830
1F18
3F9C
7FFE
FFFE
FFFE
7FFC
ENDCHAR
STARTCHAR EF2F
ENCODING 61231
SWIDTH 660 0
DWIDTH 11 0
BBX 17 14 0 -1
BITMAP
1FFC00
1FFC00
1FFC00
1FE400
1FCC00
199C00
1C3C00
1E7C00
DFFD80
DFFD80
DFFD80
C00180
FFFF80
7FFF80
ENDCHAR
STARTCHAR EF30
ENCODING 61232
SWIDTH 660 0
DWIDTH 11 0
BBX 17 12 0 0
BITMAP
308200
FFFF80
FF7D80
000000
000000
7FFF80
FFFF80
000000
000000
31C700
FFFF80
CE3880
ENDCHAR
STARTCHAR EF31
ENCODING 61233
SWIDTH 660 0
DWIDTH 11 0
BBX 15 14 0 -1
BITMAP
03C0
01C0
01E0
08E0
0CF0
1E78
3E38
3F3C
001C
001E
000E
FFC6
7FE4
3FE0
ENDCHAR
STARTCHAR EF32
ENCODING 61234
SWIDTH 660 0
DWIDTH 11 0
BBX 15 16 0 -2
BITMAP
0100
0180
0380
03C0
03C0
03E0
03E0
0BF0
1BF0
1FF8
3DF8
3FFC
7EFC
7EFE
FC7E
FC7E
ENDCHAR
STARTCHAR EF33
ENCODING 61235
SWIDTH 660 0
DWIDTH 11 0
BBX 11 14 0 -1
BITMAP
0F00
0F00
0F00
C660
F1E0
7FC0
1F80
1F80
0000
1080
39C0
70C0
79C0
3980
ENDCHAR
STARTCHAR EF34
ENCODING 61236
SWIDTH 660 0
DWIDTH 11 0
BBX 15 15 0 -2
BITMAP
1000
3800
7800
7C0E
FE0E
FE08
0008
FFF8
FFF8
7FF8
3FF0
1FE0
0700
7030
7030
ENDCHAR
STARTCHAR EF35
ENCODING 61237
SWIDTH 660 0
DWIDTH 11 0
BBX 17 15 0 -1
BITMAP
080800
09EC00
09EC00
0C1C00
0F7800
1FFE00
7F3F00
C63880
332600
1BEE00
1DEC00
0DE800
03E000
077000
0C0C00
ENDCHAR
STARTCHAR EF36
ENCODING 61238
SWIDTH 660 0
DWIDTH 11 0
BBX 15 16 0 -2
BITMAP
0380
03E0
0078
C39C
E3CC
E066
E036
EC36
EF16
EF12
E380
E380
F700
7F00
7E00
1800
ENDCHAR
STARTCHAR EF37
ENCODING 61239
SWIDTH 660 0
DWIDTH 11 0
BBX 13 16 0 -2
BITMAP
1840
1860
7FF8
FFF8
FFF8
0000
FFF8
FFF8
C3F8
C3F8
C3F8
C3F8
FFF8
FFF8
FFF8
7FF8
ENDCHAR
STARTCHAR EF38
ENCODING 61240
SWIDTH 660 0
DWIDTH 11 0
BBX 13 16 0 -2
BITMAP
1840
1860
7FF8
FFF8
FFF8
0000
FFF8
FFF8
C008
C008
C008
FFF8
FFF8
FFF8
FFF8
7FF8
ENDCHAR
STARTCHAR EF39
ENCODING 61241
SWIDTH 660 0
DWIDTH 11 0
BBX 14 14 0 -1
BITMAP
0300
0B40
0FC0
0780
B7B4
FFFC
7FF8
FFFC
3FF0
1FE0
1FE0
0200
0200
0200
ENDCHAR
STARTCHAR EF3A
ENCODING 61242
SWIDTH 660 0
DWIDTH 11 0
BBX 15 16 0 -2
BITMAP
0070
00BC
01B2
01F6
01DE
0012
003E
00FE
01DC
07F0
1CE0
3F80
E600
FC00
F000
6000
ENDCHAR
STARTCHAR EF3B
ENCODING 61243
SWIDTH 660 0
DWIDTH 11 0
BBX 15 16 0 -2
BITMAP
0020
0030
0030
0030
033E
07CE
07E0
1BE0
1FE0
3FE0
3FE0
6FC0
7700
7800
E000
8000
ENDCHAR
STARTCHAR EF3C
ENCODING 61244
SWIDTH 660 0
DWIDTH 11 0
BBX 15 16 0 -2
BITMAP
7F80
7FC0
60C0
7FC0
0C00
7FFC
7FFE
6D26
FFFE
F6DE
F6DE
FFFE
FFFE
C006
FFFE
7FFC
ENDCHAR
STARTCHAR EF3D
ENCODING 61245
SWIDTH 660 0
DWIDTH 11 0
BBX 13 13 0 -1
BITMAP
0200
0700
3FE0
3FA0
2F60
76E0
C808
78F8
3EE0
0F60
3FA0
37E0
0300
ENDCHAR
STARTCHAR EF3E
ENCODING 61246
SWIDTH 660 0
DWIDTH 11 0
BBX 15 16 0 -2
BITMAP
4004
E64E
FE7E
7E7C
3E78
7E7C
7E7C
0000
0000
7E7C
3E7C
3E78
7E7C
F67E
E04E
4004
ENDCHAR
STARTCHAR EF3F
ENCODING 61247
SWIDTH 660 0
DWIDTH 11 0
BBX 15 14 0 0
BITMAP
3018
3C3E
7FFE
7FFE
3FFC
0FF8
03E0
0F80
3FF0
7FFC
7FFE
FFFC
787C
3018
ENDCHAR
STARTCHAR EF40
ENCODING 61248
SWIDTH 660 0
DWIDTH 11 0
BBX 19 2 0 5
BITMAP
1FFE00
FEF7E0
ENDCHAR
STARTCHAR EF41
ENCODING 61249
SWIDTH 660 0
DWIDTH 11 0
BBX 14 14 0 -1
BITMAP
0780
0780
0780
0780
77B8
FFFC
FFFC
1FE0
0FC0
1FE0
3DE0
3CF0
1860
0040
ENDCHAR
STARTCHAR EF42
ENCODING 61250
SWIDTH 660 0
DWIDTH 11 0
BBX 17 14 0 -1
BITMAP
777700
777780
F77B80
F77B80
000000
7FFF00
FFFF80
FFFF80
7FFF00
3FFF00
3FFF00
3FFF00
3FFE00
200200
ENDCHAR
STARTCHAR EF43
ENCODING 61251
SWIDTH 660 0
DWIDTH 11 0
BBX 19 14 0 -1
BITMAP
777700
777780
F77380
F76400
000E80
7FDFC0
FFBFE0
FFBFE0
7FB8E0
3FB8E0
3FB0E0
3FB8C0
3FDFC0
200700
ENDCHAR
STARTCHAR EF44
ENCODING 61252
SWIDTH 660 0
DWIDTH 11 0
BBX 15 12 0 0
BITMAP
0FE0
0FF0
3FF8
3FF8
FFFE
FFFE
FFFE
FFFE
EDBE
EDBE
EDBE
EDBE
ENDCHAR
STARTCHAR EF45
ENCODING 61253
SWIDTH 660 0
DWIDTH 11 0
BBX 19 6 0 2
BITMAP
E03C00
802C00
FDE7E0
9F7940
916E40
8CBFE0
ENDCHAR
STARTCHAR EF46
ENCODING 61254
SWIDTH 660 0
DWIDTH 11 0
BBX 13 14 0 -1
BITMAP
0780
1FE0
3FF0
7E38
FDB8
FDB8
FDF8
E478
DDF8
DDF8
C9F0
E3F0
FFE0
7F00
ENDCHAR
STARTCHAR EF47
ENCODING 61255
SWIDTH 660 0
DWIDTH 11 0
BBX 11 16 0 -2
BITMAP
3F80
4440
8420
8420
C440
7F80
C440
8420
8420
C640
7F80
8400
8400
8400
4800
3000
ENDCHAR
STARTCHAR EF48
ENCODING 61256
SWIDTH 660 0
DWIDTH 11 0
BBX 19 16 0 -2
BITMAP
140000
5F0000
7E0000
FF0000
FF7380
FEF7C0
FCDEC0
FDFFE0
FDF7E0
FDF7E0
FDF7E0
FC0000
FDF7E0
FDF7E0
FDF7E0
7CF7C0
ENDCHAR
STARTCHAR EF49
ENCODING 61257
SWIDTH 660 0
DWIDTH 11 0
BBX 19 16 0 -2
BITMAP
040400
0FBE00
0FFE00
18E300
1EE700
3FFF80
3FBF80
3FBF80
3FBF80
1F1F00
1E0F00
180300
D801E0
F803E0
3C0780
040200
ENDCHAR
STARTCHAR EF4A
ENCODING 61258
SWIDTH 660 0
DWIDTH 11 0
BBX 15 14 0 -1
BITMAP
FFFE
FFFE
C006
C006
C006
6006
7FFE
7FFC
7FFC
7FFC
7FFC
7FFC
3FFC
1FF0
ENDCHAR
STARTCHAR EF4B
ENCODING 61259
SWIDTH 660 0
DWIDTH 11 0
BBX 15 16 0 -2
BITMAP
03C0
1FF0
3E18
7B8C
7606
FC16
FC62
FFF2
FE72
F832
F80E
7806
7C0C
3F18
0FF0
0380
ENDCHAR
STARTCHAR EF4C
ENCODING 61260
SWIDTH 660 0
DWIDTH 11 0
BBX 13 6 0 3
BITMAP
FFF8
FFF8
0000
0000
FFF8
FFF8
ENDCHAR
STARTCHAR EF4D
ENCODING 61261
SWIDTH 660 0
DWIDTH 11 0
BBX 6 14 2 -1
BITMAP
44
CC
CC
CC
CC
CC
CC
CC
CC
CC
CC
CC
CC
44
ENDCHAR
STARTCHAR EF4E
ENCODING 61262
SWIDTH 660 0
DWIDTH 11 0
BBX 15 16 0 -2
BITMAP
0004
000E
001E
001C
0038
0760
0FC0
0FC0
79C0
F8E0
F9C0
FF80
FF00
7F00
3E00
0C00
ENDCHAR
STARTCHAR EF4F
ENCODING 61263
SWIDTH 660 0
DWIDTH 11 0
BBX 15 14 0 -1
BITMAP
1830
7C7C
7E7E
FE7E
FCFE
F9FE
FDFE
7EFC
3F7C
1FF0
0FE0
07C0
0380
0100
ENDCHAR
STARTCHAR EF50
ENCODING 61264
SWIDTH 660 0
DWIDTH 11 0
BBX 15 15 0 -2
BITMAP
0100
0380
0380
0C60
0CE0
0C60
0000
1290
1EF0
1EF0
3EF8
FEFE
F83E
F83E
F83E
ENDCHAR
STARTCHAR EF51
ENCODING 61265
SWIDTH 660 0
DWIDTH 11 0
BBX 15 15 0 -1
BITMAP
0020
01F0
07E0
1FF0
3FF8
7FB8
7FBC
FFFC
FFFE
F3FE
F9FE
FE3E
FF88
FF80
FFC0
ENDCHAR
STARTCHAR EF52
ENCODING 61266
SWIDTH 660 0
DWIDTH 11 0
BBX 15 16 0 -2
BITMAP
FFFE
FFFE
FFFE
7FFE
7FFE
7FFE
7FFC
36DC
369C
269C
041C
041C
001C
0008
0008
0008
ENDCHAR
STARTCHAR EF53
ENCODING 61267
SWIDTH 660 0
DWIDTH 11 0
BBX 17 14 0 -1
BITMAP
03C000
0FD800
1FDE00
3FDE00
000000
6FFB80
EFFB80
EFFB80
EE3B80
021000
FE1F80
FE1F80
FE1F80
7E1F80
ENDCHAR
STARTCHAR EF54
ENCODING 61268
SWIDTH 660 0
DWIDTH 11 0
BBX 13 14 0 -1
BITMAP
7FF8
FFF8
F5F8
D5E8
D5E8
D5E8
D5E8
D5E8
F5F8
FFF8
CFD8
F078
FFF8
7FF8
ENDCHAR
STARTCHAR EF55
ENCODING 61269
SWIDTH 660 0
DWIDTH 11 0
BBX 13 14 0 -1
BITMAP
FFF8
FFF8
FFF8
F7F8
FFF8
E538
E498
ED98
EDB8
E9B8
EFB8
FFF8
FFF8
7FF8
ENDCHAR
STARTCHAR EF56
ENCODING 61270
SWIDTH 660 0
DWIDTH 11 0
BBX 15 16 0 -2
BITMAP
0100
0380
07C0
0FE0
1FF0
3FF8
7EFC
FC7E
FC7E
7EFC
3FF8
1FF0
0FE0
07C0
0380
0100
ENDCHAR
STARTCHAR EF57
ENCODING 61271
SWIDTH 660 0
DWIDTH 11 0
BBX 19 10 0 0
BITMAP
0F0F00
1F9F00
1FFF00
1F1F00
1F1F00
111100
60E0C0
E0E0E0
F0F0E0
E0E0E0
ENDCHAR
STARTCHAR EF58
ENCODING 61272
SWIDTH 660 0
DWIDTH 11 0
BBX 13 16 0 -2
BITMAP
1C00
7E00
FF00
FF80
FF80
FF80
FFB8
7FF8
7FF8
7FF8
3FF0
3FE0
0000
7FF0
7FF0
7FE0
ENDCHAR
STARTCHAR EF59
ENCODING 61273
SWIDTH 660 0
DWIDTH 11 0
BBX 15 16 0 -2
BITMAP
2600
3600
3B00
1980
0980
0000
FFFC
FFFE
FFF6
FFF6
FFF6
FFFE
FFF8
FFE0
7FE0
3FC0
ENDCHAR
STARTCHAR EF5A
ENCODING 61274
SWIDTH 660 0
DWIDTH 11 0
BBX 15 14 0 -1
BITMAP
3018
383C
783C
FC7E
FC7E
FBBE
0380
0100
0280
03C0
07C0
07E0
0FE0
07C0
ENDCHAR
STARTCHAR EF5B
ENCODING 61275
SWIDTH 660 0
DWIDTH 11 0
BBX 15 16 0 -2
BITMAP
03C0
1FF0
3C38
701C
6C2E
CC76
DE76
DDF6
C106
C086
E386
63CE
739C
3C78
0FF0
0380
ENDCHAR
STARTCHAR EF5C
ENCODING 61276
SWIDTH 660 0
DWIDTH 11 0
BBX 12 16 0 -2
BITMAP
39C0
C630
94A0
4F20
2FC0
5920
5FA0
6270
C250
A650
F9F0
90A0
4920
2F40
1880
0700
ENDCHAR
STARTCHAR EF5D
ENCODING 61277
SWIDTH 660 0
DWIDTH 11 0
BBX 15 12 0 0
BITMAP
0580
0FE0
0FF0
1FF0
6FF8
E7F8
F0F4
7C06
3FFE
1FFE
07FE
00F8
ENDCHAR
STARTCHAR EF5E
ENCODING 61278
SWIDTH 660 0
DWIDTH 11 0
BBX 19 16 0 -2
BITMAP
184100
384380
184380
004000
384380
7C47C0
7E4FC0
7E4FE0
FE4FE0
FF4FE0
3C4FC0
3C4FE0
3C46C0
3C46C0
3C46C0
244280
ENDCHAR
STARTCHAR EF5F
ENCODING 61279
SWIDTH 660 0
DWIDTH 11 0
BBX 15 16 0 -2
BITMAP
0200
0718
0DBC
18FC
18FC
0DF8
07F8
FFEC
FFC6
7FC6
3F6C
1FB8
3F90
2780
0300
0100
ENDCHAR
STARTCHAR EF60
ENCODING 61280
SWIDTH 660 0
DWIDTH 11 0
BBX 15 16 0 -2
BITMAP
0380
03E0
0078
039C
03CC
0066
0036
C036
E316
F612
FC00
FC00
7E00
3F00
1F80
0700
ENDCHAR
STARTCHAR EF61
ENCODING 61281
SWIDTH 660 0
DWIDTH 11 0
BBX 12 16 0 -2
BITMAP
1FE0
3FE0
6530
E530
E530
FFF0
FFF0
FFF0
FFF0
FFF0
FFF0
FFF0
FFF0
FFF0
FFE0
7FC0
ENDCHAR
STARTCHAR EF62
ENCODING 61282
SWIDTH 660 0
DWIDTH 11 0
BBX 12 16 0 -2
BITMAP
7F00
FF80
FFC0
FFE0
FFF0
FFF0
C970
C930
FFF0
C030
C030
FFF0
C930
C970
FFE0
7FC0
ENDCHAR
STARTCHAR EF63
ENCODING 61283
SWIDTH 660 0
DWIDTH 11 0
BBX 13 16 0 -2
BITMAP
0018
0018
0018
0FE0
0FE0
01E0
03C0
0380
0380
0DC0
1CE0
3860
8060
4040
3010
00F0
ENDCHAR
STARTCHAR EF64
ENCODING 61284
SWIDTH 660 0
DWIDTH 11 0
BBX 15 14 0 -1
BITMAP
0FE0
1FF0
3FB8
7FDC
FFEE
FFFE
6FFC
3FF8
17F0
0FE0
0BC0
0780
0300
0100
ENDCHAR
STARTCHAR EF65
ENCODING 61285
SWIDTH 660 0
DWIDTH 11 0
BBX 15 16 0 -2
BITMAP
000C
001C
180C
0DF0
03F0
00F8
031C
01CC
C0C0
70C0
1DC0
0780
01C0
00F0
003E
000C
ENDCHAR
STARTCHAR EF66
ENCODING 61286
SWIDTH 660 0
DWIDTH 11 0
BBX 17 16 0 -2
BITMAP
006000
007000
006000
078000
0FE000
1DF000
09F000
13FC00
139C00
13C400
11E400
166800
266880
2C6880
FFFF80
FFFF00
ENDCHAR
STARTCHAR EF67
ENCODING 61287
SWIDTH 660 0
DWIDTH 11 0
BBX 19 14 0 -1
BITMAP
E00000
F80000
7C0380
7E0780
7F0700
7F8700
7FFF00
7FFF00
7FFF00
3FFE00
0C0860
000060
7FFFE0
7FFFC0
ENDCHAR
STARTCHAR EF68
ENCODING 61288
SWIDTH 660 0
DWIDTH 11 0
BBX 15 14 0 -1
BITMAP
07C0
1FF0
3FFC
7FFC
FFFE
ED5E
E42E
F5CE
FFFE
7FFC
7FFC
7FF0
F3C0
C000
ENDCHAR
STARTCHAR EF69
ENCODING 61289
SWIDTH 660 0
DWIDTH 11 0
BBX 15 16 0 -2
BITMAP
020C
030C
038C
01E0
00F8
03FC
03EE
03C2
07E0
DE60
7860
3C60
07E0
01E0
003E
000E
ENDCHAR
STARTCHAR EF6A
ENCODING 61290
SWIDTH 660 0
DWIDTH 11 0
BBX 15 16 0 -2
BITMAP
0380
07C0
0560
26EC
E6CE
F7FE
1FF8
0FE0
0EE0
1FF0
1EF0
1FF0
1FF0
1FF0
0FF0
07E0
ENDCHAR
STARTCHAR EF6B
ENCODING 61291
SWIDTH 660 0
DWIDTH 11 0
BBX 19 16 0 -2
BITMAP
0FC000
0FE000
0C6000
0C3000
0C3060
3C30E0
3E18C0
3FF980
3FF980
7FFF80
7FFF80
C00D80
D6BD80
E00CC0
7FFC60
3FF020
ENDCHAR
STARTCHAR EF6C
ENCODING 61292
SWIDTH 660 0
DWIDTH 11 0
BBX 12 16 0 -2
BITMAP
0F00
3FC0
7FE0
7FE0
F9F0
F0F0
F0F0
F0F0
FFF0
7FE0
3FE0
1F80
0F00
0F00
0F00
0F00
ENDCHAR
STARTCHAR EF6D
ENCODING 61293
SWIDTH 660 0
DWIDTH 11 0
BBX 19 10 0 1
BITMAP
07E300
1FFDC0
3FFFA0
7FFF20
C3FFE0
9DFFE0
A2FC00
C6C600
7C0000
380000
ENDCHAR
STARTCHAR EF6E
ENCODING 61294
SWIDTH 660 0
DWIDTH 11 0
BBX 11 14 0 -1
BITMAP
FFE0
FFE0
0000
0000
FFE0
FFE0
0600
0600
0600
0600
0600
0600
0600
0400
ENDCHAR
STARTCHAR EF6F
ENCODING 61295
SWIDTH 660 0
DWIDTH 11 0
BBX 13 16 0 -2
BITMAP
FFF8
FFF8
67F8
7FF8
7FF8
7FF8
7FF8
E018
E018
FFF8
7FF8
7FF0
3FE0
3FE0
3FF0
3FE0
ENDCHAR
STARTCHAR EF70
ENCODING 61296
SWIDTH 660 0
DWIDTH 11 0
BBX 15 16 0 -2
BITMAP
6030
F0F0
F9E0
7DC0
3DC2
3CCE
067E
030C
0DE0
1EF8
3EFC
7EFE
DC7E
D83E
F01C
6008
ENDCHAR
STARTCHAR EF71
ENCODING 61297
SWIDTH 660 0
DWIDTH 11 0
BBX 15 16 0 -2
BITMAP
0080
06C0
060E
01FC
3F80
F100
0100
3FFC
7FFC
4444
4444
4444
7FFC
7FFC
7FFC
3FF8
ENDCHAR
STARTCHAR EF72
ENCODING 61298
SWIDTH 660 0
DWIDTH 11 0
BBX 16 16 0 -2
BITMAP
0098
07BC
1E7C
183C
101A
6003
F003
F803
F003
6003
1007
3032
1878
0F78
0778
0030
ENDCHAR
STARTCHAR EF73
ENCODING 61299
SWIDTH 660 0
DWIDTH 11 0
BBX 11 14 0 -1
BITMAP
1F00
FFE0
E020
C020
8020
DEE0
D9A0
D960
FEE0
8820
8820
4040
3180
0E00
ENDCHAR
STARTCHAR EF74
ENCODING 61300
SWIDTH 660 0
DWIDTH 11 0
BBX 16 10 0 1
BITMAP
1FFF
00FE
3FCE
7C3A
7C36
7ECE
7F7C
F9FC
EFFC
BFFC
ENDCHAR
STARTCHAR EF75
ENCODING 61301
SWIDTH 660 0
DWIDTH 11 0
BBX 15 15 0 -1
BITMAP
0100
0FE0
3FF8
7E78
7DBC
FFBC
FFBE
F7FE
FFFE
FFBE
EFBC
7FDC
3078
3FF0
0FE0
ENDCHAR
STARTCHAR EF76
ENCODING 61302
SWIDTH 660 0
DWIDTH 11 0
BBX 12 16 0 -2
BITMAP
0400
0C00
0E00
0F00
0F80
0FC0
67C0
E3E0
E1E0
E1E0
F3F0
FFE0
7FE0
7FE0
3FC0
0F00
ENDCHAR
STARTCHAR EF77
ENCODING 61303
SWIDTH 660 0
DWIDTH 11 0
BBX 17 16 0 -2
BITMAP
000400
003E00
007C00
00F380
01EF80
01DE00
03BC00
077800
0F7000
1EE000
7DC000
F3C000
E78000
1F0000
3C0000
100000
ENDCHAR
STARTCHAR EF78
ENCODING 61304
SWIDTH 660 0
DWIDTH 11 0
BBX 13 16 0 -2
BITMAP
3FF8
FFF8
FFF8
FCF8
FCF8
F038
F038
FCF8
FCF8
FFF8
FFF8
FFF8
C010
C010
7FF8
3FF8
ENDCHAR
STARTCHAR EF79
ENCODING 61305
SWIDTH 660 0
DWIDTH 11 0
BBX 15 14 0 -1
BITMAP
07C0
3FF8
7FFC
FFFE
FFFE
FFFE
7FFE
3FF8
3FF8
3FF8
3FF8
3FF8
3FF8
1FF8
ENDCHAR
STARTCHAR EF7A
ENCODING 61306
SWIDTH 660 0
DWIDTH 11 0
BBX 15 14 0 -1
BITMAP
00E0
01F8
07FC
0FFE
3FFE
7FFE
FFFE
0000
FFFE
FFFE
FFFE
FFFE
FFFE
7FFC
ENDCHAR
STARTCHAR EF7B
ENCODING 61307
SWIDTH 660 0
DWIDTH 11 0
BBX 17 16 0 -2
BITMAP
008000
01C600
03FE00
07FE00
1FFE00
3FFE00
7F3F00
FF3F80
FC0F80
3C0E00
3F3E00
3F3E00
3FFE00
3FFE00
3FFE00
1FFC00
ENDCHAR
STARTCHAR EF7C
ENCODING 61308
SWIDTH 660 0
DWIDTH 11 0
BBX 12 16 0 -2
BITMAP
0600
1F00
7BE0
F9E0
FFF0
FFF0
F1F0
F0F0
F0F0
F9F0
FFF0
E0F0
E070
C070
FFE0
7FC0
ENDCHAR
STARTCHAR EF7D
ENCODING 61309
SWIDTH 660 0
DWIDTH 11 0
BBX 15 14 0 -1
BITMAP
07C0
1FF0
3FFC
7FFC
FE7E
F83E
F81E
FE7E
FE7E
7FFC
7FFC
7FF0
F3C0
C000
ENDCHAR
STARTCHAR EF7E
ENCODING 61310
SWIDTH 660 0
DWIDTH 11 0
BBX 15 16 0 -2
BITMAP
0040
0060
0030
0198
038C
0706
0792
0DF8
0CF0
0CE0
0FC0
1F00
3000
6000
C000
8000
ENDCHAR
STARTCHAR EF7F
ENCODING 61311
SWIDTH 660 0
DWIDTH 11 0
BBX 15 14 0 -1
BITMAP
00C0
01E0
43E0
FFE0
FFF0
F3BE
73FE
3FFE
3F3C
7F70
FFF0
7FF0
00E0
0060
ENDCHAR
STARTCHAR EF80
ENCODING 61312
SWIDTH 660 0
DWIDTH 11 0
BBX 12 14 0 -1
BITMAP
1F00
3F80
77C0
6FE0
6FE0
DFE0
DFE0
DFF0
FFF0
FFE0
7FE0
7FC0
3FC0
1F00
ENDCHAR
STARTCHAR EF81
ENCODING 61313
SWIDTH 660 0
DWIDTH 11 0
BBX 17 16 0 -2
BITMAP
C07000
C07F80
C07F80
FF7F80
FF7F80
C07F80
C07F80
C00000
C00000
C07800
C07F80
C07F80
FF7F80
7F7F80
007F80
007F80
ENDCHAR
STARTCHAR EF82
ENCODING 61314
SWIDTH 660 0
DWIDTH 11 0
BBX 14 14 0 -1
BITMAP
0780
1FF0
3EF8
6FF8
7FFC
7FFC
0000
FFFC
FFFC
7FFC
0000
FFFC
7FFC
3FF8
ENDCHAR
STARTCHAR EF83
ENCODING 61315
SWIDTH 660 0
DWIDTH 11 0
BBX 12 16 0 -2
BITMAP
0600
0600
0600
0600
0600
0600
1E00
3FE0
3FF0
BFF0
FFF0
FFF0
FFF0
7FF0
3FE0
1F80
ENDCHAR
STARTCHAR EF84
ENCODING 61316
SWIDTH 660 0
DWIDTH 11 0
BBX 17 14 0 -1
BITMAP
01C000
01E000
09EC00
1DEE00
3DFE00
7FFF00
7FFF00
7FFF00
7FFF00
7FFF00
000000
FFFF80
3FFF00
03F000
ENDCHAR
STARTCHAR EF85
ENCODING 61317
SWIDTH 660 0
DWIDTH 11 0
BBX 17 16 0 -2
BITMAP
008000
01C600
03FE00
07FE00
1FFE00
3FFE00
7FFF00
FFFF80
FFFF80
3FFE00
3FFE00
3E1E00
3E1E00
3E1E00
3E1E00
1C1E00
ENDCHAR
STARTCHAR EF86
ENCODING 61318
SWIDTH 660 0
DWIDTH 11 0
BBX 17 16 0 -2
BITMAP
7F8000
FFC000
F7C000
E1C000
E1C000
F3C000
FFCC00
FFDE00
07DE00
FFDE00
FFCC00
078000
FF3F00
FF7F80
FF7F80
7F7F80
ENDCHAR
STARTCHAR EF87
ENCODING 61319
SWIDTH 660 0
DWIDTH 11 0
BBX 15 16 0 -2
BITMAP
018C
039E
073E
0E76
1CCE
39BC
73BA
E636
CDEE
1BDC
3BB8
6370
DEE0
FDC0
FB80
2100
ENDCHAR
STARTCHAR EF88
ENCODING 61320
SWIDTH 660 0
DWIDTH 11 0
BBX 12 16 0 -2
BITMAP
0E00
1F80
3FC0
3FC0
7FC0
FFE0
FFF0
FFE0
0000
3F80
1F80
1F00
0F00
0E00
0600
0400
ENDCHAR
STARTCHAR EF89
ENCODING 61321
SWIDTH 660 0
DWIDTH 11 0
BBX 19 14 0 -1
BITMAP
1FFF00
3FFF80
300180
300180
306180
31F180
31F180
306180
306180
300180
000000
FFFFE0
FFFFE0
7FFFC0
ENDCHAR
STARTCHAR EF8A
ENCODING 61322
SWIDTH 660 0
DWIDTH 11 0
BBX 15 12 0 0
BITMAP
7FFE
FFFE
C006
C006
C006
C006
FFFE
FFFE
C47E
FFFE
FFFE
7FFC
ENDCHAR
STARTCHAR EF8B
ENCODING 61323
SWIDTH 660 0
DWIDTH 11 0
BBX 15 16 0 -2
BITMAP
0004
0004
0004
00FC
003C
00BE
01BE
01BE
03C2
03F8
07F8
07F8
1FF0
FFC0
FF00
7800
ENDCHAR
STARTCHAR EF8C
ENCODING 61324
SWIDTH 660 0
DWIDTH 11 0
BBX 15 16 0 -2
BITMAP
0E00
0F80
1FE0
01F0
1E78
1FBC
3FDC
33EE
3FEE
7F76
7E76
67F6
67F0
FF80
F800
8000
ENDCHAR
STARTCHAR EF8D
ENCODING 61325
SWIDTH 660 0
DWIDTH 11 0
BBX 15 16 0 -2
BITMAP
0FE0
07E0
07C0
0000
07C0
0FF0
1EF8
3C7C
7DFC
7C7E
FF3E
FC3E
FE7E
FEFE
7FFE
3FF8
ENDCHAR
STARTCHAR EF8E
ENCODING 61326
SWIDTH 660 0
DWIDTH 11 0
BBX 13 16 0 -2
BITMAP
FFF0
FFF8
FDF8
FBF8
E6F8
F778
E678
E038
F9F8
FDF8
FFF8
FFF8
6008
6018
FFF8
FFE0
ENDCHAR
STARTCHAR EF8F
ENCODING 61327
SWIDTH 660 0
DWIDTH 11 0
BBX 15 12 0 0
BITMAP
7FFE
FFFE
FFC6
FFFE
FFFE
0000
0000
FFFE
FFFE
FC06
FFFE
7FFE
ENDCHAR
STARTCHAR EF90
ENCODING 61328
SWIDTH 660 0
DWIDTH 11 0
BBX 13 16 0 -2
BITMAP
0F80
FFF8
FFF8
0000
7FF0
7FF0
7CF0
7870
7030
7530
7DF0
7DF0
7DF0
3FF0
3FF0
3FE0
ENDCHAR
STARTCHAR EF91
ENCODING 61329
SWIDTH 660 0
DWIDTH 11 0
BBX 13 16 0 -2
BITMAP
0F80
FFF8
FFF8
0000
7FF0
7FF0
7CF0
7870
7030
7530
7DF0
7DF0
7DF0
7FF0
7FF0
3FE0
ENDCHAR
STARTCHAR EF92
ENCODING 61330
SWIDTH 660 0
DWIDTH 11 0
BBX 13 16 0 -2
BITMAP
0200
1DC0
1CE0
1DE0
1FE0
1060
1840
18C0
0F80
0000
3060
78F0
7DF8
FFF8
FFF8
FFF8
ENDCHAR
STARTCHAR EF93
ENCODING 61331
SWIDTH 660 0
DWIDTH 11 0
BBX 12 14 0 -1
BITMAP
0600
0900
0880
1080
1040
2740
2920
48A0
4910
8510
8610
8610
4D10
30E0
ENDCHAR
STARTCHAR EF94
ENCODING 61332
SWIDTH 660 0
DWIDTH 11 0
BBX 14 15 1 -2
BITMAP
0600
0700
1D08
2888
2F70
FB98
2464
1458
14AC
2D2C
2678
3F80
3900
0700
0080
ENDCHAR
STARTCHAR EF95
ENCODING 61333
SWIDTH 660 0
DWIDTH 11 0
BBX 17 14 0 -1
BITMAP
1FFC00
3FFE00
3FFE00
3C3E00
3D9E00
7DDF00
FC3F80
7DDF00
7DDF00
3D9E00
3C7E00
3FFE00
3FFE00
1FFC00
ENDCHAR
STARTCHAR EF96
ENCODING 61334
SWIDTH 660 0
DWIDTH 11 0
BBX 12 14 0 -1
BITMAP
0600
1F80
7FE0
7FF0
1F80
0600
E070
79E0
0F80
0200
E070
39E0
0F80
0200
ENDCHAR
STARTCHAR EF97
ENCODING 61335
SWIDTH 660 0
DWIDTH 11 0
BBX 14 12 0 0
BITMAP
FFFC
8004
8004
0004
0004
E004
3804
CC04
E404
3604
92FC
D2FC
ENDCHAR
STARTCHAR EF98
ENCODING 61336
SWIDTH 660 0
DWIDTH 11 0
BBX 11 14 0 -1
BITMAP
0C00
1F80
3FE0
7FE0
FFE0
FFE0
FF20
FFE0
7FE0
38E0
0160
0260
03C0
0180
ENDCHAR
STARTCHAR EF99
ENCODING 61337
SWIDTH 660 0
DWIDTH 11 0
BBX 15 14 0 -1
BITMAP
3FF8
7FFC
FFFE
FFFE
4924
7FFC
729C
610C
638C
4104
47C4
47C4
7FFC
1FE0
ENDCHAR
STARTCHAR EF9A
ENCODING 61338
SWIDTH 660 0
DWIDTH 11 0
BBX 19 14 0 -1
BITMAP
0C0000
3FF800
3FFF80
7FFFC0
7FFFE0
7FDFE0
DCFE60
F76E60
FFFFE0
FFFFC0
7FFC00
0FF800
07C000
030000
ENDCHAR
STARTCHAR EF9B
ENCODING 61339
SWIDTH 660 0
DWIDTH 11 0
BBX 15 10 0 1
BITMAP
3F7C
FF7E
FE7E
C006
FF06
7F86
0186
7FBE
FFBE
FF7C
ENDCHAR
STARTCHAR EF9C
ENCODING 61340
SWIDTH 660 0
DWIDTH 11 0
BBX 15 15 0 -1
BITMAP
0100
0FE0
3FF8
7FC8
7FAC
FB7C
F65E
F27E
EA7E
FAFE
FEFC
7CFC
35F8
3FF0
0FE0
ENDCHAR
STARTCHAR EF9D
ENCODING 61341
SWIDTH 660 0
DWIDTH 11 0
BBX 19 14 0 -1
BITMAP
0FC000
0FE000
0C6000
0C6000
0C6000
0C6000
FC63E0
FC67E0
006600
006600
006600
006600
007E00
007E00
ENDCHAR
STARTCHAR EF9E
ENCODING 61342
SWIDTH 660 0
DWIDTH 11 0
BBX 15 14 0 -1
BITMAP
01C0
0E30
100C
1004
2222
2222
2002
2222
C1C4
8004
6008
1FF0
1C70
0860
ENDCHAR
STARTCHAR EF9F
ENCODING 61343
SWIDTH 660 0
DWIDTH 11 0
BBX 15 15 0 -2
BITMAP
0020
0060
0090
FF90
FF88
CD8E
CBF2
E382
F782
F7E2
F79E
FF88
0110
0090
0060
ENDCHAR
STARTCHAR EFA0
ENCODING 61344
SWIDTH 660 0
DWIDTH 11 0
BBX 13 14 0 -1
BITMAP
0200
0700
0380
1CC0
3CE0
7C70
FD38
FDB8
7DF0
3CE0
1CC0
0F80
0700
0200
ENDCHAR
STARTCHAR EFA1
ENCODING 61345
SWIDTH 660 0
DWIDTH 11 0
BBX 13 14 0 -1
BITMAP
FFF8
FFF8
FFF8
FFF8
FFF8
C8A8
DAA8
E9D8
CB58
FFF8
FFF8
FFF8
FFF8
FFF8
ENDCHAR
STARTCHAR EFA2
ENCODING 61346
SWIDTH 660 0
DWIDTH 11 0
BBX 19 16 0 -2
BITMAP
001800
001800
001800
006000
00F000
01FE00
03CE00
038000
3DC780
7E6FC0
C26C60
C36820
C36860
E64C60
7E07C0
180300
ENDCHAR
STARTCHAR EFA3
ENCODING 61347
SWIDTH 660 0
DWIDTH 11 0
BBX 13 14 0 -1
BITMAP
7FF8
FFF8
C308
C308
C308
C308
FFF8
FFF8
C308
C308
C308
C308
FFF8
7FF0
ENDCHAR
STARTCHAR EFA4
ENCODING 61348
SWIDTH 660 0
DWIDTH 11 0
BBX 13 14 0 -1
BITMAP
DA48
DB68
0000
C308
C308
0000
DB48
DB48
0000
C308
C208
0000
DB68
D248
ENDCHAR
STARTCHAR EFA5
ENCODING 61349
SWIDTH 660 0
DWIDTH 11 0
BBX 13 14 0 -1
BITMAP
7FF8
FFF8
C000
C008
C008
C000
C008
C008
C000
C008
C008
C000
DB68
D248
ENDCHAR
STARTCHAR EFA6
ENCODING 61350
SWIDTH 660 0
DWIDTH 11 0
BBX 17 15 0 -2
BITMAP
010000
038000
038000
000000
1E0000
3F0000
FF0000
7F8000
1F8000
238C00
7CFE00
7E3F00
667F00
C6FF80
C6FF80
ENDCHAR
STARTCHAR EFA7
ENCODING 61351
SWIDTH 660 0
DWIDTH 11 0
BBX 15 16 0 -2
BITMAP
0100
0780
0F80
0F00
0F78
0FFC
0FFE
FE7E
FEFE
7FE0
7FF0
1DE0
01E0
01E0
01C0
0100
ENDCHAR
STARTCHAR EFA8
ENCODING 61352
SWIDTH 660 0
DWIDTH 11 0
BBX 15 16 0 -2
BITMAP
6606
FF7E
FF7E
FE66
7C6E
39EE
19EE
01C0
1C04
7F0C
FF9C
E7BE
E38E
E79C
FF98
7F00
ENDCHAR
STARTCHAR EFA9
ENCODING 61353
SWIDTH 660 0
DWIDTH 11 0
BBX 15 16 0 -2
BITMAP
0018
003E
003E
007E
007E
003E
001E
003C
003C
0878
7CF8
FFF0
FFE0
FF80
7E00
7000
ENDCHAR
STARTCHAR EFAA
ENCODING 61354
SWIDTH 660 0
DWIDTH 11 0
BBX 13 14 0 -1
BITMAP
7FF8
FFF8
FFF8
FF38
FF18
FF38
FF38
FF38
E078
E0F8
E3F8
FFF8
FFF8
7FF0
ENDCHAR
STARTCHAR EFAB
ENCODING 61355
SWIDTH 660 0
DWIDTH 11 0
BBX 19 16 0 -2
BITMAP
01FFC0
03FFE0
033FE0
033BE0
7BF1E0
FBD0E0
DB80E0
FB0060
FB0060
DBFFE0
D9FFC0
F80000
D81E00
D83200
FFFE00
7FFC00
ENDCHAR
STARTCHAR EFAC
ENCODING 61356
SWIDTH 660 0
DWIDTH 11 0
BBX 19 16 0 -2
BITMAP
800000
E7FF80
37FF80
1C3180
0C3180
076000
01E000
00E000
007000
003800
008C00
00C600
018380
07F0C0
07E060
000020
ENDCHAR
STARTCHAR EFAD
ENCODING 61357
SWIDTH 660 0
DWIDTH 11 0
BBX 15 14 0 -1
BITMAP
107C
18FC
1818
1830
187C
187C
1800
1830
1838
DE78
FE6C
7CFC
38FE
1084
ENDCHAR
STARTCHAR EFAE
ENCODING 61358
SWIDTH 660 0
DWIDTH 11 0
BBX 15 14 0 -1
BITMAP
107C
38FC
7C18
FE30
DE7C
187C
1800
1830
1838
1878
186C
18FC
18FE
1084
ENDCHAR
STARTCHAR EFAF
ENCODING 61359
SWIDTH 660 0
DWIDTH 11 0
BBX 17 14 0 -1
BITMAP
106000
18E000
180000
180000
187800
187800
180000
180000
18FE00
DE7E00
FE0000
7C0000
38FF80
107F80
ENDCHAR
STARTCHAR EFB0
ENCODING 61360
SWIDTH 660 0
DWIDTH 11 0
BBX 17 14 0 -1
BITMAP
106000
38E000
7C0000
FE0000
DE7800
187800
180000
180000
18FE00
187E00
180000
180000
18FF80
107F80
ENDCHAR
STARTCHAR EFB1
ENCODING 61361
SWIDTH 660 0
DWIDTH 11 0
BBX 14 14 0 -1
BITMAP
1018
187C
1864
1864
183C
1818
1818
1800
1838
DE78
FE18
7C18
387C
103C
ENDCHAR
STARTCHAR EFB2
ENCODING 61362
SWIDTH 660 0
DWIDTH 11 0
BBX 14 14 0 -1
BITMAP
1018
387C
7C64
FE64
DE3C
1818
1818
1800
1838
1878
1818
1818
187C
103C
ENDCHAR
STARTCHAR EFB3
ENCODING 61363
SWIDTH 660 0
DWIDTH 11 0
BBX 17 16 0 -2
BITMAP
10F000
38F800
38D800
78F800
6CF800
7CC800
FEF800
C6F000
000180
000380
000700
018E00
01DC00
00F800
007000
002000
ENDCHAR
STARTCHAR EFB4
ENCODING 61364
SWIDTH 660 0
DWIDTH 11 0
BBX 19 8 0 2
BITMAP
3E0FC0
7F1FC0
C31860
C19860
C19860
C31860
7FFFC0
3FFF80
ENDCHAR
STARTCHAR EFB5
ENCODING 61365
SWIDTH 660 0
DWIDTH 11 0
BBX 15 15 0 -1
BITMAP
0100
1EF0
2008
4104
86C4
9EF2
A948
A948
A5C8
A308
9EF2
8104
4104
2108
1FF0
ENDCHAR
STARTCHAR EFB6
ENCODING 61366
SWIDTH 660 0
DWIDTH 11 0
BBX 17 14 0 -1
BITMAP
03E000
1FF800
306600
702300
632700
E2F780
E09780
E75780
C6E080
408100
408100
3FFE00
0FF800
01C000
ENDCHAR
STARTCHAR EFB7
ENCODING 61367
SWIDTH 660 0
DWIDTH 11 0
BBX 19 12 0 0
BITMAP
03B800
03F800
03FC00
07FC00
07FC00
87FE20
E7FC60
7803E0
7FFFC0
3FFF80
0FFF00
03FC00
ENDCHAR
STARTCHAR EFB8
ENCODING 61368
SWIDTH 660 0
DWIDTH 11 0
BBX 19 12 0 0
BITMAP
007C00
03FC00
07FC00
0FFE00
03FE00
0CFE00
3F3F00
7FDF80
FFE7C0
FFF3E0
FFFCE0
FFFF60
ENDCHAR
STARTCHAR EFB9
ENCODING 61369
SWIDTH 660 0
DWIDTH 11 0
BBX 17 6 0 3
BITMAP
CDC700
CDE500
FDB700
BDB580
BDE580
B5C700
ENDCHAR
STARTCHAR EFBA
ENCODING 61370
SWIDTH 660 0
DWIDTH 11 0
BBX 12 16 0 -2
BITMAP
1B00
3BC0
7BE0
FBE0
FBF0
FBF0
0000
FFF0
FFF0
FFF0
FFF0
FFF0
FFE0
7FE0
3FC0
0F00
ENDCHAR
STARTCHAR EFBB
ENCODING 61371
SWIDTH 660 0
DWIDTH 11 0
BBX 15 15 0 -1
BITMAP
0100
0FE0
3FF8
77F8
7FFC
F41C
F5CE
F5EE
F5EE
F5EE
F59C
7FFC
3FF8
3FF0
0FE0
ENDCHAR
STARTCHAR EFBC
ENCODING 61372
SWIDTH 660 0
DWIDTH 11 0
BBX 15 16 0 -2
BITMAP
0002
003E
01F0
1F80
7FFE
FFFE
FFFE
E3EE
FF86
C186
FF86
C386
FFFE
FFFE
FFFE
7FFC
ENDCHAR
STARTCHAR EFBD
ENCODING 61373
SWIDTH 660 0
DWIDTH 11 0
BBX 15 16 0 -2
BITMAP
03C0
1FF0
3FF8
7FFC
7C7E
FB9E
F7DE
F66E
F6EE
F7DE
FB9E
7C7E
7FFC
3FF8
0FF0
0380
ENDCHAR
STARTCHAR EFBE
ENCODING 61374
SWIDTH 660 0
DWIDTH 11 0
BBX 13 14 0 -1
BITMAP
3FF0
7FF8
FFF8
FF78
EFB8
FBB8
F898
FC18
FE18
E018
F068
FFF8
7FF8
3FE0
ENDCHAR
STARTCHAR EFBF
ENCODING 61375
SWIDTH 660 0
DWIDTH 11 0
BBX 15 15 0 -1
BITMAP
0100
0FE0
3FF8
7FF8
7FFC
E7CC
EFCE
EFEE
EFCE
E7CE
F01C
783C
3FF8
3FF0
0FE0
ENDCHAR
STARTCHAR EFC0
ENCODING 61376
SWIDTH 660 0
DWIDTH 11 0
BBX 12 16 0 -2
BITMAP
2000
2000
2480
FFE0
FFF0
E070
FFF0
E070
FFF0
E070
7FE0
7FE0
7FE0
7FE0
7FE0
3FC0
ENDCHAR
STARTCHAR EFC1
ENCODING 61377
SWIDTH 660 0
DWIDTH 11 0
BBX 19 14 0 -1
BITMAP
7FFE00
FFFF00
FFFF80
C0C780
C0C780
C0CF80
FFC780
FFC780
FFC780
FFFFE0
79FFE0
118000
1B0000
0F0000
ENDCHAR
STARTCHAR EFC2
ENCODING 61378
SWIDTH 660 0
DWIDTH 11 0
BBX 15 14 0 -1
BITMAP
1FFE
3FFE
37FE
33FE
79FE
7C3E
7C7E
743C
7B1C
F99C
FDCC
FFFC
FFF8
7FF0
ENDCHAR
STARTCHAR EFC3
ENCODING 61379
SWIDTH 660 0
DWIDTH 11 0
BBX 12 12 0 0
BITMAP
0020
00E0
03C0
0F00
3C00
F000
F000
3C00
0F00
03C0
00F0
0020
ENDCHAR
STARTCHAR EFC4
ENCODING 61380
SWIDTH 660 0
DWIDTH 11 0
BBX 13 14 0 -1
BITMAP
0010
00F0
03E0
1F00
7C00
7C00
1F00
03E0
00F0
0010
0000
0000
FFF8
FFF8
ENDCHAR
STARTCHAR EFC5
ENCODING 61381
SWIDTH 660 0
DWIDTH 11 0
BBX 17 12 0 0
BITMAP
7FFF00
FFFF80
F37780
733700
733700
F37780
FFFF80
FFFF80
000000
FFFF80
DDDD80
DDDD80
ENDCHAR
STARTCHAR EFC6
ENCODING 61382
SWIDTH 660 0
DWIDTH 11 0
BBX 19 16 0 -2
BITMAP
80E000
E1F000
31F000
19C000
0DF000
07C000
01F600
0CC600
0C7600
043E00
060C00
030600
01F380
0040C0
01F060
01F020
ENDCHAR
STARTCHAR EFC7
ENCODING 61383
SWIDTH 660 0
DWIDTH 11 0
BBX 17 14 0 -1
BITMAP
001F00
01FF80
FFF980
FFFD80
CE3F80
FE1F80
FC1F80
FC1F80
FE1F80
FF3D80
DFFF80
CFFF80
FFC000
3C0000
ENDCHAR
STARTCHAR EFC8
ENCODING 61384
SWIDTH 660 0
DWIDTH 11 0
BBX 17 14 0 -1
BITMAP
001F00
01FF80
FFF980
FFFD80
CE1F80
DC9F80
FC8F80
FC8F80
FDDD80
FE1980
DFFF80
CFFF80
FFC000
3C0000
ENDCHAR
STARTCHAR EFC9
ENCODING 61385
SWIDTH 660 0
DWIDTH 11 0
BBX 17 12 0 0
BITMAP
7FFF00
FFFF80
FFFF80
FFE380
FFE380
E06380
FFFF80
FFFF80
E00380
FFFF80
FFFF80
7FFF00
ENDCHAR
STARTCHAR EFCA
ENCODING 61386
SWIDTH 660 0
DWIDTH 11 0
BBX 17 12 0 0
BITMAP
7FFF00
FFFF80
F7FF80
E3FF80
CB0180
C7FF80
F3FF80
CB0180
E7FF80
F7FF80
FFFF80
7FFF00
ENDCHAR
STARTCHAR EFCB
ENCODING 61387
SWIDTH 660 0
DWIDTH 11 0
BBX 12 14 0 -1
BITMAP
0060
0060
00C0
01C0
FFF0
0300
0700
0600
FFF0
FFF0
1800
3000
7000
2000
ENDCHAR
STARTCHAR EFCC
ENCODING 61388
SWIDTH 660 0
DWIDTH 11 0
BBX 15 16 0 -2
BITMAP
03C0
1FF0
3EF8
7E7C
67EE
E7EE
FFFE
FFFE
CFFE
CFFE
FF80
7F80
7F80
3FC0
0F80
0380
ENDCHAR
STARTCHAR EFCD
ENCODING 61389
SWIDTH 660 0
DWIDTH 11 0
BBX 13 14 0 -1
BITMAP
7FF8
FFF8
FFF8
F078
F038
F338
F338
F038
F078
F3F8
F3F8
FFF8
FFF8
7FF0
ENDCHAR
STARTCHAR EFCE
ENCODING 61390
SWIDTH 660 0
DWIDTH 11 0
BBX 17 14 0 -1
BITMAP
780F80
FC0F80
FFFF80
FFFF80
FC0F80
FC0F80
060000
070000
03F000
01F000
01F000
01F000
01F000
00F000
ENDCHAR
STARTCHAR EFCF
ENCODING 61391
SWIDTH 660 0
DWIDTH 11 0
BBX 15 14 0 -1
BITMAP
0100
0380
0788
0F8C
FF86
FFB2
FF92
FF92
FFB2
7F86
0F8C
0788
0380
0100
ENDCHAR
STARTCHAR F000
ENCODING 61440
SWIDTH 660 0
DWIDTH 11 0
BBX 15 16 0 -2
BITMAP
FFFE
FFFE
700C
3818
1C30
0E70
07E0
03C0
0180
0180
0180
0180
0180
0180
0FF0
0FE0
ENDCHAR
STARTCHAR F001
ENCODING 61441
SWIDTH 660 0
DWIDTH 11 0
BBX 15 16 0 -2
BITMAP
0006
003E
01FE
0FFE
0FFE
0FE6
0E06
0C06
0C06
0C1E
0C3E
7C3E
FC3E
FC1C
F800
3000
ENDCHAR
STARTCHAR F002
ENCODING 61442
SWIDTH 660 0
DWIDTH 11 0
BBX 15 16 0 -2
BITMAP
0700
1FC0
78E0
6070
C030
C030
C010
C030
C030
6070
78F0
3FF8
0F1C
000E
0006
0002
ENDCHAR
STARTCHAR F003
ENCODING 61443
SWIDTH 660 0
DWIDTH 11 0
BBX 15 12 0 0
BITMAP
7FFE
FFFE
8002
C006
F00E
981A
8C72
87C2
8382
8002
FFFE
7FFC
ENDCHAR
STARTCHAR F004
ENCODING 61444
SWIDTH 660 0
DWIDTH 11 0
BBX 15 14 0 -1
BITMAP
1830
7EFC
7FFE
FFFE
FFFE
FFFE
FFFE
7FFC
3FFC
1FF0
0FE0
07C0
0380
0100
ENDCHAR
STARTCHAR F005
ENCODING 61445
SWIDTH 660 0
DWIDTH 11 0
BBX 16 16 0 -2
BITMAP
0180
0180
03C0
03C0
07E0
7FFE
FFFF
7FFE
3FFC
1FF8
1FF8
1FF8
1FF8
1FF8
1C38
1008
ENDCHAR
STARTCHAR F006
ENCODING 61446
SWIDTH 660 0
DWIDTH 11 0
BBX 16 16 0 -2
BITMAP
0100
0180
0380
02C0
0640
7E7E
F00F
6006
300C
1818
1810
1818
1B98
17F8
1C38
1008
ENDCHAR
STARTCHAR F007
ENCODING 61447
SWIDTH 660 0
DWIDTH 11 0
BBX 13 16 0 -2
BITMAP
0700
0FC0
1FC0
1FE0
1FE0
1FC0
0FC0
0780
0000
0F80
3FE0
7FF0
FFF8
FFF8
FFF8
FFF8
ENDCHAR
STARTCHAR F008
ENCODING 61448
SWIDTH 660 0
DWIDTH 11 0
BBX 15 14 0 -1
BITMAP
7FFC
FFFE
9832
9812
F81E
F83E
9FF2
9FF2
F81E
F81E
9812
9832
FFFE
7FFC
ENDCHAR
STARTCHAR F009
ENCODING 61449
SWIDTH 660 0
DWIDTH 11 0
BBX 15 14 0 -1
BITMAP
7FFC
FFFE
C186
C186
C186
C186
FFFE
FFFE
C186
C186
C186
C186
FFFE
7FFC
ENDCHAR
STARTCHAR F00A
ENCODING 61450
SWIDTH 660 0
DWIDTH 11 0
BBX 15 14 0 -1
BITMAP
7FFC
FFFE
C466
C466
FFFE
FFFE
C466
C466
FFFE
FFFE
C466
C466
FFFE
7FFC
ENDCHAR
STARTCHAR F00B
ENCODING 61451
SWIDTH 660 0
DWIDTH 11 0
BBX 15 14 0 -1
BITMAP
7FFC
FFFE
CC06
CC06
FFFE
FFFE
CC06
CC06
FFFE
FFFE
CC06
CC06
FFFE
7FFC
ENDCHAR
STARTCHAR F00C
ENCODING 61452
SWIDTH 660 0
DWIDTH 11 0
BBX 13 10 0 1
BITMAP
0008
0018
0030
0060
C0C0
E180
7300
3E00
1C00
0800
ENDCHAR
STARTCHAR F00D
ENCODING 61453
SWIDTH 660 0
DWIDTH 11 0
BBX 9 10 1 1
BITMAP
8180
C380
E700
7E00
3C00
3C00
7E00
E700
C380
8180
ENDCHAR
STARTCHAR F00E
ENCODING 61454
SWIDTH 660 0
DWIDTH 11 0
BBX 15 16 0 -2
BITMAP
0700
1FC0
7FE0
7DF0
FDF0
FDF0
E030
FDF0
FDF0
7DF0
7FF0
3FF8
0F1C
000E
0006
0002
ENDCHAR
STARTCHAR F00F
ENCODING 61455
SWIDTH 660 0
DWIDTH 11 0
BBX 17 14 0 -1
BITMAP
0FFF00
1FFF80
900080
930080
901080
903080
91F880
91FC80
93FC80
9FFF80
CFFF00
C00000
7FFC00
1FFC00
ENDCHAR
STARTCHAR F010
ENCODING 61456
SWIDTH 660 0
DWIDTH 11 0
BBX 15 16 0 -2
BITMAP
0700
1FC0
7FE0
7FF0
FFF0
FFF0
E070
FFF0
FFF0
7FF0
7FF0
3FF8
0F1C
000E
0006
0002
ENDCHAR
STARTCHAR F011
ENCODING 61457
SWIDTH 660 0
DWIDTH 11 0
BBX 14 14 0 0
BITMAP
0300
1310
3338
6318
630C
C30C
C30C
C30C
C00C
C00C
601C
7038
3FF0
0FE0
ENDCHAR
STARTCHAR F012
ENCODING 61458
SWIDTH 660 0
DWIDTH 11 0
BBX 17 16 0 -2
BITMAP
000080
000180
000180
000980
000980
000980
008980
00C980
00C980
0CC980
0CC980
0CC980
CCC980
CCC980
CCC980
888880
ENDCHAR
STARTCHAR F013
ENCODING 61459
SWIDTH 660 0
DWIDTH 11 0
BBX 15 16 0 -2
BITMAP
0380
0780
0780
7FFC
FFFC
FFFE
787C
7838
7838
787C
FFFC
FFFC
7FF8
0780
0780
0380
ENDCHAR
STARTCHAR F014
ENCODING 61460
SWIDTH 660 0
DWIDTH 11 0
BBX 13 16 0 -2
BITMAP
0F80
0FC0
1860
FFF8
4010
4010
4A50
4A50
4A50
4A50
4A50
4A50
4A50
4010
7FF0
1FE0
ENDCHAR
STARTCHAR F015
ENCODING 61461
SWIDTH 660 0
DWIDTH 11 0
BBX 17 16 0 -2
BITMAP
008000
01C000
03F000
07F800
1FFC00
3FFE00
7FFF00
FFFF80
FFFF80
3FFE00
3FFE00
3E1E00
3E1E00
3E1E00
3E1E00
1C1E00
ENDCHAR
STARTCHAR F016
ENCODING 61462
SWIDTH 660 0
DWIDTH 11 0
BBX 12 16 0 -2
BITMAP
7F00
FF80
81C0
81E0
81F0
8030
8030
8030
8030
8030
8030
8030
8030
8030
FFE0
7FC0
ENDCHAR
STARTCHAR F017
ENCODING 61463
SWIDTH 660 0
DWIDTH 11 0
BBX 15 16 0 -2
BITMAP
03C0
1FF0
3818
610C
4106
C106
C102
8102
81C2
C062
C026
6006
600C
3818
0FF0
0380
ENDCHAR
STARTCHAR F018
ENCODING 61464
SWIDTH 660 0
DWIDTH 11 0
BBX 17 14 0 -1
BITMAP
0F3800
0F3C00
1F3C00
1FFC00
1FFE00
3F7E00
3F3E00
7F3F00
7F7F00
7FFF80
FFFF80
FF3F80
FF3F80
7F3F00
ENDCHAR
STARTCHAR F019
ENCODING 61465
SWIDTH 660 0
DWIDTH 11 0
BBX 15 16 0 -2
BITMAP
0100
0180
0180
0180
0180
0180
1990
1DB0
0FE0
07C0
0380
FD3E
FE7E
FFF2
FFFE
7FFC
ENDCHAR
STARTCHAR F01A
ENCODING 61466
SWIDTH 660 0
DWIDTH 11 0
BBX 15 16 0 -2
BITMAP
03C0
1FF0
3818
600C
4386
C386
C382
8382
8FF2
CFE2
C3C6
6186
600C
3818
0FF0
0380
ENDCHAR
STARTCHAR F01B
ENCODING 61467
SWIDTH 660 0
DWIDTH 11 0
BBX 15 16 0 -2
BITMAP
03C0
1FF0
3818
600C
4386
C7C6
CFE2
8FF2
8382
C382
C386
6386
600C
3818
0FF0
0380
ENDCHAR
STARTCHAR F01C
ENCODING 61468
SWIDTH 660 0
DWIDTH 11 0
BBX 15 14 0 -1
BITMAP
1FF8
3FFC
300C
600C
600C
6006
6006
C006
F81E
F83E
FFFE
FFFE
FFFE
7FFC
ENDCHAR
STARTCHAR F01D
ENCODING 61469
SWIDTH 660 0
DWIDTH 11 0
BBX 15 16 0 -2
BITMAP
03C0
1FF0
3818
600C
4006
C706
C782
87E2
87E2
C782
C706
6006
600C
3818
0FF0
0380
ENDCHAR
STARTCHAR F01E
ENCODING 61470
SWIDTH 660 0
DWIDTH 11 0
BBX 14 14 0 -1
BITMAP
078C
1FEC
387C
603C
E0FC
C0FC
C000
C000
C000
E000
6030
38F0
1FE0
0700
ENDCHAR
STARTCHAR F01F
ENCODING 61471
SWIDTH 660 0
DWIDTH 11 0
BBX 15 16 0 -2
BITMAP
0018
003C
003E
009E
01CE
03E4
07F0
0FF0
1FE0
3FC0
7F80
7F00
7E00
FC00
F800
8000
ENDCHAR
STARTCHAR F020
ENCODING 61472
SWIDTH 660 0
DWIDTH 11 0
BBX 15 16 0 -2
BITMAP
0018
003C
077E
0FBE
19DE
33EC
27F0
0FF0
1FE0
3FC0
3F80
7F00
7E00
FC00
F000
8000
ENDCHAR
STARTCHAR F021
ENCODING 61473
SWIDTH 660 0
DWIDTH 11 0
BBX 14 14 0 -1
BITMAP
0780
1FEC
387C
701C
607C
607C
0000
0000
F80C
F818
F038
FC70
DFE0
0380
ENDCHAR
STARTCHAR F022
ENCODING 61474
SWIDTH 660 0
DWIDTH 11 0
BBX 17 14 0 -1
BITMAP
7FFF00
FFFF80
800080
9BFC80
9BFC80
800080
9BFC80
9BFC80
800080
9BFC80
9BFC80
800080
FFFF80
7FFF00
ENDCHAR
STARTCHAR F023
ENCODING 61475
SWIDTH 660 0
DWIDTH 11 0
BBX 13 16 0 -2
BITMAP
0700
0FC0
18E0
1860
3060
3060
7FF8
FFF8
FFF8
FFF8
FFF8
FFF8
FFF8
FFF8
FFF8
7FF0
ENDCHAR
STARTCHAR F024
ENCODING 61476
SWIDTH 660 0
DWIDTH 11 0
BBX 13 16 0 -2
BITMAP
C000
DE08
FFF8
FFF8
FFF8
FFF8
FFF8
FFF8
FFF8
FFF8
E1F8
C000
C000
C000
C000
8000
ENDCHAR
STARTCHAR F025
ENCODING 61477
SWIDTH 660 0
DWIDTH 11 0
BBX 15 14 0 -1
BITMAP
03C0
1FF0
3818
600C
4006
C006
C002
F00E
F00E
F00E
F00E
F00E
F00E
600C
ENDCHAR
STARTCHAR F026
ENCODING 61478
SWIDTH 660 0
DWIDTH 11 0
BBX 10 14 0 -1
BITMAP
00C0
01C0
03C0
07C0
7FC0
7FC0
FFC0
FFC0
7FC0
7FC0
07C0
03C0
01C0
0040
ENDCHAR
STARTCHAR F027
ENCODING 61479
SWIDTH 660 0
DWIDTH 11 0
BBX 13 14 0 -1
BITMAP
0080
01C0
03C0
07C0
7FC0
FFD8
FFC8
FFC8
FFD8
7FC0
07C0
03C0
01C0
0080
ENDCHAR
STARTCHAR F028
ENCODING 61480
SWIDTH 660 0
DWIDTH 11 0
BBX 19 14 0 -1
BITMAP
008100
01C180
03C4C0
07C660
7FC360
FFD920
FFC920
FFC920
FFD920
7FC360
07C640
03C4C0
01C180
008100
ENDCHAR
STARTCHAR F029
ENCODING 61481
SWIDTH 660 0
DWIDTH 11 0
BBX 13 14 0 -1
BITMAP
78F8
FCF8
CCC8
CCC8
FCF8
F8F8
0000
0000
F8E8
FCF8
CCF8
CCD8
FCC0
7880
ENDCHAR
STARTCHAR F02A
ENCODING 61482
SWIDTH 660 0
DWIDTH 11 0
BBX 15 14 0 -1
BITMAP
D682
D6D6
D6D6
D6D6
D6D6
D6D6
D6D6
D6D6
D6D6
D6D6
D6D6
D6D6
D6D6
D482
ENDCHAR
STARTCHAR F02B
ENCODING 61483
SWIDTH 660 0
DWIDTH 11 0
BBX 13 13 0 -1
BITMAP
7E00
FF00
FF80
CFC0
EFE0
FFF0
FFF8
7FF8
3FF8
1FF0
0FE0
07C0
0380
ENDCHAR
STARTCHAR F02C
ENCODING 61484
SWIDTH 660 0
DWIDTH 11 0
BBX 15 14 0 -1
BITMAP
7E40
FF60
FFB0
CFD8
EFEC
FFF6
FFFA
7FFA
3FF2
1FE6
0FCC
0798
0330
0020
ENDCHAR
STARTCHAR F02D
ENCODING 61485
SWIDTH 660 0
DWIDTH 11 0
BBX 13 16 0 -2
BITMAP
3FF8
FFF8
FFF8
FFF8
F018
FFF8
F018
FFF8
FFF8
FFF8
FFF8
FFF8
C010
C010
7FF8
3FF8
ENDCHAR
STARTCHAR F02E
ENCODING 61486
SWIDTH 660 0
DWIDTH 11 0
BBX 12 16 0 -2
BITMAP
7FE0
FFF0
FFF0
FFF0
FFF0
FFF0
FFF0
FFF0
FFF0
FFF0
FFF0
FFF0
FBF0
F0F0
E070
8020
ENDCHAR
STARTCHAR F02F
ENCODING 61487
SWIDTH 660 0
DWIDTH 11 0
BBX 15 16 0 -2
BITMAP
1FF0
3FF8
3018
3008
3008
0000
7FFE
FFFE
FFF2
FFFE
FFFE
F00E
3008
3008
3FF8
1FF0
ENDCHAR
STARTCHAR F030
ENCODING 61488
SWIDTH 660 0
DWIDTH 11 0
BBX 15 14 0 -1
BITMAP
07C0
0FE0
7FFE
FFFE
FFFE
FC7E
F83E
F81E
F81E
F83E
FC7E
FFFE
FFFE
7FFC
ENDCHAR
STARTCHAR F031
ENCODING 61489
SWIDTH 660 0
DWIDTH 11 0
BBX 13 14 0 -1
BITMAP
0200
0300
0700
0780
0D80
0D80
0CC0
18C0
1FE0
1FE0
3060
3030
F878
F078
ENDCHAR
STARTCHAR F032
ENCODING 61490
SWIDTH 660 0
DWIDTH 11 0
BBX 12 14 0 -1
BITMAP
FF00
FFC0
60C0
6060
6060
60C0
7FC0
7FE0
6060
6030
6060
6060
FFC0
FF80
ENDCHAR
STARTCHAR F033
ENCODING 61491
SWIDTH 660 0
DWIDTH 11 0
BBX 11 14 0 -1
BITMAP
0FE0
0FE0
0180
0300
0300
0600
0600
0E00
0C00
0C00
1800
1800
FF00
FE00
ENDCHAR
STARTCHAR F034
ENCODING 61492
SWIDTH 660 0
DWIDTH 11 0
BBX 17 14 0 -1
BITMAP
7F8200
FFC700
CCCF80
CCCF80
0C0600
0C0600
0C0600
0C0600
0C0600
0C0600
0C0F80
0C0F80
3F0700
3E0200
ENDCHAR
STARTCHAR F035
ENCODING 61493
SWIDTH 660 0
DWIDTH 11 0
BBX 13 14 0 -1
BITMAP
7FF8
FFF8
C308
C308
0300
0300
0F80
0780
3030
7038
FFF8
FFF8
7030
2020
ENDCHAR
STARTCHAR F036
ENCODING 61494
SWIDTH 660 0
DWIDTH 11 0
BBX 13 14 0 -1
BITMAP
FF00
FF80
0000
0000
FFF8
FFF8
0000
0000
FF80
FF00
0000
0000
FFF8
FFF8
ENDCHAR
STARTCHAR F037
ENCODING 61495
SWIDTH 660 0
DWIDTH 11 0
BBX 13 14 0 -1
BITMAP
1FC0
1FE0
0000
0000
FFF8
FFF8
0000
0000
1FE0
1FC0
0000
0000
FFF8
FFF8
ENDCHAR
STARTCHAR F038
ENCODING 61496
SWIDTH 660 0
DWIDTH 11 0
BBX 13 14 0 -1
BITMAP
07F8
07F8
0000
0000
FFF8
FFF8
0000
0000
07F8
07F8
0000
0000
FFF8
FFF8
ENDCHAR
STARTCHAR F039
ENCODING 61497
SWIDTH 660 0
DWIDTH 11 0
BBX 13 14 0 -1
BITMAP
FFF8
FFF8
0000
0000
FFF8
FFF8
0000
0000
FFF8
FFF8
0000
0000
FFF8
FFF8
ENDCHAR
STARTCHAR F03A
ENCODING 61498
SWIDTH 660 0
DWIDTH 11 0
BBX 15 12 0 0
BITMAP
E7FE
EFFE
C000
0000
4000
EFFE
EFFE
0000
0000
E000
EFFE
E7FE
ENDCHAR
STARTCHAR F03B
ENCODING 61499
SWIDTH 660 0
DWIDTH 11 0
BBX 14 14 0 -1
BITMAP
FFF8
FFFC
0000
0000
13FC
33FC
F000
F000
33FC
13F8
0000
0000
FFFC
7FF8
ENDCHAR
STARTCHAR F03C
ENCODING 61500
SWIDTH 660 0
DWIDTH 11 0
BBX 13 14 0 -1
BITMAP
FFF8
FFF8
0000
0000
83F8
C3F8
F000
F000
C3F8
83F8
0000
0000
FFF8
FFF8
ENDCHAR
STARTCHAR F03D
ENCODING 61501
SWIDTH 660 0
DWIDTH 11 0
BBX 17 12 0 0
BITMAP
7FE000
FFE080
FFF380
FFFF80
FFFF80
FFFF80
FFFF80
FFFF80
FFF780
FFF380
FFE080
7FE000
ENDCHAR
STARTCHAR F03E
ENCODING 61502
SWIDTH 660 0
DWIDTH 11 0
BBX 15 14 0 -1
BITMAP
7FFC
FFFE
8002
9802
9C02
9802
80C2
80E2
89E2
9FF2
BFFA
BFFE
FFFE
7FFC
ENDCHAR
STARTCHAR F03F
ENCODING 61503
SWIDTH 660 0
DWIDTH 11 0
BBX 10 16 0 -2
BITMAP
0E00
1E00
1E00
1E00
1E00
1E00
1E00
1E00
1E00
1E00
FFC0
7FC0
3F80
1F00
0E00
0400
ENDCHAR
STARTCHAR F040
ENCODING 61504
SWIDTH 660 0
DWIDTH 11 0
BBX 15 16 0 -2
BITMAP
0018
003C
003E
009E
01CE
0324
0670
0CF0
19E0
33C0
7F80
5F00
4600
DC00
F800
8000
ENDCHAR
STARTCHAR F041
ENCODING 61505
SWIDTH 660 0
DWIDTH 11 0
BBX 12 16 0 -2
BITMAP
0E00
3F80
7FC0
7FE0
FFE0
FFF0
FFF0
FFE0
7FE0
7FC0
3FC0
3F80
1F80
0F00
0E00
0400
ENDCHAR
STARTCHAR F042
ENCODING 61506
SWIDTH 660 0
DWIDTH 11 0
BBX 15 16 0 -2
BITMAP
03C0
1FF0
3F38
7F1C
7F0E
FF06
FF06
FF06
FF06
FF06
FF06
7F0E
7F1C
3F78
0FF0
0380
ENDCHAR
STARTCHAR F043
ENCODING 61507
SWIDTH 660 0
DWIDTH 11 0
BBX 12 16 0 -2
BITMAP
0400
0E00
0F00
1F80
3F80
3FC0
7FC0
7FE0
FFE0
FFF0
DFF0
DFE0
6FE0
73C0
3F80
0E00
ENDCHAR
STARTCHAR F044
ENCODING 61508
SWIDTH 660 0
DWIDTH 11 0
BBX 15 16 0 -2
BITMAP
0008
001E
7E32
FC76
80DE
818C
8318
8630
8460
8DC8
8F88
8C08
8008
C008
FFF8
3FF0
ENDCHAR
STARTCHAR F045
ENCODING 61509
SWIDTH 660 0
DWIDTH 11 0
BBX 17 16 0 -2
BITMAP
001000
781800
F81E00
83F700
860180
8C0180
89F300
8B1E00
8E1C00
8E1000
860000
830400
800400
800400
FFFC00
7FF800
ENDCHAR
STARTCHAR F046
ENCODING 61510
SWIDTH 660 0
DWIDTH 11 0
BBX 13 14 0 -1
BITMAP
7FF8
FFF8
8008
8008
8048
80C8
9188
9B08
8E08
8408
8008
8008
FFF8
7FF0
ENDCHAR
STARTCHAR F047
ENCODING 61511
SWIDTH 660 0
DWIDTH 11 0
BBX 15 16 0 -2
BITMAP
0100
0380
07C0
07E0
0180
3188
718C
FFFE
FFFE
718C
3188
0180
07E0
07C0
0380
0100
ENDCHAR
STARTCHAR F048
ENCODING 61512
SWIDTH 660 0
DWIDTH 11 0
BBX 10 12 0 0
BITMAP
40C0
C1C0
C3C0
C7C0
CFC0
FFC0
DFC0
CFC0
C7C0
C3C0
C1C0
4040
ENDCHAR
STARTCHAR F049
ENCODING 61513
SWIDTH 660 0
DWIDTH 11 0
BBX 15 12 0 0
BITMAP
C102
C38E
C79E
DFBE
FFFE
FFFE
FFFE
FFFE
DFBE
C79E
C386
C102
ENDCHAR
STARTCHAR F04A
ENCODING 61514
SWIDTH 660 0
DWIDTH 11 0
BBX 15 12 0 0
BITMAP
0202
070E
0F1E
3F3E
7F7E
FF7E
FF7E
7F7E
1F3E
0F1E
0706
0202
ENDCHAR
STARTCHAR F04B
ENCODING 61515
SWIDTH 660 0
DWIDTH 11 0
BBX 11 14 0 -1
BITMAP
4000
F000
FC00
FE00
FF80
FFE0
FFE0
FFE0
FFC0
FF80
FE00
F800
F000
4000
ENDCHAR
STARTCHAR F04C
ENCODING 61516
SWIDTH 660 0
DWIDTH 11 0
BBX 10 12 0 0
BITMAP
71C0
73C0
F3C0
F3C0
F3C0
F3C0
F3C0
F3C0
F3C0
F3C0
73C0
7180
ENDCHAR
STARTCHAR F04D
ENCODING 61517
SWIDTH 660 0
DWIDTH 11 0
BBX 12 12 0 0
BITMAP
7FE0
FFE0
FFF0
FFF0
FFF0
FFF0
FFF0
FFF0
FFF0
FFF0
FFE0
7FC0
ENDCHAR
STARTCHAR F04E
ENCODING 61518
SWIDTH 660 0
DWIDTH 11 0
BBX 15 12 0 0
BITMAP
C080
E0E0
F0F0
F8F8
FEFC
FEFE
FEFE
FCFC
F8F8
F0F0
E0C0
C080
ENDCHAR
STARTCHAR F04F
ENCODING 61519
SWIDTH 660 0
DWIDTH 11 0
BBX 15 10 0 1
BITMAP
0C00
1C00
3C00
7FFE
FFFE
FFFE
7FFE
3C00
1C00
0C00
ENDCHAR
STARTCHAR F050
ENCODING 61520
SWIDTH 660 0
DWIDTH 11 0
BBX 15 12 0 0
BITMAP
C102
E1C6
F1E6
F9F6
FFFE
FFFE
FFFE
FDFE
F9F6
F1E6
E186
C102
ENDCHAR
STARTCHAR F051
ENCODING 61521
SWIDTH 660 0
DWIDTH 11 0
BBX 10 12 0 0
BITMAP
40C0
E0C0
F8C0
FCC0
FEC0
FFC0
FFC0
FEC0
FCC0
F0C0
E0C0
4040
ENDCHAR
STARTCHAR F052
ENCODING 61522
SWIDTH 660 0
DWIDTH 11 0
BBX 13 14 0 -1
BITMAP
0300
0780
0F80
1FC0
3FE0
7FF0
FFF8
FFF8
FFF8
0000
0000
FFF8
FFF8
7FF8
ENDCHAR
STARTCHAR F053
ENCODING 61523
SWIDTH 660 0
DWIDTH 11 0
BBX 7 14 2 -1
BITMAP
06
0E
1C
38
70
E0
C0
C0
60
30
18
0C
06
02
ENDCHAR
STARTCHAR F054
ENCODING 61524
SWIDTH 660 0
DWIDTH 11 0
BBX 8 14 1 -1
BITMAP
40
60
70
38
1C
0E
07
07
0E
1C
38
70
E0
40
ENDCHAR
STARTCHAR F055
ENCODING 61525
SWIDTH 660 0
DWIDTH 11 0
BBX 15 16 0 -2
BITMAP
03C0
1FF0
3FF8
7FFC
7FFE
FEFE
FEFE
F01E
F81E
FEFE
FEFE
7FFE
7FFC
3FF8
0FF0
0380
ENDCHAR
STARTCHAR F056
ENCODING 61526
SWIDTH 660 0
DWIDTH 11 0
BBX 15 16 0 -2
BITMAP
03C0
1FF0
3FF8
7FFC
7FFE
FFFE
FFFE
F83E
F83E
FFFE
FFFE
7FFE
7FFC
3FF8
0FF0
0380
ENDCHAR
STARTCHAR F057
ENCODING 61527
SWIDTH 660 0
DWIDTH 11 0
BBX 15 16 0 -2
BITMAP
03C0
1FF0
3FF8
7FFC
7FFE
FBBE
F93E
FC7E
FC7E
F93E
FBBE
7FFE
7FFC
3FF8
0FF0
0380
ENDCHAR
STARTCHAR F058
ENCODING 61528
SWIDTH 660 0
DWIDTH 11 0
BBX 15 16 0 -2
BITMAP
03C0
1FF0
3FF8
7FFC
7FFE
FFDE
FF9E
F73E
F27E
F8FE
FDFE
7FFE
7FFC
3FF8
0FF0
0380
ENDCHAR
STARTCHAR F059
ENCODING 61529
SWIDTH 660 0
DWIDTH 11 0
BBX 15 16 0 -2
BITMAP
03C0
1FF0
3FF8
7FFC
7C3E
F83E
FF3E
FE3E
FEFE
FFFE
FE7E
7EFE
7FFC
3FF8
0FF0
0380
ENDCHAR
STARTCHAR F05A
ENCODING 61530
SWIDTH 660 0
DWIDTH 11 0
BBX 15 16 0 -2
BITMAP
03C0
1FF0
3FF8
7FFC
7EFE
FE7E
FFFE
FC7E
FE7E
FE7E
FC7E
7C7E
7FFC
3FF8
0FF0
0380
ENDCHAR
STARTCHAR F05B
ENCODING 61531
SWIDTH 660 0
DWIDTH 11 0
BBX 15 16 0 -2
BITMAP
0100
0180
0FE0
1FF0
3998
300C
600C
F99E
F91E
600C
301C
3998
1FF0
0FE0
0180
0100
ENDCHAR
STARTCHAR F05C
ENCODING 61532
SWIDTH 660 0
DWIDTH 11 0
BBX 15 16 0 -2
BITMAP
03C0
1FF0
3818
600C
4006
C446
C6C2
8382
8382
C6C2
C446
6006
600C
3818
0FF0
0380
ENDCHAR
STARTCHAR F05D
ENCODING 61533
SWIDTH 660 0
DWIDTH 11 0
BBX 15 16 0 -2
BITMAP
03C0
1FF0
3818
600C
4006
C026
C062
88C2
8D82
C702
C206
6006
600C
3818
0FF0
0380
ENDCHAR
STARTCHAR F05E
ENCODING 61534
SWIDTH 660 0
DWIDTH 11 0
BBX 15 16 0 -2
BITMAP
03C0
1FF0
3C38
781C
7C0E
CE06
C706
C386
C1C6
C0E6
E076
603E
701C
3C78
0FF0
0380
ENDCHAR
STARTCHAR F05F
ENCODING 61535
SWIDTH 660 0
DWIDTH 11 0
BBX 17 16 0 -2
BITMAP
7E0000
FE8000
FEC000
FEE000
FE0000
FFF000
FFF000
FFF180
FFF380
FFE580
FFCE00
FF9E00
FF3C00
FF7800
FF7000
7F4000
ENDCHAR
STARTCHAR F060
ENCODING 61536
SWIDTH 660 0
DWIDTH 11 0
BBX 13 12 0 0
BITMAP
0400
0E00
1C00
3800
7000
FFF8
FFF8
7000
3800
1C00
0E00
0400
ENDCHAR
STARTCHAR F061
ENCODING 61537
SWIDTH 660 0
DWIDTH 11 0
BBX 13 12 0 0
BITMAP
0100
0180
00C0
0060
0030
FFF8
FFF8
0030
0060
00C0
0180
0100
ENDCHAR
STARTCHAR F062
ENCODING 61538
SWIDTH 660 0
DWIDTH 11 0
BBX 11 14 0 -1
BITMAP
0400
0E00
1F00
3F80
76C0
E660
C620
0600
0600
0600
0600
0600
0600
0400
ENDCHAR
STARTCHAR F063
ENCODING 61539
SWIDTH 660 0
DWIDTH 11 0
BBX 11 14 0 -1
BITMAP
0400
0600
0600
0600
0600
0600
0600
C620
E660
76C0
3F80
1F00
0E00
0400
ENDCHAR
STARTCHAR F064
ENCODING 61540
SWIDTH 660 0
DWIDTH 11 0
BBX 15 14 0 -1
BITMAP
0040
0060
0078
1FFC
3FFE
7FFE
FFFE
FFFC
F078
E060
E040
6000
3000
1000
ENDCHAR
STARTCHAR F065
ENCODING 61541
SWIDTH 660 0
DWIDTH 11 0
BBX 13 14 0 -1
BITMAP
F878
F878
C008
C008
C008
0000
0000
0000
0000
C008
C008
C008
F878
F078
ENDCHAR
STARTCHAR F066
ENCODING 61542
SWIDTH 660 0
DWIDTH 11 0
BBX 13 14 0 -1
BITMAP
1840
1860
1860
F878
F878
0000
0000
0000
0000
F878
F878
1860
1860
1040
ENDCHAR
STARTCHAR F067
ENCODING 61543
SWIDTH 660 0
DWIDTH 11 0
BBX 12 12 0 0
BITMAP
0600
0600
0600
0600
0600
FFF0
FFF0
0600
0600
0600
0600
0600
ENDCHAR
STARTCHAR F068
ENCODING 61544
SWIDTH 660 0
DWIDTH 11 0
BBX 12 2 0 5
BITMAP
FFF0
FFF0
ENDCHAR
STARTCHAR F069
ENCODING 61545
SWIDTH 660 0
DWIDTH 11 0
BBX 11 14 0 -1
BITMAP
0400
0600
0600
C620
F6E0
3FC0
1F00
1F80
7FC0
E6E0
C620
0600
0600
0400
ENDCHAR
STARTCHAR F06A
ENCODING 61546
SWIDTH 660 0
DWIDTH 11 0
BBX 15 16 0 -2
BITMAP
03C0
1FF0
3FF8
7FFC
7EFE
FEFE
FEFE
FEFE
FEFE
FFFE
FE7E
7EFE
7FFC
3FF8
0FF0
0380
ENDCHAR
STARTCHAR F06B
ENCODING 61547
SWIDTH 660 0
DWIDTH 11 0
BBX 15 16 0 -2
BITMAP
1C30
3EF8
23C8
3388
FFFE
FFFE
FFFE
FFFE
0000
7E7C
7E7C
7E7C
7E7C
7E7C
7E7C
3E7C
ENDCHAR
STARTCHAR F06C
ENCODING 61548
SWIDTH 660 0
DWIDTH 11 0
BBX 15 14 0 -1
BITMAP
0002
0006
03FE
07FE
0FFE
103E
0FFE
3FFE
7FFC
5FFC
CFF8
C7F0
81C0
8000
ENDCHAR
STARTCHAR F06D
ENCODING 61549
SWIDTH 660 0
DWIDTH 11 0
BBX 13 16 0 -2
BITMAP
0400
0E40
1FE0
3FE0
7FF0
7FF8
FBF8
F3F8
F1B8
E038
F038
7078
78F0
3FF0
1FC0
0700
ENDCHAR
STARTCHAR F06E
ENCODING 61550
SWIDTH 660 0
DWIDTH 11 0
BBX 17 14 0 -1
BITMAP
01E000
0FF800
180C00
31C600
63F300
479180
C71080
C41080
463180
63F300
31C600
1C0C00
07F800
01C000
ENDCHAR
STARTCHAR F06F
ENCODING 61551
SWIDTH 660 0
DWIDTH 11 0
BBX 13 14 0 -1
BITMAP
FCF8
F8F8
F078
F8F8
FDF8
9FC8
0F80
0F80
DFC8
FDF8
F8F8
F878
FCF8
F8F8
ENDCHAR
STARTCHAR F070
ENCODING 61552
SWIDTH 660 0
DWIDTH 11 0
BBX 19 16 0 -2
BITMAP
800000
E0F000
37FC00
1C0600
0CE300
27F980
21C8C0
60C840
626840
2338C0
318D80
18E700
0E0380
07F8C0
00E060
000020
ENDCHAR
STARTCHAR F071
ENCODING 61553
SWIDTH 660 0
DWIDTH 11 0
BBX 15 14 0 -1
BITMAP
0100
0380
03C0
07C0
0EE0
0EE0
1EF0
1EF8
3EF8
3FFC
7E7C
FEFE
FFFE
7FFE
ENDCHAR
STARTCHAR F072
ENCODING 61554
SWIDTH 660 0
DWIDTH 11 0
BBX 17 16 0 -2
BITMAP
070000
070000
078000
03C000
C3C000
E3E000
7FFF00
7FFF80
7FFF80
7FFF00
E3E000
C3C000
038000
078000
070000
070000
ENDCHAR
STARTCHAR F073
ENCODING 61555
SWIDTH 660 0
DWIDTH 11 0
BBX 13 16 0 -2
BITMAP
1040
1840
7FF8
FFF8
FFF8
FFF8
88C8
88C8
FFF8
88C8
88C8
FFF8
88C8
88C8
FFF8
7FF0
ENDCHAR
STARTCHAR F074
ENCODING 61556
SWIDTH 660 0
DWIDTH 11 0
BBX 15 14 0 -1
BITMAP
0008
000C
F07E
F8FE
0DCC
0E88
0700
0300
098C
0DCE
F8FE
F07E
000C
0008
ENDCHAR
STARTCHAR F075
ENCODING 61557
SWIDTH 660 0
DWIDTH 11 0
BBX 15 14 0 -1
BITMAP
07C0
1FF0
3FFC
7FFC
FFFE
FFFE
FFFE
FFFE
FFFE
7FFC
7FFC
7FF0
F3C0
C000
ENDCHAR
STARTCHAR F076
ENCODING 61558
SWIDTH 660 0
DWIDTH 11 0
BBX 13 14 0 -1
BITMAP
F038
F038
F038
0000
F038
F038
F038
F038
F078
F8F8
7FF0
3FF0
1FE0
0700
ENDCHAR
STARTCHAR F077
ENCODING 61559
SWIDTH 660 0
DWIDTH 11 0
BBX 13 8 0 3
BITMAP
0300
0780
0FC0
1CE0
3870
7038
E018
C008
ENDCHAR
STARTCHAR F078
ENCODING 61560
SWIDTH 660 0
DWIDTH 11 0
BBX 13 8 0 1
BITMAP
C008
E018
7030
3860
1CC0
0F80
0700
0200
ENDCHAR
STARTCHAR F079
ENCODING 61561
SWIDTH 660 0
DWIDTH 11 0
BBX 17 12 0 0
BITMAP
300000
78FC00
FCFE00
FC0600
300600
300600
300600
300600
300F80
3F8F80
0F8700
000200
ENDCHAR
STARTCHAR F07A
ENCODING 61562
SWIDTH 660 0
DWIDTH 11 0
BBX 17 16 0 -2
BITMAP
E00000
FFFF80
3FFF80
1FFF80
1FFF80
1FFF00
1FFF00
1FFF00
0FFE00
080000
0FFE00
07FE00
000000
0E0600
0E0600
040600
ENDCHAR
STARTCHAR F07B
ENCODING 61563
SWIDTH 660 0
DWIDTH 11 0
BBX 15 14 0 -1
BITMAP
7E00
FF00
FFFE
FFFE
FFFE
FFFE
FFFE
FFFE
FFFE
FFFE
FFFE
FFFE
FFFE
7FFC
ENDCHAR
STARTCHAR F07C
ENCODING 61564
SWIDTH 660 0
DWIDTH 11 0
BBX 17 14 0 -1
BITMAP
7E0000
FF0000
FFFC00
FFFC00
FFFC00
E00000
DFFF80
DFFF80
BFFF80
BFFF00
7FFE00
7FFE00
FFFC00
FFFC00
ENDCHAR
STARTCHAR F07D
ENCODING 61565
SWIDTH 660 0
DWIDTH 11 0
BBX 7 16 2 -2
BITMAP
10
38
7C
FE
B6
30
30
30
30
30
30
B6
FE
7C
38
10
ENDCHAR
STARTCHAR F07E
ENCODING 61566
SWIDTH 660 0
DWIDTH 11 0
BBX 15 8 0 2
BITMAP
1810
3818
700C
FFFE
FFFE
700C
3818
1810
ENDCHAR
STARTCHAR F07F
ENCODING 61567
SWIDTH 660 0
DWIDTH 11 0
BBX 12 16 0 -2
BITMAP
0600
0F00
7BE0
FFE0
BFB0
8030
8030
8030
8030
8030
8030
8030
8030
8030
FFE0
7FC0
ENDCHAR
STARTCHAR F080
ENCODING 61568
SWIDTH 660 0
DWIDTH 11 0
BBX 15 14 0 -1
BITMAP
8000
8000
8000
8FF0
8000
8F80
8FC0
8000
8FF8
8FF8
8000
8000
FFFE
7FFE
ENDCHAR
STARTCHAR F081
ENCODING 61569
SWIDTH 660 0
DWIDTH 11 0
BBX 13 14 0 -1
BITMAP
7FF8
FFF8
FFF8
FE38
CE18
E018
C038
E038
E038
F078
E1F8
FFF8
FFF8
7FF0
ENDCHAR
STARTCHAR F082
ENCODING 61570
SWIDTH 660 0
DWIDTH 11 0
BBX 13 14 0 -1
BITMAP
7FF8
FFF8
FE38
F838
F8F8
F8F8
F8F8
E038
E038
F8F8
F8F8
F8F8
F8F8
78F0
ENDCHAR
STARTCHAR F083
ENCODING 61571
SWIDTH 660 0
DWIDTH 11 0
BBX 15 14 0 -1
BITMAP
39FC
7FFE
FE06
C006
C386
FFFE
FC3E
F83E
F83E
F83E
FC7E
FFFE
FFFE
7FFC
ENDCHAR
STARTCHAR F084
ENCODING 61572
SWIDTH 660 0
DWIDTH 11 0
BBX 15 16 0 -2
BITMAP
00F0
01FC
03FC
07CE
07CE
07FE
07FE
07FE
0FFC
1FFC
3FF0
7F00
FC00
FC00
F000
F000
ENDCHAR
STARTCHAR F085
ENCODING 61573
SWIDTH 660 0
DWIDTH 11 0
BBX 19 15 0 -2
BITMAP
080000
1C0000
7F8000
FF8000
738000
638000
F39980
FF9F80
7F9F80
1C39C0
0871E0
0079E0
003F80
001F80
001F80
ENDCHAR
STARTCHAR F086
ENCODING 61574
SWIDTH 660 0
DWIDTH 11 0
BBX 19 16 0 -2
BITMAP
0F0000
3FC000
7FE000
FFF000
FFF000
FFF700
FFF780
FFF7C0
7FE7E0
7FCFE0
CF1FE0
00FFE0
01FFE0
00FFC0
007FE0
000C20
ENDCHAR
STARTCHAR F087
ENCODING 61575
SWIDTH 660 0
DWIDTH 11 0
BBX 15 14 0 -1
BITMAP
00C0
01E0
0120
0320
0660
F47E
F002
F006
F006
F00E
F004
F60C
F3F8
E0F0
ENDCHAR
STARTCHAR F088
ENCODING 61576
SWIDTH 660 0
DWIDTH 11 0
BBX 15 14 0 -1
BITMAP
01F8
03F8
F60C
F004
F00E
F006
F006
F002
F47E
F660
F320
0120
01E0
00C0
ENDCHAR
STARTCHAR F089
ENCODING 61577
SWIDTH 660 0
DWIDTH 11 0
BBX 8 16 0 -2
BITMAP
01
01
03
03
07
7F
FF
7F
3F
1F
1F
1F
1F
1F
1C
10
ENDCHAR
STARTCHAR F08A
ENCODING 61578
SWIDTH 660 0
DWIDTH 11 0
BBX 15 14 0 -1
BITMAP
1830
7EFC
6386
C102
8002
C002
C002
6006
300C
1838
0C60
06C0
0380
0100
ENDCHAR
STARTCHAR F08B
ENCODING 61579
SWIDTH 660 0
DWIDTH 11 0
BBX 15 14 0 -1
BITMAP
3C00
FC00
C020
C030
C018
C00C
C7FE
C7FE
C01C
C038
C030
C020
7C00
3800
ENDCHAR
STARTCHAR F08C
ENCODING 61580
SWIDTH 660 0
DWIDTH 11 0
BBX 13 14 0 -1
BITMAP
FFF8
FFF8
CFF8
CFF8
FFF8
C918
C818
C988
C9C8
C9C8
C9C8
C9C8
FFF8
FFF8
ENDCHAR
STARTCHAR F08D
ENCODING 61581
SWIDTH 660 0
DWIDTH 11 0
BBX 11 16 0 -2
BITMAP
7FC0
7FE0
1F80
1F80
1F80
1F80
3F80
7FC0
7FE0
FFE0
FFE0
0000
0600
0600
0600
0400
ENDCHAR
STARTCHAR F08E
ENCODING 61582
SWIDTH 660 0
DWIDTH 11 0
BBX 15 16 0 -2
BITMAP
007E
7C7E
FE0E
C01E
C036
C066
C0C2
C180
C300
C204
C00C
C00C
C00C
C00C
FFFC
3FF8
ENDCHAR
STARTCHAR F08F
ENCODING 61583
SWIDTH 660 0
DWIDTH 11 0
BBX 15 8 0 2
BITMAP
1810
3818
7FFC
FFFE
FFFE
781C
3818
1810
ENDCHAR
STARTCHAR F090
ENCODING 61584
SWIDTH 660 0
DWIDTH 11 0
BBX 15 14 0 -1
BITMAP
003C
003E
0606
0706
0386
01C6
FFC6
FFC6
0186
0306
0606
0406
003E
0038
ENDCHAR
STARTCHAR F091
ENCODING 61585
SWIDTH 660 0
DWIDTH 11 0
BBX 17 16 0 -2
BITMAP
0FF800
0FF800
FFFF80
FFFF80
CFF880
CFF980
4FF980
67FB00
37F600
1FFC00
07F800
01C000
00C000
01C000
07F000
07F000
ENDCHAR
STARTCHAR F092
ENCODING 61586
SWIDTH 660 0
DWIDTH 11 0
BBX 13 14 0 -1
BITMAP
7FF8
FFF8
F878
E038
C898
CF98
CFC8
CFC8
CF98
D318
EF38
FB78
FFF8
7FF0
ENDCHAR
STARTCHAR F093
ENCODING 61587
SWIDTH 660 0
DWIDTH 11 0
BBX 15 16 0 -2
BITMAP
0100
0380
07C0
0FE0
1DB0
1990
0180
0180
0180
0180
0180
FD7E
FE7E
FFF2
FFFE
7FFC
ENDCHAR
STARTCHAR F094
ENCODING 61588
SWIDTH 660 0
DWIDTH 11 0
BBX 13 14 0 -1
BITMAP
03F0
1FF8
3808
6308
4E08
D808
D808
9008
C018
C018
C030
8060
FFC0
6600
ENDCHAR
STARTCHAR F095
ENCODING 61589
SWIDTH 660 0
DWIDTH 11 0
BBX 15 16 0 -2
BITMAP
1800
F800
FC00
FC00
FC00
FC00
7000
7800
3C00
3E10
1F3C
0FFE
07FE
03FE
00FE
001C
ENDCHAR
STARTCHAR F096
ENCODING 61590
SWIDTH 660 0
DWIDTH 11 0
BBX 13 14 0 -1
BITMAP
7FF8
FFF8
8008
8008
8008
8008
8008
8008
8008
8008
8008
8008
FFF8
7FF0
ENDCHAR
STARTCHAR F097
ENCODING 61591
SWIDTH 660 0
DWIDTH 11 0
BBX 12 16 0 -2
BITMAP
7FE0
FFF0
8030
8030
8030
8030
8030
8030
8030
8030
8030
8E30
9BB0
F0F0
E070
8020
ENDCHAR
STARTCHAR F098
ENCODING 61592
SWIDTH 660 0
DWIDTH 11 0
BBX 13 14 0 -1
BITMAP
7FF8
FFF8
FFF8
E7F8
E3F8
E3F8
E7F8
F3F8
F938
FC38
FF38
FFF8
FFF8
7FF0
ENDCHAR
STARTCHAR F099
ENCODING 61593
SWIDTH 660 0
DWIDTH 11 0
BBX 14 12 1 0
BITMAP
00F4
81FC
E1F8
FDF8
FFF8
FFF8
7FF0
7FF0
7FE0
0FC0
3F80
FE00
ENDCHAR
STARTCHAR F09A
ENCODING 61594
SWIDTH 660 0
DWIDTH 11 0
BBX 15 15 0 -2
BITMAP
03C0
0FF0
3FF8
7F1C
7C1E
FC3E
FC7E
FC7E
F01E
F01E
FC7E
7C7E
7C7C
3C78
0C70
ENDCHAR
STARTCHAR F09B
ENCODING 61595
SWIDTH 660 0
DWIDTH 11 0
BBX 15 14 0 -1
BITMAP
0FE0
3FF0
7FF8
640C
E00C
E00E
E00E
E00E
E00E
F01E
6C7C
6078
3C78
0C60
ENDCHAR
STARTCHAR F09C
ENCODING 61596
SWIDTH 660 0
DWIDTH 11 0
BBX 13 16 0 -2
BITMAP
0700
0FC0
18E0
1860
3000
3000
7FF8
FFF8
FFF8
FFF8
FFF8
FFF8
FFF8
FFF8
FFF8
7FF0
ENDCHAR
STARTCHAR F09D
ENCODING 61597
SWIDTH 660 0
DWIDTH 11 0
BBX 17 14 0 -1
BITMAP
7FFF00
FFFF80
800080
FFFF80
FFFF80
FFFF80
800080
800080
800080
99E080
9DE080
800080
FFFF80
7FFF00
ENDCHAR
STARTCHAR F09E
ENCODING 61598
SWIDTH 660 0
DWIDTH 11 0
BBX 13 14 0 -1
BITMAP
F000
FC00
0F00
0380
F0C0
FC60
0E30
0730
0398
0198
E198
F0D8
F0C8
6088
ENDCHAR
STARTCHAR F09F
ENCODING 61599
SWIDTH 660 0
DWIDTH 11 0
BBX 8 16 1 -2
BITMAP
08
1C
3E
7F
FF
1C
1C
1C
1C
1C
1C
FF
7F
3E
1C
08
ENDCHAR
STARTCHAR F0A0
ENCODING 61600
SWIDTH 660 0
DWIDTH 11 0
BBX 15 14 0 -1
BITMAP
7FFC
FFFE
8002
8002
8002
8002
8002
FFFE
C002
8002
80DA
8002
FFFE
7FFC
ENDCHAR
STARTCHAR F0A1
ENCODING 61601
SWIDTH 660 0
DWIDTH 11 0
BBX 15 16 0 -2
BITMAP
0004
000C
001C
007C
7FEC
FF8C
FC0E
FC0E
FC0E
FF8C
7FEC
3C7C
3C1C
3C0C
3C04
3800
ENDCHAR
STARTCHAR F0A2
ENCODING 61602
SWIDTH 660 0
DWIDTH 11 0
BBX 13 16 0 -2
BITMAP
0200
0300
0F80
18E0
3060
3020
2030
2030
2030
6030
6018
FFF8
FFF8
0000
0700
0200
ENDCHAR
STARTCHAR F0A3
ENCODING 61603
SWIDTH 660 0
DWIDTH 11 0
BBX 15 16 0 -2
BITMAP
0440
06C0
37F8
3FF8
3FF8
FFFE
FFFE
7FFC
7FFC
FFFE
FFFE
3FF8
3FF8
37E8
06C0
0440
ENDCHAR
STARTCHAR F0A4
ENCODING 61604
SWIDTH 660 0
DWIDTH 11 0
BBX 15 12 0 0
BITMAP
1E00
3FFE
6102
CDFE
CD60
8FE0
87C0
CC40
CFC0
68C0
3F80
0F80
ENDCHAR
STARTCHAR F0A5
ENCODING 61605
SWIDTH 660 0
DWIDTH 11 0
BBX 15 12 0 0
BITMAP
00F0
FFFC
8186
FFA2
0DA2
0FE2
07E2
0622
03E6
0236
03FC
01F0
ENDCHAR
STARTCHAR F0A6
ENCODING 61606
SWIDTH 660 0
DWIDTH 11 0
BBX 12 16 0 -2
BITMAP
6000
7000
D000
D000
D000
DC00
D7E0
FEA0
FEB0
C6B0
9FF0
C060
C020
6060
3FC0
0F00
ENDCHAR
STARTCHAR F0A7
ENCODING 61607
SWIDTH 660 0
DWIDTH 11 0
BBX 12 16 0 -2
BITMAP
1F00
3FC0
6060
C020
C0E0
9FF0
C6B0
FEB0
D6E0
D7E0
DC00
D000
D000
D000
7000
2000
ENDCHAR
STARTCHAR F0A8
ENCODING 61608
SWIDTH 660 0
DWIDTH 11 0
BBX 15 16 0 -2
BITMAP
03C0
1FF0
3FF8
7FFC
7CFE
F8FE
F1FE
F20E
F00E
FBFE
FCFE
7EFE
7FFC
3FF8
0FF0
0380
ENDCHAR
STARTCHAR F0A9
ENCODING 61609
SWIDTH 660 0
DWIDTH 11 0
BBX 15 16 0 -2
BITMAP
03C0
1FF0
3FF8
7FFC
7E7E
FF3E
FF9E
F00E
F00E
FF9E
FF3E
7E7E
7FFC
3FF8
0FF0
0380
ENDCHAR
STARTCHAR F0AA
ENCODING 61610
SWIDTH 660 0
DWIDTH 11 0
BBX 15 16 0 -2
BITMAP
03C0
1FF0
3FF8
7FFC
7E7E
FC3E
F89E
F2CE
FEFE
FEFE
FEFE
7EFE
7FFC
3FF8
0FF0
0380
ENDCHAR
STARTCHAR F0AB
ENCODING 61611
SWIDTH 660 0
DWIDTH 11 0
BBX 15 16 0 -2
BITMAP
03C0
1FF0
3FF8
7FFC
7EFE
FEFE
FEFE
F6FE
F2CE
F89E
FC3E
7E7E
7FFC
3FF8
0FF0
0380
ENDCHAR
STARTCHAR F0AC
ENCODING 61612
SWIDTH 660 0
DWIDTH 11 0
BBX 15 16 0 -2
BITMAP
0100
1BB0
3BD8
77DC
77DE
0000
F7FE
F7EE
F7EE
F7FE
0000
77DC
77DC
3BD8
0BB0
0100
ENDCHAR
STARTCHAR F0AD
ENCODING 61613
SWIDTH 660 0
DWIDTH 11 0
BBX 15 16 0 -2
BITMAP
0070
01F0
03E0
03C0
03C2
03C6
03FE
07FE
0FFC
1FF0
3F00
7E00
DC00
D800
F000
6000
ENDCHAR
STARTCHAR F0AE
ENCODING 61614
SWIDTH 660 0
DWIDTH 11 0
BBX 15 12 0 1
BITMAP
19FE
F1FE
6000
0000
0800
19FE
F1FE
6000
0000
0000
E7FE
E7FE
ENDCHAR
STARTCHAR F0AF
ENCODING 61615
SWIDTH 660 0
DWIDTH 11 0
BBX 13 14 0 -1
BITMAP
7FF8
8008
8008
8008
9FC8
9048
9048
9048
97C8
9008
8008
8008
8008
7FF0
ENDCHAR
STARTCHAR F0B0
ENCODING 61616
SWIDTH 660 0
DWIDTH 11 0
BBX 15 14 0 -1
BITMAP
FFFE
FFFE
7FFE
7FFC
3FF8
1FF0
0FF0
07E0
07C0
03C0
03C0
03C0
01C0
0080
ENDCHAR
STARTCHAR F0B1
ENCODING 61617
SWIDTH 660 0
DWIDTH 11 0
BBX 15 14 0 -1
BITMAP
0FE0
0830
0830
FFFE
FFFE
FFFE
FFFE
0000
FC3E
FC3E
FFFE
FFFE
FFFE
FFFE
ENDCHAR
STARTCHAR F0B2
ENCODING 61618
SWIDTH 660 0
DWIDTH 11 0
BBX 15 16 0 -2
BITMAP
0100
0380
07C0
07E0
0180
3188
718C
FFFE
FFFE
718C
3188
0180
07E0
07C0
0380
0100
ENDCHAR
STARTCHAR F0B3
ENCODING 61619
SWIDTH 660 0
DWIDTH 11 0
BBX 15 16 0 -2
BITMAP
003E
7C3E
FE1E
C01E
C03E
C062
C0C0
C180
C300
C204
C00C
C00C
C00C
C00C
FFFC
3FF8
ENDCHAR
STARTCHAR F0B4
ENCODING 61620
SWIDTH 660 0
DWIDTH 11 0
BBX 13 14 0 -1
BITMAP
7FF8
FFF8
FFF8
FFF8
F038
F838
F838
F038
E138
F3F8
FFF8
FFF8
FFF8
7FF0
ENDCHAR
STARTCHAR F0B5
ENCODING 61621
SWIDTH 660 0
DWIDTH 11 0
BBX 15 16 0 -2
BITMAP
0010
0018
001C
FFFE
FFFE
001C
0018
0010
1800
3800
7800
FFFE
FFFE
7800
3800
1000
ENDCHAR
STARTCHAR F0B6
ENCODING 61622
SWIDTH 660 0
DWIDTH 11 0
BBX 15 16 0 -2
BITMAP
0020
0030
1FF8
7FF8
6038
C030
C000
C000
0002
0006
0C06
1C0E
3FFC
3FF0
1C00
0800
ENDCHAR
STARTCHAR F0B7
ENCODING 61623
SWIDTH 660 0
DWIDTH 11 0
BBX 19 12 0 0
BITMAP
00F800
00FC00
007E00
003E00
019F00
039F80
078FC0
0F07E0
1CF3C0
37F960
71F9C0
801F00
ENDCHAR
STARTCHAR F0B8
ENCODING 61624
SWIDTH 660 0
DWIDTH 11 0
BBX 15 14 0 -1
BITMAP
FFFE
FFFE
FFFA
FFFA
E3CA
C182
9D32
E13A
8D3A
9932
8182
EFCA
9036
FFFE
ENDCHAR
STARTCHAR F0B9
ENCODING 61625
SWIDTH 660 0
DWIDTH 11 0
BBX 15 12 0 1
BITMAP
0C00
3C00
3C00
7C00
F802
F002
E40E
CE1E
1FFC
7FF8
3FF0
0FE0
ENDCHAR
STARTCHAR F0BA
ENCODING 61626
SWIDTH 660 0
DWIDTH 11 0
BBX 15 16 0 -2
BITMAP
03FE
1FFE
3802
6002
47C2
CC62
C832
9812
9812
C802
CC62
67F2
201E
3806
0FE2
0380
ENDCHAR
STARTCHAR F0BB
ENCODING 61627
SWIDTH 660 0
DWIDTH 11 0
BBX 12 14 0 -1
BITMAP
0F80
3FE0
79F0
40F0
00F0
00F0
0FF0
7FF0
F8F0
F0F0
F0F0
FFF0
7FF0
3830
ENDCHAR
STARTCHAR F0BC
ENCODING 61628
SWIDTH 660 0
DWIDTH 11 0
BBX 19 8 0 2
BITMAP
02BF80
0ACB80
1BDD00
1EE820
0F5EC0
F676E0
9FF560
F7B000
ENDCHAR
STARTCHAR F0BD
ENCODING 61629
SWIDTH 660 0
DWIDTH 11 0
BBX 15 15 0 -1
BITMAP
0100
0EE0
3018
6288
4304
8304
8282
86C2
8442
9FF2
8824
5024
2008
3010
0FE0
ENDCHAR
STARTCHAR F0BE
ENCODING 61630
SWIDTH 660 0
DWIDTH 11 0
BBX 13 14 0 -1
BITMAP
7FF8
FFF8
FFF8
F8F8
FDF8
FAF8
FA78
F378
C108
FFB8
EF98
FFF8
FFF8
7FF8
ENDCHAR
STARTCHAR F0BF
ENCODING 61631
SWIDTH 660 0
DWIDTH 11 0
BBX 19 5 0 4
BITMAP
6AA6A0
2FDDE0
E99A80
EEF780
088000
ENDCHAR
STARTCHAR F0C0
ENCODING 61632
SWIDTH 660 0
DWIDTH 11 0
BBX 19 16 0 -2
BITMAP
180300
3C07C0
3E07C0
3E07C0
1CE380
01F000
7DF7C0
7DF7E0
FDF7E0
FEE7E0
000000
03FC00
07FE00
0FFE00
0FFE00
0FFE00
ENDCHAR
STARTCHAR F0C1
ENCODING 61633
SWIDTH 660 0
DWIDTH 11 0
BBX 18 14 0 0
BITMAP
000F00
001F80
03C0C0
0FE0C0
1C70C0
39B0C0
7331C0
633380
C36700
C18E00
C1FC00
E2F000
7E0000
3C0000
ENDCHAR
STARTCHAR F0C2
ENCODING 61634
SWIDTH 660 0
DWIDTH 11 0
BBX 19 14 0 -1
BITMAP
038000
0FE000
0FFE00
1FFF00
1FFF00
3FFF00
7FFF80
FFFFC0
FFFFE0
FFFFE0
FFFFE0
7FFFE0
7FFFC0
1FFF80
ENDCHAR
STARTCHAR F0C3
ENCODING 61635
SWIDTH 660 0
DWIDTH 11 0
BBX 13 16 0 -2
BITMAP
1FC0
1FE0
0CC0
0CC0
0CC0
0CC0
0CC0
1CC0
18E0
3060
3FF0
7FF8
FFF8
FFF8
FFF8
7FF0
ENDCHAR
STARTCHAR F0C4
ENCODING 61636
SWIDTH 660 0
DWIDTH 11 0
BBX 15 16 0 -2
BITMAP
3800
7C0E
CE1E
C63C
CE78
7EF0
3FE0
07C0
0780
7F60
7EF0
C678
C63C
EC1E
7C0C
3000
ENDCHAR
STARTCHAR F0C5
ENCODING 61637
SWIDTH 660 0
DWIDTH 11 0
BBX 13 16 0 -2
BITMAP
07E0
0FF0
0818
0808
6808
E808
8808
8808
8808
8808
8FF8
87F8
8000
80C0
FF80
7F00
ENDCHAR
STARTCHAR F0C6
ENCODING 61638
SWIDTH 660 0
DWIDTH 11 0
BBX 13 15 0 -2
BITMAP
0040
01F0
0318
0618
0C98
1998
3330
6660
CCD8
D9B8
DB70
DEE0
C1C0
7380
3F00
ENDCHAR
STARTCHAR F0C7
ENCODING 61639
SWIDTH 660 0
DWIDTH 11 0
BBX 13 14 0 -1
BITMAP
7FC0
FFE0
B0F0
B0D8
BFC8
8008
8008
8708
8788
8788
8308
8008
FFF8
7FF0
ENDCHAR
STARTCHAR F0C8
ENCODING 61640
SWIDTH 660 0
DWIDTH 11 0
BBX 13 14 0 -1
BITMAP
7FF8
FFF8
FFF8
FFF8
FFF8
FFF8
FFF8
FFF8
FFF8
FFF8
FFF8
FFF8
FFF8
7FF0
ENDCHAR
STARTCHAR F0C9
ENCODING 61641
SWIDTH 660 0
DWIDTH 11 0
BBX 13 12 0 0
BITMAP
FFF8
FFF8
0000
0000
0000
FFF8
FFF8
0000
0000
0000
FFF8
FFF8
ENDCHAR
STARTCHAR F0CA
ENCODING 61642
SWIDTH 660 0
DWIDTH 11 0
BBX 15 12 0 0
BITMAP
E7FE
EFFE
4000
0000
4000
EFFE
EFFE
0000
0000
4000
EFFE
E7FE
ENDCHAR
STARTCHAR F0CB
ENCODING 61643
SWIDTH 660 0
DWIDTH 11 0
BBX 15 14 0 -1
BITMAP
6000
63FE
63FE
6000
6000
F000
03FE
03FE
6000
F000
3000
63FE
F3FE
F000
ENDCHAR
STARTCHAR F0CC
ENCODING 61644
SWIDTH 660 0
DWIDTH 11 0
BBX 15 14 0 -1
BITMAP
07C0
0FF0
1C20
1800
1800
1E00
FFFE
FFFE
0000
0010
0030
1C70
1FE0
03C0
ENDCHAR
STARTCHAR F0CD
ENCODING 61645
SWIDTH 660 0
DWIDTH 11 0
BBX 13 14 0 -1
BITMAP
78F8
78F8
3030
3030
3030
3030
3030
3060
18E0
1FC0
0700
0000
FFF8
FFF8
ENDCHAR
STARTCHAR F0CE
ENCODING 61646
SWIDTH 660 0
DWIDTH 11 0
BBX 15 14 0 -1
BITMAP
7FFC
FFFE
FFFE
FFFE
C186
C186
C186
FFFE
FFFE
C186
C186
C186
FFFE
7FFC
ENDCHAR
STARTCHAR F0CF
ENCODING 61647
SWIDTH 660 0
DWIDTH 11 0
BBX 16 12 1 1
BITMAP
0FF8
7006
8181
09C1
33C1
47E1
8772
8E72
9C3C
5CBC
3FDC
73CE
ENDCHAR
STARTCHAR F0D0
ENCODING 61648
SWIDTH 660 0
DWIDTH 11 0
BBX 15 16 0 -2
BITMAP
000C
001E
0036
0066
00CC
01D8
03F0
07E0
0FC0
1F80
3F00
7E00
FC00
F800
7000
2000
ENDCHAR
STARTCHAR F0D1
ENCODING 61649
SWIDTH 660 0
DWIDTH 11 0
BBX 19 16 0 -2
BITMAP
7FF000
FFF000
FFF000
FFFE00
FFFF00
FFF380
FFF1C0
FFF0C0
FFFFC0
FFFFC0
FFFFC0
F3FDE0
63F8E0
330880
1E0F80
0C0200
ENDCHAR
STARTCHAR F0D2
ENCODING 61650
SWIDTH 660 0
DWIDTH 11 0
BBX 15 15 0 -1
BITMAP
0100
0FE0
3FF8
7C78
701C
E7CC
ECCE
E8EE
E9CE
E5CE
F99C
783C
3BF8
3BF0
0BE0
ENDCHAR
STARTCHAR F0D3
ENCODING 61651
SWIDTH 660 0
DWIDTH 11 0
BBX 13 14 0 -1
BITMAP
7FF8
FFF8
F878
E238
EF98
C9D8
D9D8
D9D8
EB98
F938
F078
F3F8
F7F8
77F0
ENDCHAR
STARTCHAR F0D4
ENCODING 61652
SWIDTH 660 0
DWIDTH 11 0
BBX 13 14 0 -1
BITMAP
7FF8
FFF8
FFF8
FFF8
E1F8
CFF8
DFD8
D8D8
CDF8
E1F8
FFF8
FFF8
FFF8
7FF0
ENDCHAR
STARTCHAR F0D5
ENCODING 61653
SWIDTH 660 0
DWIDTH 11 0
BBX 18 12 0 0
BITMAP
0F0000
3F8000
798000
600000
C00180
C3E7C0
C3E7C0
E06180
60E180
79C000
3F8000
0E0000
ENDCHAR
STARTCHAR F0D6
ENCODING 61654
SWIDTH 660 0
DWIDTH 11 0
BBX 17 12 0 0
BITMAP
7FFF00
FFFF80
CFF980
DE3D80
FC1F80
FC0F80
FC1F80
FC1F80
DE3D80
CFF980
FFFF80
7FFF00
ENDCHAR
STARTCHAR F0D7
ENCODING 61655
SWIDTH 660 0
DWIDTH 11 0
BBX 9 6 1 2
BITMAP
FF80
FF80
7F00
3E00
1C00
0800
ENDCHAR
STARTCHAR F0D8
ENCODING 61656
SWIDTH 660 0
DWIDTH 11 0
BBX 9 6 1 4
BITMAP
1800
3C00
7E00
FF00
FF80
FF80
ENDCHAR
STARTCHAR F0D9
ENCODING 61657
SWIDTH 660 0
DWIDTH 11 0
BBX 5 10 3 1
BITMAP
18
38
78
F8
F8
F8
78
38
18
08
ENDCHAR
STARTCHAR F0DA
ENCODING 61658
SWIDTH 660 0
DWIDTH 11 0
BBX 6 10 2 1
BITMAP
40
E0
F0
F8
FC
FC
F8
F0
E0
40
ENDCHAR
STARTCHAR F0DB
ENCODING 61659
SWIDTH 660 0
DWIDTH 11 0
BBX 15 14 0 -1
BITMAP
7FFC
FFFE
FFFE
FFFE
C186
C186
C186
C186
C186
C186
C186
C186
FFFE
7FFC
ENDCHAR
STARTCHAR F0DC
ENCODING 61660
SWIDTH 660 0
DWIDTH 11 0
BBX 9 14 1 -2
BITMAP
0800
1C00
3E00
7F00
FF80
FF80
0000
0000
FF80
FF80
7F00
3E00
1C00
0800
ENDCHAR
STARTCHAR F0DD
ENCODING 61661
SWIDTH 660 0
DWIDTH 11 0
BBX 9 6 1 -2
BITMAP
FF80
FF80
7F00
3E00
1C00
0800
ENDCHAR
STARTCHAR F0DE
ENCODING 61662
SWIDTH 660 0
DWIDTH 11 0
BBX 9 6 1 6
BITMAP
0800
1C00
3E00
7F00
FF80
FF80
ENDCHAR
STARTCHAR F0DF
ENCODING 61663
SWIDTH 660 0
DWIDTH 11 0
BBX 19 12 0 0
BITMAP
01F800
061E00
180700
21FB80
061D00
C00660
71F0C0
181380
0E0E00
031800
01F000
004000
ENDCHAR
STARTCHAR F0E0
ENCODING 61664
SWIDTH 660 0
DWIDTH 11 0
BBX 15 12 0 0
BITMAP
7FFE
FFFE
FFFE
3FFC
9FFA
EFE6
F3DE
F9BE
FE7E
FFFE
FFFE
7FFC
ENDCHAR
STARTCHAR F0E1
ENCODING 61665
SWIDTH 660 0
DWIDTH 11 0
BBX 13 14 0 -1
BITMAP
6000
E000
E000
0000
0020
E6F8
E7F8
E738
E718
E718
E718
E718
E718
E718
ENDCHAR
STARTCHAR F0E2
ENCODING 61666
SWIDTH 660 0
DWIDTH 11 0
BBX 14 14 0 -1
BITMAP
C780
DFE0
F870
F018
FC18
FC0C
000C
000C
000C
0018
3038
3C70
1FE0
0380
ENDCHAR
STARTCHAR F0E3
ENCODING 61667
SWIDTH 660 0
DWIDTH 11 0
BBX 15 16 0 -2
BITMAP
00C0
01C0
03C0
07E0
0FF0
07FE
01FE
00FE
037C
1F78
3C30
7E00
FC00
F800
7000
2000
ENDCHAR
STARTCHAR F0E4
ENCODING 61668
SWIDTH 660 0
DWIDTH 11 0
BBX 15 16 0 -2
BITMAP
03C0
1FF0
3FF8
7FFC
7FDE
FFDE
FF9E
FFBE
FF3E
FC7E
FC3E
7C7E
7E7C
3FF8
0FF0
0380
ENDCHAR
STARTCHAR F0E5
ENCODING 61669
SWIDTH 660 0
DWIDTH 11 0
BBX 15 14 0 -1
BITMAP
07C0
1FF0
301C
6004
C006
C002
8002
C002
C006
6004
601C
7FF0
F3C0
C000
ENDCHAR
STARTCHAR F0E6
ENCODING 61670
SWIDTH 660 0
DWIDTH 11 0
BBX 19 16 0 -2
BITMAP
0F0000
3FC000
606000
C03000
C01600
801780
C010C0
C03060
606020
6FC020
FF0020
E08060
00C0C0
007F40
001FE0
000060
ENDCHAR
STARTCHAR F0E7
ENCODING 61671
SWIDTH 660 0
DWIDTH 11 0
BBX 11 16 0 -2
BITMAP
0080
01C0
0380
0780
1F00
3F00
7E00
FFE0
FFE0
0FC0
0F80
1F00
1E00
3C00
3800
2000
ENDCHAR
STARTCHAR F0E8
ENCODING 61672
SWIDTH 660 0
DWIDTH 11 0
BBX 17 14 0 -1
BITMAP
01C000
03E000
03E000
03E000
01E000
008000
3FFE00
3FFF00
208300
FBE780
FBEF80
FBEF80
FBE780
71C780
ENDCHAR
STARTCHAR F0E9
ENCODING 61673
SWIDTH 660 0
DWIDTH 11 0
BBX 17 16 0 -2
BITMAP
008000
00C000
07F000
1FFC00
3FFE00
7FFF00
7FFF80
FFFF80
DF7D80
069000
04D000
00C000
00C000
06C000
078000
030000
ENDCHAR
STARTCHAR F0EA
ENCODING 61674
SWIDTH 660 0
DWIDTH 11 0
BBX 15 16 0 -2
BITMAP
0C00
7F80
F7C0
FE00
FDF8
FDFC
FDFE
FDFE
FDFE
FDFE
FDFE
FDFE
FDFE
7DFE
01FE
00FE
ENDCHAR
STARTCHAR F0EB
ENCODING 61675
SWIDTH 660 0
DWIDTH 11 0
BBX 11 16 0 -2
BITMAP
0E00
3F80
60C0
CC40
D040
9060
C060
C040
60C0
2180
3100
1300
0000
1F00
1E00
0C00
ENDCHAR
STARTCHAR F0EC
ENCODING 61676
SWIDTH 660 0
DWIDTH 11 0
BBX 13 16 0 -2
BITMAP
0040
0060
0030
FFF8
FFF8
0030
0060
0040
1800
3800
7000
FFF8
FFF8
7000
3800
1000
ENDCHAR
STARTCHAR F0ED
ENCODING 61677
SWIDTH 660 0
DWIDTH 11 0
BBX 19 14 0 -1
BITMAP
038000
0FE000
0FFE00
1FFF00
1FBF00
3FBF00
7FBF80
FEBFC0
FE27E0
FF0FE0
FF9FE0
7FFFE0
7FFFC0
1FFF80
ENDCHAR
STARTCHAR F0EE
ENCODING 61678
SWIDTH 660 0
DWIDTH 11 0
BBX 19 14 0 -1
BITMAP
038000
0FE000
0FFE00
1FFF00
1FFF00
3F1F00
7E0F80
FEA7C0
FFBFE0
FFBFE0
FFBFE0
7FBFE0
7FFFC0
1FFF80
ENDCHAR
STARTCHAR F0EF
ENCODING 61679
SWIDTH 660 0
DWIDTH 11 0
BBX 18 12 1 0
BITMAP
748B80
14DC00
12D600
F35180
935080
EB2780
000000
0000C0
800140
600340
1FFC00
03E000
ENDCHAR
STARTCHAR F0F0
ENCODING 61680
SWIDTH 660 0
DWIDTH 11 0
BBX 13 16 0 -2
BITMAP
0700
0FC0
1FC0
1FE0
1FE0
1FC0
0FC0
0780
0000
0780
37A0
7730
EAD8
EAD8
F658
FFF8
ENDCHAR
STARTCHAR F0F1
ENCODING 61681
SWIDTH 660 0
DWIDTH 11 0
BBX 16 16 0 -2
BITMAP
6100
E380
C0C0
C0C0
C0CE
C0DB
C0DB
C18E
638C
7F0C
1E0C
0C0C
0E0C
0738
03F0
00C0
ENDCHAR
STARTCHAR F0F2
ENCODING 61682
SWIDTH 660 0
DWIDTH 11 0
BBX 15 14 0 -1
BITMAP
0FE0
0830
0830
EFFE
EFFE
EFFE
EFFE
EFFE
EFFE
EFFE
EFFE
EFFE
EFFE
EFFE
ENDCHAR
STARTCHAR F0F3
ENCODING 61683
SWIDTH 660 0
DWIDTH 11 0
BBX 13 16 0 -2
BITMAP
0200
0300
0F80
1FC0
3FE0
3FE0
3FF0
3FF0
3FF0
7FF0
7FF8
FFF8
FFF8
0000
0700
0200
ENDCHAR
STARTCHAR F0F4
ENCODING 61684
SWIDTH 660 0
DWIDTH 11 0
BBX 19 14 0 -1
BITMAP
1FFF80
1FFFC0
1FFC60
1FFC60
1FFC60
1FFC60
1FFFC0
1FFF80
1FFC00
1FFC00
0FF800
000000
FFFF80
FFFF80
ENDCHAR
STARTCHAR F0F5
ENCODING 61685
SWIDTH 660 0
DWIDTH 11 0
BBX 13 16 0 -2
BITMAP
5408
5438
5478
D478
D678
FE78
FC78
7C78
3078
3078
3038
3008
3008
3008
3008
1008
ENDCHAR
STARTCHAR F0F6
ENCODING 61686
SWIDTH 660 0
DWIDTH 11 0
BBX 12 16 0 -2
BITMAP
7F00
FF80
81C0
81E0
81F0
8030
8030
8030
9FB0
8030
8030
9FB0
8030
8030
FFE0
7FC0
ENDCHAR
STARTCHAR F0F7
ENCODING 61687
SWIDTH 660 0
DWIDTH 11 0
BBX 12 16 0 -2
BITMAP
7FE0
FFE0
8030
9BB0
9BB0
8030
8030
9BB0
9BB0
8030
8030
8630
8E30
8E30
FFE0
7FC0
ENDCHAR
STARTCHAR F0F8
ENCODING 61688
SWIDTH 660 0
DWIDTH 11 0
BBX 19 16 0 -2
BITMAP
03F800
07FC00
040400
FC47E0
C4F420
844420
F405E0
840420
840420
F405E0
840420
84E420
84E420
84E420
FFFFE0
7FFFC0
ENDCHAR
STARTCHAR F0F9
ENCODING 61689
SWIDTH 660 0
DWIDTH 11 0
BBX 19 16 0 -2
BITMAP
7FF000
FFF000
F9F000
F9FE00
E07F00
E07380
F9F1C0
F9F0C0
FFFFC0
FFFFC0
FFFFC0
F3FDE0
63F8E0
330880
1E0F80
0C0200
ENDCHAR
STARTCHAR F0FA
ENCODING 61690
SWIDTH 660 0
DWIDTH 11 0
BBX 15 14 0 -1
BITMAP
0FE0
0830
0830
EFFE
EFFE
EEFE
EE7E
E83E
E81E
EE7E
EE7E
EFFE
EFFE
EFFE
ENDCHAR
STARTCHAR F0FB
ENCODING 61691
SWIDTH 660 0
DWIDTH 11 0
BBX 19 16 0 -2
BITMAP
078000
078000
038000
03C000
63C000
73E000
7FFF80
C7FFE0
FFFFE0
7FFF00
73E000
63C000
03C000
038000
078000
078000
ENDCHAR
STARTCHAR F0FC
ENCODING 61692
SWIDTH 660 0
DWIDTH 11 0
BBX 14 14 0 -1
BITMAP
FFC0
FFE0
FFF8
EAFC
EAEC
EAEC
EAEC
EAEC
EAFC
EAF8
EAE0
FFE0
FFC0
7F80
ENDCHAR
STARTCHAR F0FD
ENCODING 61693
SWIDTH 660 0
DWIDTH 11 0
BBX 13 14 0 -1
BITMAP
7FF8
FFF8
FFF8
E7B8
E7B8
E7B8
E038
E038
E7B8
E7B8
F7B8
FFF8
FFF8
7FF0
ENDCHAR
STARTCHAR F0FE
ENCODING 61694
SWIDTH 660 0
DWIDTH 11 0
BBX 13 14 0 -1
BITMAP
7FF8
FFF8
FFF8
FFF8
FDF8
FDF8
F038
F038
FDF8
FDF8
FFF8
FFF8
FFF8
7FF0
ENDCHAR
STARTCHAR F0FF
ENCODING 61695
SWIDTH 660 0
DWIDTH 11 0
BBX 13 14 0 -1
BITMAP
FFF8
FFF8
FFF8
E7F8
E478
E038
E798
E798
E718
E038
FFF8
FFF8
FFF8
FFF8
ENDCHAR
STARTCHAR F100
ENCODING 61696
SWIDTH 660 0
DWIDTH 11 0
BBX 12 12 0 0
BITMAP
0410
0E30
1C70
38E0
71C0
E380
E380
71C0
38E0
1C70
0E30
0410
ENDCHAR
STARTCHAR F101
ENCODING 61697
SWIDTH 660 0
DWIDTH 11 0
BBX 12 12 0 0
BITMAP
C200
E300
7180
38C0
1C60
0E30
0E30
1C60
38C0
7180
E300
C200
ENDCHAR
STARTCHAR F102
ENCODING 61698
SWIDTH 660 0
DWIDTH 11 0
BBX 11 13 0 0
BITMAP
0400
0E00
1F00
3980
70C0
E060
C620
0F00
1F80
39C0
70E0
E060
C020
ENDCHAR
STARTCHAR F103
ENCODING 61699
SWIDTH 660 0
DWIDTH 11 0
BBX 11 13 0 -1
BITMAP
C020
E060
70E0
39C0
1F80
0F00
C620
E060
70C0
3980
1F00
0E00
0400
ENDCHAR
STARTCHAR F104
ENCODING 61700
SWIDTH 660 0
DWIDTH 11 0
BBX 7 12 2 0
BITMAP
04
0E
1C
38
70
E0
E0
70
38
1C
0E
04
ENDCHAR
STARTCHAR F105
ENCODING 61701
SWIDTH 660 0
DWIDTH 11 0
BBX 7 12 2 0
BITMAP
C0
E0
70
38
1C
0E
0C
18
30
70
E0
C0
ENDCHAR
STARTCHAR F106
ENCODING 61702
SWIDTH 660 0
DWIDTH 11 0
BBX 11 7 0 3
BITMAP
0600
0F00
1F80
39C0
70E0
E060
C020
ENDCHAR
STARTCHAR F107
ENCODING 61703
SWIDTH 660 0
DWIDTH 11 0
BBX 11 7 0 3
BITMAP
C020
E060
70C0
3980
1F00
0E00
0400
ENDCHAR
STARTCHAR F108
ENCODING 61704
SWIDTH 660 0
DWIDTH 11 0
BBX 17 16 0 -2
BITMAP
7FFF00
FFFF80
C00180
C00180
C00180
C00180
C00180
C00180
C00180
FFFF80
FFFF80
FFFF80
7FFF00
01C000
0FF800
0FF800
ENDCHAR
STARTCHAR F109
ENCODING 61705
SWIDTH 660 0
DWIDTH 11 0
BBX 19 14 0 -1
BITMAP
1FFF00
3FFF80
300180
300180
300180
300180
300180
300180
300180
300180
000000
FFFFE0
FFFFE0
7FFFC0
ENDCHAR
STARTCHAR F10A
ENCODING 61706
SWIDTH 660 0
DWIDTH 11 0
BBX 13 16 0 -2
BITMAP
7FF0
FFF8
C008
C008
C008
C008
C008
C008
C008
C008
C008
C008
FFF8
FCF8
FDF8
7FF0
ENDCHAR
STARTCHAR F10B
ENCODING 61707
SWIDTH 660 0
DWIDTH 11 0
BBX 11 16 0 -2
BITMAP
7FC0
FFC0
C060
C060
C060
C060
C060
C060
C060
C060
C060
C060
FFE0
F3E0
FBC0
7F80
ENDCHAR
STARTCHAR F10C
ENCODING 61708
SWIDTH 660 0
DWIDTH 11 0
BBX 15 16 0 -2
BITMAP
03C0
1FF0
3818
600C
4006
C006
C002
8002
8002
C002
C006
6006
600C
3818
0FF0
0380
ENDCHAR
STARTCHAR F10D
ENCODING 61709
SWIDTH 660 0
DWIDTH 11 0
BBX 13 10 0 1
BITMAP
3830
78F0
C0C0
C0C0
F8F8
FCF8
FCF8
FCF8
FCF8
7870
ENDCHAR
STARTCHAR F10E
ENCODING 61710
SWIDTH 660 0
DWIDTH 11 0
BBX 13 10 0 1
BITMAP
78F8
FCF8
FCF8
FCF8
FCF8
7CF8
0C08
1818
7878
6060
ENDCHAR
STARTCHAR F10F
ENCODING 61711
SWIDTH 660 0
DWIDTH 11 0
BBX 15 15 0 -1
BITMAP
0100
0FE0
3FF8
7EF8
787C
FC3C
FD9E
F83E
F93E
F3BE
F83C
7DFC
3FF8
3FF0
0FE0
ENDCHAR
STARTCHAR F110
ENCODING 61712
SWIDTH 660 0
DWIDTH 11 0
BBX 15 16 0 -2
BITMAP
0100
0380
3380
3800
3000
0000
4000
E006
E006
0000
0000
3018
381C
3398
0380
0100
ENDCHAR
STARTCHAR F111
ENCODING 61713
SWIDTH 660 0
DWIDTH 11 0
BBX 15 16 0 -2
BITMAP
03C0
1FF0
3FF8
7FFC
7FFE
FFFE
FFFE
FFFE
FFFE
FFFE
FFFE
7FFE
7FFC
3FF8
0FF0
0380
ENDCHAR
STARTCHAR F112
ENCODING 61714
SWIDTH 660 0
DWIDTH 11 0
BBX 15 14 0 -1
BITMAP
0400
0E00
1E00
3FF0
7FFC
FFFE
7FFE
3FFE
1E1E
0E0E
040E
000E
000C
0008
ENDCHAR
STARTCHAR F113
ENCODING 61715
SWIDTH 660 0
DWIDTH 11 0
BBX 14 12 0 0
BITMAP
6018
7FF8
7FF8
7FF8
FFFC
FFFC
E80C
DC6C
DC6C
486C
6018
1FE0
ENDCHAR
STARTCHAR F114
ENCODING 61716
SWIDTH 660 0
DWIDTH 11 0
BBX 15 14 0 -1
BITMAP
7E00
FF00
81FE
80FE
8002
8002
8002
8002
8002
8002
8002
8002
FFFE
7FFC
ENDCHAR
STARTCHAR F115
ENCODING 61717
SWIDTH 660 0
DWIDTH 11 0
BBX 17 14 0 -1
BITMAP
7C0000
FF0000
83FC00
80FC00
800400
800000
9FFF80
9FFF80
BFFF80
BFFF00
FFFE00
FFFE00
FFFC00
7FFC00
ENDCHAR
STARTCHAR F116
ENCODING 61718
SWIDTH 660 0
DWIDTH 11 0
BBX 15 14 0 0
BITMAP
0FE0
1010
0008
0820
0820
8822
8822
8C42
8382
8102
4104
6108
3018
0C60
ENDCHAR
STARTCHAR F117
ENCODING 61719
SWIDTH 660 0
DWIDTH 11 0
BBX 15 10 0 1
BITMAP
79C0
7BC0
000E
631E
F3DC
F380
001C
001E
07BC
0780
ENDCHAR
STARTCHAR F118
ENCODING 61720
SWIDTH 660 0
DWIDTH 11 0
BBX 15 16 0 -2
BITMAP
03C0
1FF0
3818
600C
4006
C006
CC62
8002
8002
C002
CC66
67C6
600C
3818
0FF0
0380
ENDCHAR
STARTCHAR F119
ENCODING 61721
SWIDTH 660 0
DWIDTH 11 0
BBX 15 16 0 -2
BITMAP
03C0
1FF0
3818
600C
4006
C006
CC62
8002
8002
C7C2
CE66
6836
600C
3818
0FF0
0380
ENDCHAR
STARTCHAR F11A
ENCODING 61722
SWIDTH 660 0
DWIDTH 11 0
BBX 15 16 0 -2
BITMAP
03C0
1FF0
3818
600C
4006
C006
CC62
8002
8002
C002
C7C6
67C6
600C
3818
0FF0
0380
ENDCHAR
STARTCHAR F11B
ENCODING 61723
SWIDTH 660 0
DWIDTH 11 0
BBX 19 12 0 0
BITMAP
0FFE00
3FFF80
7FFFC0
7FFCE0
FBFCE0
F0FCE0
F0F3E0
FBF3E0
7FFFE0
7FFFC0
3FFF80
0FFE00
ENDCHAR
STARTCHAR F11C
ENCODING 61724
SWIDTH 660 0
DWIDTH 11 0
BBX 17 12 0 0
BITMAP
7FFF00
FFFF80
800080
9AB480
800080
9AB480
92B480
800080
87F080
800080
FFFF80
7FFF00
ENDCHAR
STARTCHAR F11D
ENCODING 61725
SWIDTH 660 0
DWIDTH 11 0
BBX 13 16 0 -2
BITMAP
8000
9E08
FBF8
8048
8008
8008
8008
8008
8008
8008
FF18
E1F8
8000
8000
8000
8000
ENDCHAR
STARTCHAR F11E
ENCODING 61726
SWIDTH 660 0
DWIDTH 11 0
BBX 13 16 0 -2
BITMAP
C000
DE08
FFF8
EDF8
CCC8
C2C8
F338
ED38
CCC8
DEC8
FFF8
E1F8
C000
C000
C000
8000
ENDCHAR
STARTCHAR F11F
ENCODING 61727
SWIDTH 660 0
DWIDTH 11 0
BBX 13 14 0 -1
BITMAP
7FF0
FFF8
FFF8
E078
E078
E678
E018
E018
E798
E018
E038
FFF8
FFF8
7FF0
ENDCHAR
STARTCHAR F120
ENCODING 61728
SWIDTH 660 0
DWIDTH 11 0
BBX 17 14 0 -1
BITMAP
C00000
E00000
700000
380000
1C0000
0E0000
070000
070000
0E0000
1C0000
380000
700000
E1FF80
C1FF80
ENDCHAR
STARTCHAR F121
ENCODING 61729
SWIDTH 660 0
DWIDTH 11 0
BBX 19 16 0 -2
BITMAP
001000
003000
003000
003000
183300
386380
7061C0
E060E0
E0C0E0
70C1C0
38C380
18C300
018000
018000
018000
010000
ENDCHAR
STARTCHAR F122
ENCODING 61730
SWIDTH 660 0
DWIDTH 11 0
BBX 17 14 0 -1
BITMAP
04C000
0DC000
1BC000
77F800
CFFE00
9FFF00
CFFF00
77FF80
3BC780
0DC380
04C300
000300
000600
000400
ENDCHAR
STARTCHAR F123
ENCODING 61731
SWIDTH 660 0
DWIDTH 11 0
BBX 9 16 1 -2
BITMAP
0100
0180
0380
0380
0780
7F80
F180
6180
3180
1980
1980
1980
1B80
1700
1C00
1000
ENDCHAR
STARTCHAR F124
ENCODING 61732
SWIDTH 660 0
DWIDTH 11 0
BBX 13 12 0 0
BITMAP
0078
01F0
07F0
3FE0
FFE0
FFE0
03C0
03C0
0380
0380
0380
0300
ENDCHAR
STARTCHAR F125
ENCODING 61733
SWIDTH 660 0
DWIDTH 11 0
BBX 15 16 0 -2
BITMAP
3002
3006
F7FC
F7F8
3038
3078
30E8
31C8
3388
3708
3E08
3C08
3FEE
1FEE
0008
0008
ENDCHAR
STARTCHAR F126
ENCODING 61734
SWIDTH 660 0
DWIDTH 11 0
BBX 13 16 0 -2
BITMAP
6030
F878
D848
F878
7038
6030
6070
7FE0
7FC0
7000
6000
7000
D800
D800
F000
2000
ENDCHAR
STARTCHAR F127
ENCODING 61735
SWIDTH 660 0
DWIDTH 11 0
BBX 19 16 0 -2
BITMAP
800000
E00F80
301FC0
1BC0C0
0FF060
073060
1198E0
38D9C0
707380
613F00
418E00
60E600
607380
3F00C0
1E0060
000020
ENDCHAR
STARTCHAR F128
ENCODING 61736
SWIDTH 660 0
DWIDTH 11 0
BBX 9 14 1 -1
BITMAP
3C00
7F00
E300
C180
C180
0300
0700
0E00
1800
0800
0000
0800
1800
0800
ENDCHAR
STARTCHAR F129
ENCODING 61737
SWIDTH 660 0
DWIDTH 11 0
BBX 6 14 2 -1
BITMAP
38
38
10
00
00
F0
30
30
30
30
30
30
7C
FC
ENDCHAR
STARTCHAR F12A
ENCODING 61738
SWIDTH 660 0
DWIDTH 11 0
BBX 2 14 4 -1
BITMAP
40
C0
C0
C0
C0
C0
C0
C0
C0
40
00
40
C0
40
ENDCHAR
STARTCHAR F12B
ENCODING 61739
SWIDTH 660 0
DWIDTH 11 0
BBX 15 14 0 -1
BITMAP
0004
000C
E0CC
E1CC
318C
3B0E
1E0E
0E00
0E00
1F00
3B00
3180
E1E0
C0C0
ENDCHAR
STARTCHAR F12C
ENCODING 61740
SWIDTH 660 0
DWIDTH 11 0
BBX 15 14 0 -1
BITMAP
E0C0
E1E0
3180
3B00
1E00
0E00
0E00
1F0C
3B0C
318C
E1EC
E0CC
000E
000E
ENDCHAR
STARTCHAR F12D
ENCODING 61741
SWIDTH 660 0
DWIDTH 11 0
BBX 15 14 0 -1
BITMAP
00C0
01E0
03F0
07F8
0FFC
1FFE
39FE
70FE
E07C
C038
E070
70E0
3FFE
0FFE
ENDCHAR
STARTCHAR F12E
ENCODING 61742
SWIDTH 660 0
DWIDTH 11 0
BBX 15 16 0 -2
BITMAP
0300
0780
0700
0300
FFE0
FFF0
FFF0
9FF6
0FFE
0FFE
DFF6
FFF0
F8F0
F870
FCF0
78E0
ENDCHAR
STARTCHAR F12F
ENCODING 61743
SWIDTH 660 0
DWIDTH 11 0
BBX 13 14 0 -1
BITMAP
1F00
7FC0
FFE0
FFE0
F1E0
FFF8
FFF8
FFF8
FFF8
F038
FFF8
7FF8
7FF0
1FC0
ENDCHAR
STARTCHAR F130
ENCODING 61744
SWIDTH 660 0
DWIDTH 11 0
BBX 11 16 0 -2
BITMAP
0C00
1F00
3F00
3F00
3F00
3F00
BF60
BF60
BF60
DF40
4EC0
7180
1F00
0400
1F00
1F00
ENDCHAR
STARTCHAR F131
ENCODING 61745
SWIDTH 660 0
DWIDTH 11 0
BBX 19 16 0 -2
BITMAP
80E000
E1F000
31F000
19F000
0DF000
07F000
01F600
0CF600
0C7600
043E00
060C00
030600
01F380
0040C0
01F060
01F020
ENDCHAR
STARTCHAR F132
ENCODING 61746
SWIDTH 660 0
DWIDTH 11 0
BBX 14 16 0 -2
BITMAP
0100
0FC0
3FF8
FFFC
FFFC
FFFC
FFFC
FFFC
7FFC
7FF8
7FF8
3FF0
1FF0
0FE0
07C0
0100
ENDCHAR
STARTCHAR F133
ENCODING 61747
SWIDTH 660 0
DWIDTH 11 0
BBX 13 16 0 -2
BITMAP
1040
1840
7FF8
FFF8
FFF8
FFF8
8008
8008
8008
8008
8008
8008
8008
8008
FFF8
7FF0
ENDCHAR
STARTCHAR F134
ENCODING 61748
SWIDTH 660 0
DWIDTH 11 0
BBX 15 16 0 -2
BITMAP
0C06
0E7E
1BFE
7E7E
CE0E
9F00
3F80
3F80
3F80
3F80
3F80
3F80
0000
3F80
3F80
1E00
ENDCHAR
STARTCHAR F135
ENCODING 61749
SWIDTH 660 0
DWIDTH 11 0
BBX 15 16 0 -2
BITMAP
001E
00FE
01FE
03C6
3FC6
7FFE
7FFE
FFFC
FFF8
0FF0
0FF0
0FF0
01F0
01E0
01C0
0100
ENDCHAR
STARTCHAR F136
ENCODING 61750
SWIDTH 660 0
DWIDTH 11 0
BBX 15 12 0 0
BITMAP
7FF8
7FFC
7FFE
39CE
31CE
71CE
738E
738E
738E
E39C
E39C
E71C
ENDCHAR
STARTCHAR F137
ENCODING 61751
SWIDTH 660 0
DWIDTH 11 0
BBX 15 16 0 -2
BITMAP
03C0
1FF0
3FF8
7FFC
7F7E
FE7E
FCFE
F9FE
F9FE
FCFE
FE7E
7F7E
7FFC
3FF8
0FF0
0380
ENDCHAR
STARTCHAR F138
ENCODING 61752
SWIDTH 660 0
DWIDTH 11 0
BBX 15 16 0 -2
BITMAP
03C0
1FF0
3FF8
7FFC
7DFE
FCFE
FE7E
FF3E
FF3E
FE7E
FCFE
7DFE
7FFC
3FF8
0FF0
0380
ENDCHAR
STARTCHAR F139
ENCODING 61753
SWIDTH 660 0
DWIDTH 11 0
BBX 15 16 0 -2
BITMAP
03C0
1FF0
3FF8
7FFC
7FFE
FEFE
FC7E
F93E
F39E
F7DE
FFFE
7FFE
7FFC
3FF8
0FF0
0380
ENDCHAR
STARTCHAR F13A
ENCODING 61754
SWIDTH 660 0
DWIDTH 11 0
BBX 15 16 0 -2
BITMAP
03C0
1FF0
3FF8
7FFC
7FFE
FFFE
F7DE
F39E
F93E
FC7E
FEFE
7FFE
7FFC
3FF8
0FF0
0380
ENDCHAR
STARTCHAR F13B
ENCODING 61755
SWIDTH 660 0
DWIDTH 11 0
BBX 12 14 0 -1
BITMAP
FFF0
FFE0
FFE0
C060
CFE0
CFE0
4060
7E60
6E60
6060
79E0
7FE0
3F80
0400
ENDCHAR
STARTCHAR F13C
ENCODING 61756
SWIDTH 660 0
DWIDTH 11 0
BBX 14 14 0 -1
BITMAP
3FFC
3FFC
3FFC
000C
7FFC
7FF8
7FF8
0018
6018
E038
F8F8
7FF0
1F80
0400
ENDCHAR
STARTCHAR F13D
ENCODING 61757
SWIDTH 660 0
DWIDTH 11 0
BBX 17 16 0 -2
BITMAP
01C000
03E000
036000
033000
03E000
01C000
03F000
00C000
20C300
70C780
F8C780
60C300
30C700
38CE00
1FFC00
07F000
ENDCHAR
STARTCHAR F13E
ENCODING 61758
SWIDTH 660 0
DWIDTH 11 0
BBX 13 16 0 -2
BITMAP
0700
0FC0
18E0
1860
3000
3000
7FF8
FFF8
FFF8
FFF8
F878
F8F8
FFF8
FFF8
FFF8
7FF0
ENDCHAR
STARTCHAR F13F
ENCODING 61759
SWIDTH 660 0
DWIDTH 11 0
BBX 13 14 0 -1
BITMAP
FFF8
98C8
98C8
98C8
6730
FFF8
98C8
98C8
98C8
6730
FFB8
98B8
98B8
F7B8
ENDCHAR
STARTCHAR F140
ENCODING 61760
SWIDTH 660 0
DWIDTH 11 0
BBX 15 16 0 -2
BITMAP
03C0
1FF0
3C38
701C
67CE
CFE6
CC36
D9B6
D936
CC36
EFE6
67CE
701C
3C78
0FF0
0380
ENDCHAR
STARTCHAR F141
ENCODING 61761
SWIDTH 660 0
DWIDTH 11 0
BBX 13 4 0 4
BITMAP
6230
E738
E738
4210
ENDCHAR
STARTCHAR F142
ENCODING 61762
SWIDTH 660 0
DWIDTH 11 0
BBX 3 13 4 0
BITMAP
40
E0
E0
C0
00
C0
E0
E0
40
00
C0
E0
E0
ENDCHAR
STARTCHAR F143
ENCODING 61763
SWIDTH 660 0
DWIDTH 11 0
BBX 13 14 0 -1
BITMAP
7FF8
FFF8
FFF8
E1F8
FC78
EF38
E338
F998
FC98
E6D8
E6D8
FFF8
FFF8
7FF0
ENDCHAR
STARTCHAR F144
ENCODING 61764
SWIDTH 660 0
DWIDTH 11 0
BBX 15 16 0 -2
BITMAP
03C0
1FF0
3FF8
7FFC
7FFE
F8FE
F87E
F81E
F81E
F87E
F8FE
7FFE
7FFC
3FF8
0FF0
0380
ENDCHAR
STARTCHAR F145
ENCODING 61765
SWIDTH 660 0
DWIDTH 11 0
BBX 17 12 0 0
BITMAP
7FFF00
FFFF80
E00380
EFFB80
EFFB80
6FFB00
6FFB00
EFFB80
EFFB80
E00380
FFFF80
7FFF00
ENDCHAR
STARTCHAR F146
ENCODING 61766
SWIDTH 660 0
DWIDTH 11 0
BBX 13 14 0 -1
BITMAP
7FF8
FFF8
FFF8
FFF8
FFF8
FFF8
F078
F078
FFF8
FFF8
FFF8
FFF8
FFF8
7FF0
ENDCHAR
STARTCHAR F147
ENCODING 61767
SWIDTH 660 0
DWIDTH 11 0
BBX 13 14 0 -1
BITMAP
7FF8
FFF8
8008
8008
8008
8008
8F88
8F88
8008
8008
8008
8008
FFF8
7FF0
ENDCHAR
STARTCHAR F148
ENCODING 61768
SWIDTH 660 0
DWIDTH 11 0
BBX 10 16 0 -2
BITMAP
0400
0E00
1F00
3F80
76C0
6640
0600
0600
0600
0600
0600
0600
0600
0E00
FC00
F800
ENDCHAR
STARTCHAR F149
ENCODING 61769
SWIDTH 660 0
DWIDTH 11 0
BBX 11 16 0 -2
BITMAP
F800
FC00
0600
0600
0600
0600
0600
0600
0600
0600
6660
76C0
3F80
1F00
0E00
0400
ENDCHAR
STARTCHAR F14A
ENCODING 61770
SWIDTH 660 0
DWIDTH 11 0
BBX 13 14 0 -1
BITMAP
7FF8
FFF8
FFF8
FFF8
FFB8
FF38
EE78
E4F8
F1F8
FBF8
FFF8
FFF8
FFF8
7FF0
ENDCHAR
STARTCHAR F14B
ENCODING 61771
SWIDTH 660 0
DWIDTH 11 0
BBX 13 14 0 -1
BITMAP
7FF8
FFF8
FFF8
FF38
FF18
FDB8
F8F8
F0F8
E1F8
E3F8
E7F8
FFF8
FFF8
7FF0
ENDCHAR
STARTCHAR F14C
ENCODING 61772
SWIDTH 660 0
DWIDTH 11 0
BBX 13 14 0 -1
BITMAP
7FF8
FFF8
FFF8
FFF8
F038
FE38
FCB8
F9B8
F3B8
E7B8
FFF8
FFF8
FFF8
7FF0
ENDCHAR
STARTCHAR F14D
ENCODING 61773
SWIDTH 660 0
DWIDTH 11 0
BBX 17 16 0 -2
BITMAP
001000
781800
F81E00
C3FF00
C7FF80
CFFF80
CFFF00
CF1E00
CE1C00
CE1000
C60000
C30400
C00C00
C00C00
FFFC00
3FF800
ENDCHAR
STARTCHAR F14E
ENCODING 61774
SWIDTH 660 0
DWIDTH 11 0
BBX 15 16 0 -2
BITMAP
03C0
1FF0
3818
600C
4026
C1E6
C3E2
8662
86C2
CFC2
CF06
6806
600C
3818
0FF0
0380
ENDCHAR
STARTCHAR F14F
ENCODING 61775
SWIDTH 660 0
DWIDTH 11 0
BBX 15 15 0 -1
BITMAP
0100
0FE0
3FF8
79F8
707C
F03E
F19E
F3CE
F3CE
F386
F00C
703C
3078
3FF0
0FE0
ENDCHAR
STARTCHAR F150
ENCODING 61776
SWIDTH 660 0
DWIDTH 11 0
BBX 13 14 0 -1
BITMAP
7FF8
FFF8
8008
8008
8008
9FE8
9FC8
8F88
8708
8208
8008
8008
FFF8
7FF0
ENDCHAR
STARTCHAR F151
ENCODING 61777
SWIDTH 660 0
DWIDTH 11 0
BBX 13 14 0 -1
BITMAP
7FF8
FFF8
8008
8008
8208
8708
8F88
9FC8
9FC8
8008
8008
8008
FFF8
7FF0
ENDCHAR
STARTCHAR F152
ENCODING 61778
SWIDTH 660 0
DWIDTH 11 0
BBX 13 14 0 -1
BITMAP
7FF8
FFF8
8008
8408
8608
8708
8788
8788
8708
8608
8408
8008
FFF8
7FF0
ENDCHAR
STARTCHAR F153
ENCODING 61779
SWIDTH 660 0
DWIDTH 11 0
BBX 9 14 1 -1
BITMAP
0380
0F80
3C00
3000
6000
FF00
6000
FF00
FF00
6000
3000
1C00
0F80
0380
ENDCHAR
STARTCHAR F154
ENCODING 61780
SWIDTH 660 0
DWIDTH 11 0
BBX 9 14 1 -1
BITMAP
1C00
3F80
7380
6000
6000
6000
FE00
FE00
6000
6000
6000
C000
FF80
FF80
ENDCHAR
STARTCHAR F155
ENCODING 61781
SWIDTH 660 0
DWIDTH 11 0
BBX 9 16 1 -2
BITMAP
0800
1800
3E00
7F00
E000
C000
E000
7C00
1F00
0380
0180
E300
FF00
1C00
1800
0800
ENDCHAR
STARTCHAR F156
ENCODING 61782
SWIDTH 660 0
DWIDTH 11 0
BBX 13 14 0 -1
BITMAP
F800
FC00
C600
C300
C300
C378
C6F8
FEC0
F8E0
DC78
CC18
CCD8
C6F8
C430
ENDCHAR
STARTCHAR F157
ENCODING 61783
SWIDTH 660 0
DWIDTH 11 0
BBX 9 14 1 -1
BITMAP
8180
C180
C300
6700
3600
3C00
FF80
FF00
1800
FF80
FF00
1800
1800
0800
ENDCHAR
STARTCHAR F158
ENCODING 61784
SWIDTH 660 0
DWIDTH 11 0
BBX 12 14 0 -1
BITMAP
3F80
3FC0
3060
3060
3030
3060
3060
FFC0
FF80
3000
FFC0
FF80
3000
2000
ENDCHAR
STARTCHAR F159
ENCODING 61785
SWIDTH 660 0
DWIDTH 11 0
BBX 15 14 0 -1
BITMAP
C102
C186
C386
6386
63CC
63CC
FFFE
FFFE
3678
1E78
1C70
1C70
0C30
0820
ENDCHAR
STARTCHAR F15A
ENCODING 61786
SWIDTH 660 0
DWIDTH 11 0
BBX 11 16 0 -2
BITMAP
1200
1200
1200
FFC0
31C0
30C0
30C0
3F80
3FE0
30E0
30E0
30E0
FFC0
FF00
1200
1200
ENDCHAR
STARTCHAR F15B
ENCODING 61787
SWIDTH 660 0
DWIDTH 11 0
BBX 12 16 0 -2
BITMAP
7E00
FE80
FEC0
FEE0
FE00
FFF0
FFF0
FFF0
FFF0
FFF0
FFF0
FFF0
FFF0
FFF0
FFE0
7FC0
ENDCHAR
STARTCHAR F15C
ENCODING 61788
SWIDTH 660 0
DWIDTH 11 0
BBX 12 16 0 -2
BITMAP
7E00
FE80
FEC0
FEE0
FE00
FFF0
FFF0
FFF0
E070
FFF0
E070
FFF0
E070
FFF0
FFE0
7FC0
ENDCHAR
STARTCHAR F15D
ENCODING 61789
SWIDTH 660 0
DWIDTH 11 0
BBX 15 14 0 -1
BITMAP
1010
1838
1838
187C
186C
18FE
18C6
1800
18FC
DE7C
FE38
7C70
38FC
107C
ENDCHAR
STARTCHAR F15E
ENCODING 61790
SWIDTH 660 0
DWIDTH 11 0
BBX 15 14 0 -1
BITMAP
1010
3838
7C38
FE7C
DE6C
18FE
18C6
1800
18FC
187C
1838
1870
18FC
107C
ENDCHAR
STARTCHAR F15F
ENCODING 61791
SWIDTH 660 0
DWIDTH 11 0
BBX 13 14 0 -1
BITMAP
0780
1FE0
3870
6730
EFD8
D098
E308
C208
C018
6018
7030
38F0
1FE0
0700
ENDCHAR
STARTCHAR F160
ENCODING 61792
SWIDTH 660 0
DWIDTH 11 0
BBX 17 14 0 -1
BITMAP
107F80
18FF80
180000
180000
187E00
187E00
180000
180000
18F800
DE7800
FE0000
7C0000
38E000
106000
ENDCHAR
STARTCHAR F161
ENCODING 61793
SWIDTH 660 0
DWIDTH 11 0
BBX 17 14 0 -1
BITMAP
107F80
38FF80
7C0000
FE0000
DE7E00
187E00
180000
180000
18F800
187800
180000
180000
18E000
106000
ENDCHAR
STARTCHAR F162
ENCODING 61794
SWIDTH 660 0
DWIDTH 11 0
BBX 14 14 0 -1
BITMAP
1010
1878
1838
1818
183C
183C
1800
183C
186C
DE64
FE7C
7C3C
3818
1010
ENDCHAR
STARTCHAR F163
ENCODING 61795
SWIDTH 660 0
DWIDTH 11 0
BBX 14 14 0 -1
BITMAP
1010
3878
7C38
FE18
DE3C
187C
1800
183C
186C
1864
187C
183C
1818
1010
ENDCHAR
STARTCHAR F164
ENCODING 61796
SWIDTH 660 0
DWIDTH 11 0
BBX 15 14 0 -1
BITMAP
00C0
00E0
01C0
01C0
03C0
F7FE
F7FE
F7FE
F7FE
F7FE
F7FC
F7FC
F3F8
E0F0
ENDCHAR
STARTCHAR F165
ENCODING 61797
SWIDTH 660 0
DWIDTH 11 0
BBX 15 14 0 -1
BITMAP
00F8
03F8
F7FC
F7FC
F7FE
F7FE
F7FE
F7FE
F7FE
F3C0
F1C0
01C0
00E0
00C0
ENDCHAR
STARTCHAR F166
ENCODING 61798
SWIDTH 660 0
DWIDTH 11 0
BBX 13 14 0 -1
BITMAP
7FF8
FFF8
FFF8
C018
8008
8008
8308
8208
8008
8008
C018
FFF8
FFF8
7FF0
ENDCHAR
STARTCHAR F167
ENCODING 61799
SWIDTH 660 0
DWIDTH 11 0
BBX 15 16 0 -2
BITMAP
0180
03C0
07E0
0FF0
1838
301C
700E
F00E
F00E
701E
301C
1C38
0FF0
07E0
03C0
0180
ENDCHAR
STARTCHAR F168
ENCODING 61800
SWIDTH 660 0
DWIDTH 11 0
BBX 12 14 0 -1
BITMAP
0070
00E0
00C0
71C0
3180
3B80
3700
7700
E600
E700
0300
0380
01C0
01C0
ENDCHAR
STARTCHAR F169
ENCODING 61801
SWIDTH 660 0
DWIDTH 11 0
BBX 13 14 0 -1
BITMAP
7FF8
FFF8
FF98
FF38
E738
F278
F2F8
E4F8
E4F8
FE78
FE78
FF38
FFF8
7FF0
ENDCHAR
STARTCHAR F16A
ENCODING 61802
SWIDTH 660 0
DWIDTH 11 0
BBX 16 12 0 0
BITMAP
3FFC
7FFF
FFFF
FFFF
FEFF
FE3F
FE3F
FEFF
FFFF
FFFF
7FFF
3FFC
ENDCHAR
STARTCHAR F16B
ENCODING 61803
SWIDTH 660 0
DWIDTH 11 0
BBX 16 13 0 -1
BITMAP
0010
3C3C
FFFF
7E7E
1818
1010
3C3C
FEFE
7E7E
1998
07E0
0FE0
03C0
ENDCHAR
STARTCHAR F16C
ENCODING 61804
SWIDTH 660 0
DWIDTH 11 0
BBX 11 14 0 -1
BITMAP
0100
0180
0480
0640
0160
1CE0
0740
0180
1F00
8120
BF20
8020
FFE0
FFE0
ENDCHAR
STARTCHAR F16D
ENCODING 61805
SWIDTH 660 0
DWIDTH 11 0
BBX 13 14 0 -1
BITMAP
1FE0
7030
C008
8028
8F88
88C8
9848
9848
88C8
8F88
8008
C008
7FF0
1FE0
ENDCHAR
STARTCHAR F16E
ENCODING 61806
SWIDTH 660 0
DWIDTH 11 0
BBX 13 14 0 -1
BITMAP
7FF8
FFF8
FFF8
FFF8
FFF8
E338
C218
E218
E738
FFF8
FFF8
FFF8
FFF8
7FF8
ENDCHAR
STARTCHAR F16F
ENCODING 61807
SWIDTH 660 0
DWIDTH 11 0
BBX 18 12 0 0
BITMAP
003800
00FE00
B5C200
318180
1361C0
D201C0
1C0040
0C80C0
0690C0
078F80
01FE00
003800
ENDCHAR
STARTCHAR F170
ENCODING 61808
SWIDTH 660 0
DWIDTH 11 0
BBX 15 15 0 -1
BITMAP
0100
0FE0
3FF8
7FF8
7EFC
FD7C
FD7E
FBBE
F01E
F7DE
FFFC
7FFC
3FF8
3FF0
0FE0
ENDCHAR
STARTCHAR F171
ENCODING 61809
SWIDTH 660 0
DWIDTH 11 0
BBX 15 14 0 -1
BITMAP
FFFE
FFFE
FFFE
FFFE
7FFC
783C
783C
7C7C
7C7C
7FFC
3FF8
3FF8
3FF8
3FF8
ENDCHAR
STARTCHAR F172
ENCODING 61810
SWIDTH 660 0
DWIDTH 11 0
BBX 19 10 0 1
BITMAP
00E000
03F800
07FC00
070C00
FE0FE0
FE0FE0
071C00
03FC00
03F800
00E000
ENDCHAR
STARTCHAR F173
ENCODING 61811
SWIDTH 660 0
DWIDTH 11 0
BBX 9 16 1 -2
BITMAP
1C00
3C00
3C00
7C00
FF00
FF00
FF00
7800
7800
7800
7800
7C00
3F00
3F80
1F80
0600
ENDCHAR
STARTCHAR F174
ENCODING 61812
SWIDTH 660 0
DWIDTH 11 0
BBX 13 14 0 -1
BITMAP
7FF8
FFF8
FDF8
F9F8
F078
F078
F9F8
F9F8
F9F8
F8F8
F878
FC78
FFF8
7FF0
ENDCHAR
STARTCHAR F175
ENCODING 61813
SWIDTH 660 0
DWIDTH 11 0
BBX 9 16 1 -2
BITMAP
0800
1800
1800
1800
1800
1800
1800
1800
1800
1800
9980
DB80
7F00
3E00
1C00
0800
ENDCHAR
STARTCHAR F176
ENCODING 61814
SWIDTH 660 0
DWIDTH 11 0
BBX 9 16 1 -2
BITMAP
0800
1C00
3E00
7F00
DB80
9980
1800
1800
1800
1800
1800
1800
1800
1800
1800
0800
ENDCHAR
STARTCHAR F177
ENCODING 61815
SWIDTH 660 0
DWIDTH 11 0
BBX 15 10 0 1
BITMAP
0C00
1C00
3800
7000
FFFE
FFFE
7000
3800
1C00
0800
ENDCHAR
STARTCHAR F178
ENCODING 61816
SWIDTH 660 0
DWIDTH 11 0
BBX 15 10 0 1
BITMAP
0020
0030
0018
000C
FFFE
FFFE
001C
0038
0030
0020
ENDCHAR
STARTCHAR F179
ENCODING 61817
SWIDTH 660 0
DWIDTH 11 0
BBX 11 14 0 -1
BITMAP
0100
0300
0300
1080
7FE0
FFC0
FFC0
FF80
FFC0
FFC0
7FE0
7FE0
3FC0
1180
ENDCHAR
STARTCHAR F17A
ENCODING 61818
SWIDTH 660 0
DWIDTH 11 0
BBX 13 14 0 -1
BITMAP
0018
0FF8
FFF8
FFF8
FFF8
FFF8
FFF8
FFF8
FFF8
FFF8
FFF8
FFF8
07F8
0008
ENDCHAR
STARTCHAR F17B
ENCODING 61819
SWIDTH 660 0
DWIDTH 11 0
BBX 17 10 0 1
BITMAP
100000
100400
0BF800
0FFC00
3FFE00
3FFF00
77F700
7FFF80
FFFF80
FFFF80
ENDCHAR
STARTCHAR F17C
ENCODING 61820
SWIDTH 660 0
DWIDTH 11 0
BBX 13 16 0 -2
BITMAP
0700
0F80
0F80
0E80
0980
0B80
14C0
10A0
3060
2030
2070
D090
8890
8908
8730
78C0
ENDCHAR
STARTCHAR F17D
ENCODING 61821
SWIDTH 660 0
DWIDTH 11 0
BBX 15 15 0 -1
BITMAP
0100
0FE0
3418
6218
4334
C1E4
8F82
F882
81FE
8642
CC44
5864
3028
3030
0FE0
ENDCHAR
STARTCHAR F17E
ENCODING 61822
SWIDTH 660 0
DWIDTH 11 0
BBX 13 14 0 -1
BITMAP
3800
7FC0
FFE0
F070
E230
63F8
7078
7838
6738
6038
3878
1FF8
0FF8
0060
ENDCHAR
STARTCHAR F17F
ENCODING 61823
SWIDTH 660 0
DWIDTH 11 0
BBX 13 16 0 -2
BITMAP
6000
F800
D800
F800
7000
7000
7038
7FF8
7FC8
6078
6030
7000
D800
D800
F000
2000
ENDCHAR
STARTCHAR F180
ENCODING 61824
SWIDTH 660 0
DWIDTH 11 0
BBX 11 16 0 -2
BITMAP
7FE0
FFE0
C060
C060
C060
C7C0
C0C0
C0C0
C0C0
CFC0
CF80
D800
F000
E000
C000
8000
ENDCHAR
STARTCHAR F181
ENCODING 61825
SWIDTH 660 0
DWIDTH 11 0
BBX 13 14 0 -1
BITMAP
7FF8
FFF8
C308
C308
C308
C308
C308
C308
C3F8
C3F8
C3F8
FFF8
FFF8
7FF8
ENDCHAR
STARTCHAR F182
ENCODING 61826
SWIDTH 660 0
DWIDTH 11 0
BBX 9 16 1 -2
BITMAP
0800
1C00
1800
0000
1C00
7E00
7F00
FF00
FF80
BF80
7E00
7E00
3400
3400
3400
1400
ENDCHAR
STARTCHAR F183
ENCODING 61827
SWIDTH 660 0
DWIDTH 11 0
BBX 9 16 1 -2
BITMAP
0800
1C00
1800
0000
3C00
7E00
7F00
FF00
FD80
BD80
3C00
3400
3400
3400
3400
1400
ENDCHAR
STARTCHAR F184
ENCODING 61828
SWIDTH 660 0
DWIDTH 11 0
BBX 15 15 0 -1
BITMAP
0100
0FE0
3FF8
7FF8
7FFC
F11C
F01E
F01E
F83E
FC7E
FC7C
7EFC
3FF8
3FF0
0FE0
ENDCHAR
STARTCHAR F185
ENCODING 61829
SWIDTH 660 0
DWIDTH 11 0
BBX 15 16 0 -2
BITMAP
0820
0E60
0BF0
0930
F81E
C7C6
6466
2C2C
6C2C
4666
E3CE
F83E
0930
0BF0
0E60
0820
ENDCHAR
STARTCHAR F186
ENCODING 61830
SWIDTH 660 0
DWIDTH 11 0
BBX 12 14 0 -1
BITMAP
0700
1E00
3C00
6800
D800
D800
9800
8800
CC00
4400
6700
31F0
1FE0
0700
ENDCHAR
STARTCHAR F187
ENCODING 61831
SWIDTH 660 0
DWIDTH 11 0
BBX 15 14 0 -1
BITMAP
FFFE
FFFE
FFFE
0000
7FFC
7FFC
781C
7FFC
7FFC
7FFC
7FFC
7FFC
7FFC
3FF8
ENDCHAR
STARTCHAR F188
ENCODING 61832
SWIDTH 660 0
DWIDTH 11 0
BBX 15 16 0 -2
BITMAP
0180
07C0
07E0
67E4
700C
3FF8
1FF0
1EF0
FEFE
FEFE
1EF0
1EF0
1EF8
36FC
628C
4004
ENDCHAR
STARTCHAR F189
ENCODING 61833
SWIDTH 660 0
DWIDTH 11 0
BBX 13 14 0 -1
BITMAP
3FE0
7FF8
FFF8
FFF8
CD98
CDB8
EC38
E478
F198
F9D8
FFF8
FFF8
7FF8
1FE0
ENDCHAR
STARTCHAR F18A
ENCODING 61834
SWIDTH 660 0
DWIDTH 11 0
BBX 15 12 0 1
BITMAP
003C
0206
0F3A
1F6A
3FEA
7060
E638
CF18
D318
D338
6E70
1FC0
ENDCHAR
STARTCHAR F18B
ENCODING 61835
SWIDTH 660 0
DWIDTH 11 0
BBX 15 14 0 -1
BITMAP
0C60
3C78
7C78
7C7C
FC7E
FC7E
FC7E
FC7E
F83E
F13C
711C
0380
07C0
0FE0
ENDCHAR
STARTCHAR F18C
ENCODING 61836
SWIDTH 660 0
DWIDTH 11 0
BBX 10 14 1 -1
BITMAP
0C00
0C00
0E00
0C00
75C0
7FC0
1F80
E400
F7C0
FFC0
2F80
1000
2000
C000
ENDCHAR
STARTCHAR F18D
ENCODING 61837
SWIDTH 660 0
DWIDTH 11 0
BBX 12 15 0 -2
BITMAP
7FE0
FFF0
FFF0
0000
FFF0
FFF0
0000
FFF0
FFF0
FFF0
FFF0
FFF0
7FF0
0180
0100
ENDCHAR
STARTCHAR F18E
ENCODING 61838
SWIDTH 660 0
DWIDTH 11 0
BBX 15 16 0 -2
BITMAP
03C0
1FF0
3818
600C
4086
C0C6
C7E2
8FF2
8FF2
C0E2
C0C6
6086
600C
3818
0FF0
0380
ENDCHAR
STARTCHAR F18F
ENCODING 61839
SWIDTH 660 0
DWIDTH 11 0
BBX 19 4 0 4
BITMAP
1C0020
F5FBA0
9F6BE0
E3ABC0
ENDCHAR
STARTCHAR F190
ENCODING 61840
SWIDTH 660 0
DWIDTH 11 0
BBX 15 16 0 -2
BITMAP
03C0
1FF0
3818
600C
4306
C706
CFE2
8FF2
8FF2
C702
C306
6306
600C
3818
0FF0
0380
ENDCHAR
STARTCHAR F191
ENCODING 61841
SWIDTH 660 0
DWIDTH 11 0
BBX 13 14 0 -1
BITMAP
7FF8
FFF8
8008
8188
8388
8788
8F88
8F88
8788
8388
8188
8008
FFF8
7FF0
ENDCHAR
STARTCHAR F192
ENCODING 61842
SWIDTH 660 0
DWIDTH 11 0
BBX 15 16 0 -2
BITMAP
03C0
1FF0
3818
600C
4006
C386
C7C2
87E2
87E2
C7C2
C386
6006
600C
3818
0FF0
0380
ENDCHAR
STARTCHAR F193
ENCODING 61843
SWIDTH 660 0
DWIDTH 11 0
BBX 15 16 0 -2
BITMAP
0600
0E00
0600
0000
0600
0700
17E0
7700
4700
C3F0
83F8
C018
C08E
618E
3F0C
0C00
ENDCHAR
STARTCHAR F194
ENCODING 61844
SWIDTH 660 0
DWIDTH 11 0
BBX 13 14 0 -1
BITMAP
7FF8
FFF8
FFF8
F318
C308
D398
F398
F138
F838
F878
F8F8
FFF8
FFF8
7FF0
ENDCHAR
STARTCHAR F195
ENCODING 61845
SWIDTH 660 0
DWIDTH 11 0
BBX 9 14 1 -1
BITMAP
1C00
3F80
7380
6000
6000
FE00
FE00
6000
FE00
FE00
6000
C000
FF80
FF80
ENDCHAR
STARTCHAR F196
ENCODING 61846
SWIDTH 660 0
DWIDTH 11 0
BBX 13 14 0 -1
BITMAP
7FF8
FFF8
8008
8008
8208
8208
8FC8
8FC8
8208
8208
8008
8008
FFF8
7FF0
ENDCHAR
STARTCHAR F197
ENCODING 61847
SWIDTH 660 0
DWIDTH 11 0
BBX 19 14 0 -1
BITMAP
2C0000
6F0000
6FC000
F00000
FFFF00
FFFFC0
FFFDE0
FFFDE0
FFFFC0
FFFF00
F00000
6FC000
6F0000
280000
ENDCHAR
STARTCHAR F198
ENCODING 61848
SWIDTH 660 0
DWIDTH 11 0
BBX 13 14 0 -1
BITMAP
0C80
0DC0
0DC0
01C0
FDD8
FDD8
7898
6CF8
EDF8
EDF8
0C00
0DC0
0DC0
0C80
ENDCHAR
STARTCHAR F199
ENCODING 61849
SWIDTH 660 0
DWIDTH 11 0
BBX 13 14 0 -1
BITMAP
7FF8
FFF8
FFF8
FFF8
C018
F038
D8C8
C788
C008
C008
FFF8
FFF8
FFF8
7FF0
ENDCHAR
STARTCHAR F19A
ENCODING 61850
SWIDTH 660 0
DWIDTH 11 0
BBX 15 15 0 -1
BITMAP
0100
1EE0
2FF8
5FE8
8864
8C64
CE76
CE76
E63E
E72E
A52C
B19C
5398
2B90
1FE0
ENDCHAR
STARTCHAR F19B
ENCODING 61851
SWIDTH 660 0
DWIDTH 11 0
BBX 13 12 0 0
BITMAP
0300
0300
0300
0700
3F78
7318
C338
C300
C300
6300
7300
1F00
ENDCHAR
STARTCHAR F19C
ENCODING 61852
SWIDTH 660 0
DWIDTH 11 0
BBX 15 16 0 -2
BITMAP
0100
07E0
3EF8
FE7E
FFFE
7FFC
0000
36C8
36C8
36C8
36C8
36C8
36C8
7FFC
FFFE
FFFE
ENDCHAR
STARTCHAR F19D
ENCODING 61853
SWIDTH 660 0
DWIDTH 11 0
BBX 19 14 0 -1
BITMAP
00E000
03FC00
1FFF00
FE3FE0
F9FFE0
27FF80
27FC00
48E200
4F1E00
6FFE00
6FFE00
6FFE00
E7FE00
21F000
ENDCHAR
STARTCHAR F19E
ENCODING 61854
SWIDTH 660 0
DWIDTH 11 0
BBX 14 14 0 -1
BITMAP
001C
001C
003C
E3B8
E3B8
7770
7770
3600
3EE0
1EE0
1CE0
1C00
1800
3800
ENDCHAR
STARTCHAR F19F
ENCODING 61855
SWIDTH 660 0
DWIDTH 11 0
BBX 12 14 0 -1
BITMAP
FFF0
FFE0
FFE0
C060
F8E0
C3E0
4060
7F60
6E60
6060
79E0
7FE0
3F80
0400
ENDCHAR
STARTCHAR F1A0
ENCODING 61856
SWIDTH 660 0
DWIDTH 11 0
BBX 15 15 0 -1
BITMAP
0100
0FE0
3FF0
7C60
7000
F000
E000
E1FE
E1FE
E00E
F01C
701C
3C78
3FF8
0FE0
ENDCHAR
STARTCHAR F1A1
ENCODING 61857
SWIDTH 660 0
DWIDTH 11 0
BBX 15 16 0 -2
BITMAP
03C0
1FF0
3FD8
7F8C
7FDE
FC7E
C006
C002
CC62
E466
E3C6
718E
783C
3FF8
7FF0
7F80
ENDCHAR
STARTCHAR F1A2
ENCODING 61858
SWIDTH 660 0
DWIDTH 11 0
BBX 13 14 0 -1
BITMAP
7FF8
FFF8
FF38
FE38
FDF8
C008
8008
C8C8
C818
E718
F038
FFF8
FFF8
7FF0
ENDCHAR
STARTCHAR F1A3
ENCODING 61859
SWIDTH 660 0
DWIDTH 11 0
BBX 15 15 0 -1
BITMAP
0100
0FE0
3FF8
7FF8
7C7C
F83C
F93E
F9FE
C92E
C92E
E10C
739C
3FF8
3FF0
0FE0
ENDCHAR
STARTCHAR F1A4
ENCODING 61860
SWIDTH 660 0
DWIDTH 11 0
BBX 15 12 0 0
BITMAP
0380
07C0
0FE0
0EE0
0EE0
0E00
EEA6
EEE6
EEE6
FE7E
7C7C
3818
ENDCHAR
STARTCHAR F1A5
ENCODING 61861
SWIDTH 660 0
DWIDTH 11 0
BBX 13 14 0 -1
BITMAP
7FF8
81F8
81F8
81F8
81F8
81F8
81F8
FE08
FE08
FE08
FE08
FE08
FE08
7FF8
ENDCHAR
STARTCHAR F1A6
ENCODING 61862
SWIDTH 660 0
DWIDTH 11 0
BBX 15 10 0 1
BITMAP
3400
3400
F5FE
F5FE
F57A
F57A
F5FE
F5FE
0062
01FE
ENDCHAR
STARTCHAR F1A7
ENCODING 61863
SWIDTH 660 0
DWIDTH 11 0
BBX 13 14 0 -1
BITMAP
7FF8
FFF8
E1F8
E4F8
E4F8
E578
E238
E5B8
ED38
FC38
FDF8
FDF8
FFF8
7FF8
ENDCHAR
STARTCHAR F1A8
ENCODING 61864
SWIDTH 660 0
DWIDTH 11 0
BBX 16 15 0 -1
BITMAP
0001
0001
0002
006C
01B0
00C0
00E0
0E70
F568
02AC
016E
0066
0047
0077
0060
ENDCHAR
STARTCHAR F1A9
ENCODING 61865
SWIDTH 660 0
DWIDTH 11 0
BBX 12 15 0 -1
BITMAP
0400
0E00
1F00
3980
38C0
7860
CC60
C630
CB30
D9B0
F0E0
70E0
79C0
3F80
0600
ENDCHAR
STARTCHAR F1AA
ENCODING 61866
SWIDTH 660 0
DWIDTH 11 0
BBX 13 14 0 -1
BITMAP
6018
F038
FDF8
7FF8
6730
7FB0
3CC0
3C60
7DB0
6330
7EF8
FDF8
E038
6010
ENDCHAR
STARTCHAR F1AB
ENCODING 61867
SWIDTH 660 0
DWIDTH 11 0
BBX 19 12 0 0
BITMAP
7FFFC0
FFFFE0
FFC060
F7C460
F3DF60
E3C360
E9CE60
C1CE60
DDCA60
FFC060
FFFFE0
7FFFC0
ENDCHAR
STARTCHAR F1AC
ENCODING 61868
SWIDTH 660 0
DWIDTH 11 0
BBX 15 16 0 -2
BITMAP
07F8
0FFC
0C0C
0C0C
EC0C
E000
EFFE
EFFE
EE6E
EEEE
EFFE
EFFE
EE6E
EEEE
EFFE
CFFE
ENDCHAR
STARTCHAR F1AD
ENCODING 61869
SWIDTH 660 0
DWIDTH 11 0
BBX 12 16 0 -2
BITMAP
7FE0
FFF0
FFF0
C930
C930
FFF0
FFF0
C930
C930
FFF0
FFF0
FFF0
F9F0
F1F0
F1F0
71E0
ENDCHAR
STARTCHAR F1AE
ENCODING 61870
SWIDTH 660 0
DWIDTH 11 0
BBX 10 16 0 -2
BITMAP
0C00
1E00
1E00
0E00
0000
1E00
3F00
7F80
7FC0
FFC0
1F00
1F00
1B00
1B00
1B00
1200
ENDCHAR
STARTCHAR F1AF
ENCODING 61871
SWIDTH 660 0
DWIDTH 11 0
BBX 13 15 0 -1
BITMAP
0100
0FE0
3FF8
7FF0
7FE0
FC60
F800
F000
F000
F800
FC60
7FE0
3FF0
3FF0
0FE0
ENDCHAR
STARTCHAR F1B0
ENCODING 61872
SWIDTH 660 0
DWIDTH 11 0
BBX 15 14 0 -1
BITMAP
0C60
1E70
1EF0
1EF0
CC66
E00E
E38E
6FEC
0FF0
1FF0
3FF8
3FF8
3FF8
1818
ENDCHAR
STARTCHAR F1B1
ENCODING 61873
SWIDTH 660 0
DWIDTH 11 0
BBX 15 16 0 -2
BITMAP
001C
007E
00FE
01FE
01FE
01FE
01FC
01FC
03F0
0700
0E00
1C00
3000
6000
C000
8000
ENDCHAR
STARTCHAR F1B2
ENCODING 61874
SWIDTH 660 0
DWIDTH 11 0
BBX 15 16 0 -2
BITMAP
0180
0FE0
7EFC
F01E
F00E
FC7E
FFF6
FF86
FF86
FF86
FF86
FF86
FF9E
3FFC
0FE0
0100
ENDCHAR
STARTCHAR F1B3
ENCODING 61875
SWIDTH 660 0
DWIDTH 11 0
BBX 17 16 0 -2
BITMAP
00C000
07F000
0C1800
0FF800
0FC800
0F8800
0F8800
7FFF00
E1E180
F7F780
FCFC80
F8F880
F8F880
FBFB80
3F3F00
080800
ENDCHAR
STARTCHAR F1B4
ENCODING 61876
SWIDTH 660 0
DWIDTH 11 0
BBX 17 10 0 1
BITMAP
FF1F00
C30000
C30E00
C31F00
FE3180
C3BF80
C1BF80
C3B000
FFB180
FF1F00
ENDCHAR
STARTCHAR F1B5
ENCODING 61877
SWIDTH 660 0
DWIDTH 11 0
BBX 13 14 0 -1
BITMAP
7FF8
FFF8
FFF8
FFF8
C318
D9F8
C358
DA18
DA78
C318
FFF8
FFF8
FFF8
7FF0
ENDCHAR
STARTCHAR F1B6
ENCODING 61878
SWIDTH 660 0
DWIDTH 11 0
BBX 15 15 0 -1
BITMAP
0100
0FE0
3FF8
7F98
7F6C
FE94
FE96
FC6E
181E
047E
C3FC
63FC
37F8
3FF0
0FE0
ENDCHAR
STARTCHAR F1B7
ENCODING 61879
SWIDTH 660 0
DWIDTH 11 0
BBX 13 14 0 -1
BITMAP
7FF8
FFF8
FFF8
FED8
FD28
FD28
F8D8
3838
04F8
C5F8
F7F8
FFF8
FFF8
7FF0
ENDCHAR
STARTCHAR F1B8
ENCODING 61880
SWIDTH 660 0
DWIDTH 11 0
BBX 15 15 0 -2
BITMAP
0180
07C0
06E0
0478
0038
78F8
7830
3800
600C
E006
C086
C1C6
FBFE
39FC
00C0
ENDCHAR
STARTCHAR F1B9
ENCODING 61881
SWIDTH 660 0
DWIDTH 11 0
BBX 15 14 0 -1
BITMAP
0FF0
1FF8
3018
300C
600C
7FFE
FFFE
CFF6
CFF6
FFFE
FFFE
E00E
E00E
C006
ENDCHAR
STARTCHAR F1BA
ENCODING 61882
SWIDTH 660 0
DWIDTH 11 0
BBX 15 16 0 -2
BITMAP
07C0
07E0
0FF0
1FF8
3018
300C
600C
7FFE
FFFE
CFF6
CFF6
FFFE
FFFE
E00E
E00E
C006
ENDCHAR
STARTCHAR F1BB
ENCODING 61883
SWIDTH 660 0
DWIDTH 11 0
BBX 13 16 0 -2
BITMAP
0200
0700
0F80
0FC0
1FE0
3FF0
1FC0
3FE0
7FF0
7FF8
3FF0
7FF0
FFF8
FFF8
0300
0200
ENDCHAR
STARTCHAR F1BC
ENCODING 61884
SWIDTH 660 0
DWIDTH 11 0
BBX 15 15 0 -1
BITMAP
0100
0FE0
3FF8
7FF8
70FC
C00C
FFE6
E03E
EF8E
F8FE
E71C
7FFC
3FF8
3FF0
0FE0
ENDCHAR
STARTCHAR F1BD
ENCODING 61885
SWIDTH 660 0
DWIDTH 11 0
BBX 10 16 0 -2
BITMAP
01C0
03C0
03C0
FFC0
FF80
FF80
FF00
1F00
1E00
3FC0
3FC0
7FC0
7FC0
F800
F000
E000
ENDCHAR
STARTCHAR F1BE
ENCODING 61886
SWIDTH 660 0
DWIDTH 11 0
BBX 18 8 1 2
BITMAP
00F800
0CFC00
0DFE00
0DFF80
5DFFC0
DDFFC0
DDFFC0
4DFF80
ENDCHAR
STARTCHAR F1BF
ENCODING 61887
SWIDTH 660 0
DWIDTH 11 0
BBX 15 16 0 -2
BITMAP
0E00
1F00
3300
3B00
1F00
3E00
3F3E
6F10
6B60
F540
E1C0
E1EA
F3F6
7F7E
3E58
000C
ENDCHAR
STARTCHAR F1C0
ENCODING 61888
SWIDTH 660 0
DWIDTH 11 0
BBX 13 16 0 -2
BITMAP
0FC0
7FF8
FFF8
FFF8
FFF8
7FF0
8008
FFF8
FFF8
FFF8
3FF0
C008
FFF8
FFF8
7FF0
0F80
ENDCHAR
STARTCHAR F1C1
ENCODING 61889
SWIDTH 660 0
DWIDTH 11 0
BBX 15 16 0 -2
BITMAP
7F00
FF80
81C0
81E0
81F0
8030
8030
8030
8030
8000
8000
876E
8558
875E
E478
6460
ENDCHAR
STARTCHAR F1C2
ENCODING 61890
SWIDTH 660 0
DWIDTH 11 0
BBX 12 16 0 -2
BITMAP
7F00
FF80
81C0
81E0
81F0
8030
8030
B4B0
B6B0
9FB0
9FB0
9B30
8B30
8030
FFE0
7FC0
ENDCHAR
STARTCHAR F1C3
ENCODING 61891
SWIDTH 660 0
DWIDTH 11 0
BBX 12 16 0 -2
BITMAP
7F00
FF80
81C0
81E0
81F0
8030
8030
9930
8F30
8630
8E30
8B30
8930
8030
FFE0
7FC0
ENDCHAR
STARTCHAR F1C4
ENCODING 61892
SWIDTH 660 0
DWIDTH 11 0
BBX 12 16 0 -2
BITMAP
7F00
FF80
81C0
81E0
81F0
8030
8C30
9F30
9930
9930
9F30
9830
8830
8030
FFE0
7FC0
ENDCHAR
STARTCHAR F1C5
ENCODING 61893
SWIDTH 660 0
DWIDTH 11 0
BBX 12 16 0 -2
BITMAP
7F00
FF80
81C0
81E0
81F0
8030
8030
9830
9830
8230
8730
9F30
BFB0
8030
FFE0
7FC0
ENDCHAR
STARTCHAR F1C6
ENCODING 61894
SWIDTH 660 0
DWIDTH 11 0
BBX 12 16 0 -2
BITMAP
7F00
FF80
81C0
99E0
81F0
9830
8030
9830
9C30
9C30
A430
9C30
9830
8030
FFE0
7FC0
ENDCHAR
STARTCHAR F1C7
ENCODING 61895
SWIDTH 660 0
DWIDTH 11 0
BBX 12 16 0 -2
BITMAP
7F00
FF80
81C0
81E0
81F0
8030
8030
8030
8D30
9DB0
9DB0
9DB0
8530
8030
FFE0
7FC0
ENDCHAR
STARTCHAR F1C8
ENCODING 61896
SWIDTH 660 0
DWIDTH 11 0
BBX 12 16 0 -2
BITMAP
7F00
FF80
81C0
81E0
81F0
8030
8030
8030
BE30
BFB0
BFB0
BFB0
9E30
8030
FFE0
7FC0
ENDCHAR
STARTCHAR F1C9
ENCODING 61897
SWIDTH 660 0
DWIDTH 11 0
BBX 12 16 0 -2
BITMAP
7F00
FF80
81C0
81E0
81F0
8030
8030
8030
9B30
B1B0
B9B0
9930
8030
8030
FFE0
7FC0
ENDCHAR
STARTCHAR F1CA
ENCODING 61898
SWIDTH 660 0
DWIDTH 11 0
BBX 12 14 0 -1
BITMAP
00C0
03E0
C360
C370
E360
6360
6380
61F0
70E0
31C0
3B80
1F00
0E00
0400
ENDCHAR
STARTCHAR F1CB
ENCODING 61899
SWIDTH 660 0
DWIDTH 11 0
BBX 15 16 0 -2
BITMAP
0100
03C0
0F60
1938
610C
C186
E7CE
BC7A
BC7A
E7CE
C186
710C
1938
0F60
03C0
0100
ENDCHAR
STARTCHAR F1CC
ENCODING 61900
SWIDTH 660 0
DWIDTH 11 0
BBX 17 12 0 1
BITMAP
00F000
030800
1C0400
200200
400200
463200
894900
888880
894880
863080
400100
3FFE00
ENDCHAR
STARTCHAR F1CD
ENCODING 61901
SWIDTH 660 0
DWIDTH 11 0
BBX 15 16 0 -2
BITMAP
03C0
1FF4
781C
701C
5836
CFE6
C6C2
8462
8462
C7C2
CFE6
7836
701C
781C
0FF0
0380
ENDCHAR
STARTCHAR F1CE
ENCODING 61902
SWIDTH 660 0
DWIDTH 11 0
BBX 15 16 0 -2
BITMAP
0440
1E70
3838
700C
600E
C006
C006
C006
C006
C006
E006
600C
301C
1E78
0FF0
0100
ENDCHAR
STARTCHAR F1CF
ENCODING 61903
SWIDTH 660 0
DWIDTH 11 0
BBX 15 12 0 0
BITMAP
7FFE
8002
821A
821A
821A
9E7A
B6DA
B2CA
BEFA
8A3A
8002
7FFC
ENDCHAR
STARTCHAR F1D0
ENCODING 61904
SWIDTH 660 0
DWIDTH 11 0
BBX 15 14 0 0
BITMAP
0300
0310
65C8
4384
C304
C304
C30E
E39E
FFFC
FFFC
7FFC
7FF8
3FF0
0FE0
ENDCHAR
STARTCHAR F1D1
ENCODING 61905
SWIDTH 660 0
DWIDTH 11 0
BBX 15 15 0 -1
BITMAP
0100
1EE0
2C78
7018
8104
C924
DFE6
C7C6
C7C6
CFE6
C924
810C
7038
2C70
1FE0
ENDCHAR
STARTCHAR F1D2
ENCODING 61906
SWIDTH 660 0
DWIDTH 11 0
BBX 13 14 0 -1
BITMAP
7FF8
FFF8
FFF8
FEF8
FFB8
C518
DAB8
C6B8
CC98
DBF8
C7F8
FFF8
FFF8
7FF0
ENDCHAR
STARTCHAR F1D3
ENCODING 61907
SWIDTH 660 0
DWIDTH 11 0
BBX 15 12 0 0
BITMAP
00C0
00C8
0018
7DFE
CCD8
CCD8
7CD8
50D8
FDEE
7C00
8400
FC00
ENDCHAR
STARTCHAR F1D4
ENCODING 61908
SWIDTH 660 0
DWIDTH 11 0
BBX 13 14 0 -1
BITMAP
FFF8
FFF8
FFF8
F778
FB78
FAF8
FCF8
FDF8
FDF8
FDF8
FDF8
FFF8
FFF8
FFF8
ENDCHAR
STARTCHAR F1D5
ENCODING 61909
SWIDTH 660 0
DWIDTH 11 0
BBX 10 16 0 -2
BITMAP
0E00
3180
4080
4040
8E40
8E40
9C40
5040
2080
2F00
4000
4000
4000
4000
4000
4000
ENDCHAR
STARTCHAR F1D6
ENCODING 61910
SWIDTH 660 0
DWIDTH 11 0
BBX 13 16 0 -2
BITMAP
0700
1FC0
1FC0
3FE0
3FE0
3FE0
3FE0
7FF0
7FF0
7FF0
FFF8
BFE8
BFE8
3FE0
1FC0
3FE0
ENDCHAR
STARTCHAR F1D7
ENCODING 61911
SWIDTH 660 0
DWIDTH 11 0
BBX 16 13 0 -1
BITMAP
0F00
3FC0
7FE0
E660
FFC0
FFFE
FFFF
7D9B
3DFF
3DFF
21FF
00FE
007E
ENDCHAR
STARTCHAR F1D8
ENCODING 61912
SWIDTH 660 0
DWIDTH 11 0
BBX 15 16 0 -2
BITMAP
0002
000E
003E
00FE
01FE
07FE
1F3E
7E7C
FCFC
F9FC
33FC
07FC
07FC
073C
0608
0400
ENDCHAR
STARTCHAR F1D9
ENCODING 61913
SWIDTH 660 0
DWIDTH 11 0
BBX 15 16 0 -2
BITMAP
0002
000E
003E
00EE
01DE
0736
1C66
70C4
E184
F304
3E0C
070C
07EC
0778
0608
0400
ENDCHAR
STARTCHAR F1DA
ENCODING 61914
SWIDTH 660 0
DWIDTH 11 0
BBX 15 16 0 -2
BITMAP
03C0
9FF0
FC38
F01C
F10E
F906
0106
0106
0186
00C6
0046
000E
001C
1C78
0FF0
0380
ENDCHAR
STARTCHAR F1DB
ENCODING 61915
SWIDTH 660 0
DWIDTH 11 0
BBX 15 16 0 -2
BITMAP
03C0
1FF0
3818
600C
4006
C006
C002
8002
8002
C002
C006
6006
600C
3818
0FF0
0380
ENDCHAR
STARTCHAR F1DC
ENCODING 61916
SWIDTH 660 0
DWIDTH 11 0
BBX 13 14 0 -1
BITMAP
F878
F878
6030
6030
6030
7FF0
7FF0
6030
6030
6030
6030
6030
F878
F078
ENDCHAR
STARTCHAR F1DD
ENCODING 61917
SWIDTH 660 0
DWIDTH 11 0
BBX 12 14 0 -1
BITMAP
1FF0
7FF0
7F60
FF60
FF60
FF60
FF60
7F60
7F60
1F60
0360
0360
0360
0240
ENDCHAR
STARTCHAR F1DE
ENCODING 61918
SWIDTH 660 0
DWIDTH 11 0
BBX 15 14 0 -1
BITMAP
0F00
FBFE
F9FE
0F00
0400
0078
FFDE
FFDE
0070
0C00
1E00
F3FE
F7FE
1C00
ENDCHAR
STARTCHAR F1DF
ENCODING 61919
SWIDTH 660 0
DWIDTH 11 0
BBX 14 16 0 -2
BITMAP
F780
F7C0
FFE0
FFE0
FFE0
FE60
FFE0
FFE0
FFE0
7B00
1D7C
0060
0060
0060
01C0
0300
ENDCHAR
STARTCHAR F1E0
ENCODING 61920
SWIDTH 660 0
DWIDTH 11 0
BBX 13 14 0 -1
BITMAP
0070
00F8
00F8
00F8
73F8
FF70
FC00
FC00
FF70
33F8
00F8
00F8
00F8
0030
ENDCHAR
STARTCHAR F1E1
ENCODING 61921
SWIDTH 660 0
DWIDTH 11 0
BBX 13 14 0 -1
BITMAP
7FF8
FFF8
FF18
FF18
FE18
E018
C1F8
C3F8
E418
FE08
FF18
FF98
FFF8
7FF0
ENDCHAR
STARTCHAR F1E2
ENCODING 61922
SWIDTH 660 0
DWIDTH 11 0
BBX 15 15 0 -1
BITMAP
000C
001E
0FCC
3FE8
71F0
6FF0
DFF0
DFF0
DFF0
FFF0
FFF0
7FF0
3FE0
1FC0
0700
ENDCHAR
STARTCHAR F1E3
ENCODING 61923
SWIDTH 660 0
DWIDTH 11 0
BBX 15 16 0 -2
BITMAP
03C0
1FF0
3BD8
618C
600E
F00E
F39E
E3CE
C3C2
C382
C006
7C3E
7C7C
3C78
0FF0
0380
ENDCHAR
STARTCHAR F1E4
ENCODING 61924
SWIDTH 660 0
DWIDTH 11 0
BBX 15 13 0 0
BITMAP
0300
1FF0
7FF8
F83E
F83E
F83C
600C
0000
0000
6B6C
492C
4FE4
6FEC
ENDCHAR
STARTCHAR F1E5
ENCODING 61925
SWIDTH 660 0
DWIDTH 11 0
BBX 15 14 0 -1
BITMAP
1C30
1C30
0000
3DB8
3DBC
3DBC
7DBC
7DBC
7C3E
FC3E
FC3E
FC3E
FC3E
F83E
ENDCHAR
STARTCHAR F1E6
ENCODING 61926
SWIDTH 660 0
DWIDTH 11 0
BBX 11 16 0 -2
BITMAP
3080
30C0
30C0
30C0
0000
FFE0
FFE0
7FE0
7FE0
7FC0
3FC0
1F80
0E00
0600
0600
0400
ENDCHAR
STARTCHAR F1E7
ENCODING 61927
SWIDTH 660 0
DWIDTH 11 0
BBX 15 16 0 -3
BITMAP
7FFC
4004
4004
4004
4004
4EE4
4EF4
4EE4
C006
3EF8
1FF0
1EF0
1EF0
1EF0
0EE0
0440
ENDCHAR
STARTCHAR F1E8
ENCODING 61928
SWIDTH 660 0
DWIDTH 11 0
BBX 14 16 0 -2
BITMAP
1FFC
2004
6004
E124
E124
E124
E124
E004
E008
E010
FDE0
FFC0
FF80
1C00
1800
1000
ENDCHAR
STARTCHAR F1E9
ENCODING 61929
SWIDTH 660 0
DWIDTH 11 0
BBX 11 16 0 -2
BITMAP
0C00
3C00
3C00
3C00
1C00
1C40
0CE0
05E0
E1C0
F800
E100
0DE0
1CE0
1CE0
3C00
0800
ENDCHAR
STARTCHAR F1EA
ENCODING 61930
SWIDTH 660 0
DWIDTH 11 0
BBX 15 14 0 -1
BITMAP
0FFC
1FFE
9002
97DA
97C2
97DA
9002
93FA
97FA
9002
97FA
9002
FFFE
7FFC
ENDCHAR
STARTCHAR F1EB
ENCODING 61931
SWIDTH 660 0
DWIDTH 11 0
BBX 19 14 0 -1
BITMAP
01F000
0FFE00
3E0780
7001C0
E00060
01F020
07FC00
0E0F00
080200
000000
00E000
00F000
00E000
004000
ENDCHAR
STARTCHAR F1EC
ENCODING 61932
SWIDTH 660 0
DWIDTH 11 0
BBX 12 16 0 -2
BITMAP
7FE0
FFE0
C070
C030
C030
FFF0
C970
C970
FFF0
C930
CB70
FFF0
C130
C370
FFE0
7FC0
ENDCHAR
STARTCHAR F1ED
ENCODING 61933
SWIDTH 660 0
DWIDTH 11 0
BBX 12 14 0 -1
BITMAP
3F80
3FC0
7FC0
7FC0
7FE0
7FB0
7FE0
70E0
6FE0
EF80
EC00
FC00
1C00
1C00
ENDCHAR
STARTCHAR F1EE
ENCODING 61934
SWIDTH 660 0
DWIDTH 11 0
BBX 13 14 0 -1
BITMAP
0070
0070
0070
0F78
0BF8
EFF8
7DF8
7FD8
3FF8
3AF8
1CF8
00F8
0070
0070
ENDCHAR
STARTCHAR F1EF
ENCODING 61935
SWIDTH 660 0
DWIDTH 11 0
BBX 15 15 0 0
BITMAP
0100
0FE0
3FF8
7C78
701C
F01E
E00E
E00E
000E
000E
061C
C63C
C7F8
39F0
39E0
ENDCHAR
STARTCHAR F1F0
ENCODING 61936
SWIDTH 660 0
DWIDTH 11 0
BBX 17 14 0 -1
BITMAP
7FFF80
FFFF80
FFFF80
FFFF80
FFDF80
CAA980
F29980
E4D480
E51680
FFFF80
FFFF80
FFFF80
FFFF80
7FFF80
ENDCHAR
STARTCHAR F1F1
ENCODING 61937
SWIDTH 660 0
DWIDTH 11 0
BBX 17 14 0 -1
BITMAP
7FFF80
FFFF80
F08380
E14180
C24180
C22180
C22180
C24180
E14380
F08780
FFFF80
EFE780
FFFF80
7FFF80
ENDCHAR
STARTCHAR F1F2
ENCODING 61938
SWIDTH 660 0
DWIDTH 11 0
BBX 17 14 0 -1
BITMAP
7FFF80
FFFF80
FFFF80
FFFF80
B55A80
F73A80
B52B80
FFFF80
FFFE80
FFF880
FFE080
FF0080
F80080
7FFF80
ENDCHAR
STARTCHAR F1F3
ENCODING 61939
SWIDTH 660 0
DWIDTH 11 0
BBX 17 14 0 -1
BITMAP
7FFF80
FFFF80
FFEF80
FECD80
FFAD80
FDEA80
FF3A80
FEF880
FE8500
FEF280
FE8500
FEFA80
FFFF80
7FFF80
ENDCHAR
STARTCHAR F1F4
ENCODING 61940
SWIDTH 660 0
DWIDTH 11 0
BBX 17 14 0 -1
BITMAP
7FFF80
FFFF80
FFFF80
FFFF80
FFFF80
8FCF80
935280
B27680
FEFF80
FFFF80
FFFF80
FFFF80
FFFF80
7FFF80
ENDCHAR
STARTCHAR F1F5
ENCODING 61941
SWIDTH 660 0
DWIDTH 11 0
BBX 17 14 0 -1
BITMAP
7FFF80
FFFF80
FFFF80
FFFF80
F77F80
95C480
B55A80
D55B80
954C80
FFDF80
FFFF80
FFFF80
FFFF80
7FFF80
ENDCHAR
STARTCHAR F1F6
ENCODING 61942
SWIDTH 660 0
DWIDTH 11 0
BBX 19 16 0 -2
BITMAP
804000
E06000
31F000
1BF800
0FFC00
07FC00
01FC00
04FC00
067E00
0F3E00
0F8F00
1FE700
1FF380
0000C0
00E060
004020
ENDCHAR
STARTCHAR F1F7
ENCODING 61943
SWIDTH 660 0
DWIDTH 11 0
BBX 19 16 0 -2
BITMAP
804000
E06000
31F000
1B1800
0E0C00
070400
018400
04C400
047600
0C3E00
080E00
1FE700
1FF380
0000C0
00E060
004020
ENDCHAR
STARTCHAR F1F8
ENCODING 61944
SWIDTH 660 0
DWIDTH 11 0
BBX 13 16 0 -2
BITMAP
0F80
FFF8
FFF8
0000
7FF0
7FF0
7FF0
7FF0
7FF0
7FF0
7FF0
7FF0
7FF0
3FF0
3FF0
3FE0
ENDCHAR
STARTCHAR F1F9
ENCODING 61945
SWIDTH 660 0
DWIDTH 11 0
BBX 15 16 0 -2
BITMAP
03C0
1FF0
3818
600C
4386
C7E6
CC02
8802
8802
CC02
C7E6
6386
600C
3818
0FF0
0380
ENDCHAR
STARTCHAR F1FA
ENCODING 61946
SWIDTH 660 0
DWIDTH 11 0
BBX 15 16 0 -2
BITMAP
03C0
1FF0
3C38
701C
638E
C7F6
CC76
CC36
CC36
CE76
E7FE
639C
7000
3C00
0F80
0300
ENDCHAR
STARTCHAR F1FB
ENCODING 61947
SWIDTH 660 0
DWIDTH 11 0
BBX 15 16 0 -2
BITMAP
001C
003E
007E
00FE
07FE
03FC
01F8
0CF0
1C70
3930
7380
6700
6E00
7C00
F800
8000
ENDCHAR
STARTCHAR F1FC
ENCODING 61948
SWIDTH 660 0
DWIDTH 11 0
BBX 16 16 0 -2
BITMAP
0003
0007
001F
003E
007E
01FC
03F8
03F8
03F0
1DF0
3EE0
3F00
3F80
3F00
FF00
FC00
ENDCHAR
STARTCHAR F1FD
ENCODING 61949
SWIDTH 660 0
DWIDTH 11 0
BBX 13 16 0 -2
BITMAP
0220
3330
3370
2220
0000
3330
3330
7FF8
FFF8
FFF8
FDD8
0000
FFF8
FFF8
FFF8
FFF8
ENDCHAR
STARTCHAR F1FE
ENCODING 61950
SWIDTH 660 0
DWIDTH 11 0
BBX 15 14 0 -1
BITMAP
C000
C000
C000
C300
C7B8
CFFC
CFFC
CFFC
CFFC
CFFC
C000
C000
FFFE
7FFE
ENDCHAR
STARTCHAR F1FF
ENCODING 61951
SWIDTH 660 0
DWIDTH 11 0
BBX 18 14 0 -1
BITMAP
061800
1FFE00
3FFF00
7FFF00
7FFF80
7FFF80
F9E780
F1C780
F9C7C0
FFFFC0
FFFFC0
F7F7C0
380F00
080400
ENDCHAR
STARTCHAR F200
ENCODING 61952
SWIDTH 660 0
DWIDTH 11 0
BBX 16 16 0 -2
BITMAP
00C0
06F8
1EFC
3EFC
7EFE
7EFE
FEFE
FE00
FE00
FE7F
FF3F
7F9F
7FCE
3FE4
1FE0
0380
ENDCHAR
STARTCHAR F201
ENCODING 61953
SWIDTH 660 0
DWIDTH 11 0
BBX 15 14 0 -1
BITMAP
C000
C000
C004
C00C
C398
C7F0
CEE0
DC40
D800
C000
C000
C000
FFFE
7FFE
ENDCHAR
STARTCHAR F202
ENCODING 61954
SWIDTH 660 0
DWIDTH 11 0
BBX 15 8 0 2
BITMAP
7E3E
6766
C360
C13C
C19E
C182
64C6
7E7E
ENDCHAR
STARTCHAR F203
ENCODING 61955
SWIDTH 660 0
DWIDTH 11 0
BBX 13 14 0 -1
BITMAP
7FF8
FFF8
FFF8
FFF8
E318
C958
DD38
DDD8
CAD8
E738
FFF8
FFF8
FFF8
7FF0
ENDCHAR
STARTCHAR F204
ENCODING 61956
SWIDTH 660 0
DWIDTH 11 0
BBX 17 12 0 0
BITMAP
0FF800
3FFE00
700700
6E0180
DF0180
DF8180
DF8180
DF0180
6E0380
700700
3FFE00
0FF800
ENDCHAR
STARTCHAR F205
ENCODING 61957
SWIDTH 660 0
DWIDTH 11 0
BBX 17 12 0 0
BITMAP
0FF800
3FFE00
7FFF00
7FC780
FF8380
FF8380
FF8380
FF8380
7FC780
7FFF00
3FFE00
0FF800
ENDCHAR
STARTCHAR F206
ENCODING 61958
SWIDTH 660 0
DWIDTH 11 0
BBX 19 14 0 -1
BITMAP
006000
007000
1C1000
1E1800
03F800
071C00
3DB780
7CEFC0
C8EF60
DFCB20
C30960
C60C60
7E07C0
180380
ENDCHAR
STARTCHAR F207
ENCODING 61959
SWIDTH 660 0
DWIDTH 11 0
BBX 15 16 0 -2
BITMAP
07E0
3FFC
781C
7FFC
E10E
E10E
E10E
E10E
610C
7FFC
6FE4
4FE4
7FFC
7FFC
3818
3018
ENDCHAR
STARTCHAR F208
ENCODING 61960
SWIDTH 660 0
DWIDTH 11 0
BBX 19 15 0 -1
BITMAP
004000
03F800
060E00
0C0300
180100
13FFE0
300180
33F880
33F880
FFF980
FFF980
180300
0C0300
060E00
03F800
ENDCHAR
STARTCHAR F209
ENCODING 61961
SWIDTH 660 0
DWIDTH 11 0
BBX 11 16 0 -2
BITMAP
3000
28C0
2940
2940
1540
1680
1F80
78C0
4C20
6B20
B620
DC40
B440
4480
3300
0C00
ENDCHAR
STARTCHAR F20A
ENCODING 61962
SWIDTH 660 0
DWIDTH 11 0
BBX 17 14 0 -1
BITMAP
7FFF00
FFFF80
800080
800080
8F3880
9F7C80
984080
984080
8F7C80
863880
800080
800080
FFFF80
7FFF00
ENDCHAR
STARTCHAR F20B
ENCODING 61963
SWIDTH 660 0
DWIDTH 11 0
BBX 13 14 0 -1
BITMAP
FE08
FF88
C188
C0C8
CCC8
CCC8
CCC8
CCC8
CCC8
CC88
CC18
CC18
CFF0
CFE0
ENDCHAR
STARTCHAR F20C
ENCODING 61964
SWIDTH 660 0
DWIDTH 11 0
BBX 13 14 0 -1
BITMAP
0780
1FE0
3FF0
78F8
F038
E038
E018
E018
E038
E038
E0F0
FFF0
FFE0
FF00
ENDCHAR
STARTCHAR F20D
ENCODING 61965
SWIDTH 660 0
DWIDTH 11 0
BBX 13 14 0 -1
BITMAP
7FF8
FFF8
F878
F078
F078
F238
F238
E338
E718
E118
C398
FFF8
FFF8
7FF8
ENDCHAR
STARTCHAR F20E
ENCODING 61966
SWIDTH 660 0
DWIDTH 11 0
BBX 16 14 0 -1
BITMAP
0FF8
14A8
3744
3982
7086
534D
9C55
9C25
525A
718A
3FFC
324C
1428
0FF8
ENDCHAR
STARTCHAR F20F
ENCODING 61967
SWIDTH 660 0
DWIDTH 11 0
BBX 12 16 0 -2
BITMAP
FE00
FF00
FE80
E0C0
E0E0
E000
E070
E070
E070
E070
E070
E070
E0F0
FFE0
FFC0
FE00
ENDCHAR
STARTCHAR F210
ENCODING 61968
SWIDTH 660 0
DWIDTH 11 0
BBX 12 15 0 -1
BITMAP
0010
0030
3FF0
7FF0
FFF0
F0F0
E070
E070
E070
E070
E030
E010
FFF0
FFF0
3FE0
ENDCHAR
STARTCHAR F211
ENCODING 61969
SWIDTH 660 0
DWIDTH 11 0
BBX 13 14 0 -1
BITMAP
0700
1C20
30F0
63C0
C708
CE38
9C70
98E0
3188
3318
6730
2678
0CF8
0400
ENDCHAR
STARTCHAR F212
ENCODING 61970
SWIDTH 660 0
DWIDTH 11 0
BBX 17 12 0 0
BITMAP
1E3C00
71C700
5F6100
7FF100
7FF100
7FF100
7FF100
7FF100
FFF100
AEB980
FFFF80
808180
ENDCHAR
STARTCHAR F213
ENCODING 61971
SWIDTH 660 0
DWIDTH 11 0
BBX 19 14 0 -1
BITMAP
007800
00FC00
01FE00
0BFF00
3FF300
3FF300
3F9300
7E93C0
F293E0
F293E0
F293E0
F293E0
7FFFC0
1FFF00
ENDCHAR
STARTCHAR F214
ENCODING 61972
SWIDTH 660 0
DWIDTH 11 0
BBX 13 15 0 -2
BITMAP
FFF8
8008
8008
FFF8
DBB8
8008
C708
CC88
CB88
CE88
8788
C008
D018
3460
0F80
ENDCHAR
STARTCHAR F215
ENCODING 61973
SWIDTH 660 0
DWIDTH 11 0
BBX 15 12 0 0
BITMAP
F81E
F83E
FFFE
FFFE
FFFE
E38E
C386
C386
E38E
FFFE
FFFE
FFFE
ENDCHAR
STARTCHAR F216
ENCODING 61974
SWIDTH 660 0
DWIDTH 11 0
BBX 19 12 0 0
BITMAP
007000
008C00
000400
3E0200
618200
C0C3C0
C06060
C02020
C01020
60C860
3F07C0
0C0100
ENDCHAR
STARTCHAR F217
ENCODING 61975
SWIDTH 660 0
DWIDTH 11 0
BBX 17 16 0 -2
BITMAP
E00000
FFFF80
3FFF80
1F9F80
1F0F80
1F0F00
1F9F00
1FFF00
0FFE00
080000
0FFE00
07FE00
000000
0E0600
0E0600
040600
ENDCHAR
STARTCHAR F218
ENCODING 61976
SWIDTH 660 0
DWIDTH 11 0
BBX 17 16 0 -2
BITMAP
E00000
FF9F80
3F9F80
1F9F80
1F0780
1F8F00
1FDF00
1FFF00
0FFE00
080000
0FFE00
07FE00
000000
0E0600
0E0600
040600
ENDCHAR
STARTCHAR F219
ENCODING 61977
SWIDTH 660 0
DWIDTH 11 0
BBX 15 14 0 -1
BITMAP
1FF0
1FF8
3C68
66CC
C386
FFFE
6006
300C
1818
1830
0C60
06C0
0380
0100
ENDCHAR
STARTCHAR F21A
ENCODING 61978
SWIDTH 660 0
DWIDTH 11 0
BBX 17 16 0 -2
BITMAP
03E000
03F000
1FFC00
1FFC00
180C00
180C00
1BFC00
1FFE00
7FFF00
7FFF00
3FFE00
1FFC00
063800
79C700
FFFF80
C63880
ENDCHAR
STARTCHAR F21B
ENCODING 61979
SWIDTH 660 0
DWIDTH 11 0
BBX 13 16 0 -2
BITMAP
0580
0FC0
1FC0
7FF0
7FF0
1320
1240
7FF0
7FF0
3770
3260
7270
FB78
FBF8
FFF8
FFF8
ENDCHAR
STARTCHAR F21C
ENCODING 61980
SWIDTH 660 0
DWIDTH 11 0
BBX 19 14 0 -1
BITMAP
00E600
00FE00
001E00
7C7800
7EF800
03FC00
3DF780
7EEFC0
C6EE60
D86B60
D86D60
E60CE0
7E07C0
180380
ENDCHAR
STARTCHAR F21D
ENCODING 61981
SWIDTH 660 0
DWIDTH 11 0
BBX 15 16 0 -2
BITMAP
0180
0380
03C0
0380
0000
07C0
07E0
07E0
07E0
03C0
0380
7B9C
C386
C006
7FFC
07C0
ENDCHAR
STARTCHAR F21E
ENCODING 61982
SWIDTH 660 0
DWIDTH 11 0
BBX 15 14 0 -1
BITMAP
1830
7EFC
7FFE
FBFE
FBBE
F19E
0500
0440
3E7C
1EF0
0FE0
07C0
0380
0100
ENDCHAR
STARTCHAR F21F
ENCODING 61983
SWIDTH 660 0
DWIDTH 11 0
BBX 19 14 0 -1
BITMAP
006000
006000
0F6000
0F6100
000300
7F7BE0
0001E0
FFFF80
FFFF00
FFFE00
7FFC00
7FF800
3FF000
078000
ENDCHAR
STARTCHAR F220
ENCODING 61984
SWIDTH 660 0
DWIDTH 11 0
BBX 14 13 0 -1
BITMAP
0780
1A40
3120
2920
2B20
3220
0460
0840
1080
3120
6338
FFEC
0030
ENDCHAR
STARTCHAR F221
ENCODING 61985
SWIDTH 660 0
DWIDTH 11 0
BBX 11 16 0 -2
BITMAP
0E00
3F80
71C0
E0C0
C0C0
C060
C0E0
E0C0
71C0
3F80
1E00
0C00
3F00
1F00
0C00
0400
ENDCHAR
STARTCHAR F222
ENCODING 61986
SWIDTH 660 0
DWIDTH 11 0
BBX 13 14 0 -1
BITMAP
0078
0078
0038
1E78
3FE8
71C0
C0C0
C060
C060
C0C0
E0C0
71C0
3F80
0E00
ENDCHAR
STARTCHAR F223
ENCODING 61987
SWIDTH 660 0
DWIDTH 11 0
BBX 11 16 0 -2
BITMAP
2080
7380
3F00
7F80
60C0
C0C0
C060
C060
C0C0
61C0
7F80
1F00
0400
1F00
0400
0400
ENDCHAR
STARTCHAR F224
ENCODING 61988
SWIDTH 660 0
DWIDTH 11 0
BBX 12 16 0 -2
BITMAP
01F0
01F0
1EF0
7FF0
63B0
C180
C0C0
C0C0
C180
6380
3F00
1C00
1C00
1E00
0C00
0800
ENDCHAR
STARTCHAR F225
ENCODING 61989
SWIDTH 660 0
DWIDTH 11 0
BBX 15 16 0 -2
BITMAP
F00E
E00E
F80E
B3DA
3FF0
0C70
1830
1810
1810
1830
0C70
0FE0
0380
0380
0380
0100
ENDCHAR
STARTCHAR F226
ENCODING 61990
SWIDTH 660 0
DWIDTH 11 0
BBX 18 16 0 -2
BITMAP
0E1E00
3FBF00
71D380
E0C0C0
C0C0C0
C060C0
C0C0C0
E0C0C0
71C180
3FBF00
1E1E00
0C0C00
3F3F00
1F3E00
0C0C00
040800
ENDCHAR
STARTCHAR F227
ENCODING 61991
SWIDTH 660 0
DWIDTH 11 0
BBX 19 14 0 -1
BITMAP
0079E0
0079E0
0038E0
1E79E0
3FEB20
71C300
C0C300
C06300
C06300
C0C300
E0C300
71CE00
3FBC00
0E3000
ENDCHAR
STARTCHAR F228
ENCODING 61992
SWIDTH 660 0
DWIDTH 11 0
BBX 19 16 0 -2
BITMAP
0E01E0
3F81E0
71DCE0
E0DFE0
C0C320
C06180
C04180
E0C180
71C180
3F8180
1E6700
0C7E00
3F3C00
1F0000
0C0000
040000
ENDCHAR
STARTCHAR F229
ENCODING 61993
SWIDTH 660 0
DWIDTH 11 0
BBX 14 15 0 -1
BITMAP
003C
003C
00DC
00FC
1E74
3FF0
71C0
C0C0
C060
C060
C0C0
E0C0
71C0
3F80
0E00
ENDCHAR
STARTCHAR F22A
ENCODING 61994
SWIDTH 660 0
DWIDTH 11 0
BBX 9 16 1 -2
BITMAP
0800
1C00
3E00
0800
3E00
0800
3C00
7F00
E380
C180
8180
8180
C180
E700
7E00
1800
ENDCHAR
STARTCHAR F22B
ENCODING 61995
SWIDTH 660 0
DWIDTH 11 0
BBX 18 10 0 1
BITMAP
3F0000
7F8000
60CB00
C0CB80
C07FC0
C07FC0
C0CB80
61CB00
7F8000
1F0000
ENDCHAR
STARTCHAR F22C
ENCODING 61996
SWIDTH 660 0
DWIDTH 11 0
BBX 11 16 0 -2
BITMAP
0E00
3F80
71C0
E0C0
C0C0
C060
C0E0
E0C0
71C0
3F80
1E00
0C00
0C00
0C00
0C00
0400
ENDCHAR
STARTCHAR F22D
ENCODING 61997
SWIDTH 660 0
DWIDTH 11 0
BBX 11 10 0 1
BITMAP
3F00
7F80
60C0
C0C0
C060
C060
C0C0
61C0
7F80
1F00
ENDCHAR
STARTCHAR F22E
ENCODING 61998
SWIDTH 660 0
DWIDTH 11 0
BBX 13 14 0 -1
BITMAP
7FF8
FFF8
F878
EBB8
FD98
DC78
C2E8
DCC8
DB78
F758
E738
F8F8
FFF8
7FF0
ENDCHAR
STARTCHAR F22F
ENCODING 61999
SWIDTH 660 0
DWIDTH 11 0
BBX 12 14 0 -1
BITMAP
FE00
FFC0
C1E0
C070
0030
0030
0010
0010
0030
0030
0060
01E0
FF80
FE00
ENDCHAR
STARTCHAR F230
ENCODING 62000
SWIDTH 660 0
DWIDTH 11 0
BBX 14 15 0 -2
BITMAP
0200
0B60
07C0
3FF0
4308
4B48
2308
3FF8
7FF8
FFFC
3FF0
1FF0
1FEC
078C
0FF0
ENDCHAR
STARTCHAR F231
ENCODING 62001
SWIDTH 660 0
DWIDTH 11 0
BBX 12 15 0 -1
BITMAP
0600
3FC0
70E0
4060
CC60
DC70
DC60
C860
5860
1CC0
1F80
1000
3000
3000
2000
ENDCHAR
STARTCHAR F232
ENCODING 62002
SWIDTH 660 0
DWIDTH 11 0
BBX 13 14 0 -1
BITMAP
0780
18E0
2030
4018
C808
9C08
8808
8C08
86C8
41C8
4010
4030
FFC0
8300
ENDCHAR
STARTCHAR F233
ENCODING 62003
SWIDTH 660 0
DWIDTH 11 0
BBX 15 14 0 -1
BITMAP
7FFC
FFFE
FFD6
FFD6
FFFE
7FFE
0000
0000
7FFE
FFFE
FFD6
FFFE
FFFE
7FFC
ENDCHAR
STARTCHAR F234
ENCODING 62004
SWIDTH 660 0
DWIDTH 11 0
BBX 19 16 0 -2
BITMAP
070000
0FC000
1FC000
1FE000
1FE180
1FC180
0FC7E0
0787E0
000180
0F8180
3FE000
7FF000
FFF800
FFF800
FFF800
FFF800
ENDCHAR
STARTCHAR F235
ENCODING 62005
SWIDTH 660 0
DWIDTH 11 0
BBX 19 16 0 -2
BITMAP
070000
0FC000
1FC000
1FE000
1FE220
1FC360
0FC1C0
0781C0
000360
0F8220
3FE000
7FF000
FFF800
FFF800
FFF800
FFF800
ENDCHAR
STARTCHAR F236
ENCODING 62006
SWIDTH 660 0
DWIDTH 11 0
BBX 19 14 0 -1
BITMAP
C00000
C00000
C00000
CE7FC0
DE7FE0
DF7FE0
DE7FE0
CE7FE0
C07FE0
FFFFE0
FFFFE0
FFFFE0
C00060
C00020
ENDCHAR
STARTCHAR F237
ENCODING 62007
SWIDTH 660 0
DWIDTH 11 0
BBX 12 13 0 -1
BITMAP
C060
4060
6060
60C0
F0F0
3180
FFF0
1900
0B00
0F00
0E00
0600
0400
ENDCHAR
STARTCHAR F238
ENCODING 62008
SWIDTH 660 0
DWIDTH 11 0
BBX 13 16 0 -2
BITMAP
3FF0
FFF8
C018
C008
C008
C008
C018
FFF8
FFF8
FCF8
F8F8
FCF8
7FF8
3FF0
3070
6030
ENDCHAR
STARTCHAR F239
ENCODING 62009
SWIDTH 660 0
DWIDTH 11 0
BBX 13 16 0 -2
BITMAP
3FF0
FFF8
FFF8
C218
C208
C208
C208
C218
FFF8
FFF8
CFD8
CFD8
7FF8
3FF0
3070
6030
ENDCHAR
STARTCHAR F23A
ENCODING 62010
SWIDTH 660 0
DWIDTH 11 0
BBX 19 11 0 1
BITMAP
040000
3F8620
7FCF20
7FCF60
FFFFE0
FFFFE0
FFFFE0
FFFFE0
7FCF60
7FCF20
3F0600
ENDCHAR
STARTCHAR F23B
ENCODING 62011
SWIDTH 660 0
DWIDTH 11 0
BBX 13 14 0 -1
BITMAP
FFF8
FFF8
FFF8
FFF8
F778
FAF8
FAF8
FDF8
FDF8
FDF8
FDF8
FFF8
FFF8
FFF8
ENDCHAR
STARTCHAR F23C
ENCODING 62012
SWIDTH 660 0
DWIDTH 11 0
BBX 17 14 0 0
BITMAP
00E000
07E000
063000
3CD900
7CDF00
5FFF00
5FFD00
3AAA00
76F700
390F00
641300
A36280
FC9D80
FFFF80
ENDCHAR
STARTCHAR F23D
ENCODING 62013
SWIDTH 660 0
DWIDTH 11 0
BBX 18 13 1 0
BITMAP
800000
600000
1FFFC0
0003C0
000080
000100
000200
000400
000000
000000
186000
187000
186000
ENDCHAR
STARTCHAR F23E
ENCODING 62014
SWIDTH 660 0
DWIDTH 11 0
BBX 15 15 0 -1
BITMAP
0100
0EE0
3FF8
5838
BBBC
BBBC
FBBE
E44E
F10E
F10E
B10C
600C
5FF8
2FF0
1FE0
ENDCHAR
STARTCHAR F23F
ENCODING 62015
SWIDTH 660 0
DWIDTH 11 0
BBX 19 12 0 0
BITMAP
C0E060
C1F020
81F020
800020
800020
81FFE0
81FFE0
81FFE0
81FEE0
80FE20
C07C20
E00060
ENDCHAR
STARTCHAR F240
ENCODING 62016
SWIDTH 660 0
DWIDTH 11 0
BBX 17 10 0 1
BITMAP
7FFE00
FFFF00
C00300
DFFB80
DFFB80
DFFB80
DFFB80
C00300
FFFF00
7FFE00
ENDCHAR
STARTCHAR F241
ENCODING 62017
SWIDTH 660 0
DWIDTH 11 0
BBX 17 10 0 1
BITMAP
7FFE00
FFFF00
C00300
DFE380
DFE380
DFE380
DFE380
C00300
FFFF00
7FFE00
ENDCHAR
STARTCHAR F242
ENCODING 62018
SWIDTH 660 0
DWIDTH 11 0
BBX 17 10 0 1
BITMAP
7FFE00
FFFF00
C00300
DF8380
DF8380
DF8380
DF8380
C00300
FFFF00
7FFE00
ENDCHAR
STARTCHAR F243
ENCODING 62019
SWIDTH 660 0
DWIDTH 11 0
BBX 17 10 0 1
BITMAP
7FFE00
FFFF00
C00300
DC0380
DC0380
DC0380
DC0380
C00300
FFFF00
7FFE00
ENDCHAR
STARTCHAR F244
ENCODING 62020
SWIDTH 660 0
DWIDTH 11 0
BBX 17 10 0 1
BITMAP
7FFE00
FFFF00
C00300
C00380
C00380
C00380
C00380
C00300
FFFF00
7FFE00
ENDCHAR
STARTCHAR F245
ENCODING 62021
SWIDTH 660 0
DWIDTH 11 0
BBX 10 14 0 -1
BITMAP
4000
E000
F000
F800
FC00
FE00
FF80
FFC0
FFC0
FC00
E600
E600
4300
0200
ENDCHAR
STARTCHAR F246
ENCODING 62022
SWIDTH 660 0
DWIDTH 11 0
BBX 8 16 1 -2
BITMAP
63
7F
3C
18
18
18
18
3E
3E
18
18
18
18
3C
FF
43
ENDCHAR
STARTCHAR F247
ENCODING 62023
SWIDTH 660 0
DWIDTH 11 0
BBX 15 14 0 -1
BITMAP
4006
FFFE
E006
DF06
DF86
DF86
DFB6
DF36
C076
C1F6
C1F6
E006
FFFE
4006
ENDCHAR
STARTCHAR F248
ENCODING 62024
SWIDTH 660 0
DWIDTH 11 0
BBX 19 16 0 -2
BITMAP
601000
FFF800
FFE800
603800
601000
6010E0
6017E0
603BE0
FFE8C0
FFF840
603840
010040
0380E0
02FFA0
0380E0
010040
ENDCHAR
STARTCHAR F249
ENCODING 62025
SWIDTH 660 0
DWIDTH 11 0
BBX 13 14 0 -1
BITMAP
7FF8
FFF8
FFF8
FFF8
FFF8
FFF8
FFF8
FFF8
FFF8
FF80
FFB8
FFB0
FFA0
7F80
ENDCHAR
STARTCHAR F24A
ENCODING 62026
SWIDTH 660 0
DWIDTH 11 0
BBX 13 14 0 -1
BITMAP
7FF8
FFF8
8008
8008
8008
8008
8008
8008
8008
8078
8078
8070
FFE0
7FC0
ENDCHAR
STARTCHAR F24B
ENCODING 62027
SWIDTH 660 0
DWIDTH 11 0
BBX 17 14 0 -1
BITMAP
7FFF80
FFFF80
FFFF80
FFFF80
FFFF80
F62080
F4E480
F4E680
862080
FFFF80
FFFF80
FFFF80
FFFF80
7FFF80
ENDCHAR
STARTCHAR F24C
ENCODING 62028
SWIDTH 660 0
DWIDTH 11 0
BBX 17 14 0 -1
BITMAP
7FFF80
F80F80
EFC380
DFE180
FB3180
F33080
B31080
B33080
F33080
DB7180
FFE180
F7C380
FC1F80
7FFF80
ENDCHAR
STARTCHAR F24D
ENCODING 62029
SWIDTH 660 0
DWIDTH 11 0
BBX 15 16 0 -2
BITMAP
03FC
07FE
0402
0402
0402
7402
C402
8402
8402
87FE
83FE
8000
8060
8060
FFC0
7F80
ENDCHAR
STARTCHAR F24E
ENCODING 62030
SWIDTH 660 0
DWIDTH 11 0
BBX 19 16 0 -2
BITMAP
006000
1FFF00
1FFF00
01F000
18E100
186380
3C6680
6466C0
466C40
C26860
FF6FE0
7E6FE0
386380
006000
1FFF00
1FFF00
ENDCHAR
STARTCHAR F24F
ENCODING 62031
SWIDTH 660 0
DWIDTH 11 0
BBX 9 16 1 -2
BITMAP
0780
1F80
3F80
3C00
3800
3800
FF00
FF00
FF00
3800
3800
3800
3800
3800
3800
3800
ENDCHAR
STARTCHAR F250
ENCODING 62032
SWIDTH 660 0
DWIDTH 11 0
BBX 11 16 0 -2
BITMAP
FFE0
FFE0
4060
6040
20C0
3180
1B00
0E00
0E00
1B00
3180
60C0
6040
4060
FFE0
FFE0
ENDCHAR
STARTCHAR F251
ENCODING 62033
SWIDTH 660 0
DWIDTH 11 0
BBX 12 16 0 -2
BITMAP
FFE0
FFF0
7FE0
7FC0
7FC0
3FC0
1F80
0F00
0F00
1F80
39C0
70C0
6060
6060
FFF0
FFE0
ENDCHAR
STARTCHAR F252
ENCODING 62034
SWIDTH 660 0
DWIDTH 11 0
BBX 11 16 0 -2
BITMAP
FFE0
FFE0
4060
6040
3FC0
3F80
1F00
0E00
0E00
1B00
3180
60C0
7FC0
7FE0
FFE0
FFE0
ENDCHAR
STARTCHAR F253
ENCODING 62035
SWIDTH 660 0
DWIDTH 11 0
BBX 12 16 0 -2
BITMAP
FFE0
FFF0
6060
60C0
70C0
39C0
1F80
0F00
0F00
1F80
3FC0
7FC0
7FE0
7FE0
FFF0
FFE0
ENDCHAR
STARTCHAR F254
ENCODING 62036
SWIDTH 660 0
DWIDTH 11 0
BBX 12 16 0 -2
BITMAP
FFE0
FFF0
6060
60C0
70C0
39C0
1F80
0F00
0F00
1F80
39C0
70C0
6060
6060
FFF0
FFE0
ENDCHAR
STARTCHAR F255
ENCODING 62037
SWIDTH 660 0
DWIDTH 11 0
BBX 12 16 0 -2
BITMAP
1800
3E00
2F80
23E0
60E0
E030
E030
8030
C030
4020
70E0
10C0
10C0
10C0
10C0
1080
ENDCHAR
STARTCHAR F256
ENCODING 62038
SWIDTH 660 0
DWIDTH 11 0
BBX 14 16 0 -2
BITMAP
0180
0FE0
1EF0
1ADC
1ADC
1AD4
1AD4
1AD4
F804
9804
C004
6004
300C
1C18
07F0
01C0
ENDCHAR
STARTCHAR F257
ENCODING 62039
SWIDTH 660 0
DWIDTH 11 0
BBX 15 12 0 0
BITMAP
0070
7CFC
CF86
F0E2
3F02
FF02
8002
FF02
0202
0302
0106
01FC
ENDCHAR
STARTCHAR F258
ENCODING 62040
SWIDTH 660 0
DWIDTH 11 0
BBX 15 12 0 0
BITMAP
7FC0
FFF0
8018
FF18
3F8C
0F86
3F02
2002
3F82
1FE2
0022
0022
ENDCHAR
STARTCHAR F259
ENCODING 62041
SWIDTH 660 0
DWIDTH 11 0
BBX 15 16 0 -2
BITMAP
0600
0F30
0D78
3D7E
2DDE
37DA
16DA
12D6
5A96
F804
9C04
E80C
300C
1818
0FF0
01C0
ENDCHAR
STARTCHAR F25A
ENCODING 62042
SWIDTH 660 0
DWIDTH 11 0
BBX 13 16 0 -2
BITMAP
0C00
1E00
1A00
1A00
1A00
1B80
1BE0
18B8
F808
9AA8
DAA8
62A8
22A8
3018
1FF0
07E0
ENDCHAR
STARTCHAR F25B
ENCODING 62043
SWIDTH 660 0
DWIDTH 11 0
BBX 12 16 0 -2
BITMAP
0600
6700
FD00
DD00
DD80
5FF0
6B70
7F50
7FD0
4370
4E10
4010
6010
3030
1FE0
0780
ENDCHAR
STARTCHAR F25C
ENCODING 62044
SWIDTH 660 0
DWIDTH 11 0
BBX 19 10 0 1
BITMAP
FE4020
FF6060
1870E0
1879E0
1879E0
186F60
186E60
186660
186060
184020
ENDCHAR
STARTCHAR F25D
ENCODING 62045
SWIDTH 660 0
DWIDTH 11 0
BBX 15 16 0 -2
BITMAP
03C0
1FF0
3818
600C
47C6
C7C6
C462
87C2
87C2
C4C2
C446
6446
600C
3818
0FF0
0380
ENDCHAR
STARTCHAR F25E
ENCODING 62046
SWIDTH 660 0
DWIDTH 11 0
BBX 15 15 0 -1
BITMAP
0100
0FE0
3838
6008
4004
C006
CEF6
9882
9882
CEE6
C004
400C
2008
3830
0FE0
ENDCHAR
STARTCHAR F25F
ENCODING 62047
SWIDTH 660 0
DWIDTH 11 0
BBX 15 15 0 -2
BITMAP
0100
0FE0
3FF8
7FFC
7FFC
FFFE
F9CE
F01E
F03E
E73E
7FFC
7FFC
3FF8
1FF0
1FC0
ENDCHAR
STARTCHAR F260
ENCODING 62048
SWIDTH 660 0
DWIDTH 11 0
BBX 15 10 0 1
BITMAP
0C60
18F0
3198
608C
C446
4606
230C
1118
0A70
0460
ENDCHAR
STARTCHAR F261
ENCODING 62049
SWIDTH 660 0
DWIDTH 11 0
BBX 15 15 0 -1
BITMAP
0100
0FE0
3FF8
7FF8
7FFC
F93C
F6DE
EF6E
EDEE
F6DE
F93C
7FFC
3FF8
3FF0
0FE0
ENDCHAR
STARTCHAR F262
ENCODING 62050
SWIDTH 660 0
DWIDTH 11 0
BBX 12 16 0 -2
BITMAP
FFF0
FFF0
FFF0
FFF0
FF00
FF70
FF40
FF50
F050
F7D0
F410
F5F0
0500
FD70
0140
3F40
ENDCHAR
STARTCHAR F263
ENCODING 62051
SWIDTH 660 0
DWIDTH 11 0
BBX 9 16 1 -2
BITMAP
1C00
7E00
6700
C300
C300
6300
7E00
3C00
C180
FF80
7E00
1800
3C00
7600
E300
4100
ENDCHAR
STARTCHAR F264
ENCODING 62052
SWIDTH 660 0
DWIDTH 11 0
BBX 13 14 0 -1
BITMAP
7FF8
FFF8
F8F8
FA78
F778
F378
F8F8
F738
F878
FCF8
FA78
F778
FFF8
7FF0
ENDCHAR
STARTCHAR F265
ENCODING 62053
SWIDTH 660 0
DWIDTH 11 0
BBX 13 12 0 0
BITMAP
FFF8
FFF8
FFF8
EFB8
E718
E238
F078
FCF8
7FF8
3FF0
1FE0
0F80
ENDCHAR
STARTCHAR F266
ENCODING 62054
SWIDTH 660 0
DWIDTH 11 0
BBX 19 12 0 0
BITMAP
F18CE0
308880
30D080
185080
186100
082100
0C7200
04B200
069C00
071C00
030C00
020800
ENDCHAR
STARTCHAR F267
ENCODING 62055
SWIDTH 660 0
DWIDTH 11 0
BBX 15 15 0 -1
BITMAP
0100
0FE0
3EF8
7FF8
7FDC
FF9C
FE3E
FC7E
FF7E
FDFE
F3FC
7FFC
3BB8
3EF0
0FE0
ENDCHAR
STARTCHAR F268
ENCODING 62056
SWIDTH 660 0
DWIDTH 11 0
BBX 15 16 0 -2
BITMAP
03C0
1FF0
3FF8
3FFC
3C00
D99E
D7DE
E7CE
F7CE
F3DE
F91E
7C3E
7F7C
3F78
0EF0
0280
ENDCHAR
STARTCHAR F269
ENCODING 62057
SWIDTH 660 0
DWIDTH 11 0
BBX 15 15 0 -1
BITMAP
0100
0EE0
0E38
1C18
780C
F80C
FC0E
FC0E
FE0E
FF3E
FFFC
7FFC
3FF8
3FF0
0FE0
ENDCHAR
STARTCHAR F26A
ENCODING 62058
SWIDTH 660 0
DWIDTH 11 0
BBX 15 15 0 -1
BITMAP
0100
0FE0
3C78
7838
701C
F01C
F01E
F01E
F01E
F01E
F01C
781C
3838
3C70
0FE0
ENDCHAR
STARTCHAR F26B
ENCODING 62059
SWIDTH 660 0
DWIDTH 11 0
BBX 15 16 0 -1
BITMAP
001C
01F2
07F2
1FFA
17FE
2C1E
1C1E
3FFE
3FFE
7800
7C00
FE1E
9FFC
8FF8
87E0
7800
ENDCHAR
STARTCHAR F26C
ENCODING 62060
SWIDTH 660 0
DWIDTH 11 0
BBX 19 16 0 -2
BITMAP
7FFFC0
FFFFE0
C00060
C00060
C00060
C00060
C00060
C00060
C00060
C00060
C00060
FFFFE0
7FFFC0
000000
1FFF00
1FFF00
ENDCHAR
STARTCHAR F26D
ENCODING 62061
SWIDTH 660 0
DWIDTH 11 0
BBX 15 14 0 -1
BITMAP
C00E
C006
8306
87BE
87FE
87FE
87FE
87FE
83FE
C3E2
C3C2
C1C2
E002
E006
ENDCHAR
STARTCHAR F26E
ENCODING 62062
SWIDTH 660 0
DWIDTH 11 0
BBX 11 14 0 -3
BITMAP
3F80
2F80
2060
2F80
3040
2720
08A0
0A60
8DA0
A9A0
5B60
48C0
2720
1FC0
ENDCHAR
STARTCHAR F26F
ENCODING 62063
SWIDTH 660 0
DWIDTH 11 0
BBX 12 13 0 0
BITMAP
0040
0040
3CE0
76E0
6020
6000
FDE0
60E0
60E0
60E0
60E0
60E0
F9F0
ENDCHAR
STARTCHAR F270
ENCODING 62064
SWIDTH 660 0
DWIDTH 11 0
BBX 12 14 1 -1
BITMAP
0E00
3F80
3380
1180
0F80
3F80
3380
7380
3FC0
3D80
0030
8030
7BC0
0E00
ENDCHAR
STARTCHAR F271
ENCODING 62065
SWIDTH 660 0
DWIDTH 11 0
BBX 13 16 0 -2
BITMAP
1040
1840
7FF8
FFF8
FFF8
FFF8
8008
8208
8208
8F88
8F88
8208
8208
8008
FFF8
7FF0
ENDCHAR
STARTCHAR F272
ENCODING 62066
SWIDTH 660 0
DWIDTH 11 0
BBX 13 16 0 -2
BITMAP
1040
1840
7FF8
FFF8
FFF8
FFF8
8008
8008
8008
8F88
8F88
8008
8008
8008
FFF8
7FF0
ENDCHAR
STARTCHAR F273
ENCODING 62067
SWIDTH 660 0
DWIDTH 11 0
BBX 13 16 0 -2
BITMAP
1040
1840
7FF8
FFF8
FFF8
FFF8
8008
8088
8D88
8708
8708
8D88
8888
8008
FFF8
7FF0
ENDCHAR
STARTCHAR F274
ENCODING 62068
SWIDTH 660 0
DWIDTH 11 0
BBX 13 16 0 -2
BITMAP
1040
1840
7FF8
FFF8
FFF8
FFF8
8008
8008
8048
80C8
9D88
8F08
8608
8008
FFF8
7FF0
ENDCHAR
STARTCHAR F275
ENCODING 62069
SWIDTH 660 0
DWIDTH 11 0
BBX 15 14 0 -1
BITMAP
F000
F000
F000
F0C2
F3CE
FFFE
FFFE
FFFE
FFFE
FFFE
FFFE
FFFE
FFFE
7FFE
ENDCHAR
STARTCHAR F276
ENCODING 62070
SWIDTH 660 0
DWIDTH 11 0
BBX 9 16 1 -2
BITMAP
1C00
7E00
4700
DF00
BF80
FF80
FF00
7E00
1C00
0000
1800
1800
1800
1800
1800
0800
ENDCHAR
STARTCHAR F277
ENCODING 62071
SWIDTH 660 0
DWIDTH 11 0
BBX 15 16 0 -2
BITMAP
0100
7FFC
7FFE
7FFE
7FFC
0000
0100
7FFC
FFFC
FFFC
7FFC
0000
0100
0100
0100
0100
ENDCHAR
STARTCHAR F278
ENCODING 62072
SWIDTH 660 0
DWIDTH 11 0
BBX 17 14 0 -1
BITMAP
060080
3FC780
F4FE80
841080
841080
841080
841080
841080
841080
841080
841080
9F9780
F0FE00
801000
ENDCHAR
STARTCHAR F279
ENCODING 62073
SWIDTH 660 0
DWIDTH 11 0
BBX 17 14 0 -1
BITMAP
080080
3BC380
FBFF80
FBFF80
FBFF80
FBFF80
FBFF80
FBFF80
FBFF80
FBFF80
FBFF80
FBFF80
F0FE00
801800
ENDCHAR
STARTCHAR F27A
ENCODING 62074
SWIDTH 660 0
DWIDTH 11 0
BBX 15 16 0 -2
BITMAP
7FFC
FFFE
FFFE
FFFE
FFFE
FFFE
FFFE
FFFE
FFFE
FFFE
FFFE
FFFE
7FFC
0700
0600
0400
ENDCHAR
STARTCHAR F27B
ENCODING 62075
SWIDTH 660 0
DWIDTH 11 0
BBX 15 14 0 -1
BITMAP
07C0
1FF0
301C
6004
C006
C802
99B2
C002
C006
6004
601C
7FF0
F3C0
C000
ENDCHAR
STARTCHAR F27C
ENCODING 62076
SWIDTH 660 0
DWIDTH 11 0
BBX 12 14 0 -1
BITMAP
E000
E000
E000
F000
FE00
FFE0
FFF0
FFF0
FFF0
F8F0
F8F0
F8F0
F8F0
F8F0
ENDCHAR
STARTCHAR F27D
ENCODING 62077
SWIDTH 660 0
DWIDTH 11 0
BBX 13 12 0 0
BITMAP
1838
3C78
7CF8
BC38
1C38
1C78
1E70
0EE0
0FC0
0FC0
0F80
0600
ENDCHAR
STARTCHAR F27E
ENCODING 62078
SWIDTH 660 0
DWIDTH 11 0
BBX 13 14 0 -1
BITMAP
FFF8
FFF8
F078
F8F8
FCF8
FCF8
F8F8
F878
F078
F078
F078
FCF8
FFF8
FFF8
ENDCHAR
STARTCHAR F27F
ENCODING 62079
SWIDTH 660 0
DWIDTH 11 0
BBX 15 15 0 -1
BITMAP
0100
0FE0
3EF8
7E38
7E3C
FEFC
E01E
E45E
E45E
E016
C004
4384
4388
3390
0FE0
ENDCHAR
STARTCHAR F280
ENCODING 62080
SWIDTH 660 0
DWIDTH 11 0
BBX 13 14 0 -1
BITMAP
FFF8
FFF8
FFB8
F918
F538
E7F8
E138
E7B8
E7B8
E7B8
E7B8
E318
FFF8
FFF8
ENDCHAR
STARTCHAR F281
ENCODING 62081
SWIDTH 660 0
DWIDTH 11 0
BBX 15 14 0 -1
BITMAP
0030
0038
00F8
0100
07C0
FFFE
FFFE
F3CE
73CE
7FFC
383C
3C78
1FF0
0380
ENDCHAR
STARTCHAR F282
ENCODING 62082
SWIDTH 660 0
DWIDTH 11 0
BBX 15 16 0 -2
BITMAP
03C0
1FF0
3FF8
7FFC
01FE
3C7E
7E7E
F83E
F83E
F07C
F210
7300
73FC
3BF8
09F0
0400
ENDCHAR
STARTCHAR F283
ENCODING 62083
SWIDTH 660 0
DWIDTH 11 0
BBX 17 14 0 -1
BITMAP
7FFF00
FFFF80
FFFF80
000000
000000
000000
FFFF80
FFFF80
FFFF80
FFFF80
E20F80
FFFF80
FFFF80
7FFF00
ENDCHAR
STARTCHAR F284
ENCODING 62084
SWIDTH 660 0
DWIDTH 11 0
BBX 14 15 0 -1
BITMAP
0100
0EE0
3010
6108
47C4
8FF8
9FE8
9F88
9FD0
9FF0
8FE8
47C4
2008
3010
0FE0
ENDCHAR
STARTCHAR F285
ENCODING 62085
SWIDTH 660 0
DWIDTH 11 0
BBX 13 14 0 -1
BITMAP
4000
61F8
7BF0
7FF0
7F60
7FC0
7E40
07B0
3FF0
3F70
7FF0
7EF0
8030
0010
ENDCHAR
STARTCHAR F286
ENCODING 62086
SWIDTH 660 0
DWIDTH 11 0
BBX 14 16 0 -2
BITMAP
0100
01C0
01C0
0200
2250
2950
3FF0
37B0
37B0
BFF4
FFFC
FCFC
F87C
F87C
F87C
F87C
ENDCHAR
STARTCHAR F287
ENCODING 62087
SWIDTH 660 0
DWIDTH 11 0
BBX 19 12 0 0
BITMAP
003000
00F800
013800
030000
720080
FFFFE0
F180E0
708080
004000
006E00
003E00
000E00
ENDCHAR
STARTCHAR F288
ENCODING 62088
SWIDTH 660 0
DWIDTH 11 0
BBX 15 15 0 -1
BITMAP
0100
0FE0
3FF8
7FF8
783C
F81C
FBDE
FB9E
F83E
FBFE
FBFC
7BFC
3FF8
3FF0
0FE0
ENDCHAR
STARTCHAR F289
ENCODING 62089
SWIDTH 660 0
DWIDTH 11 0
BBX 19 6 0 3
BITMAP
CC0000
CC0360
CDF9C0
AC01C0
B40220
B40000
ENDCHAR
STARTCHAR F28A
ENCODING 62090
SWIDTH 660 0
DWIDTH 11 0
BBX 12 14 0 -1
BITMAP
1F80
70C0
4060
4040
7800
7800
78C0
31E0
01E0
01F0
6020
C060
70C0
1F80
ENDCHAR
STARTCHAR F28B
ENCODING 62091
SWIDTH 660 0
DWIDTH 11 0
BBX 15 16 0 -2
BITMAP
03C0
1FF0
3FF8
7FFC
7FFE
F9BE
F99E
F99E
F99E
F99E
FBBE
7FFE
7FFC
3FF8
0FF0
0380
ENDCHAR
STARTCHAR F28C
ENCODING 62092
SWIDTH 660 0
DWIDTH 11 0
BBX 15 16 0 -2
BITMAP
03C0
1FF0
3818
600C
4006
C646
C642
8642
8642
C642
C646
6006
600C
3818
0FF0
0380
ENDCHAR
STARTCHAR F28D
ENCODING 62093
SWIDTH 660 0
DWIDTH 11 0
BBX 15 16 0 -2
BITMAP
03C0
1FF0
3FF8
7FFC
7FFE
F83E
F81E
F81E
F81E
F81E
F83E
7FFE
7FFC
3FF8
0FF0
0380
ENDCHAR
STARTCHAR F28E
ENCODING 62094
SWIDTH 660 0
DWIDTH 11 0
BBX 15 16 0 -2
BITMAP
03C0
1FF0
3818
600C
4006
C7C6
C7E2
87E2
87E2
C7E2
C7C6
6006
600C
3818
0FF0
0380
ENDCHAR
STARTCHAR F28F
ENCODING 62095
SWIDTH 660 0
DWIDTH 11 0
BBX 13 14 0 -1
BITMAP
C008
EFF8
FFF8
7FF0
7FF8
7FF8
FFF8
FFF8
7FF8
7FF8
7FF0
3FF0
1FC0
0300
ENDCHAR
STARTCHAR F290
ENCODING 62096
SWIDTH 660 0
DWIDTH 11 0
BBX 13 16 0 -2
BITMAP
0700
0F80
08C0
1840
1840
FFF8
FFB8
E7B8
FFF8
FFF8
FFF8
FFF8
FFF8
FFF8
7FF8
3FE0
ENDCHAR
STARTCHAR F291
ENCODING 62097
SWIDTH 660 0
DWIDTH 11 0
BBX 17 16 0 -2
BITMAP
032000
032000
063000
041000
0C1800
080C00
FFFF80
FFFF80
7FFF00
7B7F00
3B7F00
3B7E00
3B7E00
3FFE00
1FFE00
0FFC00
ENDCHAR
STARTCHAR F292
ENCODING 62098
SWIDTH 660 0
DWIDTH 11 0
BBX 13 14 0 -1
BITMAP
0460
0C60
0C60
7FF8
7FF8
0CC0
18C0
18C0
18C0
FFF0
FFF0
1980
3180
1080
ENDCHAR
STARTCHAR F293
ENCODING 62099
SWIDTH 660 0
DWIDTH 11 0
BBX 12 16 0 -2
BITMAP
0F00
3BC0
7BC0
79E0
F8E0
E960
F0E0
F9F0
F9F0
F0E0
E960
F8E0
79E0
7BC0
3FC0
0F00
ENDCHAR
STARTCHAR F294
ENCODING 62100
SWIDTH 660 0
DWIDTH 11 0
BBX 8 14 1 -1
BITMAP
08
0C
0E
4B
6B
3E
1C
1C
3E
6B
CB
0E
0C
08
ENDCHAR
STARTCHAR F295
ENCODING 62101
SWIDTH 660 0
DWIDTH 11 0
BBX 12 12 0 0
BITMAP
6020
F060
F0E0
61C0
0380
0700
0E00
1C00
38E0
70F0
E0E0
C060
ENDCHAR
STARTCHAR F296
ENCODING 62102
SWIDTH 660 0
DWIDTH 11 0
BBX 15 14 0 -1
BITMAP
3008
301C
701C
781C
7FFE
FFFE
FFFE
FFFE
FFFE
7FFC
3FF8
0FF0
07C0
0380
ENDCHAR
STARTCHAR F297
ENCODING 62103
SWIDTH 660 0
DWIDTH 11 0
BBX 14 14 0 -1
BITMAP
0780
1FE0
7FF0
7FF8
FFFC
E83C
FFFC
FFFC
71F8
FFFC
FFFC
FFFC
7CF8
3870
ENDCHAR
STARTCHAR F298
ENCODING 62104
SWIDTH 660 0
DWIDTH 11 0
BBX 13 14 0 -1
BITMAP
FFF8
A238
9D48
8088
8008
BFE8
8008
BFE8
8008
80E8
8008
8008
8008
7FF8
ENDCHAR
STARTCHAR F299
ENCODING 62105
SWIDTH 660 0
DWIDTH 11 0
BBX 13 14 0 -1
BITMAP
F000
FE00
6F80
77C0
73E0
7BE0
3DE0
3DE0
3EE0
1F60
0FA0
03E0
0010
0008
ENDCHAR
STARTCHAR F29A
ENCODING 62106
SWIDTH 660 0
DWIDTH 11 0
BBX 15 16 0 -2
BITMAP
03C0
1FF0
3FF8
7E7C
7E7E
F7DE
F01E
FC7E
FC7E
FC7E
FD3E
793E
79BC
3FF8
0FF0
0380
ENDCHAR
STARTCHAR F29B
ENCODING 62107
SWIDTH 660 0
DWIDTH 11 0
BBX 12 16 0 -3
BITMAP
0060
0C70
1F60
3380
23C0
0780
1F00
3FF0
23F0
C1B0
C0B0
C0B0
C1B0
6180
3E00
0C00
ENDCHAR
STARTCHAR F29C
ENCODING 62108
SWIDTH 660 0
DWIDTH 11 0
BBX 15 16 0 -2
BITMAP
03C0
1FF0
3818
600C
43C6
C7C6
C0C2
81C2
8102
C002
C186
6106
600C
3818
0FF0
0380
ENDCHAR
STARTCHAR F29D
ENCODING 62109
SWIDTH 660 0
DWIDTH 11 0
BBX 13 16 0 -2
BITMAP
0800
1C00
1C00
0000
1C00
3E00
7F00
7F80
DDC0
DC80
0E40
1720
3310
3310
3308
2200
ENDCHAR
STARTCHAR F29E
ENCODING 62110
SWIDTH 660 0
DWIDTH 11 0
BBX 17 14 0 -1
BITMAP
7FFF00
FFFF80
FFFF80
FFFF80
FB8780
F99380
F19B80
F49B80
E08380
EE8780
FFFF80
FFFF80
FFFF80
7FFF00
ENDCHAR
STARTCHAR F29F
ENCODING 62111
SWIDTH 660 0
DWIDTH 11 0
BBX 15 16 0 -2
BITMAP
0100
0380
07C0
0FE0
1FF0
3FF8
7FFC
FFFE
FFFE
7FFC
3FF8
1FF0
0FE0
07C0
0380
0100
ENDCHAR
STARTCHAR F2A0
ENCODING 62112
SWIDTH 660 0
DWIDTH 11 0
BBX 15 16 0 -2
BITMAP
18C0
F8F0
FC1C
FCC4
FCE6
FC32
7092
7892
3C00
3E10
1F3C
0FFE
07FE
03FE
00FE
001C
ENDCHAR
STARTCHAR F2A1
ENCODING 62113
SWIDTH 660 0
DWIDTH 11 0
BBX 19 14 0 -1
BITMAP
6318C0
F79DE0
F79DA0
671CE0
000000
671CE0
F795A0
F79DE0
631CC0
000000
E71CE0
F595A0
F71CE0
630840
ENDCHAR
STARTCHAR F2A2
ENCODING 62114
SWIDTH 660 0
DWIDTH 11 0
BBX 15 16 0 -2
BITMAP
0010
001C
078C
0FE6
1C76
33B6
37B2
34D0
0030
0030
0C70
6C60
7060
38C0
D3C0
8100
ENDCHAR
STARTCHAR F2A3
ENCODING 62115
SWIDTH 660 0
DWIDTH 11 0
BBX 19 16 0 -2
BITMAP
110000
1B8000
370000
3CC000
7FCF80
7F1FC0
FF33E0
FF93E0
F83FE0
F99FE0
7F9FE0
3E7FC0
0067C0
001D80
001B80
001100
ENDCHAR
STARTCHAR F2A4
ENCODING 62116
SWIDTH 660 0
DWIDTH 11 0
BBX 15 16 0 -2
BITMAP
0002
0006
078C
0FE0
1C70
33B0
37B0
34D0
0030
0030
0C70
1860
3060
60C0
C3C0
8100
ENDCHAR
STARTCHAR F2A5
ENCODING 62117
SWIDTH 660 0
DWIDTH 11 0
BBX 13 14 0 -1
BITMAP
7FF8
FFF8
FC78
F978
F278
F278
F218
F078
FEF8
F4F8
F5F8
F3F8
FFF8
7FF8
ENDCHAR
STARTCHAR F2A6
ENCODING 62118
SWIDTH 660 0
DWIDTH 11 0
BBX 12 16 0 -2
BITMAP
0E00
3F00
7380
7380
E380
E300
E720
E7F0
7FD0
3F00
0600
EE00
CE00
DC00
F800
3000
ENDCHAR
STARTCHAR F2A7
ENCODING 62119
SWIDTH 660 0
DWIDTH 11 0
BBX 15 16 0 -2
BITMAP
0040
0360
05E0
06B0
0C52
09BE
0DCE
00E6
7FF6
03F6
FFF4
03F0
7FF0
03F0
3FE0
3F80
ENDCHAR
STARTCHAR F2A8
ENCODING 62120
SWIDTH 660 0
DWIDTH 11 0
BBX 19 16 0 -2
BITMAP
800000
E0F000
37FC00
1FFE00
0E0F00
272780
31B3C0
1CF3C0
4E73C0
233BC0
398F80
1CE700
0E7380
0718C0
00C060
000020
ENDCHAR
STARTCHAR F2A9
ENCODING 62121
SWIDTH 660 0
DWIDTH 11 0
BBX 13 15 0 -1
BITMAP
0208
0138
0178
00F8
3E38
60B0
4080
C0E0
80E0
8160
C160
4240
62C0
3F80
0E00
ENDCHAR
STARTCHAR F2AA
ENCODING 62122
SWIDTH 660 0
DWIDTH 11 0
BBX 13 14 0 -1
BITMAP
7FF8
FFF8
FFF8
FF98
FF18
F1B8
EFF8
EF78
FEF8
EF78
E478
F9F8
FFF8
7FF0
ENDCHAR
STARTCHAR F2AB
ENCODING 62123
SWIDTH 660 0
DWIDTH 11 0
BBX 15 14 0 -1
BITMAP
07C0
0820
1020
1010
3010
5008
6008
1010
2010
400C
8002
600C
3838
07C0
ENDCHAR
STARTCHAR F2AC
ENCODING 62124
SWIDTH 660 0
DWIDTH 11 0
BBX 17 16 0 -2
BITMAP
048000
09CC00
13E200
27F200
C7F180
C7F980
C7F180
C3E180
C3F180
A5D280
63E300
536500
2B6A00
177400
0D5800
022000
ENDCHAR
STARTCHAR F2AD
ENCODING 62125
SWIDTH 660 0
DWIDTH 11 0
BBX 13 14 0 -1
BITMAP
7FF8
FFF8
F8F8
F7F8
FFB8
EFB8
FFD8
FFB8
EFD8
DFE8
E7B8
FCF8
FFF8
7FF0
ENDCHAR
STARTCHAR F2AE
ENCODING 62126
SWIDTH 660 0
DWIDTH 11 0
BBX 13 14 0 -1
BITMAP
0008
0730
18E0
60C0
4190
8390
8390
8790
8F10
8E10
5810
7020
30C0
0F00
ENDCHAR
STARTCHAR F2AF
ENCODING 62127
SWIDTH 660 0
DWIDTH 11 0
BBX 12 14 0 -1
BITMAP
0780
1FE0
3FE0
7840
E000
E3C0
E3E0
E3F0
E010
F060
78F0
3FE0
1FC0
0700
ENDCHAR
STARTCHAR F2B0
ENCODING 62128
SWIDTH 660 0
DWIDTH 11 0
BBX 13 16 0 -2
BITMAP
0200
0F80
17C0
7A70
F7F8
DFD8
FFF8
FFF8
EFB8
FFF8
DFD8
FFF8
5250
3FE0
0D80
0200
ENDCHAR
STARTCHAR F2B1
ENCODING 62129
SWIDTH 660 0
DWIDTH 11 0
BBX 13 14 0 -1
BITMAP
0060
0060
FF68
80C8
88C8
8C88
8D88
8588
8708
8308
8308
8608
6FF8
0800
ENDCHAR
STARTCHAR F2B2
ENCODING 62130
SWIDTH 660 0
DWIDTH 11 0
BBX 15 16 0 -2
BITMAP
0060
03F0
07F0
0D08
3F08
7E06
FE06
DF06
DEFE
CF16
E7EE
63CC
3018
FFE0
7DA0
06C0
ENDCHAR
STARTCHAR F2B3
ENCODING 62131
SWIDTH 660 0
DWIDTH 11 0
BBX 15 15 0 -1
BITMAP
0100
0FE0
3FF8
7FF8
71FC
E1FC
DFEE
D846
D86E
CE6E
E0FC
71FC
3FF8
3FF0
0FE0
ENDCHAR
STARTCHAR F2B4
ENCODING 62132
SWIDTH 660 0
DWIDTH 11 0
BBX 13 14 0 -1
BITMAP
C000
FF98
FFF8
C068
C008
C008
C008
C008
C008
CF08
CFF8
C0E0
C000
C000
ENDCHAR
STARTCHAR F2B5
ENCODING 62133
SWIDTH 660 0
DWIDTH 11 0
BBX 19 12 0 0
BITMAP
033800
0EFE00
F987E0
F321E0
E260E0
E2F0E0
E398E0
F00CE0
B807A0
EC3C60
07F000
036000
ENDCHAR
STARTCHAR F2B6
ENCODING 62134
SWIDTH 660 0
DWIDTH 11 0
BBX 15 16 0 -2
BITMAP
0180
07C0
0EE0
1C78
781C
E00E
C006
C006
E006
F01E
F83E
FE7E
FFFE
FFFE
FFFE
7FFC
ENDCHAR
STARTCHAR F2B7
ENCODING 62135
SWIDTH 660 0
DWIDTH 11 0
BBX 15 16 0 -2
BITMAP
0180
07C0
0E60
1838
700C
C006
8002
C006
F00E
981A
8C72
87C2
8382
8002
FFFE
7FFC
ENDCHAR
STARTCHAR F2B8
ENCODING 62136
SWIDTH 660 0
DWIDTH 11 0
BBX 12 15 0 -2
BITMAP
1000
FC00
F000
E000
6000
6000
2430
7C70
71E0
31A0
3300
3700
3800
1000
1000
ENDCHAR
STARTCHAR F2B9
ENCODING 62137
SWIDTH 660 0
DWIDTH 11 0
BBX 14 16 0 -2
BITMAP
7FF0
FFF0
FFF4
FFF4
F9F4
F0F0
F0F4
F9F4
FFF4
F070
E074
E034
FFF0
FFF0
FFF0
7FE0
ENDCHAR
STARTCHAR F2BA
ENCODING 62138
SWIDTH 660 0
DWIDTH 11 0
BBX 14 16 0 -2
BITMAP
7FF0
FFF0
8014
8014
8614
8F10
8F14
8614
8014
8F90
9F94
9FD4
8010
8010
FFF0
7FE0
ENDCHAR
STARTCHAR F2BB
ENCODING 62139
SWIDTH 660 0
DWIDTH 11 0
BBX 17 14 0 -1
BITMAP
7FFF00
FFFF80
FFFF80
F3FF80
E1E180
E1FF80
F1E180
FFFF80
E0E180
C07F80
C07F80
FFFF80
FFFF80
7FFF00
ENDCHAR
STARTCHAR F2BC
ENCODING 62140
SWIDTH 660 0
DWIDTH 11 0
BBX 17 14 0 -1
BITMAP
7FFF00
FFFF80
800080
860080
8F1C80
8F0080
861C80
801C80
8F8080
9F8080
9FC080
800080
FFFF80
7FFF00
ENDCHAR
STARTCHAR F2BD
ENCODING 62141
SWIDTH 660 0
DWIDTH 11 0
BBX 15 16 0 -2
BITMAP
03C0
1FF0
3FF8
7FFC
7C7E
FC3E
FC3E
FC7E
FFFE
FFFE
F81E
700E
701C
3C78
0FF0
0380
ENDCHAR
STARTCHAR F2BE
ENCODING 62142
SWIDTH 660 0
DWIDTH 11 0
BBX 15 16 0 -2
BITMAP
03C0
1FF0
3818
600C
43C6
C646
C642
87C2
8382
C002
C7E6
6C36
781C
3818
0FF0
0380
ENDCHAR
STARTCHAR F2BF
ENCODING 62143
SWIDTH 660 0
DWIDTH 11 0
BBX 13 14 0 -1
BITMAP
7FF8
FFF8
F8B8
F738
F7B8
FFB8
FFB8
F738
F8B8
FFB8
F7B8
F878
FFF8
7FF8
ENDCHAR
STARTCHAR F2C0
ENCODING 62144
SWIDTH 660 0
DWIDTH 11 0
BBX 13 16 0 -2
BITMAP
0700
0FC0
1840
1060
1060
1840
0FC0
0780
0000
0F80
3FE0
6030
C018
C008
FFF8
FFF8
ENDCHAR
STARTCHAR F2C1
ENCODING 62145
SWIDTH 660 0
DWIDTH 11 0
BBX 12 16 0 -2
BITMAP
7FE0
FFE0
8F30
8030
8030
8630
8F30
8F30
8630
8030
9F30
9FB0
BFB0
8030
FFE0
7FC0
ENDCHAR
STARTCHAR F2C2
ENCODING 62146
SWIDTH 660 0
DWIDTH 11 0
BBX 17 14 0 -1
BITMAP
7FFF00
FFFF80
000000
FFFF80
FFFF80
F1E180
E1FF80
E1E180
F3FF80
FFE180
C0FF80
C07F80
FFFF80
7FFF00
ENDCHAR
STARTCHAR F2C3
ENCODING 62147
SWIDTH 660 0
DWIDTH 11 0
BBX 17 14 0 -1
BITMAP
7FFF00
FFFF80
FFFF80
FFFF80
800080
871C80
8F1C80
8F0080
861C80
801C80
8F8080
9FC080
FFFF80
7FFF00
ENDCHAR
STARTCHAR F2C4
ENCODING 62148
SWIDTH 660 0
DWIDTH 11 0
BBX 13 14 0 -1
BITMAP
0F00
39C0
70E0
6060
E070
E070
E070
E070
EF60
63E0
31C0
0FC8
00F8
0060
ENDCHAR
STARTCHAR F2C5
ENCODING 62149
SWIDTH 660 0
DWIDTH 11 0
BBX 17 12 0 0
BITMAP
200200
408100
40C100
81C080
81C080
834080
837080
867080
867080
442100
620300
200200
ENDCHAR
STARTCHAR F2C6
ENCODING 62150
SWIDTH 660 0
DWIDTH 11 0
BBX 15 15 0 -1
BITMAP
0100
0FE0
3FF8
7FF8
7FFC
FF9C
FC1E
F11E
E23E
FC3E
FE3C
7FBC
3FF8
3FF0
0FE0
ENDCHAR
STARTCHAR F2C7
ENCODING 62151
SWIDTH 660 0
DWIDTH 11 0
BBX 9 16 1 -2
BITMAP
1C00
3E00
6600
6B00
6B00
6B00
6B00
6B00
6B00
EB00
D980
DD80
CB00
6700
7E00
1800
ENDCHAR
STARTCHAR F2C8
ENCODING 62152
SWIDTH 660 0
DWIDTH 11 0
BBX 9 16 1 -2
BITMAP
1C00
3E00
6600
6300
6B00
6B00
6B00
6B00
6B00
EB00
D980
DD80
CB00
6700
7E00
1800
ENDCHAR
STARTCHAR F2C9
ENCODING 62153
SWIDTH 660 0
DWIDTH 11 0
BBX 9 16 1 -2
BITMAP
1C00
3E00
6600
6300
6300
6300
6B00
6B00
6B00
EB00
D980
DD80
CB00
6700
7E00
1800
ENDCHAR
STARTCHAR F2CA
ENCODING 62154
SWIDTH 660 0
DWIDTH 11 0
BBX 9 16 1 -2
BITMAP
1C00
3E00
6600
6300
6300
6300
6300
6300
6B00
EB00
D980
DD80
CB00
6700
7E00
1800
ENDCHAR
STARTCHAR F2CB
ENCODING 62155
SWIDTH 660 0
DWIDTH 11 0
BBX 9 16 1 -2
BITMAP
1C00
3E00
6600
6300
6300
6300
6300
6300
6300
E300
D980
DD80
CB00
6700
7E00
1800
ENDCHAR
STARTCHAR F2CC
ENCODING 62156
SWIDTH 660 0
DWIDTH 11 0
BBX 15 14 0 -1
BITMAP
3000
7F80
CFE0
CFC0
CF90
CF12
CE42
CC48
C188
C120
C020
C0C0
C080
C000
ENDCHAR
STARTCHAR F2CD
ENCODING 62157
SWIDTH 660 0
DWIDTH 11 0
BBX 15 16 0 -2
BITMAP
3000
7E00
6F80
6F00
6E00
6C00
6000
6000
FFFE
FFFE
0000
7FFC
7FFC
3FF8
3008
2008
ENDCHAR
STARTCHAR F2CE
ENCODING 62158
SWIDTH 660 0
DWIDTH 11 0
BBX 13 16 0 -2
BITMAP
0780
1FE0
3030
6F90
D8D8
D368
B728
B728
D268
D058
6790
37B0
17E0
0700
0700
0300
ENDCHAR
STARTCHAR F2CF
ENCODING 62159
SWIDTH 660 0
DWIDTH 11 0
BBX 10 16 0 -2
BITMAP
0E00
3340
60C0
40C0
4040
C040
C040
4040
40C0
61C0
1F40
0040
4040
60C0
3B80
0E00
ENDCHAR
STARTCHAR F2D0
ENCODING 62160
SWIDTH 660 0
DWIDTH 11 0
BBX 15 14 0 -1
BITMAP
7FFC
FFFE
FFFE
FFFE
FFFE
FFFE
8002
8002
8002
8002
8002
8002
FFFE
7FFC
ENDCHAR
STARTCHAR F2D1
ENCODING 62161
SWIDTH 660 0
DWIDTH 11 0
BBX 15 2 0 5
BITMAP
FFFE
FFFE
ENDCHAR
STARTCHAR F2D2
ENCODING 62162
SWIDTH 660 0
DWIDTH 11 0
BBX 15 16 0 -2
BITMAP
07FC
0FFE
0802
0002
7FE2
FFE2
FFF2
FFF2
8032
8032
803E
803C
8030
8030
FFE0
7FC0
ENDCHAR
STARTCHAR F2D3
ENCODING 62163
SWIDTH 660 0
DWIDTH 11 0
BBX 13 14 0 -1
BITMAP
7FF8
FFF8
FFF8
FFF8
F778
F278
F8F8
F8F8
F278
F778
FFF8
FFF8
FFF8
7FF0
ENDCHAR
STARTCHAR F2D4
ENCODING 62164
SWIDTH 660 0
DWIDTH 11 0
BBX 15 14 0 -1
BITMAP
7FFC
FFFE
8002
8002
8442
86C2
8382
8382
86C2
8442
8002
8002
FFFE
7FFC
ENDCHAR
STARTCHAR F2D5
ENCODING 62165
SWIDTH 660 0
DWIDTH 11 0
BBX 15 15 0 -1
BITMAP
0100
0FE0
3FF8
7FF8
7FFC
FFFC
FC1E
F83E
F03E
F07E
FFFC
7FFC
3FF8
3FF0
0FE0
ENDCHAR
STARTCHAR F2D6
ENCODING 62166
SWIDTH 660 0
DWIDTH 11 0
BBX 15 15 0 -1
BITMAP
0100
0FE0
3EF8
7EC8
7F6C
FEFC
FC9E
F01E
F26E
E4F6
F9FC
79FC
33F8
37F0
0FE0
ENDCHAR
STARTCHAR F2D7
ENCODING 62167
SWIDTH 660 0
DWIDTH 11 0
BBX 11 14 0 -1
BITMAP
FFE0
3060
3020
3020
3080
3080
3F00
3100
3100
3000
3020
3020
3060
FFE0
ENDCHAR
STARTCHAR F2D8
ENCODING 62168
SWIDTH 660 0
DWIDTH 11 0
BBX 13 14 0 -1
BITMAP
FFF8
8008
8008
8008
8008
BDA8
BDB8
BDB8
BDB8
8008
8008
8008
8008
FFF8
ENDCHAR
STARTCHAR F2D9
ENCODING 62169
SWIDTH 660 0
DWIDTH 11 0
BBX 15 14 0 -1
BITMAP
0FE0
1FF0
3FF8
7FFC
7D3C
FC3C
FCFE
FCFE
FCFC
FCFC
7FFC
3FF8
1FF0
0FC0
ENDCHAR
STARTCHAR F2DA
ENCODING 62170
SWIDTH 660 0
DWIDTH 11 0
BBX 13 14 0 -1
BITMAP
3FF0
FFF8
FFF8
F838
F378
F6F8
F678
F978
FD38
F778
F0F8
FFF8
7FF8
3FF0
ENDCHAR
STARTCHAR F2DB
ENCODING 62171
SWIDTH 660 0
DWIDTH 11 0
BBX 15 16 0 -2
BITMAP
0920
0930
1FF8
3FF8
F01E
77EE
37E8
F7EE
F7EE
37E8
F7EE
F01E
3FF8
1FF0
0930
0920
ENDCHAR
STARTCHAR F2DC
ENCODING 62172
SWIDTH 660 0
DWIDTH 11 0
BBX 13 16 0 -2
BITMAP
0200
0280
0F80
2720
F238
7270
FEF8
0F80
8F88
FAF8
7278
F238
2720
0F80
0200
0200
ENDCHAR
STARTCHAR F2DD
ENCODING 62173
SWIDTH 660 0
DWIDTH 11 0
BBX 13 14 0 -1
BITMAP
0018
07F0
1FE0
3060
6030
6010
4018
4018
6010
6030
3060
3FC0
7F00
8000
ENDCHAR
STARTCHAR F2DE
ENCODING 62174
SWIDTH 660 0
DWIDTH 11 0
BBX 15 16 0 -2
BITMAP
03C0
1C30
3008
6004
4406
8E02
8FC2
81B2
8122
8302
8282
4006
6004
3018
0C70
0380
ENDCHAR
STARTCHAR F2DF
ENCODING 62175
SWIDTH 660 0
DWIDTH 11 0
BBX 15 14 0 -1
BITMAP
07C0
03E0
09E0
1DF0
1EF8
3EF8
3E7C
7C7C
783E
FBFE
77FE
77FC
2FFC
2FF8
ENDCHAR
STARTCHAR F2E0
ENCODING 62176
SWIDTH 660 0
DWIDTH 11 0
BBX 16 16 0 -2
BITMAP
0800
00C0
0700
1FF0
1FF4
3918
381D
B25C
32BA
72BC
339C
3FF8
1FF0
0FE0
0010
0100
ENDCHAR
STARTCHAR F2E1
ENCODING 62177
SWIDTH 660 0
DWIDTH 11 0
BBX 14 16 0 -2
BITMAP
8000
D000
EC00
F600
FB80
FDE0
FED8
FF3C
FF3C
FED0
FDE0
FB80
F600
E800
D000
8000
ENDCHAR
STARTCHAR F2E2
ENCODING 62178
SWIDTH 660 0
DWIDTH 11 0
BBX 9 14 1 0
BITMAP
0800
0800
1C00
3800
7A00
7700
E700
ED80
C980
E300
6700
3200
0800
0800
ENDCHAR
STARTCHAR F2E3
ENCODING 62179
SWIDTH 660 0
DWIDTH 11 0
BBX 11 15 0 -1
BITMAP
EEE0
59C0
A0E0
9020
A060
B1A0
8820
4040
4040
D160
F160
AEA0
69C0
1080
0F00
ENDCHAR
STARTCHAR F2E4
ENCODING 62180
SWIDTH 660 0
DWIDTH 11 0
BBX 7 16 2 -2
BITMAP
02
04
08
08
FE
FE
BC
F4
DC
B4
7C
7C
78
78
78
38
ENDCHAR
STARTCHAR F2E5
ENCODING 62181
SWIDTH 660 0
DWIDTH 11 0
BBX 13 14 0 -1
BITMAP
7FF8
FFF8
FFF8
F778
FB78
FAF8
FCF8
FDF8
FDF8
FDF8
FDF8
FFF8
FFF8
7FF0
ENDCHAR
STARTCHAR F2E6
ENCODING 62182
SWIDTH 660 0
DWIDTH 11 0
BBX 15 16 0 -2
BITMAP
3FF8
3FFC
FFFE
EFAE
F3DE
F3DE
F3DE
F01E
F3DE
F3DE
F3DE
F3DE
FFFE
FFFE
3FFC
3FF8
ENDCHAR
STARTCHAR F2E7
ENCODING 62183
SWIDTH 660 0
DWIDTH 11 0
BBX 14 16 0 -2
BITMAP
01C0
01C0
03C0
0780
1F00
3E00
7C1C
F03C
E078
E0F8
03F0
07C0
0780
0E00
0E00
0E00
ENDCHAR
STARTCHAR F2E8
ENCODING 62184
SWIDTH 660 0
DWIDTH 11 0
BBX 14 16 0 -2
BITMAP
4000
E060
E060
1860
0C60
0360
01F8
0198
030C
030C
030C
01F8
03F0
0E00
0C00
0C00
ENDCHAR
STARTCHAR F2E9
ENCODING 62185
SWIDTH 660 0
DWIDTH 11 0
BBX 13 14 0 -1
BITMAP
3FF0
7078
EFD8
DFF8
B868
B9F8
BBF8
BBF8
BA78
E668
DFD8
E7B8
7CF8
3FE0
ENDCHAR
STARTCHAR F2EA
ENCODING 62186
SWIDTH 660 0
DWIDTH 11 0
BBX 14 14 0 -1
BITMAP
0780
DFE0
F870
F018
F818
F80C
000C
000C
000C
0018
3038
3C70
1FE0
0380
ENDCHAR
STARTCHAR F2EB
ENCODING 62187
SWIDTH 660 0
DWIDTH 11 0
BBX 12 14 0 -1
BITMAP
0060
0FF0
1FF0
1FD0
1810
1010
1010
1010
1010
10F0
31F0
F1E0
F000
6000
ENDCHAR
STARTCHAR F2EC
ENCODING 62188
SWIDTH 660 0
DWIDTH 11 0
BBX 14 16 0 -2
BITMAP
03C0
0C20
3810
3308
5008
5008
71A8
6018
4018
20B8
14D0
1250
2BFC
C4D4
8474
FFF8
ENDCHAR
STARTCHAR F2ED
ENCODING 62189
SWIDTH 660 0
DWIDTH 11 0
BBX 15 15 0 -2
BITMAP
0100
0FE0
3018
6008
4004
CE04
9C22
B8DA
FD22
FFFE
FFFC
7C04
3C08
3C10
0FE0
ENDCHAR
STARTCHAR F2EE
ENCODING 62190
SWIDTH 660 0
DWIDTH 11 0
BBX 13 14 0 -1
BITMAP
FFF8
FFF8
FFF8
FFF8
FFF8
FFF8
FD98
FD28
FD38
FD88
FDE8
F108
FB98
FFF8
ENDCHAR
STARTCHAR F2EF
ENCODING 62191
SWIDTH 660 0
DWIDTH 11 0
BBX 13 14 0 -1
BITMAP
7FF8
FFF8
FFF8
FFF8
FFF8
FFF8
FD98
FD28
FD38
FD88
FDE8
F108
FB98
7FF0
ENDCHAR
STARTCHAR F2F0
ENCODING 62192
SWIDTH 660 0
DWIDTH 11 0
BBX 15 14 0 0
BITMAP
0006
238E
1478
17D0
2FE8
2C78
3C78
3C78
2E78
0FE8
17D0
7C58
E38C
E000
ENDCHAR
STARTCHAR F2F1
ENCODING 62193
SWIDTH 660 0
DWIDTH 11 0
BBX 14 14 0 -1
BITMAP
0780
1FE4
387C
701C
603C
607C
0000
0000
F80C
F818
F038
FC70
DFE0
0380
ENDCHAR
STARTCHAR F2F2
ENCODING 62194
SWIDTH 660 0
DWIDTH 11 0
BBX 12 16 0 -2
BITMAP
0F00
0F80
0600
0F00
3FF0
7DF0
7DF0
FDF0
FDF0
FDF0
FDF0
FFF0
7FF0
3FE0
1FC0
0700
ENDCHAR
STARTCHAR F2F3
ENCODING 62195
SWIDTH 660 0
DWIDTH 11 0
BBX 13 14 0 -1
BITMAP
7FF8
FFF8
FFF8
F378
F238
F078
F0F8
F078
F078
F238
F778
FFF8
FFF8
7FF8
ENDCHAR
STARTCHAR F2F4
ENCODING 62196
SWIDTH 660 0
DWIDTH 11 0
BBX 12 14 0 -1
BITMAP
60C0
F1E0
F3E0
F7E0
F7C0
FF80
FF80
FF80
FFC0
F7E0
F3E0
F1F0
F1E0
60C0
ENDCHAR
STARTCHAR F2F5
ENCODING 62197
SWIDTH 660 0
DWIDTH 11 0
BBX 15 14 0 -1
BITMAP
3C00
FC00
C020
C030
C038
C7FC
C7FE
C7FE
C7FC
C038
C030
C020
7C00
3800
ENDCHAR
STARTCHAR F2F6
ENCODING 62198
SWIDTH 660 0
DWIDTH 11 0
BBX 15 14 0 -1
BITMAP
003C
003E
0606
0706
0786
FFC6
FFC6
FFC6
FFC6
0786
0706
0606
003E
0038
ENDCHAR
STARTCHAR F2F7
ENCODING 62199
SWIDTH 660 0
DWIDTH 11 0
BBX 15 16 0 -2
BITMAP
1000
6800
8418
FC66
A4A6
A49A
A492
A4D4
A338
AC30
90D0
8F10
8410
6460
1D80
0200
ENDCHAR
STARTCHAR F2F8
ENCODING 62200
SWIDTH 660 0
DWIDTH 11 0
BBX 11 16 0 -2
BITMAP
F800
FC00
FE00
0E00
0E00
0E00
0E00
0E00
0E00
0E00
7FE0
3FC0
1F80
1F00
0E00
0400
ENDCHAR
STARTCHAR F2F9
ENCODING 62201
SWIDTH 660 0
DWIDTH 11 0
BBX 14 14 0 -1
BITMAP
0780
1FEC
387C
603C
E07C
C07C
C000
C000
C000
E000
6030
38F0
1FE0
0700
ENDCHAR
STARTCHAR F2FA
ENCODING 62202
SWIDTH 660 0
DWIDTH 11 0
BBX 11 16 0 -2
BITMAP
0400
0E00
1F00
3F80
7FC0
7FE0
0E00
0E00
0E00
0E00
0E00
0E00
0E00
FE00
FC00
F000
ENDCHAR
STARTCHAR F2FB
ENCODING 62203
SWIDTH 660 0
DWIDTH 11 0
BBX 15 16 0 -2
BITMAP
3FFC
FFFE
FFFE
F01E
E00E
C006
CB36
CBB6
CF36
E006
F00E
FC3E
FE7E
FFFE
7FFE
3FF8
ENDCHAR
STARTCHAR F2FC
ENCODING 62204
SWIDTH 660 0
DWIDTH 11 0
BBX 17 16 0 -2
BITMAP
000C00
003F00
007380
006180
006180
006180
7FF880
FFF800
FFF800
FFF800
FFF800
FFF800
FFF800
FFF800
FFF800
7FF000
ENDCHAR
STARTCHAR F2FD
ENCODING 62205
SWIDTH 660 0
DWIDTH 11 0
BBX 15 10 0 2
BITMAP
C07C
C07C
DBEE
DBFE
DBFE
DBFE
DFE6
7FC2
1F00
1E00
ENDCHAR
STARTCHAR F2FE
ENCODING 62206
SWIDTH 660 0
DWIDTH 11 0
BBX 15 16 0 -2
BITMAP
0080
00C0
00E0
01E0
0FF0
1FF0
1FF0
1FF8
799C
7BBC
7FFC
7FFC
F83E
FE7E
FFFE
7FFC
ENDCHAR
STARTCHAR F2FF
ENCODING 62207
SWIDTH 660 0
DWIDTH 11 0
BBX 13 16 0 -2
BITMAP
0200
0F80
1FE0
7870
E038
C418
CCD8
CCD8
CCD8
CCD8
CCD8
CCD8
4CD0
0FC0
0780
0200
ENDCHAR
STARTCHAR F300
ENCODING 62208
SWIDTH 660 0
DWIDTH 11 0
BBX 16 14 0 -1
BITMAP
0FF0
1FF8
1FF8
3FFC
7DBC
781E
F24F
EF27
6BB6
7FFC
3FFC
1FF8
1FF8
0FF0
ENDCHAR
STARTCHAR F301
ENCODING 62209
SWIDTH 660 0
DWIDTH 11 0
BBX 16 16 0 -2
BITMAP
07E0
1FF8
3F1C
7F0E
7F06
EFC3
C3E3
C7E3
C7E3
C3E3
E1FB
60FE
707E
3C7C
1FF8
07E0
ENDCHAR
STARTCHAR F302
ENCODING 62210
SWIDTH 660 0
DWIDTH 11 0
BBX 14 16 0 -2
BITMAP
00C0
00C0
0180
0100
3FF8
7FF8
FFF0
FFF0
FFF0
FFF0
FFF0
FFF8
7FFC
7FF8
3FF8
1FF0
ENDCHAR
STARTCHAR F303
ENCODING 62211
SWIDTH 660 0
DWIDTH 11 0
BBX 16 15 0 -1
BITMAP
0180
0180
0380
03C0
01C0
07E0
07E0
0FF0
1E70
1C78
3C38
3C38
781E
6006
8001
ENDCHAR
STARTCHAR F304
ENCODING 62212
SWIDTH 660 0
DWIDTH 11 0
BBX 16 16 0 -2
BITMAP
0180
00C0
3EEC
36FC
3AF0
3CEC
7EDC
FE3F
4001
3EDC
1CEC
2AF4
36FC
3EEC
0080
01C0
ENDCHAR
STARTCHAR F305
ENCODING 62213
SWIDTH 660 0
DWIDTH 11 0
BBX 16 16 0 -2
BITMAP
07E0
1E18
3C04
7C02
7882
F9E1
F9E1
F9F1
F9E1
F807
FFFF
7FFE
7FFE
3FFC
1FF8
07E0
ENDCHAR
STARTCHAR F306
ENCODING 62214
SWIDTH 660 0
DWIDTH 11 0
BBX 13 16 0 -2
BITMAP
0F80
1C70
3030
6018
4188
8608
8408
8410
8410
8220
C1C0
4100
6000
2000
1000
0E00
ENDCHAR
STARTCHAR F307
ENCODING 62215
SWIDTH 660 0
DWIDTH 11 0
BBX 16 16 0 -2
BITMAP
4000
3C00
03C0
0030
000C
0006
0007
0007
000F
003E
00FC
07F0
7FC0
FF00
F800
4000
ENDCHAR
STARTCHAR F308
ENCODING 62216
SWIDTH 660 0
DWIDTH 11 0
BBX 16 10 0 1
BITMAP
0180
1F80
2D8C
7FCF
6DCF
FFFC
FFF8
F7F0
8FE0
7FC0
ENDCHAR
STARTCHAR F309
ENCODING 62217
SWIDTH 660 0
DWIDTH 11 0
BBX 17 16 0 -2
BITMAP
0FF000
11CC00
262200
482200
881100
902100
902180
902180
904280
908480
8B0900
4C3100
73C200
200200
100C00
0FF000
ENDCHAR
STARTCHAR F30A
ENCODING 62218
SWIDTH 660 0
DWIDTH 11 0
BBX 17 16 0 -2
BITMAP
0FF000
1FFC00
3FFE00
7F8E00
7F2F00
FE6700
FE7F80
FE7F80
F21F80
E67F80
EE7F00
EE7F00
E4FE00
F1FE00
FFFC00
FFF000
ENDCHAR
STARTCHAR F30B
ENCODING 62219
SWIDTH 660 0
DWIDTH 11 0
BBX 17 16 0 -2
BITMAP
0FF000
100C00
200200
407200
80D100
819900
818080
818080
8FE080
998080
918100
918100
9B0200
8E0200
800C00
FFF000
ENDCHAR
STARTCHAR F30C
ENCODING 62220
SWIDTH 660 0
DWIDTH 11 0
BBX 15 14 0 -1
BITMAP
EFCE
DFBE
3FBC
7FFC
7FEC
FFFC
FFFE
FFFE
FFFC
7FFC
7FFC
3FF8
1FF0
0FE0
ENDCHAR
STARTCHAR F30D
ENCODING 62221
SWIDTH 660 0
DWIDTH 11 0
BBX 16 16 0 -2
BITMAP
3FC0
5FE0
BFF8
7D7C
FDBE
BE7E
6FFF
1FFD
2FF9
5FF2
BFE4
7FD8
FF20
FCC0
8300
7C00
ENDCHAR
STARTCHAR F30E
ENCODING 62222
SWIDTH 660 0
DWIDTH 11 0
BBX 16 14 0 -1
BITMAP
FFF8
8004
8C02
EC93
2DFD
2D25
2D25
2D25
2C05
2C0D
27F9
11E1
1C03
07FF
ENDCHAR
STARTCHAR F30F
ENCODING 62223
SWIDTH 660 0
DWIDTH 11 0
BBX 17 15 0 -1
BITMAP
FC0000
83FC00
BFFA00
BBFD00
9BBF00
CB0280
4A5A80
4A5A80
4A5A80
4BFA80
4BFA80
280280
260E80
13FE80
0FFF80
ENDCHAR
STARTCHAR F310
ENCODING 62224
SWIDTH 660 0
DWIDTH 11 0
BBX 11 16 0 -2
BITMAP
0800
0200
0C00
0400
1B00
1800
0000
7BC0
CC40
8040
8020
8060
8040
4040
6180
1F00
ENDCHAR
STARTCHAR F311
ENCODING 62225
SWIDTH 660 0
DWIDTH 11 0
BBX 17 11 0 1
BITMAP
004000
00C000
4FE000
8FF300
87FF80
83FB00
87E000
87E000
CC6000
432000
3C0000
ENDCHAR
STARTCHAR F312
ENCODING 62226
SWIDTH 660 0
DWIDTH 11 0
BBX 17 16 0 -2
BITMAP
FFEF80
FFEF80
FFEF80
FFEF80
F80F80
FBEF80
FBEF80
FBEF80
FBEF80
FBEF80
FBEF80
FBEF80
FBEF80
FBEF80
FBEF80
FBEF80
ENDCHAR
STARTCHAR F313
ENCODING 62227
SWIDTH 660 0
DWIDTH 11 0
BBX 16 14 0 -1
BITMAP
0CD8
0C50
1FF0
3FB2
0436
0C14
F81F
F81F
3C18
3430
27FE
0730
0F10
0998
ENDCHAR
STARTCHAR F314
ENCODING 62228
SWIDTH 660 0
DWIDTH 11 0
BBX 17 8 0 2
BITMAP
0FFE00
3FFF00
7FFC80
7FFF80
B7F300
AA2000
A81800
780000
ENDCHAR
STARTCHAR F315
ENCODING 62229
SWIDTH 660 0
DWIDTH 11 0
BBX 13 16 0 -2
BITMAP
7DF0
8610
9BD0
4720
3DE0
4890
5750
6230
A228
A228
FDE8
9890
4890
4DA0
3AC0
0F00
ENDCHAR
STARTCHAR F316
ENCODING 62230
SWIDTH 660 0
DWIDTH 11 0
BBX 17 14 0 -1
BITMAP
0FF000
1D9C00
384E00
7B0E00
780F00
CE0700
C38180
E00180
F80180
F60380
D1FF00
000F00
000880
001000
ENDCHAR
STARTCHAR F317
ENCODING 62231
SWIDTH 660 0
DWIDTH 11 0
BBX 17 16 0 -2
BITMAP
07F000
1FFC00
3F7E00
7F7E00
7FFF00
FE7F00
FE7F80
FE7F80
FE7D80
DE7780
E66700
700F00
783E00
3E7E00
1FF800
07F000
ENDCHAR
STARTCHAR F318
ENCODING 62232
SWIDTH 660 0
DWIDTH 11 0
BBX 17 16 0 -2
BITMAP
0FF000
1FFC00
3FFE00
781E00
73DF00
F3FF00
F83F80
FE1F80
F3CF80
D3CF80
D01F00
5FFF00
7FFE00
3FFE00
1FFC00
07F000
ENDCHAR
STARTCHAR F319
ENCODING 62233
SWIDTH 660 0
DWIDTH 11 0
BBX 17 16 0 -2
BITMAP
0FF000
100C00
200200
47E200
8C2100
8C0100
87C080
81E080
8C3080
AC3080
AFE100
A00100
5FFA00
200200
100400
0FF800
ENDCHAR
STARTCHAR F31A
ENCODING 62234
SWIDTH 660 0
DWIDTH 11 0
BBX 14 16 0 -2
BITMAP
0780
07C0
0AC0
0DC0
09C0
0E40
0860
1030
3030
3038
2038
5078
8848
8884
8788
7CF0
ENDCHAR
STARTCHAR F31B
ENCODING 62235
SWIDTH 660 0
DWIDTH 11 0
BBX 16 15 0 -1
BITMAP
0010
0738
0F7C
1878
103A
6006
F002
F003
F003
6002
1006
3032
1878
0F78
0778
ENDCHAR
STARTCHAR F31C
ENCODING 62236
SWIDTH 660 0
DWIDTH 11 0
BBX 17 16 0 -2
BITMAP
0FF000
1FFC00
3C8E00
718600
678F00
FFFB00
C7FB80
87FB80
87FB80
FFFB80
EFF300
678F00
708E00
3C8E00
1FFC00
07F000
ENDCHAR
STARTCHAR F31D
ENCODING 62237
SWIDTH 660 0
DWIDTH 11 0
BBX 17 16 0 -2
BITMAP
1C0C00
1F6C00
1EFC00
1A9C00
109C00
188000
26BE00
300300
F04700
D32F00
3E2F80
192D00
07E000
026000
018000
018000
ENDCHAR
STARTCHAR F31E
ENCODING 62238
SWIDTH 660 0
DWIDTH 11 0
BBX 16 16 0 -2
BITMAP
0080
0080
01C0
01C0
03C0
0360
0660
04B0
0DB0
0DD8
1E5C
1E5C
3C5E
3C5E
6087
8001
ENDCHAR
STARTCHAR F31F
ENCODING 62239
SWIDTH 660 0
DWIDTH 11 0
BBX 16 16 0 -2
BITMAP
0080
0180
01C0
03C0
03E0
07E0
01F0
0870
0E10
1FC8
1FF0
3FF0
3F84
7E1E
703E
C003
ENDCHAR
STARTCHAR F320
ENCODING 62240
SWIDTH 660 0
DWIDTH 11 0
BBX 17 16 0 -2
BITMAP
07F000
1FFC00
3FFE00
7FFE00
7F0F00
FE0700
FC1380
F80380
E38380
E70380
E00700
700F00
7C3E00
3FFE00
1FF800
07F000
ENDCHAR
STARTCHAR F321
ENCODING 62241
SWIDTH 660 0
DWIDTH 11 0
BBX 17 16 0 -2
BITMAP
07F000
1F8C00
2F0600
4F1E00
4E6700
8ED100
8D7080
87A880
866880
C1D880
F03100
7FF100
7FE200
3F8600
180800
07F000
ENDCHAR
STARTCHAR F322
ENCODING 62242
SWIDTH 660 0
DWIDTH 11 0
BBX 17 13 0 0
BITMAP
00E000
01F000
02F800
03F400
07FC00
0BFE00
1FFF00
3FFD00
7FFD00
7FFD80
DFFF00
3FFF00
7FF000
ENDCHAR
STARTCHAR F323
ENCODING 62243
SWIDTH 660 0
DWIDTH 11 0
BBX 16 10 0 2
BITMAP
07D0
0FF8
1FFC
3FFE
7FFF
7E9E
FCDF
DFFD
6F3B
2660
ENDCHAR
STARTCHAR F324
ENCODING 62244
SWIDTH 660 0
DWIDTH 11 0
BBX 17 12 0 1
BITMAP
01C000
063000
080800
343600
C3C100
C18180
A36380
9F1F80
8F0F80
CF8F80
6F6E00
1C1C00
ENDCHAR
STARTCHAR F325
ENCODING 62245
SWIDTH 660 0
DWIDTH 11 0
BBX 16 10 0 1
BITMAP
8001
481B
3C3E
0630
0660
0660
0340
03C0
01C0
0180
ENDCHAR
STARTCHAR F326
ENCODING 62246
SWIDTH 660 0
DWIDTH 11 0
BBX 11 15 1 -1
BITMAP
C000
C000
6000
7000
1860
3EC0
0F80
0F80
0380
0380
0300
0600
0C00
1800
1000
ENDCHAR
STARTCHAR F327
ENCODING 62247
SWIDTH 660 0
DWIDTH 11 0
BBX 20 16 1 -2
BITMAP
FF0000
01E000
FFE000
07E200
1C3F00
606380
0040C0
004040
006000
003F80
0001E0
0000A0
000050
000040
000020
000020
ENDCHAR
STARTCHAR F328
ENCODING 62248
SWIDTH 660 0
DWIDTH 11 0
BBX 16 14 0 -1
BITMAP
0040
05B0
0718
0904
100C
1016
EC0E
400D
519B
6F06
0A04
0C88
07B0
0040
ENDCHAR
STARTCHAR F329
ENCODING 62249
SWIDTH 660 0
DWIDTH 11 0
BBX 11 15 0 -2
BITMAP
F000
FC00
BE00
1E00
0F00
0F80
0780
01C0
01E0
0180
0180
0180
0280
0200
0200
ENDCHAR
STARTCHAR F32A
ENCODING 62250
SWIDTH 660 0
DWIDTH 11 0
BBX 17 16 0 -2
BITMAP
0FF000
1FFC00
307E00
627E00
623F00
F32700
F06780
F8EF80
F8EF80
FCFF80
FEDF00
7EDF00
7FFE00
300E00
1FFC00
07F000
ENDCHAR
STARTCHAR F32B
ENCODING 62251
SWIDTH 660 0
DWIDTH 11 0
BBX 17 16 0 -2
BITMAP
0FF000
1FFC00
3FFE00
7FFE00
7FFF00
FFFF00
FFCF80
FF8780
FF0380
FE0180
FC3000
787800
70FC00
21FE00
03F800
07F000
ENDCHAR
STARTCHAR F32C
ENCODING 62252
SWIDTH 660 0
DWIDTH 11 0
BBX 16 16 0 -2
BITMAP
07E0
1FF8
3FFC
7FFE
7C47
F3BB
FA53
F6B7
FD3F
F347
F5CF
7D3E
7FFE
3FFC
1FF8
07E0
ENDCHAR
STARTCHAR F32D
ENCODING 62253
SWIDTH 660 0
DWIDTH 11 0
BBX 16 16 0 -2
BITMAP
07C0
0BF0
3BF8
31FC
70FE
F0FE
E0BF
E097
C089
808D
8086
7C8A
7FFC
3FFC
1FF0
07E0
ENDCHAR
STARTCHAR F32E
ENCODING 62254
SWIDTH 660 0
DWIDTH 11 0
BBX 16 16 0 -2
BITMAP
07E0
0FF8
067C
401E
600E
E187
E3C3
E3E3
E3E3
E3C7
E007
7002
7800
3FF0
1FF8
07E0
ENDCHAR
STARTCHAR F32F
ENCODING 62255
SWIDTH 660 0
DWIDTH 11 0
BBX 16 14 0 -1
BITMAP
0FF8
1FF8
0000
0000
7F82
7F0E
FC1F
F87F
60FE
0100
0000
0000
1FF8
0FF8
ENDCHAR
STARTCHAR F330
ENCODING 62256
SWIDTH 660 0
DWIDTH 11 0
BBX 17 16 0 -2
BITMAP
03E000
0FF800
1FFC00
3FFE00
7F7F00
7E3F00
FC3F00
F81F80
F82F80
F01780
E03F00
403F00
401F00
001E00
001C00
001800
ENDCHAR
STARTCHAR F331
ENCODING 62257
SWIDTH 660 0
DWIDTH 11 0
BBX 16 16 0 -2
BITMAP
07E0
1818
21C4
4632
5809
9009
A1C5
A3C5
A3C5
A1C5
9009
4809
4412
23E4
1008
0FF0
ENDCHAR
STARTCHAR F332
ENCODING 62258
SWIDTH 660 0
DWIDTH 11 0
BBX 12 12 0 0
BITMAP
3080
01C0
00E0
0070
40E0
C1C0
C180
0000
0000
1C00
1C00
1C00
ENDCHAR
STARTCHAR F333
ENCODING 62259
SWIDTH 660 0
DWIDTH 11 0
BBX 16 16 0 -2
BITMAP
0300
039C
31F8
3818
1808
1007
3007
E000
E000
3006
1007
3808
3018
23F8
0318
0300
ENDCHAR
STARTCHAR F334
ENCODING 62260
SWIDTH 660 0
DWIDTH 11 0
BBX 17 16 0 -2
BITMAP
0FF000
1EFC00
3EEE00
660E00
63CF00
F7F100
F7F180
CFFF80
CFFF80
F7F180
F7E300
67CF00
7E0E00
3CCE00
1EFC00
07F000
ENDCHAR
STARTCHAR F335
ENCODING 62261
SWIDTH 660 0
DWIDTH 11 0
BBX 11 16 0 -2
BITMAP
01C0
1F60
3FC0
7080
6000
61C0
6F60
7F60
71C0
6000
6000
6000
6000
F000
9000
F000
ENDCHAR
STARTCHAR F336
ENCODING 62262
SWIDTH 660 0
DWIDTH 11 0
BBX 14 16 0 -2
BITMAP
3FFC
7FFC
E01C
E01C
E01C
E3FC
E3F8
E0F0
E0F8
E0FC
E3FC
E3E0
E3E0
FFE0
FE40
FE00
ENDCHAR
STARTCHAR F337
ENCODING 62263
SWIDTH 660 0
DWIDTH 11 0
BBX 15 12 1 0
BITMAP
03F0
0FF0
1FDC
3FFE
FFFE
7FC2
FFC0
FFC0
FFC0
7FC0
7F80
0700
ENDCHAR
STARTCHAR F338
ENCODING 62264
SWIDTH 660 0
DWIDTH 11 0
BBX 16 11 0 0
BITMAP
0008
1008
1018
0FF8
E4F8
A178
FFF8
6F90
0FF0
03CE
0007
ENDCHAR
STARTCHAR F339
ENCODING 62265
SWIDTH 660 0
DWIDTH 11 0
BBX 17 10 0 1
BITMAP
7FFF80
DFFF80
9FFF80
8F1F00
CF4700
7EA700
3EAF00
062E00
03DE00
03FC00
ENDCHAR
STARTCHAR F33A
ENCODING 62266
SWIDTH 660 0
DWIDTH 11 0
BBX 15 12 1 0
BITMAP
0102
010C
01F8
01F0
00C0
0380
07C0
1FE0
3C60
3020
4020
8020
ENDCHAR
STARTCHAR F33B
ENCODING 62267
SWIDTH 660 0
DWIDTH 11 0
BBX 17 16 0 -2
BITMAP
01C000
022000
0C1000
0A2800
1F7C00
3FFE00
7FFF00
FFFF80
FFFF80
1FFE00
3CF000
1FF000
07FB00
1BE400
07C000
01C000
ENDCHAR
STARTCHAR F33C
ENCODING 62268
SWIDTH 660 0
DWIDTH 11 0
BBX 17 12 0 0
BITMAP
01C000
028000
00A000
02B800
0EBC00
7EBF00
FEBF80
3EBE00
0EBC00
1EB000
06A000
008000
ENDCHAR
STARTCHAR F33D
ENCODING 62269
SWIDTH 660 0
DWIDTH 11 0
BBX 17 16 0 -2
BITMAP
80C000
67F800
3FFC00
03FE00
30FF00
307F00
383F80
7C3F80
7F7F80
5FC780
2FE300
231700
101600
081C00
07F800
01E000
ENDCHAR
STARTCHAR F33E
ENCODING 62270
SWIDTH 660 0
DWIDTH 11 0
BBX 17 16 0 -2
BITMAP
C70380
C78780
C3EE00
C0F800
C13C00
C78F00
C70380
C70380
C3FE00
C7FF00
C60700
C61E00
C63800
C64000
C7FF80
C7FF80
ENDCHAR
STARTCHAR F33F
ENCODING 62271
SWIDTH 660 0
DWIDTH 11 0
BBX 16 14 0 -1
BITMAP
03C0
0C30
100C
2002
6006
420D
4119
C4B1
CE61
5F61
7FEF
7FDE
7FFF
FFFF
ENDCHAR
STARTCHAR F340
ENCODING 62272
SWIDTH 660 0
DWIDTH 11 0
BBX 16 13 1 -1
BITMAP
0012
0127
0A4F
309E
C03E
001C
001C
0018
0018
0030
0020
0020
0040
ENDCHAR
STARTCHAR F341
ENCODING 62273
SWIDTH 660 0
DWIDTH 11 0
BBX 16 16 0 -2
BITMAP
17FF
EC11
8409
8205
BA0F
9C1D
BE0D
B201
B271
BCE1
9825
8039
41C2
2004
1008
0FF0
ENDCHAR
STARTCHAR F342
ENCODING 62274
SWIDTH 660 0
DWIDTH 11 0
BBX 15 16 0 -2
BITMAP
0780
0FE0
3FF8
FEFC
F83C
E01C
E01C
E01C
E01C
E01C
F03C
FC7C
7FFC
1FF8
0FFE
033C
ENDCHAR
STARTCHAR F343
ENCODING 62275
SWIDTH 660 0
DWIDTH 11 0
BBX 13 16 0 -2
BITMAP
6000
E080
E180
E980
E180
ED80
E1F0
D1B8
8998
4788
23C0
1FE0
1FF0
0FF8
07E0
0380
ENDCHAR
STARTCHAR F344
ENCODING 62276
SWIDTH 660 0
DWIDTH 11 0
BBX 17 16 0 -2
BITMAP
001E00
003300
7E2580
E72580
DBBD80
A5C300
C5FE00
C5FC00
39C000
038000
037800
034C00
034C00
032C00
019800
00F000
ENDCHAR
STARTCHAR F345
ENCODING 62277
SWIDTH 660 0
DWIDTH 11 0
BBX 16 16 0 -2
BITMAP
0080
0080
01C0
01C0
01E0
02E0
07E0
07F0
0FF8
0D78
1C1C
198C
3C9C
3C1E
700F
C001
ENDCHAR
STARTCHAR F346
ENCODING 62278
SWIDTH 660 0
DWIDTH 11 0
BBX 16 16 0 -2
BITMAP
0080
0080
01C0
03C0
03E0
07E0
07F0
0F70
0E78
1E38
1C1C
3C1C
39FE
783E
700F
E007
ENDCHAR
STARTCHAR F347
ENCODING 62279
SWIDTH 660 0
DWIDTH 11 0
BBX 16 11 0 0
BITMAP
000C
001E
03B9
8330
81A3
9DA7
F7B9
E6C1
8601
4C00
7C00
ENDCHAR
STARTCHAR F348
ENCODING 62280
SWIDTH 660 0
DWIDTH 11 0
BBX 10 16 0 -2
BITMAP
01C0
0380
0700
0E00
1C00
3B00
7180
E0C0
60C0
3180
1B00
0600
0C00
1800
3000
E000
ENDCHAR
STARTCHAR F349
ENCODING 62281
SWIDTH 660 0
DWIDTH 11 0
BBX 17 16 0 -2
BITMAP
07F000
0FF800
1FFC00
33C400
324400
3E3E00
300600
3FFE00
3FFE00
3FFE00
300600
600200
600300
C00100
C00180
C00180
ENDCHAR
STARTCHAR F34A
ENCODING 62282
SWIDTH 660 0
DWIDTH 11 0
BBX 16 16 0 -2
BITMAP
0080
0180
0180
03C0
3DDE
06A0
0360
05F0
0DF0
0B68
1638
0C18
7426
7C3E
700F
C003
ENDCHAR
STARTCHAR F34B
ENCODING 62283
SWIDTH 660 0
DWIDTH 11 0
BBX 17 8 0 2
BITMAP
3C3E00
677700
C1C100
818980
998980
C3C100
7E7F00
3C1C00
ENDCHAR
STARTCHAR F34C
ENCODING 62284
SWIDTH 660 0
DWIDTH 11 0
BBX 16 16 0 -2
BITMAP
000E
000F
000E
F1E0
F3C0
F380
F700
FE0E
FE0E
FC0E
FE0E
FE0E
F70E
F78E
F3CE
F1EE
ENDCHAR
STARTCHAR F34D
ENCODING 62285
SWIDTH 660 0
DWIDTH 11 0
BBX 17 16 0 -2
BITMAP
01E000
07F800
1FFE00
3FFF00
7F8700
7E0100
FE0080
FE0000
FE0000
FE0000
FF0000
FF8000
FF8000
7FC000
7FC000
3FE000
ENDCHAR
STARTCHAR F34E
ENCODING 62286
SWIDTH 660 0
DWIDTH 11 0
BBX 15 12 0 0
BITMAP
0380
0C78
1834
3FFC
3FFA
4FEC
A7C8
9788
9388
9390
57E0
2B80
ENDCHAR
STARTCHAR F34F
ENCODING 62287
SWIDTH 660 0
DWIDTH 11 0
BBX 17 15 0 -1
BITMAP
018000
01C000
11C400
3FFE00
3FFC00
1FFC00
1F7C00
7C3F00
FC1F80
FC1F80
3E3C00
1E7C00
1E3C00
3C3E00
3C0C00
ENDCHAR
STARTCHAR F350
ENCODING 62288
SWIDTH 660 0
DWIDTH 11 0
BBX 14 16 0 -2
BITMAP
0F08
0894
08F4
3898
4790
8290
8260
8280
8760
7C10
0808
0808
0808
0808
0410
03E0
ENDCHAR
STARTCHAR F351
ENCODING 62289
SWIDTH 660 0
DWIDTH 11 0
BBX 12 16 0 -2
BITMAP
0FE0
3FF0
7FE0
7FC0
FFA0
FF60
FEF0
FDF0
FBF0
77F0
6FF0
1FF0
3FF0
7FE0
7FC0
3F80
ENDCHAR
STARTCHAR F352
ENCODING 62290
SWIDTH 660 0
DWIDTH 11 0
BBX 14 16 0 -2
BITMAP
0300
0780
0FC0
1FE0
3FF0
7FF8
7FF8
FFFC
FFFC
FFFC
FFFC
FFFC
7FF8
7FF0
3FF0
0FC0
ENDCHAR
STARTCHAR F353
ENCODING 62291
SWIDTH 660 0
DWIDTH 11 0
BBX 17 16 0 -2
BITMAP
03FF80
00FF80
FC7F80
FE7F80
FE7F00
FE7E00
FC7E00
F87C00
80F880
83F880
C7F180
E3E380
F1E780
F8C780
FC0F80
FE1F80
ENDCHAR
STARTCHAR F354
ENCODING 62292
SWIDTH 660 0
DWIDTH 11 0
BBX 17 16 0 -2
BITMAP
FFFF80
FFFF80
FFFF80
FFFF80
FFFF80
FFFF80
FFFF80
FFFF80
FFFF80
FFFF80
FFFF80
FFFF80
FFFF80
FFFF80
FFFF80
FFFF80
ENDCHAR
STARTCHAR F355
ENCODING 62293
SWIDTH 660 0
DWIDTH 11 0
BBX 17 16 0 -2
BITMAP
0FF000
1FFC00
3FFE00
7FFE00
676700
FFEF00
FAEF80
FFFF80
FFFF80
FDBF80
FBDF00
7FFF00
7FFE00
3FFE00
1FFC00
07F000
ENDCHAR
STARTCHAR F356
ENCODING 62294
SWIDTH 660 0
DWIDTH 11 0
BBX 17 7 0 3
BITMAP
0C0000
0C0000
0C0000
FD3F80
FD3F80
8D2D80
FFED80
ENDCHAR
STARTCHAR F357
ENCODING 62295
SWIDTH 660 0
DWIDTH 11 0
BBX 12 15 0 -2
BITMAP
0800
5B80
2F40
7FF0
6660
4FA0
5FB0
CFF0
C7F0
41F0
60E0
3020
5F90
2FE0
5BA0
ENDCHAR
STARTCHAR F358
ENCODING 62296
SWIDTH 660 0
DWIDTH 11 0
BBX 15 10 1 1
BITMAP
03FE
0E00
39FE
7F00
FC00
F000
E000
C080
8300
FE00
ENDCHAR
STARTCHAR F359
ENCODING 62297
SWIDTH 660 0
DWIDTH 11 0
BBX 13 16 0 -2
BITMAP
0500
0D00
0980
18C0
3060
6060
4030
C010
C010
8018
8018
8010
C010
6030
3060
1F80
ENDCHAR
STARTCHAR F35A
ENCODING 62298
SWIDTH 660 0
DWIDTH 11 0
BBX 17 16 0 -2
BITMAP
008000
000000
003000
083800
0C1C00
000E00
030700
C38300
C1C180
10E180
387300
1C3B00
0E0600
070E00
03F800
01F000
ENDCHAR
STARTCHAR F35B
ENCODING 62299
SWIDTH 660 0
DWIDTH 11 0
BBX 16 8 0 2
BITMAP
0CCE
0DEE
0FEE
0FFE
0FFB
5FFB
FF3B
FF3B
ENDCHAR
STARTCHAR F35C
ENCODING 62300
SWIDTH 660 0
DWIDTH 11 0
BBX 17 16 0 -2
BITMAP
07F000
1FFC00
3E3E00
780E00
700700
E00700
E00300
E1C380
E1E380
E0F300
E07800
703C00
781E00
3F0E00
1FC400
07C000
ENDCHAR
STARTCHAR F35D
ENCODING 62301
SWIDTH 660 0
DWIDTH 11 0
BBX 17 16 0 -2
BITMAP
00C000
03BF00
06FE00
037E00
0B4000
009C00
037600
0F9C00
100000
20F000
3FFE00
FFFF80
FFFF80
1FFC00
07F000
008000
ENDCHAR
STARTCHAR F35E
ENCODING 62302
SWIDTH 660 0
DWIDTH 11 0
BBX 16 16 0 -2
BITMAP
780F
3C1E
3E1C
1E1C
0F08
0780
07C0
03C0
03E0
07F0
0FF8
1E78
1E3C
3C1E
781E
F80F
ENDCHAR
STARTCHAR F35F
ENCODING 62303
SWIDTH 660 0
DWIDTH 11 0
BBX 17 16 0 -2
BITMAP
0FF000
1C1C00
300600
600200
400300
C08100
C19180
83B980
87BD80
C77F80
CFFF00
5FFF00
7FFE00
3FFE00
1FFC00
07F000
ENDCHAR
STARTCHAR F360
ENCODING 62304
SWIDTH 660 0
DWIDTH 11 0
BBX 17 14 0 -1
BITMAP
003C00
03FA00
3FFE00
DFFD00
F3C700
E24300
E1FF00
A7DE80
BEBF80
BF7E80
7F3D00
5FCE00
7C7000
1F8000
ENDCHAR
STARTCHAR F361
ENCODING 62305
SWIDTH 660 0
DWIDTH 11 0
BBX 13 16 0 -2
BITMAP
0238
0778
3678
3270
D040
C380
1FE0
3FE0
7FE0
7F80
7F00
7C00
3CE0
3CE0
1FC0
0780
ENDCHAR
STARTCHAR F362
ENCODING 62306
SWIDTH 660 0
DWIDTH 11 0
BBX 15 16 0 -2
BITMAP
07C0
3FF0
7FFC
FFFE
EFE6
F77E
FFFE
FFFE
FFFE
FBFE
DFEE
7FFE
3FFC
1FF8
0FC0
0700
ENDCHAR
STARTCHAR F363
ENCODING 62307
SWIDTH 660 0
DWIDTH 11 0
BBX 16 15 0 -2
BITMAP
0018
0070
00F8
03FC
07FC
1FCE
2386
C506
0A02
1203
1401
2801
1001
1001
2001
ENDCHAR
STARTCHAR F364
ENCODING 62308
SWIDTH 660 0
DWIDTH 11 0
BBX 16 16 0 -2
BITMAP
00E0
8130
C20F
F200
C820
4620
6020
5C10
2210
1010
0010
0030
0060
07C0
0400
0400
ENDCHAR
STARTCHAR F365
ENCODING 62309
SWIDTH 660 0
DWIDTH 11 0
BBX 17 16 0 -2
BITMAP
07F000
0C1800
100400
83E200
E63300
F81900
FC0900
FF0980
FE0900
FC0900
F01900
C63300
81C200
100400
0C1800
03E000
ENDCHAR
STARTCHAR F366
ENCODING 62310
SWIDTH 660 0
DWIDTH 11 0
BBX 16 15 0 -1
BITMAP
0180
03C0
03E0
03E0
FFFF
FFFF
7EBF
7ABE
3DDC
0DF8
3EBC
3F6E
3F7E
7E3E
780E
ENDCHAR
STARTCHAR F367
ENCODING 62311
SWIDTH 660 0
DWIDTH 11 0
BBX 17 16 0 -2
BITMAP
07F000
0FFC00
0FFC00
67FA00
67FB00
E67B00
E67380
E6B380
E0B380
E18780
E18700
71C700
71CE00
33CE00
1FF800
07F000
ENDCHAR
STARTCHAR F368
ENCODING 62312
SWIDTH 660 0
DWIDTH 11 0
BBX 15 8 1 2
BITMAP
8010
6050
107C
0FFE
0FF4
0FF8
1FF8
0810
ENDCHAR
STARTCHAR F369
ENCODING 62313
SWIDTH 660 0
DWIDTH 11 0
BBX 17 14 0 -1
BITMAP
380600
1C0400
1E0800
0FD800
373600
63A100
C3C100
C1C080
C2E080
C47100
687900
383A00
1E1C00
23FE00
ENDCHAR
STARTCHAR F36A
ENCODING 62314
SWIDTH 660 0
DWIDTH 11 0
BBX 17 16 0 -2
BITMAP
800180
7FFD00
7FFE00
73E600
73E600
7FFE00
000000
7FFE00
7DDE00
7A2E00
7CAE00
77DE00
7CAE00
7A6E00
7D9E00
7FFE00
ENDCHAR
STARTCHAR F36B
ENCODING 62315
SWIDTH 660 0
DWIDTH 11 0
BBX 16 16 0 -2
BITMAP
0110
1BF0
0FF2
1E7C
781C
300E
3007
F366
7366
300F
380E
7C1C
1FFC
0FF2
19F0
0110
ENDCHAR
STARTCHAR F36C
ENCODING 62316
SWIDTH 660 0
DWIDTH 11 0
BBX 17 16 0 -2
BITMAP
07E000
1FF800
3FFC00
7FFE00
7FFF00
FF7F00
FC1F80
FC1F80
FC1F80
FC1F80
FC3F00
7E3F00
7E3F00
3C3E00
1C1C00
0C1800
ENDCHAR
STARTCHAR F36D
ENCODING 62317
SWIDTH 660 0
DWIDTH 11 0
BBX 16 16 0 -2
BITMAP
03C0
03E0
27E4
73EE
63D7
EC3B
DE7B
DF7B
DF7B
DF7B
CF7B
6777
7366
381C
1FF8
07F0
ENDCHAR
STARTCHAR F36E
ENCODING 62318
SWIDTH 660 0
DWIDTH 11 0
BBX 17 16 0 -2
BITMAP
0FF000
11EC00
27FA00
4FFE00
8E3D00
981F00
990E80
918E80
91CE80
990E80
881D00
463900
63F200
200200
180C00
07F000
ENDCHAR
STARTCHAR F36F
ENCODING 62319
SWIDTH 660 0
DWIDTH 11 0
BBX 14 16 0 -2
BITMAP
1020
3830
7838
BC3C
FE3C
FE3C
EF3C
FFBC
F7BC
F3DC
F3FC
F1EC
F0F4
70F8
3070
1020
ENDCHAR
STARTCHAR F370
ENCODING 62320
SWIDTH 660 0
DWIDTH 11 0
BBX 17 16 0 -2
BITMAP
007E00
00FE00
117F00
3BFF00
3A3F00
F81F00
F00F80
F22F80
F14F80
F88F00
781F00
7CFF00
3FBE00
3FFC00
0FF800
03E000
ENDCHAR
STARTCHAR F371
ENCODING 62321
SWIDTH 660 0
DWIDTH 11 0
BBX 17 16 0 -2
BITMAP
07F000
1F1C00
3FCE00
7FF200
7F1B00
FFED00
FF6D80
FF3580
FF3580
FF6D80
FFCD00
7F1B00
7FF600
3FCE00
1F3C00
07F000
ENDCHAR
STARTCHAR F372
ENCODING 62322
SWIDTH 660 0
DWIDTH 11 0
BBX 17 16 0 -2
BITMAP
00C000
00DE00
38FC00
1C7000
0C7000
0C3200
0DB600
CFB600
DE7600
DC6600
787F80
7DFF00
3FE000
0FC000
038000
018000
ENDCHAR
STARTCHAR F373
ENCODING 62323
SWIDTH 660 0
DWIDTH 11 0
BBX 16 16 0 -2
BITMAP
038F
039E
039C
3BB8
3FF8
1BF0
13F8
E3BC
E39C
638E
138F
1010
3C38
3FDC
0388
0180
ENDCHAR
STARTCHAR F374
ENCODING 62324
SWIDTH 660 0
DWIDTH 11 0
BBX 16 14 0 -1
BITMAP
0080
0180
01C0
03C0
03E0
03F0
0870
0E38
1E20
1C00
380E
39FE
7CFF
FDFF
ENDCHAR
STARTCHAR F375
ENCODING 62325
SWIDTH 660 0
DWIDTH 11 0
BBX 17 12 0 0
BITMAP
7FFF80
FFFF80
F0EF80
F76F80
E74780
E76F80
E76F80
F76F80
F06780
FEFF80
FF7F00
FFFE00
ENDCHAR
STARTCHAR F376
ENCODING 62326
SWIDTH 660 0
DWIDTH 11 0
BBX 14 16 0 -2
BITMAP
FF7C
C19C
C0CC
C064
C030
C018
C00C
C00C
C00C
C00C
C00C
C00C
C00C
C00C
C00C
FFF8
ENDCHAR
STARTCHAR F377
ENCODING 62327
SWIDTH 660 0
DWIDTH 11 0
BBX 14 16 0 -2
BITMAP
FF7C
FF9C
FFCC
FFE4
FFF0
FFF8
81FC
810C
FEFC
82FC
FEFC
82FC
FEFC
82FC
E70C
FFF8
ENDCHAR
STARTCHAR F378
ENCODING 62328
SWIDTH 660 0
DWIDTH 11 0
BBX 14 16 0 -2
BITMAP
FF7C
FF9C
FFCC
FFE4
FFF0
FFF8
803C
A4BC
B7FC
803C
A48C
B48C
CE9C
FC9C
FC0C
FFF8
ENDCHAR
STARTCHAR F379
ENCODING 62329
SWIDTH 660 0
DWIDTH 11 0
BBX 14 16 0 -2
BITMAP
FF7C
FF9C
FFCC
FFE4
FFF0
FFF8
E7FC
C3FC
820C
8EFC
8AFC
D1FC
F10C
E0FC
FFFC
FFF8
ENDCHAR
STARTCHAR F37A
ENCODING 62330
SWIDTH 660 0
DWIDTH 11 0
BBX 14 16 0 -2
BITMAP
FF7C
FF9C
FFCC
FFE4
FFF0
FFF8
800C
FFFC
FFFC
FFFC
A20C
FE1C
A2EC
DF0C
FE0C
FFF8
ENDCHAR
STARTCHAR F37B
ENCODING 62331
SWIDTH 660 0
DWIDTH 11 0
BBX 14 16 0 -2
BITMAP
FF7C
FF9C
FFCC
FFE4
FFF0
FFF8
FC0C
FBFC
FB4C
971C
D71C
EF4C
EFFC
FFFC
88CC
FFF8
ENDCHAR
STARTCHAR F37C
ENCODING 62332
SWIDTH 660 0
DWIDTH 11 0
BBX 14 16 0 -2
BITMAP
FF7C
FF9C
FFCC
FFE4
FFF0
FFF8
830C
FE4C
FEEC
830C
FFFC
800C
FFFC
FFFC
83FC
FFF8
ENDCHAR
STARTCHAR F37D
ENCODING 62333
SWIDTH 660 0
DWIDTH 11 0
BBX 17 8 0 2
BITMAP
101E00
6C6100
828100
808080
810080
824100
442100
381E00
ENDCHAR
STARTCHAR F37E
ENCODING 62334
SWIDTH 660 0
DWIDTH 11 0
BBX 13 16 0 -2
BITMAP
0700
0D80
18C0
3060
6030
C018
C018
6030
3060
98C8
CD90
6720
3040
1880
0D00
0600
ENDCHAR
STARTCHAR F37F
ENCODING 62335
SWIDTH 660 0
DWIDTH 11 0
BBX 10 16 0 -2
BITMAP
0C00
3C00
3C00
FF80
3F80
3C00
3C00
3C00
3C00
3C00
3C00
3C00
3C00
3C40
3FC0
1F00
ENDCHAR
STARTCHAR F380
ENCODING 62336
SWIDTH 660 0
DWIDTH 11 0
BBX 16 16 0 -2
BITMAP
77F0
FFF8
FFFC
FFFE
FFFF
FC3F
F99F
F9C7
F9CF
F89F
F81F
FF1F
FF9F
FF9F
F88F
700F
ENDCHAR
STARTCHAR F381
ENCODING 62337
SWIDTH 660 0
DWIDTH 11 0
BBX 17 16 0 -2
BITMAP
007F80
F81F80
FF0F80
FF8F80
FF8F80
FF0F80
FE1F80
F83F80
F0FF80
F1FF80
F0FF80
F87F80
FC3F80
FC1F80
FC0F80
FC0780
ENDCHAR
STARTCHAR F382
ENCODING 62338
SWIDTH 660 0
DWIDTH 11 0
BBX 14 16 0 -2
BITMAP
1FE0
7878
E01C
0FC0
38F0
5028
6F98
C488
C30C
C30C
C00C
C008
6018
7030
3CF0
0FC0
ENDCHAR
STARTCHAR F383
ENCODING 62339
SWIDTH 660 0
DWIDTH 11 0
BBX 17 16 0 -2
BITMAP
0FF800
1E0400
3C7E00
7F3F00
7C8F00
F84F00
F32F80
F3CF80
F3CF80
FA1F80
FC6F00
F5CF00
79EF00
39CE00
1C0C00
0FF000
ENDCHAR
STARTCHAR F384
ENCODING 62340
SWIDTH 660 0
DWIDTH 11 0
BBX 16 16 0 -2
BITMAP
003F
FCFE
F9FC
33B8
6772
6EE6
7DCE
799E
73BE
677E
4EF6
1DEE
3B9E
7F3E
FE7F
001F
ENDCHAR
STARTCHAR F385
ENCODING 62341
SWIDTH 660 0
DWIDTH 11 0
BBX 16 12 0 0
BITMAP
1FE0
1FC8
3F80
7800
7010
F010
F002
7007
3802
3FF8
1FF0
1FE0
ENDCHAR
STARTCHAR F400
ENCODING 62464
SWIDTH 660 0
DWIDTH 11 0
BBX 11 16 0 -2
BITMAP
1F80
71C0
6060
C020
C020
C020
C020
6060
60C0
3180
1180
0000
1F80
1F80
0000
0F00
ENDCHAR
STARTCHAR F401
ENCODING 62465
SWIDTH 660 0
DWIDTH 11 0
BBX 12 16 0 -2
BITMAP
7FF0
C010
C010
C010
C010
C010
C010
C010
C010
FFF0
FFF0
C010
DE10
5EF0
1E00
1200
ENDCHAR
STARTCHAR F402
ENCODING 62466
SWIDTH 660 0
DWIDTH 11 0
BBX 12 14 0 -1
BITMAP
70F0
D8D0
D8D0
70F0
2060
2060
3FC0
0600
0600
0600
0F00
0D80
0D00
0700
ENDCHAR
STARTCHAR F403
ENCODING 62467
SWIDTH 660 0
DWIDTH 11 0
BBX 15 16 0 -2
BITMAP
7FF8
C018
C018
C018
C010
C000
C010
C038
C07C
FEFE
FC1A
C018
C018
7F98
0018
0018
ENDCHAR
STARTCHAR F404
ENCODING 62468
SWIDTH 660 0
DWIDTH 11 0
BBX 16 16 0 -2
BITMAP
FFF0
C010
D014
C002
D1FF
C1FF
D002
C010
D010
C010
FFF0
8010
9C10
FFF0
1C00
1400
ENDCHAR
STARTCHAR F405
ENCODING 62469
SWIDTH 660 0
DWIDTH 11 0
BBX 17 14 0 -1
BITMAP
FE7F80
C3E180
C1C180
C08180
C08180
C08180
C08180
C08180
C08180
C08180
C08180
FFFF80
03E000
008000
ENDCHAR
STARTCHAR F406
ENCODING 62470
SWIDTH 660 0
DWIDTH 11 0
BBX 14 16 0 -2
BITMAP
0780
0CC0
0840
0CC0
0FC0
FFFC
FCFC
0CC0
0CC0
0840
0840
0840
0FC0
1860
1860
1860
ENDCHAR
STARTCHAR F407
ENCODING 62471
SWIDTH 660 0
DWIDTH 11 0
BBX 14 15 0 -1
BITMAP
0080
7180
DBE0
DBF0
F190
2090
2010
2010
2010
2010
2010
7038
D86C
D86C
F03C
ENDCHAR
STARTCHAR F408
ENCODING 62472
SWIDTH 660 0
DWIDTH 11 0
BBX 17 16 0 -2
BITMAP
07F000
1FF800
3FFC00
77E600
700700
F00700
E00780
E00380
E00380
E00780
F00700
581F00
6C3E00
303E00
1C3C00
0C3000
ENDCHAR
STARTCHAR F409
ENCODING 62473
SWIDTH 660 0
DWIDTH 11 0
BBX 15 14 0 -1
BITMAP
0100
0100
0100
0100
0100
1920
0D60
07C0
8384
C106
C006
C006
FFFC
7FF8
ENDCHAR
STARTCHAR F40A
ENCODING 62474
SWIDTH 660 0
DWIDTH 11 0
BBX 15 14 0 -1
BITMAP
0100
0380
07C0
0D60
1920
0100
0100
0100
8104
C106
C006
C006
FFFC
7FF8
ENDCHAR
STARTCHAR F40B
ENCODING 62475
SWIDTH 660 0
DWIDTH 11 0
BBX 17 16 0 -2
BITMAP
07F000
1FFC00
3E3E00
7C3E00
7C3F00
FE3F00
E00380
FC3F80
FC3F80
FC1F80
FC1F00
7D9F00
7D9E00
3D9E00
1FF800
07F000
ENDCHAR
STARTCHAR F40C
ENCODING 62476
SWIDTH 660 0
DWIDTH 11 0
BBX 16 16 0 -2
BITMAP
0180
03C0
03C0
07E0
07F0
0F70
0E78
1E78
1E7C
3FFC
3FFE
7E7E
FF7F
FFFF
FFFF
7FFE
ENDCHAR
STARTCHAR F40D
ENCODING 62477
SWIDTH 660 0
DWIDTH 11 0
BBX 17 16 0 -2
BITMAP
07F800
0FFC00
0C3600
0C3300
0C3180
001F80
000180
320180
630180
C18180
E18180
730180
220180
000180
07FF80
07FF00
ENDCHAR
STARTCHAR F40E
ENCODING 62478
SWIDTH 660 0
DWIDTH 11 0
BBX 14 14 0 -1
BITMAP
78F8
FDF8
C58C
C58C
C58C
FCF8
0000
7870
FDF8
C58C
C58C
C58C
FDF8
78F8
ENDCHAR
STARTCHAR F40F
ENCODING 62479
SWIDTH 660 0
DWIDTH 11 0
BBX 16 14 0 -1
BITMAP
7FFE
8001
8001
9C01
9201
9201
9C61
80D1
8189
8305
8603
8C01
FFFF
7FFE
ENDCHAR
STARTCHAR F410
ENCODING 62480
SWIDTH 660 0
DWIDTH 11 0
BBX 12 16 0 -2
BITMAP
FF80
CCC0
CC60
C330
CC10
CC10
C310
C410
CC10
C310
C110
CF10
CB10
CB10
CB70
0F00
ENDCHAR
STARTCHAR F411
ENCODING 62481
SWIDTH 660 0
DWIDTH 11 0
BBX 17 14 0 -1
BITMAP
FFFF00
C00180
C00180
FFFF80
7FFF00
000000
600300
63E300
63C300
600300
600300
600300
600300
7FFE00
ENDCHAR
STARTCHAR F412
ENCODING 62482
SWIDTH 660 0
DWIDTH 11 0
BBX 15 16 0 -2
BITMAP
7F00
FF80
C0C0
C060
C430
CC18
C00C
C006
E002
7006
380C
1C18
0E30
0760
03C0
0080
ENDCHAR
STARTCHAR F413
ENCODING 62483
SWIDTH 660 0
DWIDTH 11 0
BBX 17 14 0 -1
BITMAP
FE0000
C30000
C3FF00
C00180
C00180
C00180
C00180
C00180
C00180
C00180
C00180
C00180
C00180
FFFF00
ENDCHAR
STARTCHAR F414
ENCODING 62484
SWIDTH 660 0
DWIDTH 11 0
BBX 17 14 0 -1
BITMAP
FE0000
FF0000
FFFF00
FFFF80
FFFF80
FFBF80
FF9F80
F80F80
F00780
FF8F80
FF9F80
FFFF80
FFFF80
FFFF00
ENDCHAR
STARTCHAR F415
ENCODING 62485
SWIDTH 660 0
DWIDTH 11 0
BBX 12 14 0 -1
BITMAP
0700
1F80
30C0
3040
3040
3040
18C0
0F80
3DC0
6060
4030
C010
C010
8010
ENDCHAR
STARTCHAR F416
ENCODING 62486
SWIDTH 660 0
DWIDTH 11 0
BBX 17 9 0 2
BITMAP
080800
180C00
300600
600300
FFFF80
E00300
700600
380C00
181800
ENDCHAR
STARTCHAR F417
ENCODING 62487
SWIDTH 660 0
DWIDTH 11 0
BBX 17 8 0 2
BITMAP
03E000
067000
0C3000
FC1F80
FC1F00
0C3000
077000
03C000
ENDCHAR
STARTCHAR F418
ENCODING 62488
SWIDTH 660 0
DWIDTH 11 0
BBX 12 14 0 -1
BITMAP
70F0
D8D0
D8D0
70F0
2060
2060
3FC0
3000
2000
2000
F000
D800
D800
7000
ENDCHAR
STARTCHAR F419
ENCODING 62489
SWIDTH 660 0
DWIDTH 11 0
BBX 14 14 0 -1
BITMAP
7000
D800
D800
7000
3000
3838
2FE8
27CC
2078
2010
F000
D800
D800
7000
ENDCHAR
STARTCHAR F41A
ENCODING 62490
SWIDTH 660 0
DWIDTH 11 0
BBX 17 14 0 -1
BITMAP
008000
008000
C00180
E08380
F08780
D80D80
CC9980
CC9980
D80D80
F08780
E08380
C00180
008000
008000
ENDCHAR
STARTCHAR F41B
ENCODING 62491
SWIDTH 660 0
DWIDTH 11 0
BBX 17 16 0 -2
BITMAP
07F000
1C3C00
300E00
600600
600300
C00100
C08180
C1C180
C1C180
C08180
C00100
600300
600600
300E00
1E3800
07F000
ENDCHAR
STARTCHAR F41C
ENCODING 62492
SWIDTH 660 0
DWIDTH 11 0
BBX 17 16 0 -2
BITMAP
07F000
1C3C00
B00E00
E00600
E00300
F00100
008180
01C180
C1C000
C08000
C00F80
600780
600780
300F80
1E3C00
07F000
ENDCHAR
STARTCHAR F41D
ENCODING 62493
SWIDTH 660 0
DWIDTH 11 0
BBX 17 16 0 -2
BITMAP
07F000
1C3C00
300E00
600600
600300
C01100
C03180
C46180
C6C180
C38180
C10100
600300
600600
300E00
1E3800
07F000
ENDCHAR
STARTCHAR F41E
ENCODING 62494
SWIDTH 660 0
DWIDTH 11 0
BBX 15 14 0 -1
BITMAP
0180
0380
03C0
06C0
7E7C
F83E
600E
301C
1838
1810
1810
1BD0
1EF8
1838
ENDCHAR
STARTCHAR F41F
ENCODING 62495
SWIDTH 660 0
DWIDTH 11 0
BBX 15 14 0 -1
BITMAP
FFFC
C006
C006
C006
C006
C006
C006
C006
C006
C006
F9FC
1B00
1E00
1C00
ENDCHAR
STARTCHAR F420
ENCODING 62496
SWIDTH 660 0
DWIDTH 11 0
BBX 17 16 0 -2
BITMAP
07F000
1C3C00
300E00
600600
63C300
C36100
C06180
C0C180
C08180
C00180
C18100
618300
600600
300E00
1E3800
07F000
ENDCHAR
STARTCHAR F421
ENCODING 62497
SWIDTH 660 0
DWIDTH 11 0
BBX 16 16 0 -2
BITMAP
0180
03C0
0340
0660
0630
0CB0
0998
1998
118C
300C
2006
6182
C083
C001
FFFF
7FFE
ENDCHAR
STARTCHAR F422
ENCODING 62498
SWIDTH 660 0
DWIDTH 11 0
BBX 15 14 0 -1
BITMAP
1F80
30E0
6020
C030
C010
C010
C010
C010
4030
6060
3DF0
1F98
000C
0006
ENDCHAR
STARTCHAR F423
ENCODING 62499
SWIDTH 660 0
DWIDTH 11 0
BBX 15 16 0 -2
BITMAP
03C0
06C0
2664
7C7E
C002
C3C2
66C6
646C
646C
66C6
C382
C006
7C7E
0660
06C0
03C0
ENDCHAR
STARTCHAR F424
ENCODING 62500
SWIDTH 660 0
DWIDTH 11 0
BBX 8 8 4 2
BITMAP
81
C3
C6
CC
D8
F0
E0
FF
ENDCHAR
STARTCHAR F425
ENCODING 62501
SWIDTH 660 0
DWIDTH 11 0
BBX 12 16 0 -2
BITMAP
10C0
39E0
69B0
C9B0
C990
CD90
C710
C010
4030
6060
30C0
1880
1880
1880
18C0
1080
ENDCHAR
STARTCHAR F426
ENCODING 62502
SWIDTH 660 0
DWIDTH 11 0
BBX 13 14 0 -1
BITMAP
F800
C000
C000
C040
C060
C030
CFF8
CFF8
C030
C060
C040
C000
C000
F800
ENDCHAR
STARTCHAR F427
ENCODING 62503
SWIDTH 660 0
DWIDTH 11 0
BBX 17 16 0 -2
BITMAP
001F00
007180
00C180
018100
3F3100
661300
660600
CC0E00
F81C00
1C3000
06F000
03D000
311000
71B000
71E000
C0C000
ENDCHAR
STARTCHAR F428
ENCODING 62504
SWIDTH 660 0
DWIDTH 11 0
BBX 12 12 0 0
BITMAP
F000
3C00
0700
0180
00C0
E060
7860
1C30
0C30
0610
C610
C210
ENDCHAR
STARTCHAR F429
ENCODING 62505
SWIDTH 660 0
DWIDTH 11 0
BBX 12 14 0 -1
BITMAP
1F80
D8B0
D890
DF90
C010
C010
C010
C010
C010
C010
C010
C010
C010
FFF0
ENDCHAR
STARTCHAR F42A
ENCODING 62506
SWIDTH 660 0
DWIDTH 11 0
BBX 13 14 0 -1
BITMAP
F800
C000
C000
C180
C300
C600
CFF8
CFF8
C700
C380
C180
C000
C000
F800
ENDCHAR
STARTCHAR F42B
ENCODING 62507
SWIDTH 660 0
DWIDTH 11 0
BBX 17 16 0 -2
BITMAP
FFF000
C01000
C01000
D99000
C01000
C01000
D99200
C01380
C01180
D99180
C89180
C01180
C01180
CF1180
CD1180
FDFF00
ENDCHAR
STARTCHAR F42C
ENCODING 62508
SWIDTH 660 0
DWIDTH 11 0
BBX 12 16 0 -2
BITMAP
FFF0
C010
C010
C010
C010
C010
C010
C010
C010
C010
C010
C610
C610
C010
C010
FFF0
ENDCHAR
STARTCHAR F42D
ENCODING 62509
SWIDTH 660 0
DWIDTH 11 0
BBX 14 16 0 -2
BITMAP
0100
0380
07C0
0FE0
0100
0100
0000
DB24
DB24
0000
0100
0100
0FE0
07C0
0380
0100
ENDCHAR
STARTCHAR F42E
ENCODING 62510
SWIDTH 660 0
DWIDTH 11 0
BBX 12 9 0 2
BITMAP
0010
0030
0060
00C0
0180
C300
6600
3C00
1800
ENDCHAR
STARTCHAR F42F
ENCODING 62511
SWIDTH 660 0
DWIDTH 11 0
BBX 17 12 0 0
BITMAP
FFFF00
C00180
E00380
F00F80
DC1D80
C77180
C3C180
C00180
C00180
C00180
C00180
FFFF00
ENDCHAR
STARTCHAR F430
ENCODING 62512
SWIDTH 660 0
DWIDTH 11 0
BBX 17 14 0 -1
BITMAP
01C000
077000
1C3800
380E00
E00300
E00780
F80F80
CFF980
C7E180
CE3180
D81D80
F00F80
FFFF80
7FFF00
ENDCHAR
STARTCHAR F431
ENCODING 62513
SWIDTH 660 0
DWIDTH 11 0
BBX 11 11 3 1
BITMAP
0400
0E00
1F00
3580
64C0
C460
0400
0400
0400
0400
0400
ENDCHAR
STARTCHAR F432
ENCODING 62514
SWIDTH 660 0
DWIDTH 11 0
BBX 11 10 3 2
BITMAP
0600
0300
0180
00C0
FFE0
0060
00C0
0180
0300
0600
ENDCHAR
STARTCHAR F433
ENCODING 62515
SWIDTH 660 0
DWIDTH 11 0
BBX 11 11 3 0
BITMAP
0400
0400
0400
0400
0400
C460
64C0
3580
1F00
0E00
0400
ENDCHAR
STARTCHAR F434
ENCODING 62516
SWIDTH 660 0
DWIDTH 11 0
BBX 12 11 2 1
BITMAP
0400
0C00
1800
3000
6000
FFF0
6000
3000
1800
0C00
0400
ENDCHAR
STARTCHAR F435
ENCODING 62517
SWIDTH 660 0
DWIDTH 11 0
BBX 15 16 0 -2
BITMAP
0600
0E00
1B00
3180
61C0
C07C
C00C
700C
1818
0C30
0C60
0CF0
0598
070C
0006
0002
ENDCHAR
STARTCHAR F436
ENCODING 62518
SWIDTH 660 0
DWIDTH 11 0
BBX 17 16 0 -2
BITMAP
1E7C00
336400
31C600
318400
FFFF00
C08180
C08180
C08180
FFFF00
7FFF00
608300
608300
608300
608300
608300
7FFE00
ENDCHAR
STARTCHAR F437
ENCODING 62519
SWIDTH 660 0
DWIDTH 11 0
BBX 17 14 0 -1
BITMAP
C00000
C00000
C00180
C00300
C10600
C38C00
C6D800
CC7000
D82000
C00000
C00000
C00000
C00000
FFFF80
ENDCHAR
STARTCHAR F438
ENCODING 62520
SWIDTH 660 0
DWIDTH 11 0
BBX 3 6 7 3
BITMAP
20
60
E0
E0
60
20
ENDCHAR
STARTCHAR F439
ENCODING 62521
SWIDTH 660 0
DWIDTH 11 0
BBX 17 12 0 0
BITMAP
FFFF00
C00180
C00180
FFFF80
C00180
C00180
C00180
C03980
C01980
C00180
C00180
FFFF00
ENDCHAR
STARTCHAR F43A
ENCODING 62522
SWIDTH 660 0
DWIDTH 11 0
BBX 17 16 0 -2
BITMAP
07F000
1C3C00
300E00
600600
618300
C18100
C18180
C18180
C1E180
C06180
C00100
600300
600600
300E00
1E3800
07F000
ENDCHAR
STARTCHAR F43B
ENCODING 62523
SWIDTH 660 0
DWIDTH 11 0
BBX 17 14 0 -1
BITMAP
0FF800
1FFC00
300C00
600600
600300
C00180
600300
300600
180C00
0C1800
063000
036000
01C000
008000
ENDCHAR
STARTCHAR F43C
ENCODING 62524
SWIDTH 660 0
DWIDTH 11 0
BBX 17 14 0 -1
BITMAP
300600
600200
4C1300
C81900
D9C980
D9CD80
D9C980
D88900
CC9900
608300
608600
208400
008000
008000
ENDCHAR
STARTCHAR F43D
ENCODING 62525
SWIDTH 660 0
DWIDTH 11 0
BBX 17 16 0 -2
BITMAP
00FC00
018600
030300
020100
063180
061180
060180
060300
0C0300
187E00
30F800
638000
C20000
CE0000
C80000
F80000
ENDCHAR
STARTCHAR F43E
ENCODING 62526
SWIDTH 660 0
DWIDTH 11 0
BBX 9 8 4 2
BITMAP
C100
6180
3180
1980
0D80
0780
0380
7F80
ENDCHAR
STARTCHAR F43F
ENCODING 62527
SWIDTH 660 0
DWIDTH 11 0
BBX 17 16 0 -2
BITMAP
FF7F80
C06080
D06080
C06080
D06080
C07F80
D05080
C03F00
D01000
C00000
FFF000
801000
9C1000
FFF000
1C0000
140000
ENDCHAR
STARTCHAR F440
ENCODING 62528
SWIDTH 660 0
DWIDTH 11 0
BBX 10 14 0 -1
BITMAP
0400
0400
0400
0400
FFC0
7FC0
0400
0400
0400
0400
0000
0000
7FC0
FFC0
ENDCHAR
STARTCHAR F441
ENCODING 62529
SWIDTH 660 0
DWIDTH 11 0
BBX 16 12 0 0
BITMAP
07E0
1E38
380C
7006
61C3
C3C3
C3C3
6183
3006
381C
0E78
07E0
ENDCHAR
STARTCHAR F442
ENCODING 62530
SWIDTH 660 0
DWIDTH 11 0
BBX 17 14 0 -1
BITMAP
FFF000
C01000
C01300
C01180
C01180
C01180
C01180
E1F180
73F180
360180
3C6700
383600
001E00
000C00
ENDCHAR
STARTCHAR F443
ENCODING 62531
SWIDTH 660 0
DWIDTH 11 0
BBX 13 14 2 -1
BITMAP
00C0
0060
0030
FFF8
0030
0060
00C0
1800
3000
6000
FFF8
6000
3000
1800
ENDCHAR
STARTCHAR F444
ENCODING 62532
SWIDTH 660 0
DWIDTH 11 0
BBX 8 8 4 2
BITMAP
3E
7F
FF
FF
FF
FF
7F
3E
ENDCHAR
STARTCHAR F445
ENCODING 62533
SWIDTH 660 0
DWIDTH 11 0
BBX 8 8 4 2
BITMAP
7F
FF
FF
FF
FF
FF
FF
7F
ENDCHAR
STARTCHAR F446
ENCODING 62534
SWIDTH 660 0
DWIDTH 11 0
BBX 17 12 0 0
BITMAP
7E0000
FFFF80
C3FF80
FF8780
FF7B80
FE7B80
FEFD80
FE7B80
FF7B80
FF8780
FFFF80
FFFF80
ENDCHAR
STARTCHAR F447
ENCODING 62535
SWIDTH 660 0
DWIDTH 11 0
BBX 17 10 0 1
BITMAP
FFE380
C02780
C03D80
C03180
C02180
C02180
C03980
C03D80
C02780
FFE180
ENDCHAR
STARTCHAR F448
ENCODING 62536
SWIDTH 660 0
DWIDTH 11 0
BBX 15 14 0 -1
BITMAP
0038
006C
00C6
01EC
033C
0638
0C70
18E0
31C0
6380
4700
4E00
FC00
F000
ENDCHAR
STARTCHAR F449
ENCODING 62537
SWIDTH 660 0
DWIDTH 11 0
BBX 17 16 0 -2
BITMAP
07F000
1C3C00
300E00
600600
618300
C08100
C00180
C18180
C08180
C08180
C08100
61C300
600600
300E00
1E3800
07F000
ENDCHAR
STARTCHAR F44A
ENCODING 62538
SWIDTH 660 0
DWIDTH 11 0
BBX 4 8 6 2
BITMAP
80
C0
E0
F0
F0
E0
C0
80
ENDCHAR
STARTCHAR F44B
ENCODING 62539
SWIDTH 660 0
DWIDTH 11 0
BBX 7 4 5 3
BITMAP
FE
7C
38
10
ENDCHAR
STARTCHAR F44C
ENCODING 62540
SWIDTH 660 0
DWIDTH 11 0
BBX 15 14 0 -1
BITMAP
0078
00CC
0186
0006
0604
0F8C
1898
3230
63E0
C080
C000
C300
6E00
7C00
ENDCHAR
STARTCHAR F44D
ENCODING 62541
SWIDTH 660 0
DWIDTH 11 0
BBX 12 12 0 0
BITMAP
0600
0600
0600
0600
0600
FFF0
FFF0
0600
0600
0600
0600
0600
ENDCHAR
STARTCHAR F44E
ENCODING 62542
SWIDTH 660 0
DWIDTH 11 0
BBX 15 12 0 0
BITMAP
FFFE
7FFC
0000
0000
0000
FFFC
FFFC
0000
0000
0000
FFFC
FFFE
ENDCHAR
STARTCHAR F44F
ENCODING 62543
SWIDTH 660 0
DWIDTH 11 0
BBX 16 10 0 1
BITMAP
0C30
1818
300C
6006
C003
C003
6006
300C
1818
0C30
ENDCHAR
STARTCHAR F450
ENCODING 62544
SWIDTH 660 0
DWIDTH 11 0
BBX 14 16 0 -2
BITMAP
0F80
1FE0
3030
6018
C018
C708
C78C
C788
C708
4018
6030
3070
18E0
0DC0
0780
0300
ENDCHAR
STARTCHAR F451
ENCODING 62545
SWIDTH 660 0
DWIDTH 11 0
BBX 15 12 0 0
BITMAP
CFFC
CFFC
0000
0000
0000
C7FC
CFFE
0000
0000
0000
C000
CFFE
ENDCHAR
STARTCHAR F452
ENCODING 62546
SWIDTH 660 0
DWIDTH 11 0
BBX 16 12 0 0
BITMAP
C7FE
47FE
4000
4000
E000
03FE
07FF
E000
A000
6000
C000
E7FF
ENDCHAR
STARTCHAR F453
ENCODING 62547
SWIDTH 660 0
DWIDTH 11 0
BBX 15 12 0 0
BITMAP
FFF8
0000
0000
0000
8000
CFFE
C000
C000
C000
C000
CFFC
CFFC
ENDCHAR
STARTCHAR F454
ENCODING 62548
SWIDTH 660 0
DWIDTH 11 0
BBX 17 12 0 0
BITMAP
01FF00
1B0180
DB0180
DB0180
DB0180
DB0180
DB0180
DB0180
DB0180
DB0180
0B0180
01FF00
ENDCHAR
STARTCHAR F455
ENCODING 62549
SWIDTH 660 0
DWIDTH 11 0
BBX 15 16 0 -2
BITMAP
1820
1820
FFFC
C006
C006
C006
FFFE
C006
C006
C006
C006
C006
C006
C006
C006
FFFC
ENDCHAR
STARTCHAR F456
ENCODING 62550
SWIDTH 660 0
DWIDTH 11 0
BBX 12 16 0 -2
BITMAP
0700
1F80
30C0
3040
3040
3040
7FE0
FFF0
C010
C010
C010
C010
C010
C010
FFF0
7FF0
ENDCHAR
STARTCHAR F457
ENCODING 62551
SWIDTH 660 0
DWIDTH 11 0
BBX 15 14 0 -1
BITMAP
FFFC
C006
C006
C106
C106
C106
DFE6
DFE6
C106
C106
C106
C006
C006
FFFC
ENDCHAR
STARTCHAR F458
ENCODING 62552
SWIDTH 660 0
DWIDTH 11 0
BBX 15 14 0 -1
BITMAP
FFFC
C006
C006
C006
C006
C006
DFE6
DFE6
C006
C006
C006
C006
C006
FFFC
ENDCHAR
STARTCHAR F459
ENCODING 62553
SWIDTH 660 0
DWIDTH 11 0
BBX 15 14 0 -1
BITMAP
FFFC
C006
C006
C006
C006
C386
C786
C786
C386
C006
C006
C006
C006
FFFC
ENDCHAR
STARTCHAR F45A
ENCODING 62554
SWIDTH 660 0
DWIDTH 11 0
BBX 15 14 0 -1
BITMAP
FFFC
C006
C006
C106
C186
C0C6
DFE6
DFE6
C0C6
C186
C106
C006
C006
FFFC
ENDCHAR
STARTCHAR F45B
ENCODING 62555
SWIDTH 660 0
DWIDTH 11 0
BBX 17 2 0 5
BITMAP
FFFF80
FFFF00
ENDCHAR
STARTCHAR F45C
ENCODING 62556
SWIDTH 660 0
DWIDTH 11 0
BBX 8 8 4 2
BITMAP
FF
E0
F0
D8
CC
C6
C3
01
ENDCHAR
STARTCHAR F45D
ENCODING 62557
SWIDTH 660 0
DWIDTH 11 0
BBX 16 16 0 -2
BITMAP
0300
0300
0300
FFF8
C00C
C006
C003
C006
FFFC
7FF8
0300
0300
0300
0300
0300
0300
ENDCHAR
STARTCHAR F45E
ENCODING 62558
SWIDTH 660 0
DWIDTH 11 0
BBX 16 16 0 -2
BITMAP
FFF0
C018
C018
C018
DF98
C018
C018
DE18
C018
C018
C003
C006
C00C
C198
FCF0
0060
ENDCHAR
STARTCHAR F45F
ENCODING 62559
SWIDTH 660 0
DWIDTH 11 0
BBX 17 16 0 -2
BITMAP
000380
003F80
3FF980
630180
C30180
C30180
C30180
C30180
7F8180
3FFD80
130F80
130180
130000
190000
190000
0F0000
ENDCHAR
STARTCHAR F460
ENCODING 62560
SWIDTH 660 0
DWIDTH 11 0
BBX 6 10 6 1
BITMAP
C0
60
30
18
0C
0C
18
30
60
C0
ENDCHAR
STARTCHAR F461
ENCODING 62561
SWIDTH 660 0
DWIDTH 11 0
BBX 11 14 3 -1
BITMAP
FFC0
C060
C060
C060
C060
C060
C060
C060
C060
C460
DE60
FBE0
E1E0
C060
ENDCHAR
STARTCHAR F462
ENCODING 62562
SWIDTH 660 0
DWIDTH 11 0
BBX 15 16 0 -2
BITMAP
0200
0200
FE7E
0200
0200
0060
0060
FF7C
FF7C
0060
0020
0800
0800
F9FE
0800
0800
ENDCHAR
STARTCHAR F463
ENCODING 62563
SWIDTH 660 0
DWIDTH 11 0
BBX 17 16 0 -2
BITMAP
07F000
1C3200
300600
600C00
601900
C1B100
C3E180
C26180
C26180
C3C180
C08100
600300
600600
300E00
1E3800
07F000
ENDCHAR
STARTCHAR F464
ENCODING 62564
SWIDTH 660 0
DWIDTH 11 0
BBX 17 16 0 -2
BITMAP
07F000
1C3C00
B00E00
E00600
E18300
F18100
018180
018180
C1E180
C06180
C00100
600300
600600
300E00
1E3800
07F000
ENDCHAR
STARTCHAR F465
ENCODING 62565
SWIDTH 660 0
DWIDTH 11 0
BBX 14 14 0 -1
BITMAP
007C
7C3C
FC3C
C06C
C0C4
C180
C300
C010
C010
C010
C010
C010
FFF0
7FF0
ENDCHAR
STARTCHAR F466
ENCODING 62566
SWIDTH 660 0
DWIDTH 11 0
BBX 17 12 0 0
BITMAP
030000
070000
0D0000
F93180
C11B00
C10E00
C10E00
C11B00
793180
0D0000
070000
030000
ENDCHAR
STARTCHAR F467
ENCODING 62567
SWIDTH 660 0
DWIDTH 11 0
BBX 9 10 4 1
BITMAP
8080
C180
6300
3600
1C00
1C00
3600
6300
C180
8080
ENDCHAR
STARTCHAR F468
ENCODING 62568
SWIDTH 660 0
DWIDTH 11 0
BBX 17 16 0 -2
BITMAP
07F000
1C3C00
300E00
600E00
601B00
C03100
C06180
C0C180
C18180
C30180
C60100
6C0300
780600
300E00
1E3800
07F000
ENDCHAR
STARTCHAR F469
ENCODING 62569
SWIDTH 660 0
DWIDTH 11 0
BBX 17 12 0 0
BITMAP
060000
060000
070000
0F0000
0D8000
F98F80
F89F00
00D800
005000
007000
007000
002000
ENDCHAR
STARTCHAR F46A
ENCODING 62570
SWIDTH 660 0
DWIDTH 11 0
BBX 15 14 0 -1
BITMAP
0FE0
BC70
F018
E00C
F004
0004
0004
C000
C000
C03E
601E
301E
1C76
0FE0
ENDCHAR
STARTCHAR F46B
ENCODING 62571
SWIDTH 660 0
DWIDTH 11 0
BBX 16 16 0 -2
BITMAP
001E
003E
00E3
01E3
0333
0E1F
183C
78F0
CBC0
CF00
FCC0
63C0
03E0
06B0
0C98
0090
ENDCHAR
STARTCHAR F46C
ENCODING 62572
SWIDTH 660 0
DWIDTH 11 0
BBX 9 8 4 2
BITMAP
7F80
0380
0780
0D80
1980
3180
6180
C100
ENDCHAR
STARTCHAR F46D
ENCODING 62573
SWIDTH 660 0
DWIDTH 11 0
BBX 15 16 0 -2
BITMAP
0300
0780
0CE0
1870
7018
E00C
C006
C006
C7C6
C4C6
C4C6
C4C6
C4C6
C4C6
FCFC
7C78
ENDCHAR
STARTCHAR F46E
ENCODING 62574
SWIDTH 660 0
DWIDTH 11 0
BBX 17 16 0 -2
BITMAP
0FF800
181C00
300E00
600700
C08380
C08180
C08180
C08180
C08180
C00180
C18180
C18380
600700
300E00
181C00
0FF800
ENDCHAR
STARTCHAR F46F
ENCODING 62575
SWIDTH 660 0
DWIDTH 11 0
BBX 17 16 0 -2
BITMAP
063000
07E000
066000
043000
043000
6FFB00
780E00
180C00
180C00
F80F80
780F00
180C00
180C00
7C1F00
4E3100
03E000
ENDCHAR
STARTCHAR F470
ENCODING 62576
SWIDTH 660 0
DWIDTH 11 0
BBX 17 5 0 9
BITMAP
600000
854200
AFDB00
AD5A80
6B5B00
ENDCHAR
STARTCHAR F471
ENCODING 62577
SWIDTH 660 0
DWIDTH 11 0
BBX 17 16 0 -2
BITMAP
07F800
0FFC00
0C3600
0C3300
0C3180
001F80
718180
FB8180
C88180
C88180
C88180
FBE180
71E180
000180
07FF80
07FF00
ENDCHAR
STARTCHAR F472
ENCODING 62578
SWIDTH 660 0
DWIDTH 11 0
BBX 15 16 0 -2
BITMAP
3FF0
703C
C004
C006
E00E
FFFE
CFE6
C006
C006
F01E
FFFE
C386
C006
C00C
783C
1FF0
ENDCHAR
STARTCHAR F473
ENCODING 62579
SWIDTH 660 0
DWIDTH 11 0
BBX 17 14 0 -1
BITMAP
FFFF00
C00180
C00180
D9F980
C8F980
C00180
FFFF80
FFFF80
C00180
D8F980
D9F980
C00180
FFFF80
7FFF00
ENDCHAR
STARTCHAR F474
ENCODING 62580
SWIDTH 660 0
DWIDTH 11 0
BBX 15 14 0 -1
BITMAP
FFFC
C006
C006
C026
C066
C0C6
C186
C306
C606
CC06
C806
C006
C006
FFFC
ENDCHAR
STARTCHAR F475
ENCODING 62581
SWIDTH 660 0
DWIDTH 11 0
BBX 17 8 0 2
BITMAP
FFFF00
FFFF80
FFFF80
E67780
E67780
FFFF80
FFFF80
FFFF00
ENDCHAR
STARTCHAR F476
ENCODING 62582
SWIDTH 660 0
DWIDTH 11 0
BBX 15 16 1 -2
BITMAP
0FC0
1FE0
1FF0
3FF0
3FF8
3FF8
3FF8
3FF8
3FF8
7FFC
7FFC
FFFE
FFFC
0000
0780
0380
ENDCHAR
STARTCHAR F477
ENCODING 62583
SWIDTH 660 0
DWIDTH 11 0
BBX 17 14 0 -1
BITMAP
07F000
1C3C00
300E00
600600
600300
CFF900
D26D80
D80D80
DC9D80
CFF980
C00180
C00180
C3E180
C00180
ENDCHAR
STARTCHAR F478
ENCODING 62584
SWIDTH 660 0
DWIDTH 11 0
BBX 17 16 0 -2
BITMAP
07E000
0E3000
C01800
700800
380C00
1C0C00
1F0C00
1B8C00
18C000
307000
601800
600E00
7FFF00
000180
03C000
01C000
ENDCHAR
STARTCHAR F479
ENCODING 62585
SWIDTH 660 0
DWIDTH 11 0
BBX 17 16 0 -2
BITMAP
0FF800
181C00
300E00
600700
C00380
C00180
C00180
CFF180
C00180
C00180
C00180
C00380
600700
300E00
181C00
0FF800
ENDCHAR
STARTCHAR F47A
ENCODING 62586
SWIDTH 660 0
DWIDTH 11 0
BBX 10 14 3 -1
BITMAP
7FC0
FFC0
FFC0
FFC0
FFC0
FFC0
FFC0
FFC0
FFC0
FFC0
7FC0
71C0
60C0
4040
ENDCHAR
STARTCHAR F47B
ENCODING 62587
SWIDTH 660 0
DWIDTH 11 0
BBX 10 6 3 3
BITMAP
0C00
1E00
3B00
7180
E0C0
C040
ENDCHAR
STARTCHAR F47C
ENCODING 62588
SWIDTH 660 0
DWIDTH 11 0
BBX 11 6 3 3
BITMAP
C060
60C0
3180
1B00
0E00
0400
ENDCHAR
STARTCHAR F47D
ENCODING 62589
SWIDTH 660 0
DWIDTH 11 0
BBX 5 10 5 1
BITMAP
08
18
30
60
C0
C0
60
30
18
08
ENDCHAR
STARTCHAR F47E
ENCODING 62590
SWIDTH 660 0
DWIDTH 11 0
BBX 7 4 5 4
BITMAP
10
38
7C
FE
ENDCHAR
STARTCHAR F47F
ENCODING 62591
SWIDTH 660 0
DWIDTH 11 0
BBX 15 15 0 -1
BITMAP
7080
D9F0
D9F8
7098
2018
2018
2018
2018
2018
2418
263C
3F36
1F36
061C
0400
ENDCHAR
STARTCHAR F480
ENCODING 62592
SWIDTH 660 0
DWIDTH 11 0
BBX 16 8 0 2
BITMAP
7800
8002
8002
8277
8A82
8A72
8A12
7973
ENDCHAR
STARTCHAR F481
ENCODING 62593
SWIDTH 660 0
DWIDTH 11 0
BBX 15 16 0 -2
BITMAP
1FE0
3FF0
30D8
30CC
30C6
207E
0006
0806
0C06
3F06
7E06
CC06
C806
C006
87FC
07FC
ENDCHAR
STARTCHAR F482
ENCODING 62594
SWIDTH 660 0
DWIDTH 11 0
BBX 17 14 0 -1
BITMAP
FE0000
C30000
C3FF00
C00180
000180
080180
0C0180
1E0180
7F0180
CC0180
C80180
C00180
C00180
07FF00
ENDCHAR
STARTCHAR F483
ENCODING 62595
SWIDTH 660 0
DWIDTH 11 0
BBX 16 16 0 -2
BITMAP
1038
107E
38C6
6C83
C793
C3B3
F19E
00C8
084C
F84C
780C
100C
100C
1818
7FF8
7FE0
ENDCHAR
STARTCHAR F484
ENCODING 62596
SWIDTH 660 0
DWIDTH 11 0
BBX 17 16 0 -2
BITMAP
07F000
1FFC00
336E00
662600
663300
C43100
C41180
FFFF80
FFFF80
C41180
C43100
663300
662600
336E00
1FF800
07F000
ENDCHAR
STARTCHAR F485
ENCODING 62597
SWIDTH 660 0
DWIDTH 11 0
BBX 17 12 0 0
BITMAP
030600
070600
0D1300
F91900
C10980
C10D80
C10D80
C10980
791900
0D1300
070600
030600
ENDCHAR
STARTCHAR F486
ENCODING 62598
SWIDTH 660 0
DWIDTH 11 0
BBX 17 16 0 -2
BITMAP
07F000
1C3C00
300E00
600600
63E300
C67100
CC3180
CC1180
CC1180
CC3980
C77B00
63EF00
600000
380000
1E3800
07F000
ENDCHAR
STARTCHAR F487
ENCODING 62599
SWIDTH 660 0
DWIDTH 11 0
BBX 15 16 0 -2
BITMAP
0380
0EE0
3878
E01C
E00E
F83E
DCE6
C7C6
C106
C106
C106
C106
711C
3970
0FE0
0380
ENDCHAR
STARTCHAR F488
ENCODING 62600
SWIDTH 660 0
DWIDTH 11 0
BBX 17 14 0 -1
BITMAP
FFFF00
C98180
C98180
FFFF80
FFFF80
C00180
C00180
C00180
C00180
C00180
C00180
C00180
C00180
FFFF00
ENDCHAR
STARTCHAR F489
ENCODING 62601
SWIDTH 660 0
DWIDTH 11 0
BBX 17 14 0 -1
BITMAP
FFFF00
C00180
C00180
C00180
C80180
CC0180
C60180
C60180
CC0180
C8F980
C00180
C00180
C00180
FFFF00
ENDCHAR
STARTCHAR F48A
ENCODING 62602
SWIDTH 660 0
DWIDTH 11 0
BBX 17 10 0 1
BITMAP
FFFF80
FFFF80
C66380
C46380
C06380
C84180
CA6380
CE7780
FFF780
FFFF80
ENDCHAR
STARTCHAR F48B
ENCODING 62603
SWIDTH 660 0
DWIDTH 11 0
BBX 12 1 2 6
BITMAP
FFF0
ENDCHAR
STARTCHAR F48C
ENCODING 62604
SWIDTH 660 0
DWIDTH 11 0
BBX 14 16 0 -2
BITMAP
0100
0100
0FC0
0780
0300
0000
0000
DB24
DB24
0000
0000
0300
0780
0FC0
0100
0100
ENDCHAR
STARTCHAR F48D
ENCODING 62605
SWIDTH 660 0
DWIDTH 11 0
BBX 17 14 0 -1
BITMAP
1FFC00
100C00
300400
200600
600200
600300
C00100
FC1F80
FE3F80
C7E180
C3E180
C00180
C00180
FFFF00
ENDCHAR
STARTCHAR F48E
ENCODING 62606
SWIDTH 660 0
DWIDTH 11 0
BBX 12 16 0 -2
BITMAP
0F80
1F80
1880
FFF0
FFF0
0000
4020
6020
6020
6020
6020
6060
2060
2060
3FE0
1FC0
ENDCHAR
STARTCHAR F48F
ENCODING 62607
SWIDTH 660 0
DWIDTH 11 0
BBX 16 16 0 -2
BITMAP
000F
001D
0031
0063
00C6
018C
039C
06D8
3C70
7EE0
4380
C300
C300
C300
DE00
FC00
ENDCHAR
STARTCHAR F490
ENCODING 62608
SWIDTH 660 0
DWIDTH 11 0
BBX 13 16 0 -2
BITMAP
0300
0780
0D80
0C80
0CC0
0C60
0430
6418
FC08
D808
C008
C008
4018
6030
38E0
0FC0
ENDCHAR
STARTCHAR F491
ENCODING 62609
SWIDTH 660 0
DWIDTH 11 0
BBX 17 16 0 -2
BITMAP
03E000
07E000
062000
7FFF00
FFFF80
C00180
C00180
C00180
FFFF80
FFFF80
C00180
C00180
C00180
C00180
FFFF80
7FFF00
ENDCHAR
STARTCHAR F492
ENCODING 62610
SWIDTH 660 0
DWIDTH 11 0
BBX 17 14 0 -1
BITMAP
003800
006C00
07CC00
0C0F80
0C0C00
7C0C00
FC0C00
CC0C00
CC0F00
CFCF00
C3CC00
C07800
C00000
800000
ENDCHAR
STARTCHAR F493
ENCODING 62611
SWIDTH 660 0
DWIDTH 11 0
BBX 14 14 1 -1
BITMAP
CFF0
67F0
33F0
39F0
3CF0
3F70
3F90
3FC0
3FE0
3FF0
3FFC
1C74
1830
1010
ENDCHAR
STARTCHAR F494
ENCODING 62612
SWIDTH 660 0
DWIDTH 11 0
BBX 17 14 0 -1
BITMAP
03C000
0F7800
3C1E00
E00780
F00F00
1C3C00
17FC00
11CC00
380C00
6C1800
6DF000
6DC000
6C0000
7C0000
ENDCHAR
STARTCHAR F495
ENCODING 62613
SWIDTH 660 0
DWIDTH 11 0
BBX 17 16 0 -2
BITMAP
008000
008000
03C000
3FFE00
7C9F00
308600
388E00
788A00
4C9B00
CC9100
FCBF80
788E00
008000
008000
0FF000
07F000
ENDCHAR
STARTCHAR F496
ENCODING 62614
SWIDTH 660 0
DWIDTH 11 0
BBX 17 16 0 -1
BITMAP
01E000
013000
013000
013000
033000
F63F00
DC0300
D80180
D80180
D80180
D80100
D80100
D80100
D80300
DF8300
F1FE00
ENDCHAR
STARTCHAR F497
ENCODING 62615
SWIDTH 660 0
DWIDTH 11 0
BBX 17 16 0 -2
BITMAP
3FCF00
60F980
400980
C00980
C00980
C00980
C00980
C00980
C00980
E03D80
7C7F00
044000
04C000
04C000
06C000
078000
ENDCHAR
STARTCHAR F498
ENCODING 62616
SWIDTH 660 0
DWIDTH 11 0
BBX 17 16 0 -2
BITMAP
008000
FC9F00
C08180
C08180
C08180
C7E180
C3C180
C18180
C00180
C00180
C00180
FFFF00
026000
062000
063000
0FF000
ENDCHAR
STARTCHAR F499
ENCODING 62617
SWIDTH 660 0
DWIDTH 11 0
BBX 15 14 0 -1
BITMAP
1FE0
0C40
0C40
0C40
0C40
0860
1830
3030
3FF8
7FFC
C00C
C006
C006
7FFC
ENDCHAR
STARTCHAR F49A
ENCODING 62618
SWIDTH 660 0
DWIDTH 11 0
BBX 15 16 1 -2
BITMAP
0FC0
1C60
1830
3010
3018
3018
3018
3018
3018
600C
C00C
C006
FFFC
0000
0780
0380
ENDCHAR
STARTCHAR F49B
ENCODING 62619
SWIDTH 660 0
DWIDTH 11 0
BBX 16 16 0 -2
BITMAP
3FF0
703C
C004
C006
E00C
FFF8
CFE0
C004
C00C
F00C
FE18
C23F
C03E
C00C
7808
1F88
ENDCHAR
STARTCHAR F49C
ENCODING 62620
SWIDTH 660 0
DWIDTH 11 0
BBX 15 16 0 -2
BITMAP
07C0
3EF8
F01C
C006
C106
C106
C106
C106
C106
C004
430C
610C
3018
1870
0FE0
0380
ENDCHAR
STARTCHAR F49D
ENCODING 62621
SWIDTH 660 0
DWIDTH 11 0
BBX 11 12 0 0
BITMAP
FF00
FF80
C180
C180
C180
FF80
FFC0
C0C0
C0E0
C0C0
FFC0
FF80
ENDCHAR
STARTCHAR F49E
ENCODING 62622
SWIDTH 660 0
DWIDTH 11 0
BBX 17 16 0 -2
BITMAP
07F000
1C3C00
300E00
600600
600300
C01100
C03180
C06180
CCC180
C78180
C30100
600300
600600
300E00
1E3800
07F000
ENDCHAR
STARTCHAR F49F
ENCODING 62623
SWIDTH 660 0
DWIDTH 11 0
BBX 12 12 0 0
BITMAP
0FF0
0180
0180
0300
0300
0200
0600
0400
0C00
0C00
1800
FF00
ENDCHAR
STARTCHAR F4A0
ENCODING 62624
SWIDTH 660 0
DWIDTH 11 0
BBX 16 13 0 0
BITMAP
7C00
FCFF
C47E
C400
C400
FC00
FCFE
007E
0000
0400
4C00
F87E
70FF
ENDCHAR
STARTCHAR F4A1
ENCODING 62625
SWIDTH 660 0
DWIDTH 11 0
BBX 17 16 0 -2
BITMAP
03C000
1F7800
3C1E00
200600
200200
601300
C03300
C46180
C6C180
C38300
610200
200200
200600
3C3E00
0F7800
03C000
ENDCHAR
STARTCHAR F4A2
ENCODING 62626
SWIDTH 660 0
DWIDTH 11 0
BBX 17 16 0 -2
BITMAP
07F000
1C3C00
300E00
600600
600300
C00100
CC1180
CC1180
C00180
C00180
C76100
63C300
600600
300E00
1E3800
07F000
ENDCHAR
STARTCHAR F4A3
ENCODING 62627
SWIDTH 660 0
DWIDTH 11 0
BBX 17 16 0 -2
BITMAP
03C000
1F7800
3C1E00
200600
23C200
636300
C06300
C0C180
C08180
C00300
618200
218200
200600
3C3E00
0F7800
03C000
ENDCHAR
STARTCHAR F4A4
ENCODING 62628
SWIDTH 660 0
DWIDTH 11 0
BBX 17 16 0 -2
BITMAP
07F000
1FFC00
3FFE00
7FFE00
7FFF00
FFEF00
FFCF80
FF9F80
F33F80
F87F80
FCFF00
7FFF00
7FFE00
3FFE00
1FF800
07F000
ENDCHAR
STARTCHAR F4A5
ENCODING 62629
SWIDTH 660 0
DWIDTH 11 0
BBX 14 16 0 -2
BITMAP
FFC0
C1E0
C1B0
C198
C1FC
C0FC
C00C
C00C
C00C
C00C
C00C
C00C
C00C
C00C
C00C
FFF8
ENDCHAR
STARTCHAR F4A6
ENCODING 62630
SWIDTH 660 0
DWIDTH 11 0
BBX 6 10 2 1
BITMAP
CC
C4
00
00
CC
CC
00
00
C4
CC
ENDCHAR
STARTCHAR F4A7
ENCODING 62631
SWIDTH 660 0
DWIDTH 11 0
BBX 15 14 0 -1
BITMAP
FFFC
C006
C006
C006
C026
C066
C0C6
D986
CF06
C606
C006
C006
C006
FFFC
ENDCHAR
STARTCHAR F4A8
ENCODING 62632
SWIDTH 660 0
DWIDTH 11 0
BBX 14 12 0 0
BITMAP
0C00
1800
3000
6000
FFF0
FFF8
700C
380C
1C04
0C04
0004
0004
ENDCHAR
STARTCHAR F4A9
ENCODING 62633
SWIDTH 660 0
DWIDTH 11 0
BBX 17 16 0 -2
BITMAP
7FFF00
FFFF80
C00180
C00180
C00180
C00180
C00180
C00180
C00180
C00180
FFFF80
7FFE00
022000
063000
0FF000
0FF000
ENDCHAR
STARTCHAR F4AA
ENCODING 62634
SWIDTH 660 0
DWIDTH 11 0
BBX 17 16 0 -2
BITMAP
07F000
1C3C00
300E00
600600
600300
C00100
C00180
C00180
C00180
C00180
C00100
600300
600600
300E00
1E3800
07F000
ENDCHAR
STARTCHAR F4AB
ENCODING 62635
SWIDTH 660 0
DWIDTH 11 0
BBX 17 16 0 -2
BITMAP
07F000
1FFC00
3FFE00
7FFE00
7E7F00
FE7F00
FE7F80
FE7F80
FE1F80
FF9F80
FFFF00
7FFF00
7FFE00
3FFE00
1FF800
07F000
ENDCHAR
STARTCHAR F4AC
ENCODING 62636
SWIDTH 660 0
DWIDTH 11 0
BBX 17 12 0 0
BITMAP
07C000
1C7000
183000
301C00
300700
300300
600180
C00180
C00180
C00300
600700
7FFC00
ENDCHAR
STARTCHAR F4AD
ENCODING 62637
SWIDTH 660 0
DWIDTH 11 0
BBX 17 15 0 -2
BITMAP
400000
67C000
36E000
183000
3C1C00
360E00
330300
618180
C0C180
C06180
C03100
C01B00
7FFC00
000600
000300
ENDCHAR
STARTCHAR F4AE
ENCODING 62638
SWIDTH 660 0
DWIDTH 11 0
BBX 17 15 0 -2
BITMAP
0C1800
3F7E00
61C300
C38100
C30180
C67180
CCFD80
C78700
633300
303E00
309C00
1CD800
0E7000
076000
01C000
ENDCHAR
STARTCHAR F4AF
ENCODING 62639
SWIDTH 660 0
DWIDTH 11 0
BBX 17 16 0 -2
BITMAP
7FFF00
FFFF80
C00180
C00180
C66180
CC3180
CC1980
CE3180
C66180
C00180
C00180
F9FF80
7BFF00
1F0000
1E0000
080000
ENDCHAR
STARTCHAR F4B0
ENCODING 62640
SWIDTH 660 0
DWIDTH 11 0
BBX 17 16 0 -2
BITMAP
FFFF00
C00180
C00180
C00180
C00180
C26180
C63180
CC1980
CC1980
C63180
C22180
C00180
C00180
C00180
C00180
FFFF00
ENDCHAR
STARTCHAR F4B1
ENCODING 62641
SWIDTH 660 0
DWIDTH 11 0
BBX 17 16 0 -2
BITMAP
0FE000
1C3800
300C00
600600
400600
C66200
CC7300
D83300
CC6300
C64200
400600
600400
301C00
1C7E00
07E300
000180
ENDCHAR
STARTCHAR F4B2
ENCODING 62642
SWIDTH 660 0
DWIDTH 11 0
BBX 17 16 0 -2
BITMAP
0FE000
1C3800
300C00
600600
400600
C06200
C0C300
CD8300
C70300
C20200
400600
600400
301C00
1C7E00
07E300
000180
ENDCHAR
STARTCHAR F4B3
ENCODING 62643
SWIDTH 660 0
DWIDTH 11 0
BBX 17 16 0 -2
BITMAP
3FFC00
300600
300600
300600
300600
300600
300600
3FFC00
000000
000000
FFFF00
C00180
D9F980
D8F980
C00180
FFFF00
ENDCHAR
STARTCHAR F4B4
ENCODING 62644
SWIDTH 660 0
DWIDTH 11 0
BBX 15 16 0 -2
BITMAP
FC7C
C4C6
C4C6
C4C6
C4C6
C4C6
C4C6
C4C6
C4C6
C4C6
C4C6
C4C6
C4C6
C4C6
C4C6
FC7C
ENDCHAR
STARTCHAR F4B5
ENCODING 62645
SWIDTH 660 0
DWIDTH 11 0
BBX 14 12 0 0
BITMAP
C000
6000
3000
1800
0C00
0600
0600
0C00
1800
3000
61FC
C000
ENDCHAR
STARTCHAR F4B6
ENCODING 62646
SWIDTH 660 0
DWIDTH 11 0
BBX 16 8 0 2
BITMAP
03E0
0430
0C10
F81F
0810
0C10
0630
03C0
ENDCHAR
STARTCHAR F4B7
ENCODING 62647
SWIDTH 660 0
DWIDTH 11 0
BBX 17 16 0 -2
BITMAP
00F000
03BC00
070E00
1C0300
700780
E01F80
F03D80
FCED80
CFED80
C36D80
C36F00
C36E00
E37C00
3B7000
1FC000
070000
ENDCHAR
STARTCHAR F4B8
ENCODING 62648
SWIDTH 660 0
DWIDTH 11 0
BBX 17 14 0 -1
BITMAP
1FFC00
31C600
218600
218200
21C600
3F7E00
7E3F00
E00300
E26380
E26380
E26380
700700
3C3C00
0FF000
ENDCHAR
STARTCHAR F4B9
ENCODING 62649
SWIDTH 660 0
DWIDTH 11 0
BBX 17 14 0 -1
BITMAP
1FFC00
01C600
C18600
718200
38C600
3C7E00
7F3F00
E18300
E0E380
E07180
E01880
700E00
3C3F00
0FF180
ENDCHAR
STARTCHAR F4BA
ENCODING 62650
SWIDTH 660 0
DWIDTH 11 0
BBX 16 16 0 -2
BITMAP
0E78
3FFC
3186
2186
2182
2180
3E38
6CFE
E0EF
E1EF
E1EF
E1FF
71EF
1CE7
067E
0018
ENDCHAR
STARTCHAR F4BB
ENCODING 62651
SWIDTH 660 0
DWIDTH 11 0
BBX 17 16 0 -2
BITMAP
07FF00
060180
060180
060180
060180
F60180
C60180
C60180
C60180
C60180
C3FF00
C00000
C02000
C02000
C02000
FFE000
ENDCHAR
STARTCHAR F4BC
ENCODING 62652
SWIDTH 660 0
DWIDTH 11 0
BBX 17 16 0 -2
BITMAP
062000
062000
3FFC00
300600
300600
F7E780
362600
362600
362600
362600
F7E780
300600
300600
3FFC00
062000
062000
ENDCHAR
STARTCHAR F4BD
ENCODING 62653
SWIDTH 660 0
DWIDTH 11 0
BBX 16 16 0 -2
BITMAP
001F
7F0F
FF0F
C01B
C031
C060
C0C0
C004
C006
C006
C006
F9FC
7BF8
1F00
1E00
0800
ENDCHAR
STARTCHAR F4BE
ENCODING 62654
SWIDTH 660 0
DWIDTH 11 0
BBX 17 16 0 -2
BITMAP
038000
038000
008000
008000
3FFC00
3FFE00
200200
200200
262200
E62380
262200
200200
200200
200600
3FFE00
0FF800
ENDCHAR
STARTCHAR F4BF
ENCODING 62655
SWIDTH 660 0
DWIDTH 11 0
BBX 17 16 0 -2
BITMAP
01C000
036000
063000
0C1800
180C00
300600
600300
C00180
C00180
600300
300600
180C00
0C1800
063000
036000
01C000
ENDCHAR
STARTCHAR F4C0
ENCODING 62656
SWIDTH 660 0
DWIDTH 11 0
BBX 17 14 0 -1
BITMAP
FFF000
C01000
C09300
C19180
DB1180
CE1180
C41180
E1F180
73F180
360180
3C6700
383600
001E00
000C00
ENDCHAR
STARTCHAR F4C1
ENCODING 62657
SWIDTH 660 0
DWIDTH 11 0
BBX 17 14 0 -1
BITMAP
FFF000
C01000
C11300
C31180
C61180
CC1180
C81180
E1F180
73F180
360180
3C6700
383600
001E00
000C00
ENDCHAR
STARTCHAR F4C2
ENCODING 62658
SWIDTH 660 0
DWIDTH 11 0
BBX 17 14 0 -1
BITMAP
FFF000
C01000
C61300
C61180
C61180
C39180
C01180
E1F180
73F180
360180
3C6700
383600
001E00
000C00
ENDCHAR
STARTCHAR F4C3
ENCODING 62659
SWIDTH 660 0
DWIDTH 11 0
BBX 8 8 4 2
BITMAP
3E
67
C3
C1
C1
C3
77
3E
ENDCHAR
STARTCHAR F4C4
ENCODING 62660
SWIDTH 660 0
DWIDTH 11 0
BBX 17 16 0 -2
BITMAP
07FF00
060180
060180
063180
063180
F6FD80
C63180
C63180
C60180
C60180
C3FF00
C00000
C02000
C02000
C02000
FFE000
ENDCHAR
STARTCHAR F4C5
ENCODING 62661
SWIDTH 660 0
DWIDTH 11 0
BBX 17 12 0 0
BITMAP
C3F000
723800
380C00
3C0600
670300
C38100
C3C100
61F100
301800
180E00
0E7F00
07E180
ENDCHAR
STARTCHAR F4C6
ENCODING 62662
SWIDTH 660 0
DWIDTH 11 0
BBX 17 16 0 -2
BITMAP
07F000
1FFC00
3FFE00
7FFE00
700F00
F00F00
F00F80
F00F80
F00F80
F00F80
F00F00
7C7F00
7CFE00
3FFE00
1FF800
07F000
ENDCHAR
STARTCHAR F4C7
ENCODING 62663
SWIDTH 660 0
DWIDTH 11 0
BBX 17 16 0 -2
BITMAP
07F000
1FFC00
3FFE00
79CE00
718700
F18700
F9CF80
FBDF80
FC1F80
FF7F80
FE3F00
7E3F00
7E3E00
3F7E00
1FF800
07F000
ENDCHAR
STARTCHAR F4C8
ENCODING 62664
SWIDTH 660 0
DWIDTH 11 0
BBX 17 16 0 -2
BITMAP
07F000
1FFC00
3FFE00
7FFE00
79CF00
F00700
F00780
F00780
F00780
F80F80
FC1F00
7E3F00
7FFE00
3FFE00
1FF800
07F000
ENDCHAR
STARTCHAR F4C9
ENCODING 62665
SWIDTH 660 0
DWIDTH 11 0
BBX 17 16 0 -2
BITMAP
07F000
1FFC00
3FFE00
78FE00
787F00
F8FF00
FDFF80
FCC780
FD0380
FDC780
F8FF00
787F00
78FE00
3FFE00
1FF800
07F000
ENDCHAR
STARTCHAR F4CA
ENCODING 62666
SWIDTH 660 0
DWIDTH 11 0
BBX 17 16 0 -2
BITMAP
07F000
1FFC00
3FFE00
7C3E00
7C1F00
FC1F00
FC1F80
FE3F80
FC1F80
F80F80
F00F00
700F00
7FFE00
3FFE00
1FF800
07F000
ENDCHAR
STARTCHAR F4CB
ENCODING 62667
SWIDTH 660 0
DWIDTH 11 0
BBX 17 16 0 -2
BITMAP
07F000
1FFC00
3FFE00
7FFE00
700F00
F00F00
F00F80
F00F80
F00F80
F00F80
F7EF00
744F00
7C7E00
3D7E00
1FF800
07F000
ENDCHAR
STARTCHAR F4CC
ENCODING 62668
SWIDTH 660 0
DWIDTH 11 0
BBX 17 16 0 -2
BITMAP
07F000
1FFC00
3FFE00
7FFE00
7F8F00
FF0F00
F80F80
F00F80
F81F80
FE3F80
FB3F00
737F00
7FFE00
3FFE00
1FF800
07F000
ENDCHAR
STARTCHAR F4CD
ENCODING 62669
SWIDTH 660 0
DWIDTH 11 0
BBX 17 16 0 -2
BITMAP
07F000
1FFC00
3FFE00
7F7E00
7E3F00
FE3F00
E00780
F00F80
F81F80
F81F80
F81F00
79CF00
7FFE00
3FFE00
1FF800
07F000
ENDCHAR
STARTCHAR F4CE
ENCODING 62670
SWIDTH 660 0
DWIDTH 11 0
BBX 17 16 0 -2
BITMAP
07F000
1FFC00
3FFE00
7FFE00
703F00
F01F00
F30F80
F00780
F00380
F80780
FC0F00
7E1F00
7F3E00
3FFE00
1FF800
07F000
ENDCHAR
STARTCHAR F4CF
ENCODING 62671
SWIDTH 660 0
DWIDTH 11 0
BBX 17 16 0 -2
BITMAP
07F000
1FFC00
3FFE00
7FFE00
600700
E81300
E81780
F00780
F81F80
FC1F80
FF7F00
7E7F00
781E00
3FFE00
1FF800
07F000
ENDCHAR
STARTCHAR F4D0
ENCODING 62672
SWIDTH 660 0
DWIDTH 11 0
BBX 14 16 0 -2
BITMAP
FFC0
C060
C030
C018
C00C
C20C
C20C
CF8C
DFCC
C20C
C20C
C00C
C00C
C00C
C00C
FFF8
ENDCHAR
STARTCHAR F4D1
ENCODING 62673
SWIDTH 660 0
DWIDTH 11 0
BBX 16 16 0 -2
BITMAP
FFF0
C010
C000
C07C
C0CE
C082
C183
C183
C082
C0EE
C07C
C044
C0C6
C0C6
FCFE
00EE
ENDCHAR
STARTCHAR F4D2
ENCODING 62674
SWIDTH 660 0
DWIDTH 11 0
BBX 15 16 0 -2
BITMAP
FFE0
C030
C018
C10C
C106
C7C6
CFC6
C106
C106
C006
C006
CFC6
C006
C006
C006
FFFC
ENDCHAR
STARTCHAR F4D3
ENCODING 62675
SWIDTH 660 0
DWIDTH 11 0
BBX 17 14 0 -1
BITMAP
FE0000
FF0000
FFFF00
FFFF80
FFFF80
FFFF80
FFFF80
FFFF80
FFFF80
FFFF80
FFFF80
FFFF80
FFFF80
FFFF00
ENDCHAR
STARTCHAR F4D4
ENCODING 62676
SWIDTH 660 0
DWIDTH 11 0
BBX 16 14 0 -1
BITMAP
FE00
FF00
FFFE
C000
C000
FFFF
FFFF
FFFF
FFFF
FFFF
FFFF
FFFF
FFFF
FFFE
ENDCHAR
STARTCHAR F4D5
ENCODING 62677
SWIDTH 660 0
DWIDTH 11 0
BBX 16 16 0 -2
BITMAP
3FF0
3018
300C
3006
3003
3003
3003
3003
3003
0403
0603
0703
FF83
0703
0603
047E
ENDCHAR
STARTCHAR F4D6
ENCODING 62678
SWIDTH 660 0
DWIDTH 11 0
BBX 14 16 0 -2
BITMAP
FFC0
C060
C030
C018
C00C
C00C
C00C
CF8C
DFCC
C00C
C00C
C00C
C00C
C00C
C00C
FFF8
ENDCHAR
STARTCHAR F4D7
ENCODING 62679
SWIDTH 660 0
DWIDTH 11 0
BBX 17 10 0 1
BITMAP
FFFF80
FFFF00
000000
000000
1FF800
1FF800
000000
000000
01C000
03C000
ENDCHAR
STARTCHAR F4D8
ENCODING 62680
SWIDTH 660 0
DWIDTH 11 0
BBX 17 16 0 -2
BITMAP
7FFF00
FFFF80
C00180
CFFD80
CC0D80
DC0D80
DC2D80
CC6D80
DC0D80
DC0D80
CC0D80
CFFD80
C00180
FFFF80
7FFF00
200600
ENDCHAR
STARTCHAR F4D9
ENCODING 62681
SWIDTH 660 0
DWIDTH 11 0
BBX 14 12 0 0
BITMAP
DB24
DB24
0000
0000
0100
0100
0100
0100
0FE0
07C0
0380
0100
ENDCHAR
STARTCHAR F4DA
ENCODING 62682
SWIDTH 660 0
DWIDTH 11 0
BBX 15 12 0 0
BITMAP
0100
0380
07C0
0FE0
0100
0100
0100
0100
0000
0000
DB66
D924
ENDCHAR
STARTCHAR F4DB
ENCODING 62683
SWIDTH 660 0
DWIDTH 11 0
BBX 14 14 0 -1
BITMAP
6000
7000
2000
0600
0630
2078
204C
2078
2038
7000
F800
D800
F000
6000
ENDCHAR
STARTCHAR F4DC
ENCODING 62684
SWIDTH 660 0
DWIDTH 11 0
BBX 15 14 0 -1
BITMAP
7036
D81C
D81C
7036
2000
2008
2018
2018
2018
2018
F03C
D836
D836
701C
ENDCHAR
STARTCHAR F4DD
ENCODING 62685
SWIDTH 660 0
DWIDTH 11 0
BBX 15 14 0 -1
BITMAP
7000
D818
D818
7000
2000
2018
201C
2018
2000
2000
F03C
D836
D836
701C
ENDCHAR
STARTCHAR F4DE
ENCODING 62686
SWIDTH 660 0
DWIDTH 11 0
BBX 16 16 0 -2
BITMAP
07C0
1FCC
381F
639E
67BC
CC62
D9C2
DB93
DB93
D812
CC32
67E6
718C
3818
0FF0
03C0
ENDCHAR
STARTCHAR F4DF
ENCODING 62687
SWIDTH 660 0
DWIDTH 11 0
BBX 14 14 0 -1
BITMAP
0430
0430
0C30
7FFC
7FFC
0820
0860
0860
1860
FFFC
FFFC
1040
10C0
10C0
ENDCHAR
STARTCHAR F4E0
ENCODING 62688
SWIDTH 660 0
DWIDTH 11 0
BBX 11 12 0 0
BITMAP
C060
C060
C060
C060
C060
FFE0
C060
C060
C060
C060
C060
C060
ENDCHAR
STARTCHAR F4E1
ENCODING 62689
SWIDTH 660 0
DWIDTH 11 0
BBX 17 14 0 -1
BITMAP
3E3E00
7F7F00
FFFF00
FFFF80
FFFF80
FFFF80
FFFF00
7FFF00
7FFE00
3FFE00
1FFC00
0FF800
07E000
01C000
ENDCHAR
STARTCHAR F4E2
ENCODING 62690
SWIDTH 660 0
DWIDTH 11 0
BBX 12 13 0 0
BITMAP
0200
0700
1F80
3FC0
7FE0
FFF0
FFF0
FFF0
FFF0
F8F0
F8F0
F8F0
F8F0
ENDCHAR
STARTCHAR F4E3
ENCODING 62691
SWIDTH 660 0
DWIDTH 11 0
BBX 12 14 0 -1
BITMAP
FFF0
2060
2060
2060
3060
18C0
0980
1980
38C0
3060
2060
2060
2060
FFF0
ENDCHAR
STARTCHAR F4E4
ENCODING 62692
SWIDTH 660 0
DWIDTH 11 0
BBX 17 16 0 -2
BITMAP
03C000
03E000
026000
7E7F00
FE7F80
C3E180
C00180
DCF980
DDF980
DC0180
DDE180
DCE180
C00180
C00180
FFFF80
7FFF00
ENDCHAR
STARTCHAR F4E5
ENCODING 62693
SWIDTH 660 0
DWIDTH 11 0
BBX 17 14 0 -1
BITMAP
FFFF00
C00180
C00180
CE0180
DA0180
DE0180
CE7180
C0D980
C18D80
C30780
C60380
CC0180
D80180
FFFF00
ENDCHAR
STARTCHAR F4E6
ENCODING 62694
SWIDTH 660 0
DWIDTH 11 0
BBX 17 8 0 2
BITMAP
380C00
7E3F00
C76100
C1C180
C1C180
C76300
7C3F00
100C00
ENDCHAR
STARTCHAR F4E7
ENCODING 62695
SWIDTH 660 0
DWIDTH 11 0
BBX 17 16 0 -2
BITMAP
03C000
180C00
300E00
600600
000000
000000
C00180
C00180
C00180
C00100
000000
000000
600600
300E00
100800
03C000
ENDCHAR
STARTCHAR F4E8
ENCODING 62696
SWIDTH 660 0
DWIDTH 11 0
BBX 17 16 0 -2
BITMAP
07F000
1C3C00
300E00
600600
600300
C00100
C08180
C1C180
C1C100
C08000
C01000
603000
607F80
303000
1E1000
078000
ENDCHAR
STARTCHAR F4E9
ENCODING 62697
SWIDTH 660 0
DWIDTH 11 0
BBX 17 16 0 -2
BITMAP
07F000
1C3C00
300E00
600600
600300
C00100
C08180
C1C180
C1C100
C08000
C00000
603F80
600000
300000
1E0F80
078000
ENDCHAR
STARTCHAR F4EA
ENCODING 62698
SWIDTH 660 0
DWIDTH 11 0
BBX 15 16 0 -2
BITMAP
0F80
1FC0
3070
6030
C018
C018
C018
C000
C000
4010
6018
381C
0FFE
001C
0018
0010
ENDCHAR
STARTCHAR F4EB
ENCODING 62699
SWIDTH 660 0
DWIDTH 11 0
BBX 17 3 0 4
BITMAP
408100
E1C380
E1C380
ENDCHAR
STARTCHAR F4EC
ENCODING 62700
SWIDTH 660 0
DWIDTH 11 0
BBX 17 16 0 -2
BITMAP
7FFF00
C00100
C00180
C00180
C08180
C49180
C6F180
C3E180
C3E180
C6F180
C08180
C08180
C00180
C00180
C00100
7FFF00
ENDCHAR
STARTCHAR F4ED
ENCODING 62701
SWIDTH 660 0
DWIDTH 11 0
BBX 17 16 0 -2
BITMAP
7FFF00
C01900
C03180
C01180
7FF900
0C0300
180200
33C600
37EC00
600800
401800
DF9300
C03180
C03180
C01B00
7FFF00
ENDCHAR
STARTCHAR F4EE
ENCODING 62702
SWIDTH 660 0
DWIDTH 11 0
BBX 14 14 0 -1
BITMAP
00E0
0070
0058
0048
00CC
00C4
0184
0384
CF0C
FC0C
6018
7030
3FE0
0FC0
ENDCHAR
STARTCHAR F4EF
ENCODING 62703
SWIDTH 660 0
DWIDTH 11 0
BBX 10 14 2 -1
BITMAP
0400
0400
0400
0400
0400
44C0
6580
3700
1E00
0C00
0000
0000
7FC0
FFC0
ENDCHAR
STARTCHAR F4F0
ENCODING 62704
SWIDTH 660 0
DWIDTH 11 0
BBX 14 10 0 1
BITMAP
0004
0604
0304
0184
FFC4
FFC4
0184
0304
0604
0404
ENDCHAR
STARTCHAR F4F1
ENCODING 62705
SWIDTH 660 0
DWIDTH 11 0
BBX 14 10 1 1
BITMAP
8000
8180
8300
8600
8FF8
9FFC
8C00
8600
8300
8180
ENDCHAR
STARTCHAR F4F2
ENCODING 62706
SWIDTH 660 0
DWIDTH 11 0
BBX 10 14 2 -1
BITMAP
0C00
1E00
3F00
7580
64C0
0400
0400
0400
0400
0400
0000
0000
7FC0
FFC0
ENDCHAR
STARTCHAR F4F3
ENCODING 62707
SWIDTH 660 0
DWIDTH 11 0
BBX 15 12 0 0
BITMAP
FF1E
FF0C
0000
0000
0000
C7F8
CFF8
0000
0000
0000
C000
CFFC
ENDCHAR
STARTCHAR F4F4
ENCODING 62708
SWIDTH 660 0
DWIDTH 11 0
BBX 17 16 0 -2
BITMAP
07F000
1C3C00
300E00
600600
600300
C00100
C00180
CFF980
CFF980
C00180
C00100
600300
600600
300E00
1E3800
07F000
ENDCHAR
STARTCHAR F4F5
ENCODING 62709
SWIDTH 660 0
DWIDTH 11 0
BBX 16 16 0 -2
BITMAP
0180
0180
0180
1998
0DB8
07F0
03E0
FFFF
FFFF
07E0
0FB0
1D98
1988
0180
0180
0180
ENDCHAR
STARTCHAR F4F6
ENCODING 62710
SWIDTH 660 0
DWIDTH 11 0
BBX 17 12 0 0
BITMAP
FFFF00
C00180
C00180
CFF180
CFF180
C00180
CF8180
CF8180
C00180
C00180
C00180
FFFF00
ENDCHAR
STARTCHAR F4F7
ENCODING 62711
SWIDTH 660 0
DWIDTH 11 0
BBX 12 16 0 -2
BITMAP
6000
E000
2000
2000
23F0
F060
F8C0
01E0
0070
7030
FB70
99E0
3000
7000
C000
F800
ENDCHAR
STARTCHAR F4F8
ENCODING 62712
SWIDTH 660 0
DWIDTH 11 0
BBX 17 16 0 -2
BITMAP
078000
0EE000
383800
E01C00
E01E00
F83E00
DEE600
C78400
C10000
C10000
C10C00
C11800
713F80
3D3F00
0F1800
030C00
ENDCHAR
STARTCHAR F4F9
ENCODING 62713
SWIDTH 660 0
DWIDTH 11 0
BBX 17 16 0 -2
BITMAP
078000
0EE000
383800
E01C00
E01E00
F83E00
DEE600
C78400
C10000
C10400
C10600
C10300
713F80
3D3F00
0F0600
030400
ENDCHAR
STARTCHAR F4FA
ENCODING 62714
SWIDTH 660 0
DWIDTH 11 0
BBX 17 14 0 -1
BITMAP
E00000
FC0000
CF0000
C3C000
407800
401E00
7F0780
7F0700
401E00
40F000
C3C000
CF0000
F80000
E00000
ENDCHAR
STARTCHAR F4FB
ENCODING 62715
SWIDTH 660 0
DWIDTH 11 0
BBX 14 15 0 -1
BITMAP
0060
01F0
0398
0748
0EC8
1D98
3B30
766C
6CDC
D9B8
D370
DEE0
DDC0
6380
3F00
ENDCHAR
STARTCHAR F4FC
ENCODING 62716
SWIDTH 660 0
DWIDTH 11 0
BBX 16 14 0 -1
BITMAP
0700
1F80
1FC0
3FC0
3FDE
1FDB
1F9B
0F9F
3FCE
7FEE
7FEE
FFEC
FFEE
FFE4
ENDCHAR
STARTCHAR F4FD
ENCODING 62717
SWIDTH 660 0
DWIDTH 11 0
BBX 16 12 0 0
BITMAP
0E00
1F00
3190
309C
3084
3186
1F04
3FCC
60CE
C063
C021
8021
ENDCHAR
STARTCHAR F4FE
ENCODING 62718
SWIDTH 660 0
DWIDTH 11 0
BBX 17 14 0 -1
BITMAP
000600
000600
0E1F80
1F0600
318600
308000
308000
318000
1F0000
3FC000
60C000
C06000
C02000
C02000
ENDCHAR
STARTCHAR F4FF
ENCODING 62719
SWIDTH 660 0
DWIDTH 11 0
BBX 12 14 0 -1
BITMAP
0700
1F80
1FC0
3FC0
3FC0
1FC0
1F80
0F80
3FC0
7FE0
7FF0
FFF0
FFF0
FFF0
ENDCHAR
STARTCHAR F500
ENCODING 62720
SWIDTH 660 0
DWIDTH 11 0
BBX 17 16 0 -2
BITMAP
07F000
1C3C00
300E00
600600
600300
C20100
C38180
C3E180
C3E180
C38180
C20100
600300
600600
300E00
1E3800
07F000
ENDCHAR
STARTCHAR F501
ENCODING 62721
SWIDTH 660 0
DWIDTH 11 0
BBX 17 16 0 -2
BITMAP
07F000
1C3C00
300E00
600600
608300
C08100
C08180
CFF180
CFF180
C08180
C08100
608300
600600
300E00
1E3800
07F000
ENDCHAR
STARTCHAR F502
ENCODING 62722
SWIDTH 660 0
DWIDTH 11 0
BBX 17 16 0 -2
BITMAP
FFFF00
C00180
C00180
C89980
C89980
C89980
C89980
C89980
C81980
C81980
C01980
C01980
C00180
C00180
C00180
FFFF00
ENDCHAR
STARTCHAR F503
ENCODING 62723
SWIDTH 660 0
DWIDTH 11 0
BBX 17 16 0 -2
BITMAP
FFFF00
C00180
C00180
C00180
C7F180
C00180
C00180
CFC180
C00180
C00180
C3F180
C1F180
C00180
C00180
C00180
FFFF00
ENDCHAR
STARTCHAR F504
ENCODING 62724
SWIDTH 660 0
DWIDTH 11 0
BBX 17 16 0 -2
BITMAP
FFFF00
C60180
C60180
C60180
C60180
FFFF80
C00180
C00180
C80180
0C0180
3E0180
7E0180
CC0180
C80180
C00180
87FF00
ENDCHAR
STARTCHAR F505
ENCODING 62725
SWIDTH 660 0
DWIDTH 11 0
BBX 17 16 0 -2
BITMAP
F3EF00
C00180
C60180
860180
000000
39FE00
C00180
C60180
C60180
C00180
060000
060000
860180
C60180
C00180
F3EF00
ENDCHAR
STARTCHAR F506
ENCODING 62726
SWIDTH 660 0
DWIDTH 11 0
BBX 12 12 0 0
BITMAP
0010
0030
0030
0020
0060
0040
00C0
00C0
E180
E180
E100
0300
ENDCHAR
STARTCHAR F507
ENCODING 62727
SWIDTH 660 0
DWIDTH 11 0
BBX 16 16 0 -2
BITMAP
7FF8
C018
C018
C018
C018
C018
C018
C018
C010
FF00
FF63
C036
C01C
7F1C
0036
0063
ENDCHAR
STARTCHAR F508
ENCODING 62728
SWIDTH 660 0
DWIDTH 11 0
BBX 16 16 0 -2
BITMAP
7FF8
C018
C018
C018
C010
C000
C038
C06C
C0C6
FCC6
FCFE
C1FF
C1FF
7DFF
01FF
00FE
ENDCHAR
STARTCHAR F509
ENCODING 62729
SWIDTH 660 0
DWIDTH 11 0
BBX 12 16 0 -2
BITMAP
6F70
C010
8010
0000
C010
C010
8010
0000
8010
EF70
EF30
C010
DE10
5EF0
1E00
1200
ENDCHAR
STARTCHAR F50A
ENCODING 62730
SWIDTH 660 0
DWIDTH 11 0
BBX 17 16 0 -2
BITMAP
FFFF00
C00180
C00180
C08180
C08180
C08180
C08180
C00180
C18180
C18180
C00180
C00180
F9FF00
1B0000
1E0000
1C0000
ENDCHAR
STARTCHAR F50B
ENCODING 62731
SWIDTH 660 0
DWIDTH 11 0
BBX 17 14 0 -1
BITMAP
FFFF00
C00180
C00180
C00180
FFFF80
7FFF00
000000
000000
7FFF00
FFFF80
C00180
C00180
C00180
FFFF00
ENDCHAR
STARTCHAR F50C
ENCODING 62732
SWIDTH 660 0
DWIDTH 11 0
BBX 15 14 0 -1
BITMAP
F87C
C006
C006
C006
8004
0000
0000
0000
0000
8006
C006
C006
C006
F87C
ENDCHAR
STARTCHAR F50D
ENCODING 62733
SWIDTH 660 0
DWIDTH 11 0
BBX 15 14 0 -1
BITMAP
0860
0860
0860
F87C
F03C
0000
0000
0000
0000
F83E
F87C
0860
0860
0860
ENDCHAR
STARTCHAR F50E
ENCODING 62734
SWIDTH 660 0
DWIDTH 11 0
BBX 12 16 0 -2
BITMAP
0200
0700
0F80
1FC0
0600
6670
E670
C610
C610
C610
C010
C010
C010
C010
FFF0
7FF0
ENDCHAR
STARTCHAR F50F
ENCODING 62735
SWIDTH 660 0
DWIDTH 11 0
BBX 16 16 0 -2
BITMAP
003E
0036
0063
0063
00FE
7B9C
EE00
C400
C400
FF00
7B9C
00FE
0063
0063
0036
003E
ENDCHAR
STARTCHAR F510
ENCODING 62736
SWIDTH 660 0
DWIDTH 11 0
BBX 15 16 0 -2
BITMAP
07C0
3EF8
F01C
C006
C006
C066
C0E6
CDC6
C786
C304
400C
600C
3018
1870
0FE0
0380
ENDCHAR
STARTCHAR F511
ENCODING 62737
SWIDTH 660 0
DWIDTH 11 0
BBX 15 16 0 -2
BITMAP
07C0
3EF8
F01C
C006
C006
C306
C386
C386
C106
C104
410C
600C
3018
1870
0FE0
0380
ENDCHAR
STARTCHAR F512
ENCODING 62738
SWIDTH 660 0
DWIDTH 11 0
BBX 17 16 0 -2
BITMAP
03E000
C77C00
600E00
780300
7C0300
670300
638300
60C300
607200
603800
200C00
300700
180D80
0C3800
07F000
01C000
ENDCHAR
STARTCHAR F513
ENCODING 62739
SWIDTH 660 0
DWIDTH 11 0
BBX 15 16 0 -2
BITMAP
07C0
3EF8
F01C
C006
C006
C4C6
C786
C306
C786
C4C4
400C
600C
3018
1870
0FE0
0380
ENDCHAR
STARTCHAR F514
ENCODING 62740
SWIDTH 660 0
DWIDTH 11 0
BBX 17 16 0 -2
BITMAP
FFFF00
C02180
C02180
C02180
C02180
C82180
CC2180
CE2180
CE2180
CC2180
C82180
C02180
C02180
C02180
C02180
FFFF00
ENDCHAR
STARTCHAR F515
ENCODING 62741
SWIDTH 660 0
DWIDTH 11 0
BBX 17 16 0 -2
BITMAP
FFFF00
C02180
C02180
C02180
C02180
C02180
C22180
C62180
C62180
C22180
C02180
C02180
C02180
C02180
C02180
FFFF00
ENDCHAR
STARTCHAR F516
ENCODING 62742
SWIDTH 660 0
DWIDTH 11 0
BBX 15 14 0 -1
BITMAP
FFFC
C006
C006
C006
C006
C006
CFC6
C786
C306
C006
C006
C006
C006
FFFC
ENDCHAR
STARTCHAR F517
ENCODING 62743
SWIDTH 660 0
DWIDTH 11 0
BBX 17 16 0 -2
BITMAP
07F000
1C3C00
300E00
600600
601300
C03100
C06180
C0C180
C18180
C30180
C60100
640300
600600
300E00
1E3800
07F000
ENDCHAR
STARTCHAR F518
ENCODING 62744
SWIDTH 660 0
DWIDTH 11 0
BBX 17 16 0 -2
BITMAP
07F000
1FFC00
3FFE00
7FFE00
7FEF00
FFCF00
FF9F80
FF3F80
FE7F80
FCFF80
F9FF00
7BFF00
7FFE00
3FFE00
1FF800
07F000
ENDCHAR
STARTCHAR F519
ENCODING 62745
SWIDTH 660 0
DWIDTH 11 0
BBX 17 12 0 0
BITMAP
000400
F00E00
F01F00
003F80
000C00
FC0C00
FC0C00
000C00
000C00
000C00
FF8C00
000400
ENDCHAR
STARTCHAR F51A
ENCODING 62746
SWIDTH 660 0
DWIDTH 11 0
BBX 16 10 0 2
BITMAP
FF8C
FF8C
000C
000C
FC0C
FC0C
000C
003F
F01E
F00C
ENDCHAR
STARTCHAR F51B
ENCODING 62747
SWIDTH 660 0
DWIDTH 11 0
BBX 14 14 0 -1
BITMAP
0100
0300
0380
07C0
0FE0
1FF0
FFFC
7FFC
1FF0
0FC0
0780
0380
0300
0100
ENDCHAR
STARTCHAR F51C
ENCODING 62748
SWIDTH 660 0
DWIDTH 11 0
BBX 11 16 0 -2
BITMAP
39C0
7FE0
C620
C420
C020
C060
6060
30C0
1B80
1F00
1D00
1180
1180
3780
3F80
3080
ENDCHAR
STARTCHAR F51D
ENCODING 62749
SWIDTH 660 0
DWIDTH 11 0
BBX 8 8 4 2
BITMAP
7F
C1
C1
C1
C1
C1
C1
7F
ENDCHAR
STARTCHAR F51E
ENCODING 62750
SWIDTH 660 0
DWIDTH 11 0
BBX 14 16 0 -2
BITMAP
0700
0FC0
3870
E038
C01C
7038
1CE0
0F80
E31C
7870
1DC0
C788
E038
38F0
0FC0
0700
ENDCHAR
STARTCHAR F51F
ENCODING 62751
SWIDTH 660 0
DWIDTH 11 0
BBX 15 14 0 -1
BITMAP
0180
0380
03C0
07C0
7FFC
FFFE
7FFE
3FFC
1FF8
1FF0
1FF0
1FF0
1EF8
1838
ENDCHAR
STARTCHAR F520
ENCODING 62752
SWIDTH 660 0
DWIDTH 11 0
BBX 14 16 0 -2
BITMAP
0780
0300
0780
5FEC
7038
6018
404C
C0CC
C38C
C38C
C30C
C00C
6018
7038
3870
0FC0
ENDCHAR
STARTCHAR F521
ENCODING 62753
SWIDTH 660 0
DWIDTH 11 0
BBX 15 12 0 0
BITMAP
0FC0
1860
3000
3000
0000
FFFE
FFFC
0060
0020
0020
38E0
1FC0
ENDCHAR
STARTCHAR F522
ENCODING 62754
SWIDTH 660 0
DWIDTH 11 0
BBX 17 16 0 -2
BITMAP
008000
008000
308400
180C00
03E800
067000
0C3000
EC1380
EC1300
0C3000
077000
03E800
180C00
308400
008000
008000
ENDCHAR
STARTCHAR F523
ENCODING 62755
SWIDTH 660 0
DWIDTH 11 0
BBX 15 11 0 0
BITMAP
0002
0102
0082
0042
0022
FFF2
0012
0022
0042
0082
0102
ENDCHAR
STARTCHAR F524
ENCODING 62756
SWIDTH 660 0
DWIDTH 11 0
BBX 17 12 0 0
BITMAP
3FFE00
3FFE00
200200
200200
21E200
20E200
21E200
23A200
270200
260200
E00300
E00380
ENDCHAR
STARTCHAR F525
ENCODING 62757
SWIDTH 660 0
DWIDTH 11 0
BBX 17 16 0 -2
BITMAP
FFFF00
C60180
C60180
C60180
C60180
FFFF80
C60180
C60180
C60180
C60180
C60180
C60180
C60180
C60180
C60180
FFFF00
ENDCHAR
STARTCHAR F526
ENCODING 62758
SWIDTH 660 0
DWIDTH 11 0
BBX 17 16 0 -2
BITMAP
000E00
003E00
007F00
01CF00
03EF80
0FEF00
1FFC00
77F000
F7C000
FF0000
7CC000
71E000
03E000
06B000
0C9800
049000
ENDCHAR
STARTCHAR F527
ENCODING 62759
SWIDTH 660 0
DWIDTH 11 0
BBX 17 16 0 -2
BITMAP
1FF800
F80F00
D80D80
D80D80
D80D00
780F00
380C00
081800
0E3000
07E000
03C000
036000
067000
0C3000
0C1000
3FFE00
ENDCHAR
STARTCHAR F528
ENCODING 62760
SWIDTH 660 0
DWIDTH 11 0
BBX 17 12 0 0
BITMAP
0C0000
1C0000
1E0000
161F00
323180
330180
230F80
7F3F80
7FB180
41B180
C0BF80
809F80
ENDCHAR
STARTCHAR F529
ENCODING 62761
SWIDTH 660 0
DWIDTH 11 0
BBX 16 14 0 -1
BITMAP
0078
70CC
3986
0C06
0704
0F8C
18E0
3070
67D8
C38E
C007
C200
6600
7C00
ENDCHAR
STARTCHAR F52A
ENCODING 62762
SWIDTH 660 0
DWIDTH 11 0
BBX 12 16 0 -2
BITMAP
0700
1F80
30C0
3000
3000
3000
7FF0
FFF0
C010
C010
C010
C010
C010
C010
FFF0
7FF0
ENDCHAR
STARTCHAR F52B
ENCODING 62763
SWIDTH 660 0
DWIDTH 11 0
BBX 17 12 0 0
BITMAP
FFF700
C00780
E00780
F00700
DC1800
C77180
C3C180
C00180
C00180
C00180
C00180
FFFF00
ENDCHAR
STARTCHAR F52C
ENCODING 62764
SWIDTH 660 0
DWIDTH 11 0
BBX 17 12 0 0
BITMAP
FFFF00
C00180
C00180
C20180
C38180
C3E180
C3E180
C38180
C20180
C00180
C00180
FFFF00
ENDCHAR
STARTCHAR F52D
ENCODING 62765
SWIDTH 660 0
DWIDTH 11 0
BBX 17 16 0 -2
BITMAP
03C000
07E000
0C3000
0DB000
0D9000
0CC000
064000
066000
263E00
6C3F00
CC0100
DBF980
D3F980
C20300
7E3F00
381C00
ENDCHAR
STARTCHAR F52E
ENCODING 62766
SWIDTH 660 0
DWIDTH 11 0
BBX 17 16 0 -2
BITMAP
FE0000
C20000
C20000
C20000
C20000
FE0000
7E0000
100000
100000
103F00
107F80
106180
1FE180
0FE180
006180
003F00
ENDCHAR
STARTCHAR F52F
ENCODING 62767
SWIDTH 660 0
DWIDTH 11 0
BBX 17 16 0 -2
BITMAP
07F000
1C3C00
300E00
600600
600300
C63100
C36180
C1C180
C1C180
C36180
C63100
600300
600600
300E00
1E3C00
07F000
ENDCHAR
STARTCHAR F530
ENCODING 62768
SWIDTH 660 0
DWIDTH 11 0
BBX 17 16 0 -2
BITMAP
07F000
1FFC00
3FFE00
7FFE00
7FFF00
F9CF00
FC9F80
FE3F80
FE3F80
FC9F80
F9CF00
7FFF00
7FFE00
3FFE00
1FF800
07F000
ENDCHAR
STARTCHAR F531
ENCODING 62769
SWIDTH 660 0
DWIDTH 11 0
BBX 17 16 0 -2
BITMAP
0FE000
1C3800
300C00
600600
418600
C18200
C18300
CFF300
C18300
C18200
418600
600400
301C00
1C7E00
0FE300
000180
ENDCHAR
STARTCHAR F532
ENCODING 62770
SWIDTH 660 0
DWIDTH 11 0
BBX 17 16 0 -2
BITMAP
0FE000
1C3800
300C00
600600
400600
C00200
C00300
CFF300
C00300
C00200
400600
600400
301C00
1C7E00
0FE300
000180
ENDCHAR
STARTCHAR F533
ENCODING 62771
SWIDTH 660 0
DWIDTH 11 0
BBX 17 14 0 -1
BITMAP
C7F800
700C00
380C00
1C0C00
1F0C00
1B8C00
18E000
187000
181800
188E00
19CF00
1F6D80
1C3C00
180C00
ENDCHAR
ENDFONT
