STARTFONT 2.1
COMMENT
COMMENT Converted from OpenType font "DepartureMonoNerdFontMono-Regular.otf" by "otf2bdf 3.0".
COMMENT
FONT -FreeType-DepartureMono Nerd Font Mono-Medium-R-Normal--17-120-100-100-P-101-ISO10646-1
SIZE 12 100 100
FONTBOUNDINGBOX 12 22 -1 -5
STARTPROPERTIES 19
FOUNDRY "FreeType"
FAMILY_NAME "DepartureMono Nerd Font Mono"
WEIGHT_NAME "Medium"
SLANT "R"
SETWIDTH_NAME "Normal"
ADD_STYLE_NAME ""
PIXEL_SIZE 17
POINT_SIZE 120
RESOLUTION_X 100
RESOLUTION_Y 100
SPACING "P"
AVERAGE_WIDTH 101
CHARSET_REGISTRY "ISO10646"
CHARSET_ENCODING "1"
FONT_ASCENT 17
FONT_DESCENT 4
COPYRIGHT "Copyright 20222024 Helena Zhang"
_OTF_FONTFILE "DepartureMonoNerdFontMono-Regular.otf"
_OTF_PSNAME "DepartureMonoNFM"
ENDPROPERTIES
CHARS 4941
STARTCHAR 0020
ENCODING 32
SWIDTH 660 0
DWIDTH 11 0
BBX 0 0 0 0
BITMAP
ENDCHAR
STARTCHAR 0021
ENCODING 33
SWIDTH 660 0
DWIDTH 11 0
BBX 1 12 5 0
BITMAP
80
80
80
80
80
80
80
80
80
00
80
80
ENDCHAR
STARTCHAR 0022
ENCODING 34
SWIDTH 660 0
DWIDTH 11 0
BBX 5 4 3 8
BITMAP
D8
D8
D8
D8
ENDCHAR
STARTCHAR 0023
ENCODING 35
SWIDTH 660 0
DWIDTH 11 0
BBX 11 12 0 0
BITMAP
0480
0480
0480
3FE0
1B00
1B00
1B00
FF80
FF80
2400
2400
2400
ENDCHAR
STARTCHAR 0024
ENCODING 36
SWIDTH 660 0
DWIDTH 11 0
BBX 7 16 2 -2
BITMAP
10
10
7C
92
92
90
7C
7C
12
12
12
92
7C
7C
10
10
ENDCHAR
STARTCHAR 0025
ENCODING 37
SWIDTH 660 0
DWIDTH 11 0
BBX 9 12 2 0
BITMAP
6180
9180
9180
6200
0C00
0C00
1000
6200
6200
8D80
8200
8200
ENDCHAR
STARTCHAR 0026
ENCODING 38
SWIDTH 660 0
DWIDTH 11 0
BBX 9 12 2 0
BITMAP
7000
8C00
8C00
8000
6180
6180
8E00
8C00
8C00
8C00
7000
7000
ENDCHAR
STARTCHAR 0027
ENCODING 39
SWIDTH 660 0
DWIDTH 11 0
BBX 1 4 5 8
BITMAP
80
80
80
80
ENDCHAR
STARTCHAR 0028
ENCODING 40
SWIDTH 660 0
DWIDTH 11 0
BBX 5 16 3 -2
BITMAP
18
18
20
C0
C0
C0
C0
C0
C0
C0
C0
C0
20
20
18
18
ENDCHAR
STARTCHAR 0029
ENCODING 41
SWIDTH 660 0
DWIDTH 11 0
BBX 5 16 3 -2
BITMAP
C0
C0
20
18
18
18
18
18
18
18
18
18
20
20
C0
C0
ENDCHAR
STARTCHAR 002A
ENCODING 42
SWIDTH 660 0
DWIDTH 11 0
BBX 7 7 2 5
BITMAP
10
92
92
7C
92
92
10
ENDCHAR
STARTCHAR 002B
ENCODING 43
SWIDTH 660 0
DWIDTH 11 0
BBX 7 7 2 2
BITMAP
10
10
10
FE
10
10
10
ENDCHAR
STARTCHAR 002C
ENCODING 44
SWIDTH 660 0
DWIDTH 11 0
BBX 3 5 3 -2
BITMAP
20
20
20
C0
C0
ENDCHAR
STARTCHAR 002D
ENCODING 45
SWIDTH 660 0
DWIDTH 11 0
BBX 5 1 3 5
BITMAP
F8
ENDCHAR
STARTCHAR 002E
ENCODING 46
SWIDTH 660 0
DWIDTH 11 0
BBX 1 3 5 0
BITMAP
80
80
80
ENDCHAR
STARTCHAR 002F
ENCODING 47
SWIDTH 660 0
DWIDTH 11 0
BBX 7 16 2 -2
BITMAP
02
02
02
0C
0C
0C
10
10
10
60
60
60
80
80
80
80
ENDCHAR
STARTCHAR 0030
ENCODING 48
SWIDTH 660 0
DWIDTH 11 0
BBX 7 12 2 0
BITMAP
7C
82
82
8E
92
92
E2
82
82
82
7C
7C
ENDCHAR
STARTCHAR 0031
ENCODING 49
SWIDTH 660 0
DWIDTH 11 0
BBX 7 12 2 0
BITMAP
10
F0
F0
10
10
10
10
10
10
10
FE
FE
ENDCHAR
STARTCHAR 0032
ENCODING 50
SWIDTH 660 0
DWIDTH 11 0
BBX 7 12 2 0
BITMAP
7C
82
82
02
0C
0C
10
60
60
80
FE
FE
ENDCHAR
STARTCHAR 0033
ENCODING 51
SWIDTH 660 0
DWIDTH 11 0
BBX 7 12 2 0
BITMAP
7C
82
82
02
1C
1C
02
02
02
82
7C
7C
ENDCHAR
STARTCHAR 0034
ENCODING 52
SWIDTH 660 0
DWIDTH 11 0
BBX 7 12 2 0
BITMAP
0E
12
12
62
82
82
82
FE
FE
02
02
02
ENDCHAR
STARTCHAR 0035
ENCODING 53
SWIDTH 660 0
DWIDTH 11 0
BBX 7 12 2 0
BITMAP
FE
80
80
80
FC
FC
02
02
02
82
7C
7C
ENDCHAR
STARTCHAR 0036
ENCODING 54
SWIDTH 660 0
DWIDTH 11 0
BBX 7 12 2 0
BITMAP
7C
82
82
80
FC
FC
82
82
82
82
7C
7C
ENDCHAR
STARTCHAR 0037
ENCODING 55
SWIDTH 660 0
DWIDTH 11 0
BBX 7 12 2 0
BITMAP
FE
02
02
02
0C
0C
10
60
60
60
60
60
ENDCHAR
STARTCHAR 0038
ENCODING 56
SWIDTH 660 0
DWIDTH 11 0
BBX 7 12 2 0
BITMAP
7C
82
82
82
7C
7C
82
82
82
82
7C
7C
ENDCHAR
STARTCHAR 0039
ENCODING 57
SWIDTH 660 0
DWIDTH 11 0
BBX 7 12 2 0
BITMAP
7C
82
82
82
82
82
7E
02
02
82
7C
7C
ENDCHAR
STARTCHAR 003A
ENCODING 58
SWIDTH 660 0
DWIDTH 11 0
BBX 1 9 5 0
BITMAP
80
80
80
00
00
00
80
80
80
ENDCHAR
STARTCHAR 003B
ENCODING 59
SWIDTH 660 0
DWIDTH 11 0
BBX 3 11 3 -2
BITMAP
20
20
20
00
00
00
20
20
20
C0
C0
ENDCHAR
STARTCHAR 003C
ENCODING 60
SWIDTH 660 0
DWIDTH 11 0
BBX 6 11 2 0
BITMAP
0C
0C
10
60
60
80
60
60
10
0C
0C
ENDCHAR
STARTCHAR 003D
ENCODING 61
SWIDTH 660 0
DWIDTH 11 0
BBX 7 5 2 3
BITMAP
FE
FE
00
FE
FE
ENDCHAR
STARTCHAR 003E
ENCODING 62
SWIDTH 660 0
DWIDTH 11 0
BBX 6 11 3 0
BITMAP
C0
C0
20
18
18
04
18
18
20
C0
C0
ENDCHAR
STARTCHAR 003F
ENCODING 63
SWIDTH 660 0
DWIDTH 11 0
BBX 7 12 2 0
BITMAP
7C
82
82
02
0C
0C
10
10
10
00
10
10
ENDCHAR
STARTCHAR 0040
ENCODING 64
SWIDTH 660 0
DWIDTH 11 0
BBX 7 12 2 0
BITMAP
7C
82
82
02
72
72
92
92
92
92
6C
6C
ENDCHAR
STARTCHAR 0041
ENCODING 65
SWIDTH 660 0
DWIDTH 11 0
BBX 7 12 2 0
BITMAP
10
6C
6C
82
82
82
FE
82
82
82
82
82
ENDCHAR
STARTCHAR 0042
ENCODING 66
SWIDTH 660 0
DWIDTH 11 0
BBX 7 12 2 0
BITMAP
FC
82
82
82
FC
FC
82
82
82
82
FC
FC
ENDCHAR
STARTCHAR 0043
ENCODING 67
SWIDTH 660 0
DWIDTH 11 0
BBX 7 12 2 0
BITMAP
7C
82
82
80
80
80
80
80
80
82
7C
7C
ENDCHAR
STARTCHAR 0044
ENCODING 68
SWIDTH 660 0
DWIDTH 11 0
BBX 7 12 2 0
BITMAP
FC
82
82
82
82
82
82
82
82
82
FC
FC
ENDCHAR
STARTCHAR 0045
ENCODING 69
SWIDTH 660 0
DWIDTH 11 0
BBX 7 12 2 0
BITMAP
FE
80
80
80
FC
FC
80
80
80
80
FE
FE
ENDCHAR
STARTCHAR 0046
ENCODING 70
SWIDTH 660 0
DWIDTH 11 0
BBX 7 12 2 0
BITMAP
FE
80
80
80
FC
FC
80
80
80
80
80
80
ENDCHAR
STARTCHAR 0047
ENCODING 71
SWIDTH 660 0
DWIDTH 11 0
BBX 7 12 2 0
BITMAP
7C
82
82
80
80
80
8E
82
82
82
7C
7C
ENDCHAR
STARTCHAR 0048
ENCODING 72
SWIDTH 660 0
DWIDTH 11 0
BBX 7 12 2 0
BITMAP
82
82
82
82
FE
FE
82
82
82
82
82
82
ENDCHAR
STARTCHAR 0049
ENCODING 73
SWIDTH 660 0
DWIDTH 11 0
BBX 7 12 2 0
BITMAP
FE
10
10
10
10
10
10
10
10
10
FE
FE
ENDCHAR
STARTCHAR 004A
ENCODING 74
SWIDTH 660 0
DWIDTH 11 0
BBX 7 12 2 0
BITMAP
1E
02
02
02
02
02
02
02
02
82
7C
7C
ENDCHAR
STARTCHAR 004B
ENCODING 75
SWIDTH 660 0
DWIDTH 11 0
BBX 7 12 2 0
BITMAP
82
8C
8C
90
F0
F0
8C
8C
8C
82
82
82
ENDCHAR
STARTCHAR 004C
ENCODING 76
SWIDTH 660 0
DWIDTH 11 0
BBX 7 12 2 0
BITMAP
80
80
80
80
80
80
80
80
80
80
FE
FE
ENDCHAR
STARTCHAR 004D
ENCODING 77
SWIDTH 660 0
DWIDTH 11 0
BBX 7 12 2 0
BITMAP
82
82
82
EE
92
92
92
82
82
82
82
82
ENDCHAR
STARTCHAR 004E
ENCODING 78
SWIDTH 660 0
DWIDTH 11 0
BBX 7 12 2 0
BITMAP
82
82
82
E2
92
92
8E
82
82
82
82
82
ENDCHAR
STARTCHAR 004F
ENCODING 79
SWIDTH 660 0
DWIDTH 11 0
BBX 7 12 2 0
BITMAP
7C
82
82
82
82
82
82
82
82
82
7C
7C
ENDCHAR
STARTCHAR 0050
ENCODING 80
SWIDTH 660 0
DWIDTH 11 0
BBX 7 12 2 0
BITMAP
FC
82
82
82
82
82
FC
80
80
80
80
80
ENDCHAR
STARTCHAR 0051
ENCODING 81
SWIDTH 660 0
DWIDTH 11 0
BBX 7 14 2 -2
BITMAP
7C
82
82
82
82
82
82
82
82
82
7C
7C
0E
0E
ENDCHAR
STARTCHAR 0052
ENCODING 82
SWIDTH 660 0
DWIDTH 11 0
BBX 7 12 2 0
BITMAP
FC
82
82
82
82
82
FC
8C
8C
82
82
82
ENDCHAR
STARTCHAR 0053
ENCODING 83
SWIDTH 660 0
DWIDTH 11 0
BBX 7 12 2 0
BITMAP
7C
82
82
80
7C
7C
02
02
02
82
7C
7C
ENDCHAR
STARTCHAR 0054
ENCODING 84
SWIDTH 660 0
DWIDTH 11 0
BBX 7 12 2 0
BITMAP
FE
10
10
10
10
10
10
10
10
10
10
10
ENDCHAR
STARTCHAR 0055
ENCODING 85
SWIDTH 660 0
DWIDTH 11 0
BBX 7 12 2 0
BITMAP
82
82
82
82
82
82
82
82
82
82
7C
7C
ENDCHAR
STARTCHAR 0056
ENCODING 86
SWIDTH 660 0
DWIDTH 11 0
BBX 7 12 2 0
BITMAP
82
82
82
82
82
82
82
6C
6C
6C
10
10
ENDCHAR
STARTCHAR 0057
ENCODING 87
SWIDTH 660 0
DWIDTH 11 0
BBX 7 12 2 0
BITMAP
82
82
82
82
92
92
92
6C
6C
6C
6C
6C
ENDCHAR
STARTCHAR 0058
ENCODING 88
SWIDTH 660 0
DWIDTH 11 0
BBX 7 12 2 0
BITMAP
82
82
82
6C
10
10
6C
82
82
82
82
82
ENDCHAR
STARTCHAR 0059
ENCODING 89
SWIDTH 660 0
DWIDTH 11 0
BBX 7 12 2 0
BITMAP
82
82
82
82
6C
6C
10
10
10
10
10
10
ENDCHAR
STARTCHAR 005A
ENCODING 90
SWIDTH 660 0
DWIDTH 11 0
BBX 7 12 2 0
BITMAP
FE
02
02
0C
10
10
60
80
80
80
FE
FE
ENDCHAR
STARTCHAR 005B
ENCODING 91
SWIDTH 660 0
DWIDTH 11 0
BBX 5 16 3 -2
BITMAP
F8
F8
C0
C0
C0
C0
C0
C0
C0
C0
C0
C0
C0
C0
F8
F8
ENDCHAR
STARTCHAR 005C
ENCODING 92
SWIDTH 660 0
DWIDTH 11 0
BBX 7 16 2 -2
BITMAP
80
80
80
60
60
60
10
10
10
0C
0C
0C
02
02
02
02
ENDCHAR
STARTCHAR 005D
ENCODING 93
SWIDTH 660 0
DWIDTH 11 0
BBX 5 16 3 -2
BITMAP
F8
F8
18
18
18
18
18
18
18
18
18
18
18
18
F8
F8
ENDCHAR
STARTCHAR 005E
ENCODING 94
SWIDTH 660 0
DWIDTH 11 0
BBX 5 3 3 9
BITMAP
20
D8
D8
ENDCHAR
STARTCHAR 005F
ENCODING 95
SWIDTH 660 0
DWIDTH 11 0
BBX 7 2 2 0
BITMAP
FE
FE
ENDCHAR
STARTCHAR 0060
ENCODING 96
SWIDTH 660 0
DWIDTH 11 0
BBX 3 3 3 11
BITMAP
C0
C0
20
ENDCHAR
STARTCHAR 0061
ENCODING 97
SWIDTH 660 0
DWIDTH 11 0
BBX 7 9 2 0
BITMAP
7C
02
02
7E
82
82
8E
72
72
ENDCHAR
STARTCHAR 0062
ENCODING 98
SWIDTH 660 0
DWIDTH 11 0
BBX 7 12 2 0
BITMAP
80
80
80
9C
E2
E2
82
82
82
E2
9C
9C
ENDCHAR
STARTCHAR 0063
ENCODING 99
SWIDTH 660 0
DWIDTH 11 0
BBX 7 9 2 0
BITMAP
7C
82
82
80
80
80
82
7C
7C
ENDCHAR
STARTCHAR 0064
ENCODING 100
SWIDTH 660 0
DWIDTH 11 0
BBX 7 12 2 0
BITMAP
02
02
02
72
8E
8E
82
82
82
8E
72
72
ENDCHAR
STARTCHAR 0065
ENCODING 101
SWIDTH 660 0
DWIDTH 11 0
BBX 7 9 2 0
BITMAP
7C
82
82
FE
80
80
82
7C
7C
ENDCHAR
STARTCHAR 0066
ENCODING 102
SWIDTH 660 0
DWIDTH 11 0
BBX 7 12 2 0
BITMAP
1E
60
60
FE
60
60
60
60
60
60
FC
FC
ENDCHAR
STARTCHAR 0067
ENCODING 103
SWIDTH 660 0
DWIDTH 11 0
BBX 7 12 2 -3
BITMAP
72
8E
8E
82
82
82
8E
72
72
02
02
7C
ENDCHAR
STARTCHAR 0068
ENCODING 104
SWIDTH 660 0
DWIDTH 11 0
BBX 7 12 2 0
BITMAP
80
80
80
9C
E2
E2
82
82
82
82
82
82
ENDCHAR
STARTCHAR 0069
ENCODING 105
SWIDTH 660 0
DWIDTH 11 0
BBX 7 12 2 0
BITMAP
10
00
00
F0
10
10
10
10
10
10
FE
FE
ENDCHAR
STARTCHAR 006A
ENCODING 106
SWIDTH 660 0
DWIDTH 11 0
BBX 6 15 2 -3
BITMAP
0C
00
00
7C
0C
0C
0C
0C
0C
0C
0C
0C
8C
8C
70
ENDCHAR
STARTCHAR 006B
ENCODING 107
SWIDTH 660 0
DWIDTH 11 0
BBX 7 12 2 0
BITMAP
80
80
80
82
8C
8C
90
F0
F0
8C
82
82
ENDCHAR
STARTCHAR 006C
ENCODING 108
SWIDTH 660 0
DWIDTH 11 0
BBX 7 12 2 0
BITMAP
F0
10
10
10
10
10
10
10
10
10
FE
FE
ENDCHAR
STARTCHAR 006D
ENCODING 109
SWIDTH 660 0
DWIDTH 11 0
BBX 7 9 2 0
BITMAP
EC
92
92
92
92
92
92
92
92
ENDCHAR
STARTCHAR 006E
ENCODING 110
SWIDTH 660 0
DWIDTH 11 0
BBX 7 9 2 0
BITMAP
9C
E2
E2
82
82
82
82
82
82
ENDCHAR
STARTCHAR 006F
ENCODING 111
SWIDTH 660 0
DWIDTH 11 0
BBX 7 9 2 0
BITMAP
7C
82
82
82
82
82
82
7C
7C
ENDCHAR
STARTCHAR 0070
ENCODING 112
SWIDTH 660 0
DWIDTH 11 0
BBX 7 12 2 -3
BITMAP
9C
E2
E2
82
82
82
E2
9C
9C
80
80
80
ENDCHAR
STARTCHAR 0071
ENCODING 113
SWIDTH 660 0
DWIDTH 11 0
BBX 7 12 2 -3
BITMAP
72
8E
8E
82
82
82
8E
72
72
02
02
02
ENDCHAR
STARTCHAR 0072
ENCODING 114
SWIDTH 660 0
DWIDTH 11 0
BBX 7 9 2 0
BITMAP
EE
70
70
60
60
60
60
FC
FC
ENDCHAR
STARTCHAR 0073
ENCODING 115
SWIDTH 660 0
DWIDTH 11 0
BBX 7 9 2 0
BITMAP
7C
82
82
7C
02
02
82
7C
7C
ENDCHAR
STARTCHAR 0074
ENCODING 116
SWIDTH 660 0
DWIDTH 11 0
BBX 7 12 2 0
BITMAP
60
60
60
FE
60
60
60
60
60
62
1C
1C
ENDCHAR
STARTCHAR 0075
ENCODING 117
SWIDTH 660 0
DWIDTH 11 0
BBX 7 9 2 0
BITMAP
82
82
82
82
82
82
8E
72
72
ENDCHAR
STARTCHAR 0076
ENCODING 118
SWIDTH 660 0
DWIDTH 11 0
BBX 7 9 2 0
BITMAP
82
82
82
82
6C
6C
6C
10
10
ENDCHAR
STARTCHAR 0077
ENCODING 119
SWIDTH 660 0
DWIDTH 11 0
BBX 7 9 2 0
BITMAP
92
92
92
92
92
92
92
6E
6E
ENDCHAR
STARTCHAR 0078
ENCODING 120
SWIDTH 660 0
DWIDTH 11 0
BBX 7 9 2 0
BITMAP
82
6C
6C
10
6C
6C
82
82
82
ENDCHAR
STARTCHAR 0079
ENCODING 121
SWIDTH 660 0
DWIDTH 11 0
BBX 7 12 2 -3
BITMAP
82
82
82
82
6C
6C
6C
10
10
10
10
E0
ENDCHAR
STARTCHAR 007A
ENCODING 122
SWIDTH 660 0
DWIDTH 11 0
BBX 7 9 2 0
BITMAP
FE
0C
0C
10
60
60
80
FE
FE
ENDCHAR
STARTCHAR 007B
ENCODING 123
SWIDTH 660 0
DWIDTH 11 0
BBX 8 16 0 -2
BITMAP
07
07
18
18
18
18
E0
E0
18
18
18
18
18
18
07
07
ENDCHAR
STARTCHAR 007C
ENCODING 124
SWIDTH 660 0
DWIDTH 11 0
BBX 1 16 5 -2
BITMAP
80
80
80
80
80
80
80
80
80
80
80
80
80
80
80
80
ENDCHAR
STARTCHAR 007D
ENCODING 125
SWIDTH 660 0
DWIDTH 11 0
BBX 8 16 3 -2
BITMAP
E0
E0
18
18
18
18
07
07
18
18
18
18
18
18
E0
E0
ENDCHAR
STARTCHAR 007E
ENCODING 126
SWIDTH 660 0
DWIDTH 11 0
BBX 7 5 2 3
BITMAP
60
60
92
0C
0C
ENDCHAR
STARTCHAR 00A0
ENCODING 160
SWIDTH 660 0
DWIDTH 11 0
BBX 0 0 0 0
BITMAP
ENDCHAR
STARTCHAR 00A1
ENCODING 161
SWIDTH 660 0
DWIDTH 11 0
BBX 1 12 5 -3
BITMAP
80
00
00
80
80
80
80
80
80
80
80
80
ENDCHAR
STARTCHAR 00A2
ENCODING 162
SWIDTH 660 0
DWIDTH 11 0
BBX 7 11 2 0
BITMAP
10
10
7C
92
92
90
92
92
7C
10
10
ENDCHAR
STARTCHAR 00A3
ENCODING 163
SWIDTH 660 0
DWIDTH 11 0
BBX 7 12 2 0
BITMAP
1C
62
62
60
60
60
FC
60
60
60
FE
FE
ENDCHAR
STARTCHAR 00A4
ENCODING 164
SWIDTH 660 0
DWIDTH 11 0
BBX 7 9 2 0
BITMAP
92
6C
6C
82
82
82
6C
92
92
ENDCHAR
STARTCHAR 00A5
ENCODING 165
SWIDTH 660 0
DWIDTH 11 0
BBX 7 12 2 0
BITMAP
82
82
82
6C
10
10
FE
10
10
FE
10
10
ENDCHAR
STARTCHAR 00A6
ENCODING 166
SWIDTH 660 0
DWIDTH 11 0
BBX 1 16 5 -2
BITMAP
80
80
80
80
80
80
00
00
00
80
80
80
80
80
80
80
ENDCHAR
STARTCHAR 00A7
ENCODING 167
SWIDTH 660 0
DWIDTH 11 0
BBX 7 14 2 -2
BITMAP
7C
82
82
E0
7C
7C
82
7C
7C
0E
82
82
7C
7C
ENDCHAR
STARTCHAR 00A8
ENCODING 168
SWIDTH 660 0
DWIDTH 11 0
BBX 5 1 3 11
BITMAP
D8
ENDCHAR
STARTCHAR 00A9
ENCODING 169
SWIDTH 660 0
DWIDTH 11 0
BBX 7 18 2 -3
BITMAP
7C
82
82
00
10
10
6C
60
60
60
6C
6C
10
00
00
82
82
7C
ENDCHAR
STARTCHAR 00AA
ENCODING 170
SWIDTH 660 0
DWIDTH 11 0
BBX 7 7 2 5
BITMAP
7E
82
82
82
8E
8E
72
ENDCHAR
STARTCHAR 00AB
ENCODING 171
SWIDTH 660 0
DWIDTH 11 0
BBX 9 7 0 2
BITMAP
1880
2300
2300
C400
2300
2300
1880
ENDCHAR
STARTCHAR 00AC
ENCODING 172
SWIDTH 660 0
DWIDTH 11 0
BBX 7 4 2 2
BITMAP
FE
02
02
02
ENDCHAR
STARTCHAR 00AD
ENCODING 173
SWIDTH 660 0
DWIDTH 11 0
BBX 5 1 3 5
BITMAP
F8
ENDCHAR
STARTCHAR 00AE
ENCODING 174
SWIDTH 660 0
DWIDTH 11 0
BBX 7 18 2 -3
BITMAP
7C
82
82
00
70
70
6C
6C
6C
70
6C
6C
6C
00
00
82
82
7C
ENDCHAR
STARTCHAR 00AF
ENCODING 175
SWIDTH 660 0
DWIDTH 11 0
BBX 5 1 3 11
BITMAP
F8
ENDCHAR
STARTCHAR 00B0
ENCODING 176
SWIDTH 660 0
DWIDTH 11 0
BBX 5 4 3 8
BITMAP
20
D8
D8
20
ENDCHAR
STARTCHAR 00B1
ENCODING 177
SWIDTH 660 0
DWIDTH 11 0
BBX 7 11 2 0
BITMAP
10
10
10
FE
FE
10
10
10
00
FE
FE
ENDCHAR
STARTCHAR 00B2
ENCODING 178
SWIDTH 660 0
DWIDTH 11 0
BBX 7 9 2 5
BITMAP
7C
7C
82
0C
0C
10
60
60
FE
ENDCHAR
STARTCHAR 00B3
ENCODING 179
SWIDTH 660 0
DWIDTH 11 0
BBX 7 9 2 5
BITMAP
7C
7C
82
1C
1C
02
82
82
7C
ENDCHAR
STARTCHAR 00B4
ENCODING 180
SWIDTH 660 0
DWIDTH 11 0
BBX 3 3 5 11
BITMAP
60
60
80
ENDCHAR
STARTCHAR 00B5
ENCODING 181
SWIDTH 660 0
DWIDTH 11 0
BBX 7 12 2 -3
BITMAP
82
82
82
82
82
82
8E
F2
F2
80
80
80
ENDCHAR
STARTCHAR 00B6
ENCODING 182
SWIDTH 660 0
DWIDTH 11 0
BBX 7 12 2 0
BITMAP
7E
F2
F2
F2
F2
F2
72
02
02
02
02
02
ENDCHAR
STARTCHAR 00B7
ENCODING 183
SWIDTH 660 0
DWIDTH 11 0
BBX 1 3 5 5
BITMAP
80
80
80
ENDCHAR
STARTCHAR 00B8
ENCODING 184
SWIDTH 660 0
DWIDTH 11 0
BBX 3 5 5 -5
BITMAP
80
80
60
80
80
ENDCHAR
STARTCHAR 00B9
ENCODING 185
SWIDTH 660 0
DWIDTH 11 0
BBX 5 9 3 5
BITMAP
20
20
E0
20
20
20
20
20
F8
ENDCHAR
STARTCHAR 00BA
ENCODING 186
SWIDTH 660 0
DWIDTH 11 0
BBX 7 7 2 5
BITMAP
7C
82
82
82
82
82
7C
ENDCHAR
STARTCHAR 00BB
ENCODING 187
SWIDTH 660 0
DWIDTH 11 0
BBX 9 7 2 2
BITMAP
8C00
6200
6200
1180
6200
6200
8C00
ENDCHAR
STARTCHAR 00BC
ENCODING 188
SWIDTH 660 0
DWIDTH 11 0
BBX 11 20 0 -5
BITMAP
2000
E000
E000
2000
2000
2000
F800
00E0
00E0
1F00
E000
E000
00E0
0360
0360
0460
0460
07E0
0060
0060
ENDCHAR
STARTCHAR 00BD
ENCODING 189
SWIDTH 660 0
DWIDTH 11 0
BBX 11 20 0 -5
BITMAP
2000
E000
E000
2000
2000
2000
F800
00E0
00E0
1F00
E000
E000
0380
0460
0460
0080
0080
0300
07E0
07E0
ENDCHAR
STARTCHAR 00BE
ENCODING 190
SWIDTH 660 0
DWIDTH 11 0
BBX 11 20 0 -5
BITMAP
3800
C400
C400
1800
C400
C400
3800
00E0
00E0
1F00
E000
E000
00E0
0360
0360
0460
0460
07E0
0060
0060
ENDCHAR
STARTCHAR 00BF
ENCODING 191
SWIDTH 660 0
DWIDTH 11 0
BBX 7 12 2 -3
BITMAP
10
00
00
10
10
10
60
80
80
82
82
7C
ENDCHAR
STARTCHAR 00C0
ENCODING 192
SWIDTH 660 0
DWIDTH 11 0
BBX 7 17 2 0
BITMAP
60
60
10
00
00
10
6C
6C
82
82
82
FE
82
82
82
82
82
ENDCHAR
STARTCHAR 00C1
ENCODING 193
SWIDTH 660 0
DWIDTH 11 0
BBX 7 17 2 0
BITMAP
0C
0C
10
00
00
10
6C
6C
82
82
82
FE
82
82
82
82
82
ENDCHAR
STARTCHAR 00C2
ENCODING 194
SWIDTH 660 0
DWIDTH 11 0
BBX 7 17 2 0
BITMAP
10
10
6C
00
00
10
6C
6C
82
82
82
FE
82
82
82
82
82
ENDCHAR
STARTCHAR 00C3
ENCODING 195
SWIDTH 660 0
DWIDTH 11 0
BBX 7 17 2 0
BITMAP
12
12
6C
00
00
10
6C
6C
82
82
82
FE
82
82
82
82
82
ENDCHAR
STARTCHAR 00C4
ENCODING 196
SWIDTH 660 0
DWIDTH 11 0
BBX 7 15 2 0
BITMAP
6C
00
00
10
6C
6C
82
82
82
FE
82
82
82
82
82
ENDCHAR
STARTCHAR 00C5
ENCODING 197
SWIDTH 660 0
DWIDTH 11 0
BBX 7 17 2 0
BITMAP
10
10
6C
10
10
10
6C
6C
82
82
82
FE
82
82
82
82
82
ENDCHAR
STARTCHAR 00C6
ENCODING 198
SWIDTH 660 0
DWIDTH 11 0
BBX 11 12 0 0
BITMAP
1FE0
2400
2400
C400
C780
C780
FC00
C400
C400
C400
C7E0
C7E0
ENDCHAR
STARTCHAR 00C7
ENCODING 199
SWIDTH 660 0
DWIDTH 11 0
BBX 7 17 2 -5
BITMAP
7C
82
82
80
80
80
80
80
80
82
7C
7C
10
10
0C
10
10
ENDCHAR
STARTCHAR 00C8
ENCODING 200
SWIDTH 660 0
DWIDTH 11 0
BBX 7 17 2 0
BITMAP
60
60
10
00
00
FE
80
80
80
FC
FC
80
80
80
80
FE
FE
ENDCHAR
STARTCHAR 00C9
ENCODING 201
SWIDTH 660 0
DWIDTH 11 0
BBX 7 17 2 0
BITMAP
0C
0C
10
00
00
FE
80
80
80
FC
FC
80
80
80
80
FE
FE
ENDCHAR
STARTCHAR 00CA
ENCODING 202
SWIDTH 660 0
DWIDTH 11 0
BBX 7 17 2 0
BITMAP
10
10
6C
00
00
FE
80
80
80
FC
FC
80
80
80
80
FE
FE
ENDCHAR
STARTCHAR 00CB
ENCODING 203
SWIDTH 660 0
DWIDTH 11 0
BBX 7 15 2 0
BITMAP
6C
00
00
FE
80
80
80
FC
FC
80
80
80
80
FE
FE
ENDCHAR
STARTCHAR 00CC
ENCODING 204
SWIDTH 660 0
DWIDTH 11 0
BBX 7 17 2 0
BITMAP
60
60
10
00
00
FE
10
10
10
10
10
10
10
10
10
FE
FE
ENDCHAR
STARTCHAR 00CD
ENCODING 205
SWIDTH 660 0
DWIDTH 11 0
BBX 7 17 2 0
BITMAP
0C
0C
10
00
00
FE
10
10
10
10
10
10
10
10
10
FE
FE
ENDCHAR
STARTCHAR 00CE
ENCODING 206
SWIDTH 660 0
DWIDTH 11 0
BBX 7 17 2 0
BITMAP
10
10
6C
00
00
FE
10
10
10
10
10
10
10
10
10
FE
FE
ENDCHAR
STARTCHAR 00CF
ENCODING 207
SWIDTH 660 0
DWIDTH 11 0
BBX 7 15 2 0
BITMAP
6C
00
00
FE
10
10
10
10
10
10
10
10
10
FE
FE
ENDCHAR
STARTCHAR 00D0
ENCODING 208
SWIDTH 660 0
DWIDTH 11 0
BBX 9 12 0 0
BITMAP
3F00
2080
2080
2080
FC80
FC80
2080
2080
2080
2080
3F00
3F00
ENDCHAR
STARTCHAR 00D1
ENCODING 209
SWIDTH 660 0
DWIDTH 11 0
BBX 7 17 2 0
BITMAP
12
12
6C
00
00
82
82
82
E2
92
92
8E
82
82
82
82
82
ENDCHAR
STARTCHAR 00D2
ENCODING 210
SWIDTH 660 0
DWIDTH 11 0
BBX 7 17 2 0
BITMAP
60
60
10
00
00
7C
82
82
82
82
82
82
82
82
82
7C
7C
ENDCHAR
STARTCHAR 00D3
ENCODING 211
SWIDTH 660 0
DWIDTH 11 0
BBX 7 17 2 0
BITMAP
0C
0C
10
00
00
7C
82
82
82
82
82
82
82
82
82
7C
7C
ENDCHAR
STARTCHAR 00D4
ENCODING 212
SWIDTH 660 0
DWIDTH 11 0
BBX 7 17 2 0
BITMAP
10
10
6C
00
00
7C
82
82
82
82
82
82
82
82
82
7C
7C
ENDCHAR
STARTCHAR 00D5
ENCODING 213
SWIDTH 660 0
DWIDTH 11 0
BBX 7 17 2 0
BITMAP
12
12
6C
00
00
7C
82
82
82
82
82
82
82
82
82
7C
7C
ENDCHAR
STARTCHAR 00D6
ENCODING 214
SWIDTH 660 0
DWIDTH 11 0
BBX 7 15 2 0
BITMAP
6C
00
00
7C
82
82
82
82
82
82
82
82
82
7C
7C
ENDCHAR
STARTCHAR 00D7
ENCODING 215
SWIDTH 660 0
DWIDTH 11 0
BBX 7 7 2 2
BITMAP
82
6C
6C
10
6C
6C
82
ENDCHAR
STARTCHAR 00D8
ENCODING 216
SWIDTH 660 0
DWIDTH 11 0
BBX 11 12 0 0
BITMAP
1F60
2080
2080
2380
2480
2480
3880
2080
2080
E080
1F00
1F00
ENDCHAR
STARTCHAR 00D9
ENCODING 217
SWIDTH 660 0
DWIDTH 11 0
BBX 7 17 2 0
BITMAP
60
60
10
00
00
82
82
82
82
82
82
82
82
82
82
7C
7C
ENDCHAR
STARTCHAR 00DA
ENCODING 218
SWIDTH 660 0
DWIDTH 11 0
BBX 7 17 2 0
BITMAP
0C
0C
10
00
00
82
82
82
82
82
82
82
82
82
82
7C
7C
ENDCHAR
STARTCHAR 00DB
ENCODING 219
SWIDTH 660 0
DWIDTH 11 0
BBX 7 17 2 0
BITMAP
10
10
6C
00
00
82
82
82
82
82
82
82
82
82
82
7C
7C
ENDCHAR
STARTCHAR 00DC
ENCODING 220
SWIDTH 660 0
DWIDTH 11 0
BBX 7 15 2 0
BITMAP
6C
00
00
82
82
82
82
82
82
82
82
82
82
7C
7C
ENDCHAR
STARTCHAR 00DD
ENCODING 221
SWIDTH 660 0
DWIDTH 11 0
BBX 7 17 2 0
BITMAP
0C
0C
10
00
00
82
82
82
82
6C
6C
10
10
10
10
10
10
ENDCHAR
STARTCHAR 00DE
ENCODING 222
SWIDTH 660 0
DWIDTH 11 0
BBX 7 12 2 0
BITMAP
80
FC
FC
82
82
82
82
FC
FC
80
80
80
ENDCHAR
STARTCHAR 00DF
ENCODING 223
SWIDTH 660 0
DWIDTH 11 0
BBX 7 15 2 -3
BITMAP
70
8C
8C
8C
8C
8C
82
82
82
82
9C
9C
80
80
80
ENDCHAR
STARTCHAR 00E0
ENCODING 224
SWIDTH 660 0
DWIDTH 11 0
BBX 7 14 2 0
BITMAP
60
60
10
00
00
7C
02
02
7E
82
82
8E
72
72
ENDCHAR
STARTCHAR 00E1
ENCODING 225
SWIDTH 660 0
DWIDTH 11 0
BBX 7 14 2 0
BITMAP
0C
0C
10
00
00
7C
02
02
7E
82
82
8E
72
72
ENDCHAR
STARTCHAR 00E2
ENCODING 226
SWIDTH 660 0
DWIDTH 11 0
BBX 7 14 2 0
BITMAP
10
10
6C
00
00
7C
02
02
7E
82
82
8E
72
72
ENDCHAR
STARTCHAR 00E3
ENCODING 227
SWIDTH 660 0
DWIDTH 11 0
BBX 7 14 2 0
BITMAP
12
12
6C
00
00
7C
02
02
7E
82
82
8E
72
72
ENDCHAR
STARTCHAR 00E4
ENCODING 228
SWIDTH 660 0
DWIDTH 11 0
BBX 7 12 2 0
BITMAP
6C
00
00
7C
02
02
7E
82
82
8E
72
72
ENDCHAR
STARTCHAR 00E5
ENCODING 229
SWIDTH 660 0
DWIDTH 11 0
BBX 7 15 2 0
BITMAP
10
6C
6C
10
00
00
7C
02
02
7E
82
82
8E
72
72
ENDCHAR
STARTCHAR 00E6
ENCODING 230
SWIDTH 660 0
DWIDTH 11 0
BBX 11 9 0 0
BITMAP
3B80
0460
0460
3FE0
C400
C400
C460
3B80
3B80
ENDCHAR
STARTCHAR 00E7
ENCODING 231
SWIDTH 660 0
DWIDTH 11 0
BBX 7 14 2 -5
BITMAP
7C
82
82
80
80
80
82
7C
7C
10
10
0C
10
10
ENDCHAR
STARTCHAR 00E8
ENCODING 232
SWIDTH 660 0
DWIDTH 11 0
BBX 7 14 2 0
BITMAP
60
60
10
00
00
7C
82
82
FE
80
80
82
7C
7C
ENDCHAR
STARTCHAR 00E9
ENCODING 233
SWIDTH 660 0
DWIDTH 11 0
BBX 7 14 2 0
BITMAP
0C
0C
10
00
00
7C
82
82
FE
80
80
82
7C
7C
ENDCHAR
STARTCHAR 00EA
ENCODING 234
SWIDTH 660 0
DWIDTH 11 0
BBX 7 14 2 0
BITMAP
10
10
6C
00
00
7C
82
82
FE
80
80
82
7C
7C
ENDCHAR
STARTCHAR 00EB
ENCODING 235
SWIDTH 660 0
DWIDTH 11 0
BBX 7 12 2 0
BITMAP
6C
00
00
7C
82
82
FE
80
80
82
7C
7C
ENDCHAR
STARTCHAR 00EC
ENCODING 236
SWIDTH 660 0
DWIDTH 11 0
BBX 7 14 2 0
BITMAP
60
60
10
00
00
F0
10
10
10
10
10
10
FE
FE
ENDCHAR
STARTCHAR 00ED
ENCODING 237
SWIDTH 660 0
DWIDTH 11 0
BBX 7 14 2 0
BITMAP
0C
0C
10
00
00
F0
10
10
10
10
10
10
FE
FE
ENDCHAR
STARTCHAR 00EE
ENCODING 238
SWIDTH 660 0
DWIDTH 11 0
BBX 7 14 2 0
BITMAP
10
10
6C
00
00
F0
10
10
10
10
10
10
FE
FE
ENDCHAR
STARTCHAR 00EF
ENCODING 239
SWIDTH 660 0
DWIDTH 11 0
BBX 7 12 2 0
BITMAP
6C
00
00
F0
10
10
10
10
10
10
FE
FE
ENDCHAR
STARTCHAR 00F0
ENCODING 240
SWIDTH 660 0
DWIDTH 11 0
BBX 7 12 2 0
BITMAP
72
0C
0C
72
8E
8E
82
82
82
82
7C
7C
ENDCHAR
STARTCHAR 00F1
ENCODING 241
SWIDTH 660 0
DWIDTH 11 0
BBX 7 14 2 0
BITMAP
12
12
6C
00
00
9C
E2
E2
82
82
82
82
82
82
ENDCHAR
STARTCHAR 00F2
ENCODING 242
SWIDTH 660 0
DWIDTH 11 0
BBX 7 14 2 0
BITMAP
60
60
10
00
00
7C
82
82
82
82
82
82
7C
7C
ENDCHAR
STARTCHAR 00F3
ENCODING 243
SWIDTH 660 0
DWIDTH 11 0
BBX 7 14 2 0
BITMAP
0C
0C
10
00
00
7C
82
82
82
82
82
82
7C
7C
ENDCHAR
STARTCHAR 00F4
ENCODING 244
SWIDTH 660 0
DWIDTH 11 0
BBX 7 14 2 0
BITMAP
10
10
6C
00
00
7C
82
82
82
82
82
82
7C
7C
ENDCHAR
STARTCHAR 00F5
ENCODING 245
SWIDTH 660 0
DWIDTH 11 0
BBX 7 14 2 0
BITMAP
12
12
6C
00
00
7C
82
82
82
82
82
82
7C
7C
ENDCHAR
STARTCHAR 00F6
ENCODING 246
SWIDTH 660 0
DWIDTH 11 0
BBX 7 12 2 0
BITMAP
6C
00
00
7C
82
82
82
82
82
82
7C
7C
ENDCHAR
STARTCHAR 00F7
ENCODING 247
SWIDTH 660 0
DWIDTH 11 0
BBX 7 7 2 2
BITMAP
10
00
00
FE
00
00
10
ENDCHAR
STARTCHAR 00F8
ENCODING 248
SWIDTH 660 0
DWIDTH 11 0
BBX 11 11 0 -2
BITMAP
1F60
2080
2080
2380
2480
2480
3880
3F00
3F00
C000
C000
ENDCHAR
STARTCHAR 00F9
ENCODING 249
SWIDTH 660 0
DWIDTH 11 0
BBX 7 14 2 0
BITMAP
60
60
10
00
00
82
82
82
82
82
82
8E
72
72
ENDCHAR
STARTCHAR 00FA
ENCODING 250
SWIDTH 660 0
DWIDTH 11 0
BBX 7 14 2 0
BITMAP
0C
0C
10
00
00
82
82
82
82
82
82
8E
72
72
ENDCHAR
STARTCHAR 00FB
ENCODING 251
SWIDTH 660 0
DWIDTH 11 0
BBX 7 14 2 0
BITMAP
10
10
6C
00
00
82
82
82
82
82
82
8E
72
72
ENDCHAR
STARTCHAR 00FC
ENCODING 252
SWIDTH 660 0
DWIDTH 11 0
BBX 7 12 2 0
BITMAP
6C
00
00
82
82
82
82
82
82
8E
72
72
ENDCHAR
STARTCHAR 00FD
ENCODING 253
SWIDTH 660 0
DWIDTH 11 0
BBX 7 17 2 -3
BITMAP
0C
0C
10
00
00
82
82
82
82
6C
6C
6C
10
10
10
10
E0
ENDCHAR
STARTCHAR 00FE
ENCODING 254
SWIDTH 660 0
DWIDTH 11 0
BBX 7 15 2 -3
BITMAP
80
80
80
9C
E2
E2
82
82
82
E2
9C
9C
80
80
80
ENDCHAR
STARTCHAR 00FF
ENCODING 255
SWIDTH 660 0
DWIDTH 11 0
BBX 7 15 2 -3
BITMAP
6C
00
00
82
82
82
82
6C
6C
6C
10
10
10
10
E0
ENDCHAR
STARTCHAR 0100
ENCODING 256
SWIDTH 660 0
DWIDTH 11 0
BBX 7 15 2 0
BITMAP
7C
00
00
10
6C
6C
82
82
82
FE
82
82
82
82
82
ENDCHAR
STARTCHAR 0101
ENCODING 257
SWIDTH 660 0
DWIDTH 11 0
BBX 7 12 2 0
BITMAP
7C
00
00
7C
02
02
7E
82
82
8E
72
72
ENDCHAR
STARTCHAR 0102
ENCODING 258
SWIDTH 660 0
DWIDTH 11 0
BBX 7 17 2 0
BITMAP
82
82
7C
00
00
10
6C
6C
82
82
82
FE
82
82
82
82
82
ENDCHAR
STARTCHAR 0103
ENCODING 259
SWIDTH 660 0
DWIDTH 11 0
BBX 7 14 2 0
BITMAP
82
82
7C
00
00
7C
02
02
7E
82
82
8E
72
72
ENDCHAR
STARTCHAR 0104
ENCODING 260
SWIDTH 660 0
DWIDTH 11 0
BBX 7 17 2 -5
BITMAP
10
6C
6C
82
82
82
FE
82
82
82
82
82
02
02
0C
02
02
ENDCHAR
STARTCHAR 0105
ENCODING 261
SWIDTH 660 0
DWIDTH 11 0
BBX 7 14 2 -5
BITMAP
7C
02
02
7E
82
82
8E
72
72
02
02
0C
02
02
ENDCHAR
STARTCHAR 0106
ENCODING 262
SWIDTH 660 0
DWIDTH 11 0
BBX 7 17 2 0
BITMAP
0C
0C
10
00
00
7C
82
82
80
80
80
80
80
80
82
7C
7C
ENDCHAR
STARTCHAR 0107
ENCODING 263
SWIDTH 660 0
DWIDTH 11 0
BBX 7 14 2 0
BITMAP
0C
0C
10
00
00
7C
82
82
80
80
80
82
7C
7C
ENDCHAR
STARTCHAR 0108
ENCODING 264
SWIDTH 660 0
DWIDTH 11 0
BBX 7 17 2 0
BITMAP
10
10
6C
00
00
7C
82
82
80
80
80
80
80
80
82
7C
7C
ENDCHAR
STARTCHAR 0109
ENCODING 265
SWIDTH 660 0
DWIDTH 11 0
BBX 7 14 2 0
BITMAP
10
10
6C
00
00
7C
82
82
80
80
80
82
7C
7C
ENDCHAR
STARTCHAR 010A
ENCODING 266
SWIDTH 660 0
DWIDTH 11 0
BBX 7 15 2 0
BITMAP
10
00
00
7C
82
82
80
80
80
80
80
80
82
7C
7C
ENDCHAR
STARTCHAR 010B
ENCODING 267
SWIDTH 660 0
DWIDTH 11 0
BBX 7 12 2 0
BITMAP
10
00
00
7C
82
82
80
80
80
82
7C
7C
ENDCHAR
STARTCHAR 010C
ENCODING 268
SWIDTH 660 0
DWIDTH 11 0
BBX 7 17 2 0
BITMAP
6C
6C
10
00
00
7C
82
82
80
80
80
80
80
80
82
7C
7C
ENDCHAR
STARTCHAR 010D
ENCODING 269
SWIDTH 660 0
DWIDTH 11 0
BBX 7 14 2 0
BITMAP
6C
6C
10
00
00
7C
82
82
80
80
80
82
7C
7C
ENDCHAR
STARTCHAR 010E
ENCODING 270
SWIDTH 660 0
DWIDTH 11 0
BBX 7 17 2 0
BITMAP
6C
6C
10
00
00
FC
82
82
82
82
82
82
82
82
82
FC
FC
ENDCHAR
STARTCHAR 010F
ENCODING 271
SWIDTH 660 0
DWIDTH 11 0
BBX 11 12 0 0
BITMAP
0360
0380
0380
3B00
C700
C700
C300
C300
C300
C700
3B00
3B00
ENDCHAR
STARTCHAR 0110
ENCODING 272
SWIDTH 660 0
DWIDTH 11 0
BBX 9 12 0 0
BITMAP
3F00
2080
2080
2080
FC80
FC80
2080
2080
2080
2080
3F00
3F00
ENDCHAR
STARTCHAR 0111
ENCODING 273
SWIDTH 660 0
DWIDTH 11 0
BBX 9 12 2 0
BITMAP
1F80
0200
0200
7200
8E00
8E00
8200
8200
8200
8E00
7200
7200
ENDCHAR
STARTCHAR 0112
ENCODING 274
SWIDTH 660 0
DWIDTH 11 0
BBX 7 15 2 0
BITMAP
7C
00
00
FE
80
80
80
FC
FC
80
80
80
80
FE
FE
ENDCHAR
STARTCHAR 0113
ENCODING 275
SWIDTH 660 0
DWIDTH 11 0
BBX 7 12 2 0
BITMAP
7C
00
00
7C
82
82
FE
80
80
82
7C
7C
ENDCHAR
STARTCHAR 0114
ENCODING 276
SWIDTH 660 0
DWIDTH 11 0
BBX 7 17 2 0
BITMAP
82
82
7C
00
00
FE
80
80
80
FC
FC
80
80
80
80
FE
FE
ENDCHAR
STARTCHAR 0115
ENCODING 277
SWIDTH 660 0
DWIDTH 11 0
BBX 7 14 2 0
BITMAP
82
82
7C
00
00
7C
82
82
FE
80
80
82
7C
7C
ENDCHAR
STARTCHAR 0116
ENCODING 278
SWIDTH 660 0
DWIDTH 11 0
BBX 7 15 2 0
BITMAP
10
00
00
FE
80
80
80
FC
FC
80
80
80
80
FE
FE
ENDCHAR
STARTCHAR 0117
ENCODING 279
SWIDTH 660 0
DWIDTH 11 0
BBX 7 12 2 0
BITMAP
10
00
00
7C
82
82
FE
80
80
82
7C
7C
ENDCHAR
STARTCHAR 0118
ENCODING 280
SWIDTH 660 0
DWIDTH 11 0
BBX 7 17 2 -5
BITMAP
FE
80
80
80
FC
FC
80
80
80
80
FE
FE
02
02
0C
02
02
ENDCHAR
STARTCHAR 0119
ENCODING 281
SWIDTH 660 0
DWIDTH 11 0
BBX 7 14 2 -5
BITMAP
7C
82
82
FE
80
80
82
7C
7C
10
10
60
10
10
ENDCHAR
STARTCHAR 011A
ENCODING 282
SWIDTH 660 0
DWIDTH 11 0
BBX 7 17 2 0
BITMAP
6C
6C
10
00
00
FE
80
80
80
FC
FC
80
80
80
80
FE
FE
ENDCHAR
STARTCHAR 011B
ENCODING 283
SWIDTH 660 0
DWIDTH 11 0
BBX 7 14 2 0
BITMAP
6C
6C
10
00
00
7C
82
82
FE
80
80
82
7C
7C
ENDCHAR
STARTCHAR 011C
ENCODING 284
SWIDTH 660 0
DWIDTH 11 0
BBX 7 17 2 0
BITMAP
10
10
6C
00
00
7C
82
82
80
80
80
8E
82
82
82
7C
7C
ENDCHAR
STARTCHAR 011D
ENCODING 285
SWIDTH 660 0
DWIDTH 11 0
BBX 7 17 2 -3
BITMAP
10
10
6C
00
00
72
8E
8E
82
82
82
8E
72
72
02
02
7C
ENDCHAR
STARTCHAR 011E
ENCODING 286
SWIDTH 660 0
DWIDTH 11 0
BBX 7 17 2 0
BITMAP
82
82
7C
00
00
7C
82
82
80
80
80
8E
82
82
82
7C
7C
ENDCHAR
STARTCHAR 011F
ENCODING 287
SWIDTH 660 0
DWIDTH 11 0
BBX 7 17 2 -3
BITMAP
82
82
7C
00
00
72
8E
8E
82
82
82
8E
72
72
02
02
7C
ENDCHAR
STARTCHAR 0120
ENCODING 288
SWIDTH 660 0
DWIDTH 11 0
BBX 7 15 2 0
BITMAP
10
00
00
7C
82
82
80
80
80
8E
82
82
82
7C
7C
ENDCHAR
STARTCHAR 0121
ENCODING 289
SWIDTH 660 0
DWIDTH 11 0
BBX 7 15 2 -3
BITMAP
10
00
00
72
8E
8E
82
82
82
8E
72
72
02
02
7C
ENDCHAR
STARTCHAR 0122
ENCODING 290
SWIDTH 660 0
DWIDTH 11 0
BBX 7 17 2 -5
BITMAP
7C
82
82
80
80
80
8E
82
82
82
7C
7C
00
00
10
60
60
ENDCHAR
STARTCHAR 0123
ENCODING 291
SWIDTH 660 0
DWIDTH 11 0
BBX 7 17 2 -3
BITMAP
0C
0C
10
00
00
72
8E
8E
82
82
82
8E
72
72
02
02
7C
ENDCHAR
STARTCHAR 0124
ENCODING 292
SWIDTH 660 0
DWIDTH 11 0
BBX 7 17 2 0
BITMAP
10
10
6C
00
00
82
82
82
82
FE
FE
82
82
82
82
82
82
ENDCHAR
STARTCHAR 0125
ENCODING 293
SWIDTH 660 0
DWIDTH 11 0
BBX 9 17 0 0
BITMAP
2000
2000
D800
0000
0000
2000
2000
2000
2700
3880
3880
2080
2080
2080
2080
2080
2080
ENDCHAR
STARTCHAR 0126
ENCODING 294
SWIDTH 660 0
DWIDTH 11 0
BBX 11 12 0 0
BITMAP
2080
FFE0
FFE0
2080
3F80
3F80
2080
2080
2080
2080
2080
2080
ENDCHAR
STARTCHAR 0127
ENCODING 295
SWIDTH 660 0
DWIDTH 11 0
BBX 9 12 0 0
BITMAP
FC00
2000
2000
2700
3880
3880
2080
2080
2080
2080
2080
2080
ENDCHAR
STARTCHAR 0128
ENCODING 296
SWIDTH 660 0
DWIDTH 11 0
BBX 7 17 2 0
BITMAP
12
12
6C
00
00
FE
10
10
10
10
10
10
10
10
10
FE
FE
ENDCHAR
STARTCHAR 0129
ENCODING 297
SWIDTH 660 0
DWIDTH 11 0
BBX 7 14 2 0
BITMAP
6C
6C
90
00
00
F0
10
10
10
10
10
10
FE
FE
ENDCHAR
STARTCHAR 012A
ENCODING 298
SWIDTH 660 0
DWIDTH 11 0
BBX 7 15 2 0
BITMAP
7C
00
00
FE
10
10
10
10
10
10
10
10
10
FE
FE
ENDCHAR
STARTCHAR 012B
ENCODING 299
SWIDTH 660 0
DWIDTH 11 0
BBX 7 12 2 0
BITMAP
7C
00
00
F0
10
10
10
10
10
10
FE
FE
ENDCHAR
STARTCHAR 012C
ENCODING 300
SWIDTH 660 0
DWIDTH 11 0
BBX 7 17 2 0
BITMAP
82
82
7C
00
00
FE
10
10
10
10
10
10
10
10
10
FE
FE
ENDCHAR
STARTCHAR 012D
ENCODING 301
SWIDTH 660 0
DWIDTH 11 0
BBX 7 14 2 0
BITMAP
82
82
7C
00
00
F0
10
10
10
10
10
10
FE
FE
ENDCHAR
STARTCHAR 012E
ENCODING 302
SWIDTH 660 0
DWIDTH 11 0
BBX 7 17 2 -5
BITMAP
FE
10
10
10
10
10
10
10
10
10
FE
FE
10
10
60
10
10
ENDCHAR
STARTCHAR 012F
ENCODING 303
SWIDTH 660 0
DWIDTH 11 0
BBX 7 14 2 -5
BITMAP
F0
10
10
10
10
10
10
FE
FE
10
10
60
10
10
ENDCHAR
STARTCHAR 0130
ENCODING 304
SWIDTH 660 0
DWIDTH 11 0
BBX 7 15 2 0
BITMAP
10
00
00
FE
10
10
10
10
10
10
10
10
10
FE
FE
ENDCHAR
STARTCHAR 0131
ENCODING 305
SWIDTH 660 0
DWIDTH 11 0
BBX 7 9 2 0
BITMAP
F0
10
10
10
10
10
10
FE
FE
ENDCHAR
STARTCHAR 0132
ENCODING 306
SWIDTH 660 0
DWIDTH 11 0
BBX 7 12 2 0
BITMAP
8E
82
82
82
82
82
02
02
02
82
7C
7C
ENDCHAR
STARTCHAR 0133
ENCODING 307
SWIDTH 660 0
DWIDTH 11 0
BBX 7 15 2 -3
BITMAP
82
00
00
82
82
82
82
82
82
8E
72
72
02
02
1C
ENDCHAR
STARTCHAR 0134
ENCODING 308
SWIDTH 660 0
DWIDTH 11 0
BBX 7 17 2 0
BITMAP
0C
0C
12
00
00
1E
02
02
02
02
02
02
02
02
82
7C
7C
ENDCHAR
STARTCHAR 0135
ENCODING 309
SWIDTH 660 0
DWIDTH 11 0
BBX 6 17 2 -3
BITMAP
10
10
6C
00
00
7C
0C
0C
0C
0C
0C
0C
0C
0C
8C
8C
70
ENDCHAR
STARTCHAR 0136
ENCODING 310
SWIDTH 660 0
DWIDTH 11 0
BBX 7 17 2 -5
BITMAP
82
8C
8C
90
F0
F0
8C
8C
8C
82
82
82
00
00
10
60
60
ENDCHAR
STARTCHAR 0137
ENCODING 311
SWIDTH 660 0
DWIDTH 11 0
BBX 7 17 2 -5
BITMAP
80
80
80
82
8C
8C
90
F0
F0
8C
82
82
00
00
10
60
60
ENDCHAR
STARTCHAR 0138
ENCODING 312
SWIDTH 660 0
DWIDTH 11 0
BBX 7 9 2 0
BITMAP
82
8C
8C
90
F0
F0
8C
82
82
ENDCHAR
STARTCHAR 0139
ENCODING 313
SWIDTH 660 0
DWIDTH 11 0
BBX 7 17 2 0
BITMAP
60
60
80
00
00
80
80
80
80
80
80
80
80
80
80
FE
FE
ENDCHAR
STARTCHAR 013A
ENCODING 314
SWIDTH 660 0
DWIDTH 11 0
BBX 7 17 2 0
BITMAP
0C
0C
10
00
00
F0
10
10
10
10
10
10
10
10
10
FE
FE
ENDCHAR
STARTCHAR 013B
ENCODING 315
SWIDTH 660 0
DWIDTH 11 0
BBX 7 17 2 -5
BITMAP
80
80
80
80
80
80
80
80
80
80
FE
FE
00
00
10
60
60
ENDCHAR
STARTCHAR 013C
ENCODING 316
SWIDTH 660 0
DWIDTH 11 0
BBX 7 17 2 -5
BITMAP
F0
10
10
10
10
10
10
10
10
10
FE
FE
00
00
10
60
60
ENDCHAR
STARTCHAR 013D
ENCODING 317
SWIDTH 660 0
DWIDTH 11 0
BBX 7 12 2 0
BITMAP
8C
90
90
80
80
80
80
80
80
80
FE
FE
ENDCHAR
STARTCHAR 013E
ENCODING 318
SWIDTH 660 0
DWIDTH 11 0
BBX 9 12 2 0
BITMAP
F180
1200
1200
1000
1000
1000
1000
1000
1000
1000
FE00
FE00
ENDCHAR
STARTCHAR 013F
ENCODING 319
SWIDTH 660 0
DWIDTH 11 0
BBX 7 12 2 0
BITMAP
80
80
80
80
8C
8C
8C
80
80
80
FE
FE
ENDCHAR
STARTCHAR 0140
ENCODING 320
SWIDTH 660 0
DWIDTH 11 0
BBX 7 12 2 0
BITMAP
F0
10
10
10
12
12
12
10
10
10
FE
FE
ENDCHAR
STARTCHAR 0141
ENCODING 321
SWIDTH 660 0
DWIDTH 11 0
BBX 9 12 0 0
BITMAP
2000
2300
2300
2400
3800
3800
2000
E000
E000
2000
3F80
3F80
ENDCHAR
STARTCHAR 0142
ENCODING 322
SWIDTH 660 0
DWIDTH 11 0
BBX 7 12 2 0
BITMAP
F0
12
12
1C
10
10
70
90
90
10
FE
FE
ENDCHAR
STARTCHAR 0143
ENCODING 323
SWIDTH 660 0
DWIDTH 11 0
BBX 7 17 2 0
BITMAP
0C
0C
10
00
00
82
82
82
E2
92
92
8E
82
82
82
82
82
ENDCHAR
STARTCHAR 0144
ENCODING 324
SWIDTH 660 0
DWIDTH 11 0
BBX 7 14 2 0
BITMAP
0C
0C
10
00
00
9C
E2
E2
82
82
82
82
82
82
ENDCHAR
STARTCHAR 0145
ENCODING 325
SWIDTH 660 0
DWIDTH 11 0
BBX 7 17 2 -5
BITMAP
82
82
82
E2
92
92
8E
82
82
82
82
82
00
00
10
60
60
ENDCHAR
STARTCHAR 0146
ENCODING 326
SWIDTH 660 0
DWIDTH 11 0
BBX 7 14 2 -5
BITMAP
9C
E2
E2
82
82
82
82
82
82
00
00
10
60
60
ENDCHAR
STARTCHAR 0147
ENCODING 327
SWIDTH 660 0
DWIDTH 11 0
BBX 7 17 2 0
BITMAP
6C
6C
10
00
00
82
82
82
E2
92
92
8E
82
82
82
82
82
ENDCHAR
STARTCHAR 0148
ENCODING 328
SWIDTH 660 0
DWIDTH 11 0
BBX 7 14 2 0
BITMAP
6C
6C
10
00
00
9C
E2
E2
82
82
82
82
82
82
ENDCHAR
STARTCHAR 014A
ENCODING 330
SWIDTH 660 0
DWIDTH 11 0
BBX 7 15 2 -3
BITMAP
82
82
82
E2
92
92
8E
82
82
82
82
82
02
02
0C
ENDCHAR
STARTCHAR 014B
ENCODING 331
SWIDTH 660 0
DWIDTH 11 0
BBX 7 12 2 -3
BITMAP
9C
E2
E2
82
82
82
82
82
82
02
02
0C
ENDCHAR
STARTCHAR 014C
ENCODING 332
SWIDTH 660 0
DWIDTH 11 0
BBX 7 15 2 0
BITMAP
7C
00
00
7C
82
82
82
82
82
82
82
82
82
7C
7C
ENDCHAR
STARTCHAR 014D
ENCODING 333
SWIDTH 660 0
DWIDTH 11 0
BBX 7 12 2 0
BITMAP
7C
00
00
7C
82
82
82
82
82
82
7C
7C
ENDCHAR
STARTCHAR 014E
ENCODING 334
SWIDTH 660 0
DWIDTH 11 0
BBX 7 17 2 0
BITMAP
82
82
7C
00
00
7C
82
82
82
82
82
82
82
82
82
7C
7C
ENDCHAR
STARTCHAR 014F
ENCODING 335
SWIDTH 660 0
DWIDTH 11 0
BBX 7 14 2 0
BITMAP
82
82
7C
00
00
7C
82
82
82
82
82
82
7C
7C
ENDCHAR
STARTCHAR 0150
ENCODING 336
SWIDTH 660 0
DWIDTH 11 0
BBX 7 17 2 0
BITMAP
6C
6C
6C
00
00
7C
82
82
82
82
82
82
82
82
82
7C
7C
ENDCHAR
STARTCHAR 0151
ENCODING 337
SWIDTH 660 0
DWIDTH 11 0
BBX 7 14 2 0
BITMAP
6C
6C
6C
00
00
7C
82
82
82
82
82
82
7C
7C
ENDCHAR
STARTCHAR 0152
ENCODING 338
SWIDTH 660 0
DWIDTH 11 0
BBX 11 12 0 0
BITMAP
3FE0
C400
C400
C400
C780
C780
C400
C400
C400
C400
3FE0
3FE0
ENDCHAR
STARTCHAR 0153
ENCODING 339
SWIDTH 660 0
DWIDTH 11 0
BBX 11 9 0 0
BITMAP
3B80
C460
C460
C7E0
C400
C400
C460
3B80
3B80
ENDCHAR
STARTCHAR 0154
ENCODING 340
SWIDTH 660 0
DWIDTH 11 0
BBX 7 17 2 0
BITMAP
0C
0C
10
00
00
FC
82
82
82
82
82
FC
8C
8C
82
82
82
ENDCHAR
STARTCHAR 0155
ENCODING 341
SWIDTH 660 0
DWIDTH 11 0
BBX 7 14 2 0
BITMAP
0C
0C
10
00
00
EE
70
70
60
60
60
60
FC
FC
ENDCHAR
STARTCHAR 0156
ENCODING 342
SWIDTH 660 0
DWIDTH 11 0
BBX 7 17 2 -5
BITMAP
FC
82
82
82
82
82
FC
8C
8C
82
82
82
00
00
10
60
60
ENDCHAR
STARTCHAR 0157
ENCODING 343
SWIDTH 660 0
DWIDTH 11 0
BBX 7 14 2 -5
BITMAP
EE
70
70
60
60
60
60
FC
FC
00
00
60
80
80
ENDCHAR
STARTCHAR 0158
ENCODING 344
SWIDTH 660 0
DWIDTH 11 0
BBX 7 17 2 0
BITMAP
6C
6C
10
00
00
FC
82
82
82
82
82
FC
8C
8C
82
82
82
ENDCHAR
STARTCHAR 0159
ENCODING 345
SWIDTH 660 0
DWIDTH 11 0
BBX 7 14 2 0
BITMAP
6C
6C
10
00
00
EE
70
70
60
60
60
60
FC
FC
ENDCHAR
STARTCHAR 015A
ENCODING 346
SWIDTH 660 0
DWIDTH 11 0
BBX 7 17 2 0
BITMAP
0C
0C
10
00
00
7C
82
82
80
7C
7C
02
02
02
82
7C
7C
ENDCHAR
STARTCHAR 015B
ENCODING 347
SWIDTH 660 0
DWIDTH 11 0
BBX 7 14 2 0
BITMAP
0C
0C
10
00
00
7C
82
82
7C
02
02
82
7C
7C
ENDCHAR
STARTCHAR 015C
ENCODING 348
SWIDTH 660 0
DWIDTH 11 0
BBX 7 17 2 0
BITMAP
10
10
6C
00
00
7C
82
82
80
7C
7C
02
02
02
82
7C
7C
ENDCHAR
STARTCHAR 015D
ENCODING 349
SWIDTH 660 0
DWIDTH 11 0
BBX 7 14 2 0
BITMAP
10
10
6C
00
00
7C
82
82
7C
02
02
82
7C
7C
ENDCHAR
STARTCHAR 015E
ENCODING 350
SWIDTH 660 0
DWIDTH 11 0
BBX 7 17 2 -5
BITMAP
7C
82
82
80
7C
7C
02
02
02
82
7C
7C
10
10
0C
10
10
ENDCHAR
STARTCHAR 015F
ENCODING 351
SWIDTH 660 0
DWIDTH 11 0
BBX 7 14 2 -5
BITMAP
7C
82
82
7C
02
02
82
7C
7C
10
10
0C
10
10
ENDCHAR
STARTCHAR 0160
ENCODING 352
SWIDTH 660 0
DWIDTH 11 0
BBX 7 17 2 0
BITMAP
6C
6C
10
00
00
7C
82
82
80
7C
7C
02
02
02
82
7C
7C
ENDCHAR
STARTCHAR 0161
ENCODING 353
SWIDTH 660 0
DWIDTH 11 0
BBX 7 14 2 0
BITMAP
6C
6C
10
00
00
7C
82
82
7C
02
02
82
7C
7C
ENDCHAR
STARTCHAR 0162
ENCODING 354
SWIDTH 660 0
DWIDTH 11 0
BBX 7 17 2 -5
BITMAP
FE
10
10
10
10
10
10
10
10
10
10
10
10
10
0C
10
10
ENDCHAR
STARTCHAR 0163
ENCODING 355
SWIDTH 660 0
DWIDTH 11 0
BBX 7 17 2 -5
BITMAP
60
60
60
FE
60
60
60
60
60
62
1C
1C
10
10
0C
10
10
ENDCHAR
STARTCHAR 0164
ENCODING 356
SWIDTH 660 0
DWIDTH 11 0
BBX 7 17 2 0
BITMAP
6C
6C
10
00
00
FE
10
10
10
10
10
10
10
10
10
10
10
ENDCHAR
STARTCHAR 0165
ENCODING 357
SWIDTH 660 0
DWIDTH 11 0
BBX 7 14 2 0
BITMAP
02
02
6C
60
60
FE
60
60
60
60
60
62
1C
1C
ENDCHAR
STARTCHAR 0166
ENCODING 358
SWIDTH 660 0
DWIDTH 11 0
BBX 7 12 2 0
BITMAP
FE
10
10
10
7C
7C
10
10
10
10
10
10
ENDCHAR
STARTCHAR 0167
ENCODING 359
SWIDTH 660 0
DWIDTH 11 0
BBX 7 12 2 0
BITMAP
60
60
60
FE
60
60
FE
60
60
62
1C
1C
ENDCHAR
STARTCHAR 0168
ENCODING 360
SWIDTH 660 0
DWIDTH 11 0
BBX 7 17 2 0
BITMAP
12
12
6C
00
00
82
82
82
82
82
82
82
82
82
82
7C
7C
ENDCHAR
STARTCHAR 0169
ENCODING 361
SWIDTH 660 0
DWIDTH 11 0
BBX 7 14 2 0
BITMAP
12
12
6C
00
00
82
82
82
82
82
82
8E
72
72
ENDCHAR
STARTCHAR 016A
ENCODING 362
SWIDTH 660 0
DWIDTH 11 0
BBX 7 15 2 0
BITMAP
7C
00
00
82
82
82
82
82
82
82
82
82
82
7C
7C
ENDCHAR
STARTCHAR 016B
ENCODING 363
SWIDTH 660 0
DWIDTH 11 0
BBX 7 12 2 0
BITMAP
7C
00
00
82
82
82
82
82
82
8E
72
72
ENDCHAR
STARTCHAR 016C
ENCODING 364
SWIDTH 660 0
DWIDTH 11 0
BBX 7 17 2 0
BITMAP
82
82
7C
00
00
82
82
82
82
82
82
82
82
82
82
7C
7C
ENDCHAR
STARTCHAR 016D
ENCODING 365
SWIDTH 660 0
DWIDTH 11 0
BBX 7 14 2 0
BITMAP
82
82
7C
00
00
82
82
82
82
82
82
8E
72
72
ENDCHAR
STARTCHAR 016E
ENCODING 366
SWIDTH 660 0
DWIDTH 11 0
BBX 7 17 2 0
BITMAP
10
10
6C
10
10
82
82
82
82
82
82
82
82
82
82
7C
7C
ENDCHAR
STARTCHAR 016F
ENCODING 367
SWIDTH 660 0
DWIDTH 11 0
BBX 7 15 2 0
BITMAP
10
6C
6C
10
00
00
82
82
82
82
82
82
8E
72
72
ENDCHAR
STARTCHAR 0170
ENCODING 368
SWIDTH 660 0
DWIDTH 11 0
BBX 7 17 2 0
BITMAP
6C
6C
6C
00
00
82
82
82
82
82
82
82
82
82
82
7C
7C
ENDCHAR
STARTCHAR 0171
ENCODING 369
SWIDTH 660 0
DWIDTH 11 0
BBX 7 14 2 0
BITMAP
6C
6C
6C
00
00
82
82
82
82
82
82
8E
72
72
ENDCHAR
STARTCHAR 0172
ENCODING 370
SWIDTH 660 0
DWIDTH 11 0
BBX 7 17 2 -5
BITMAP
82
82
82
82
82
82
82
82
82
82
7C
7C
10
10
60
10
10
ENDCHAR
STARTCHAR 0173
ENCODING 371
SWIDTH 660 0
DWIDTH 11 0
BBX 7 14 2 -5
BITMAP
82
82
82
82
82
82
8E
72
72
02
02
0C
02
02
ENDCHAR
STARTCHAR 0174
ENCODING 372
SWIDTH 660 0
DWIDTH 11 0
BBX 7 17 2 0
BITMAP
10
10
6C
00
00
82
82
82
82
92
92
92
6C
6C
6C
6C
6C
ENDCHAR
STARTCHAR 0175
ENCODING 373
SWIDTH 660 0
DWIDTH 11 0
BBX 7 14 2 0
BITMAP
10
10
6C
00
00
92
92
92
92
92
92
92
6E
6E
ENDCHAR
STARTCHAR 0176
ENCODING 374
SWIDTH 660 0
DWIDTH 11 0
BBX 7 17 2 0
BITMAP
10
10
6C
00
00
82
82
82
82
6C
6C
10
10
10
10
10
10
ENDCHAR
STARTCHAR 0177
ENCODING 375
SWIDTH 660 0
DWIDTH 11 0
BBX 7 17 2 -3
BITMAP
10
10
6C
00
00
82
82
82
82
6C
6C
6C
10
10
10
10
E0
ENDCHAR
STARTCHAR 0178
ENCODING 376
SWIDTH 660 0
DWIDTH 11 0
BBX 7 15 2 0
BITMAP
6C
00
00
82
82
82
82
6C
6C
10
10
10
10
10
10
ENDCHAR
STARTCHAR 0179
ENCODING 377
SWIDTH 660 0
DWIDTH 11 0
BBX 7 17 2 0
BITMAP
0C
0C
10
00
00
FE
02
02
0C
10
10
60
80
80
80
FE
FE
ENDCHAR
STARTCHAR 017A
ENCODING 378
SWIDTH 660 0
DWIDTH 11 0
BBX 7 14 2 0
BITMAP
0C
0C
10
00
00
FE
0C
0C
10
60
60
80
FE
FE
ENDCHAR
STARTCHAR 017B
ENCODING 379
SWIDTH 660 0
DWIDTH 11 0
BBX 7 15 2 0
BITMAP
10
00
00
FE
02
02
0C
10
10
60
80
80
80
FE
FE
ENDCHAR
STARTCHAR 017C
ENCODING 380
SWIDTH 660 0
DWIDTH 11 0
BBX 7 12 2 0
BITMAP
10
00
00
FE
0C
0C
10
60
60
80
FE
FE
ENDCHAR
STARTCHAR 017D
ENCODING 381
SWIDTH 660 0
DWIDTH 11 0
BBX 7 17 2 0
BITMAP
6C
6C
10
00
00
FE
02
02
0C
10
10
60
80
80
80
FE
FE
ENDCHAR
STARTCHAR 017E
ENCODING 382
SWIDTH 660 0
DWIDTH 11 0
BBX 7 14 2 0
BITMAP
6C
6C
10
00
00
FE
0C
0C
10
60
60
80
FE
FE
ENDCHAR
STARTCHAR 017F
ENCODING 383
SWIDTH 660 0
DWIDTH 11 0
BBX 7 12 2 0
BITMAP
0E
10
10
10
10
10
10
10
10
10
FE
FE
ENDCHAR
STARTCHAR 0181
ENCODING 385
SWIDTH 660 0
DWIDTH 11 0
BBX 9 12 0 0
BITMAP
FF00
2080
2080
2080
3F00
3F00
2080
2080
2080
2080
3F00
3F00
ENDCHAR
STARTCHAR 0186
ENCODING 390
SWIDTH 660 0
DWIDTH 11 0
BBX 7 12 2 0
BITMAP
7C
82
82
02
02
02
02
02
02
82
7C
7C
ENDCHAR
STARTCHAR 0189
ENCODING 393
SWIDTH 660 0
DWIDTH 11 0
BBX 9 12 0 0
BITMAP
3F00
2080
2080
2080
FC80
FC80
2080
2080
2080
2080
3F00
3F00
ENDCHAR
STARTCHAR 018A
ENCODING 394
SWIDTH 660 0
DWIDTH 11 0
BBX 9 12 0 0
BITMAP
FF00
2080
2080
2080
2080
2080
2080
2080
2080
2080
3F00
3F00
ENDCHAR
STARTCHAR 018E
ENCODING 398
SWIDTH 660 0
DWIDTH 11 0
BBX 7 12 2 0
BITMAP
FE
02
02
02
7E
7E
02
02
02
02
FE
FE
ENDCHAR
STARTCHAR 018F
ENCODING 399
SWIDTH 660 0
DWIDTH 11 0
BBX 7 12 2 0
BITMAP
7C
82
82
02
02
02
FE
82
82
82
7C
7C
ENDCHAR
STARTCHAR 0190
ENCODING 400
SWIDTH 660 0
DWIDTH 11 0
BBX 7 12 2 0
BITMAP
7C
82
82
80
70
70
80
80
80
82
7C
7C
ENDCHAR
STARTCHAR 0191
ENCODING 401
SWIDTH 660 0
DWIDTH 11 0
BBX 9 15 0 -3
BITMAP
3F80
2000
2000
2000
3F00
3F00
2000
2000
2000
2000
2000
2000
2000
2000
C000
ENDCHAR
STARTCHAR 0192
ENCODING 402
SWIDTH 660 0
DWIDTH 11 0
BBX 9 14 2 -2
BITMAP
0F80
1000
1000
7F80
1000
1000
1000
1000
1000
1000
1000
1000
E000
E000
ENDCHAR
STARTCHAR 0193
ENCODING 403
SWIDTH 660 0
DWIDTH 11 0
BBX 9 15 2 0
BITMAP
0180
0200
0200
7E00
8200
8200
8000
8000
8000
8E00
8200
8200
8200
7C00
7C00
ENDCHAR
STARTCHAR 0194
ENCODING 404
SWIDTH 660 0
DWIDTH 11 0
BBX 7 17 2 -5
BITMAP
82
82
82
82
82
82
82
6C
6C
6C
10
10
10
10
6C
10
10
ENDCHAR
STARTCHAR 0197
ENCODING 407
SWIDTH 660 0
DWIDTH 11 0
BBX 7 12 2 0
BITMAP
FE
10
10
10
7C
7C
10
10
10
10
FE
FE
ENDCHAR
STARTCHAR 0198
ENCODING 408
SWIDTH 660 0
DWIDTH 11 0
BBX 9 12 2 0
BITMAP
8380
8C00
8C00
9000
F000
F000
8C00
8C00
8C00
8200
8200
8200
ENDCHAR
STARTCHAR 0199
ENCODING 409
SWIDTH 660 0
DWIDTH 11 0
BBX 7 12 2 0
BITMAP
70
80
80
82
8C
8C
90
F0
F0
8C
82
82
ENDCHAR
STARTCHAR 019D
ENCODING 413
SWIDTH 660 0
DWIDTH 11 0
BBX 9 15 0 -3
BITMAP
2080
2080
2080
3880
2480
2480
2380
2080
2080
2080
2080
2080
2000
2000
C000
ENDCHAR
STARTCHAR 01AF
ENCODING 431
SWIDTH 660 0
DWIDTH 11 0
BBX 9 15 2 0
BITMAP
0180
0180
0180
8200
8200
8200
8200
8200
8200
8200
8200
8200
8200
7C00
7C00
ENDCHAR
STARTCHAR 01B0
ENCODING 432
SWIDTH 660 0
DWIDTH 11 0
BBX 9 11 2 0
BITMAP
0180
0180
8200
8200
8200
8200
8200
8200
8E00
7200
7200
ENDCHAR
STARTCHAR 01B2
ENCODING 434
SWIDTH 660 0
DWIDTH 11 0
BBX 7 12 2 0
BITMAP
8C
82
82
82
82
82
82
82
82
82
7C
7C
ENDCHAR
STARTCHAR 01B3
ENCODING 435
SWIDTH 660 0
DWIDTH 11 0
BBX 9 12 2 0
BITMAP
8180
8200
8200
8200
6C00
6C00
1000
1000
1000
1000
1000
1000
ENDCHAR
STARTCHAR 01B4
ENCODING 436
SWIDTH 660 0
DWIDTH 11 0
BBX 9 12 2 -3
BITMAP
8180
8200
8200
8200
6C00
6C00
6C00
1000
1000
1000
1000
E000
ENDCHAR
STARTCHAR 01C0
ENCODING 448
SWIDTH 660 0
DWIDTH 11 0
BBX 1 16 5 -2
BITMAP
80
80
80
80
80
80
80
80
80
80
80
80
80
80
80
80
ENDCHAR
STARTCHAR 01C1
ENCODING 449
SWIDTH 660 0
DWIDTH 11 0
BBX 5 16 3 -2
BITMAP
D8
D8
D8
D8
D8
D8
D8
D8
D8
D8
D8
D8
D8
D8
D8
D8
ENDCHAR
STARTCHAR 01C2
ENCODING 450
SWIDTH 660 0
DWIDTH 11 0
BBX 7 16 2 -2
BITMAP
10
10
10
10
10
FE
10
10
10
FE
FE
10
10
10
10
10
ENDCHAR
STARTCHAR 01C3
ENCODING 451
SWIDTH 660 0
DWIDTH 11 0
BBX 1 12 5 0
BITMAP
80
80
80
80
80
80
80
80
80
00
80
80
ENDCHAR
STARTCHAR 01CD
ENCODING 461
SWIDTH 660 0
DWIDTH 11 0
BBX 7 17 2 0
BITMAP
6C
6C
10
00
00
10
6C
6C
82
82
82
FE
82
82
82
82
82
ENDCHAR
STARTCHAR 01CE
ENCODING 462
SWIDTH 660 0
DWIDTH 11 0
BBX 7 14 2 0
BITMAP
6C
6C
10
00
00
7C
02
02
7E
82
82
8E
72
72
ENDCHAR
STARTCHAR 01CF
ENCODING 463
SWIDTH 660 0
DWIDTH 11 0
BBX 7 17 2 0
BITMAP
6C
6C
10
00
00
FE
10
10
10
10
10
10
10
10
10
FE
FE
ENDCHAR
STARTCHAR 01D0
ENCODING 464
SWIDTH 660 0
DWIDTH 11 0
BBX 7 14 2 0
BITMAP
6C
6C
10
00
00
F0
10
10
10
10
10
10
FE
FE
ENDCHAR
STARTCHAR 01D1
ENCODING 465
SWIDTH 660 0
DWIDTH 11 0
BBX 7 17 2 0
BITMAP
6C
6C
10
00
00
7C
82
82
82
82
82
82
82
82
82
7C
7C
ENDCHAR
STARTCHAR 01D2
ENCODING 466
SWIDTH 660 0
DWIDTH 11 0
BBX 7 14 2 0
BITMAP
6C
6C
10
00
00
7C
82
82
82
82
82
82
7C
7C
ENDCHAR
STARTCHAR 01D3
ENCODING 467
SWIDTH 660 0
DWIDTH 11 0
BBX 7 17 2 0
BITMAP
6C
6C
10
00
00
82
82
82
82
82
82
82
82
82
82
7C
7C
ENDCHAR
STARTCHAR 01D4
ENCODING 468
SWIDTH 660 0
DWIDTH 11 0
BBX 7 14 2 0
BITMAP
6C
6C
10
00
00
82
82
82
82
82
82
8E
72
72
ENDCHAR
STARTCHAR 01DD
ENCODING 477
SWIDTH 660 0
DWIDTH 11 0
BBX 7 9 2 0
BITMAP
7C
82
82
02
FE
FE
82
7C
7C
ENDCHAR
STARTCHAR 01E6
ENCODING 486
SWIDTH 660 0
DWIDTH 11 0
BBX 7 17 2 0
BITMAP
6C
6C
10
00
00
7C
82
82
80
80
80
8E
82
82
82
7C
7C
ENDCHAR
STARTCHAR 01E7
ENCODING 487
SWIDTH 660 0
DWIDTH 11 0
BBX 7 17 2 -3
BITMAP
6C
6C
10
00
00
72
8E
8E
82
82
82
8E
72
72
02
02
7C
ENDCHAR
STARTCHAR 01EA
ENCODING 490
SWIDTH 660 0
DWIDTH 11 0
BBX 7 17 2 -5
BITMAP
7C
82
82
82
82
82
82
82
82
82
7C
7C
10
10
60
10
10
ENDCHAR
STARTCHAR 01EB
ENCODING 491
SWIDTH 660 0
DWIDTH 11 0
BBX 7 14 2 -5
BITMAP
7C
82
82
82
82
82
82
7C
7C
10
10
60
10
10
ENDCHAR
STARTCHAR 01F8
ENCODING 504
SWIDTH 660 0
DWIDTH 11 0
BBX 7 17 2 0
BITMAP
60
60
10
00
00
82
82
82
E2
92
92
8E
82
82
82
82
82
ENDCHAR
STARTCHAR 01F9
ENCODING 505
SWIDTH 660 0
DWIDTH 11 0
BBX 7 14 2 0
BITMAP
60
60
10
00
00
9C
E2
E2
82
82
82
82
82
82
ENDCHAR
STARTCHAR 01FA
ENCODING 506
SWIDTH 660 0
DWIDTH 11 0
BBX 7 17 2 0
BITMAP
1E
1E
6C
10
10
10
6C
6C
82
82
82
FE
82
82
82
82
82
ENDCHAR
STARTCHAR 01FB
ENCODING 507
SWIDTH 660 0
DWIDTH 11 0
BBX 7 15 2 0
BITMAP
1E
6C
6C
10
00
00
7C
02
02
7E
82
82
8E
72
72
ENDCHAR
STARTCHAR 01FC
ENCODING 508
SWIDTH 660 0
DWIDTH 11 0
BBX 11 17 0 0
BITMAP
0300
0300
0400
0000
0000
1FE0
2400
2400
C400
C780
C780
FC00
C400
C400
C400
C7E0
C7E0
ENDCHAR
STARTCHAR 01FD
ENCODING 509
SWIDTH 660 0
DWIDTH 11 0
BBX 11 14 0 0
BITMAP
0300
0300
0400
0000
0000
3B80
0460
0460
3FE0
C400
C400
C460
3B80
3B80
ENDCHAR
STARTCHAR 01FE
ENCODING 510
SWIDTH 660 0
DWIDTH 11 0
BBX 11 17 0 0
BITMAP
0300
0300
0400
0000
0000
1F60
2080
2080
2380
2480
2480
3880
2080
2080
E080
1F00
1F00
ENDCHAR
STARTCHAR 01FF
ENCODING 511
SWIDTH 660 0
DWIDTH 11 0
BBX 11 16 0 -2
BITMAP
0300
0300
0400
0000
0000
1F60
2080
2080
2380
2480
2480
3880
3F00
3F00
C000
C000
ENDCHAR
STARTCHAR 0218
ENCODING 536
SWIDTH 660 0
DWIDTH 11 0
BBX 7 17 2 -5
BITMAP
7C
82
82
80
7C
7C
02
02
02
82
7C
7C
00
00
10
60
60
ENDCHAR
STARTCHAR 0219
ENCODING 537
SWIDTH 660 0
DWIDTH 11 0
BBX 7 14 2 -5
BITMAP
7C
82
82
7C
02
02
82
7C
7C
00
00
10
60
60
ENDCHAR
STARTCHAR 021A
ENCODING 538
SWIDTH 660 0
DWIDTH 11 0
BBX 7 17 2 -5
BITMAP
FE
10
10
10
10
10
10
10
10
10
10
10
00
00
10
60
60
ENDCHAR
STARTCHAR 021B
ENCODING 539
SWIDTH 660 0
DWIDTH 11 0
BBX 7 17 2 -5
BITMAP
60
60
60
FE
60
60
60
60
60
62
1C
1C
00
00
10
60
60
ENDCHAR
STARTCHAR 021E
ENCODING 542
SWIDTH 660 0
DWIDTH 11 0
BBX 7 17 2 0
BITMAP
6C
6C
10
00
00
82
82
82
82
FE
FE
82
82
82
82
82
82
ENDCHAR
STARTCHAR 021F
ENCODING 543
SWIDTH 660 0
DWIDTH 11 0
BBX 9 17 0 0
BITMAP
D800
D800
2000
0000
0000
2000
2000
2000
2700
3880
3880
2080
2080
2080
2080
2080
2080
ENDCHAR
STARTCHAR 0232
ENCODING 562
SWIDTH 660 0
DWIDTH 11 0
BBX 7 15 2 0
BITMAP
7C
00
00
82
82
82
82
6C
6C
10
10
10
10
10
10
ENDCHAR
STARTCHAR 0233
ENCODING 563
SWIDTH 660 0
DWIDTH 11 0
BBX 7 15 2 -3
BITMAP
7C
00
00
82
82
82
82
6C
6C
6C
10
10
10
10
E0
ENDCHAR
STARTCHAR 0237
ENCODING 567
SWIDTH 660 0
DWIDTH 11 0
BBX 6 12 2 -3
BITMAP
7C
0C
0C
0C
0C
0C
0C
0C
0C
8C
8C
70
ENDCHAR
STARTCHAR 0244
ENCODING 580
SWIDTH 660 0
DWIDTH 11 0
BBX 11 12 0 0
BITMAP
2080
2080
2080
2080
FFE0
FFE0
2080
2080
2080
2080
1F00
1F00
ENDCHAR
STARTCHAR 0253
ENCODING 595
SWIDTH 660 0
DWIDTH 11 0
BBX 7 12 2 0
BITMAP
70
80
80
9C
E2
E2
82
82
82
E2
9C
9C
ENDCHAR
STARTCHAR 0254
ENCODING 596
SWIDTH 660 0
DWIDTH 11 0
BBX 7 9 2 0
BITMAP
7C
82
82
02
02
02
82
7C
7C
ENDCHAR
STARTCHAR 0256
ENCODING 598
SWIDTH 660 0
DWIDTH 11 0
BBX 9 15 2 -3
BITMAP
0200
0200
0200
7200
8E00
8E00
8200
8200
8200
8E00
7200
7200
0200
0200
0180
ENDCHAR
STARTCHAR 0257
ENCODING 599
SWIDTH 660 0
DWIDTH 11 0
BBX 9 12 2 0
BITMAP
0180
0200
0200
7200
8E00
8E00
8200
8200
8200
8E00
7200
7200
ENDCHAR
STARTCHAR 0259
ENCODING 601
SWIDTH 660 0
DWIDTH 11 0
BBX 7 9 2 0
BITMAP
7C
82
82
02
FE
FE
82
7C
7C
ENDCHAR
STARTCHAR 025B
ENCODING 603
SWIDTH 660 0
DWIDTH 11 0
BBX 7 9 2 0
BITMAP
7C
82
82
70
80
80
82
7C
7C
ENDCHAR
STARTCHAR 0260
ENCODING 608
SWIDTH 660 0
DWIDTH 11 0
BBX 9 15 2 -3
BITMAP
0180
0200
0200
7200
8E00
8E00
8200
8200
8200
8E00
7200
7200
0200
0200
7C00
ENDCHAR
STARTCHAR 0263
ENCODING 611
SWIDTH 660 0
DWIDTH 11 0
BBX 7 14 2 -5
BITMAP
82
82
82
82
6C
6C
6C
10
10
10
10
6C
10
10
ENDCHAR
STARTCHAR 0268
ENCODING 616
SWIDTH 660 0
DWIDTH 11 0
BBX 7 12 2 0
BITMAP
10
00
00
F0
10
10
FE
10
10
10
FE
FE
ENDCHAR
STARTCHAR 0272
ENCODING 626
SWIDTH 660 0
DWIDTH 11 0
BBX 9 12 0 -3
BITMAP
2700
3880
3880
2080
2080
2080
2080
2080
2080
2000
2000
C000
ENDCHAR
STARTCHAR 027C
ENCODING 636
SWIDTH 660 0
DWIDTH 11 0
BBX 7 12 2 -3
BITMAP
EE
70
70
60
60
60
60
60
60
60
60
FC
ENDCHAR
STARTCHAR 0289
ENCODING 649
SWIDTH 660 0
DWIDTH 11 0
BBX 11 9 0 0
BITMAP
2080
2080
2080
FFE0
2080
2080
2380
1C80
1C80
ENDCHAR
STARTCHAR 028B
ENCODING 651
SWIDTH 660 0
DWIDTH 11 0
BBX 7 9 2 0
BITMAP
8C
82
82
82
82
82
82
7C
7C
ENDCHAR
STARTCHAR 0294
ENCODING 660
SWIDTH 660 0
DWIDTH 11 0
BBX 7 12 2 0
BITMAP
7C
82
82
02
0C
0C
10
10
10
10
10
10
ENDCHAR
STARTCHAR 02BB
ENCODING 699
SWIDTH 660 0
DWIDTH 11 0
BBX 3 4 5 8
BITMAP
60
80
80
80
ENDCHAR
STARTCHAR 02BC
ENCODING 700
SWIDTH 660 0
DWIDTH 11 0
BBX 3 4 3 8
BITMAP
20
20
20
C0
ENDCHAR
STARTCHAR 02C6
ENCODING 710
SWIDTH 660 0
DWIDTH 11 0
BBX 5 3 3 11
BITMAP
20
20
D8
ENDCHAR
STARTCHAR 02C7
ENCODING 711
SWIDTH 660 0
DWIDTH 11 0
BBX 5 3 3 11
BITMAP
D8
D8
20
ENDCHAR
STARTCHAR 02D8
ENCODING 728
SWIDTH 660 0
DWIDTH 11 0
BBX 7 3 2 11
BITMAP
82
82
7C
ENDCHAR
STARTCHAR 02D9
ENCODING 729
SWIDTH 660 0
DWIDTH 11 0
BBX 1 1 5 11
BITMAP
80
ENDCHAR
STARTCHAR 02DA
ENCODING 730
SWIDTH 660 0
DWIDTH 11 0
BBX 5 4 3 11
BITMAP
20
D8
D8
20
ENDCHAR
STARTCHAR 02DB
ENCODING 731
SWIDTH 660 0
DWIDTH 11 0
BBX 3 5 3 -5
BITMAP
20
20
C0
20
20
ENDCHAR
STARTCHAR 02DC
ENCODING 732
SWIDTH 660 0
DWIDTH 11 0
BBX 6 3 3 11
BITMAP
24
24
D8
ENDCHAR
STARTCHAR 02DD
ENCODING 733
SWIDTH 660 0
DWIDTH 11 0
BBX 5 3 3 11
BITMAP
D8
D8
D8
ENDCHAR
STARTCHAR 0300
ENCODING 768
SWIDTH 660 0
DWIDTH 11 0
BBX 3 3 3 11
BITMAP
C0
C0
20
ENDCHAR
STARTCHAR 0301
ENCODING 769
SWIDTH 660 0
DWIDTH 11 0
BBX 3 3 5 11
BITMAP
60
60
80
ENDCHAR
STARTCHAR 0302
ENCODING 770
SWIDTH 660 0
DWIDTH 11 0
BBX 5 3 3 11
BITMAP
20
20
D8
ENDCHAR
STARTCHAR 0303
ENCODING 771
SWIDTH 660 0
DWIDTH 11 0
BBX 6 3 3 11
BITMAP
24
24
D8
ENDCHAR
STARTCHAR 0304
ENCODING 772
SWIDTH 660 0
DWIDTH 11 0
BBX 5 1 3 11
BITMAP
F8
ENDCHAR
STARTCHAR 0306
ENCODING 774
SWIDTH 660 0
DWIDTH 11 0
BBX 7 3 2 11
BITMAP
82
82
7C
ENDCHAR
STARTCHAR 0307
ENCODING 775
SWIDTH 660 0
DWIDTH 11 0
BBX 1 1 5 11
BITMAP
80
ENDCHAR
STARTCHAR 0308
ENCODING 776
SWIDTH 660 0
DWIDTH 11 0
BBX 5 1 3 11
BITMAP
D8
ENDCHAR
STARTCHAR 030A
ENCODING 778
SWIDTH 660 0
DWIDTH 11 0
BBX 5 4 3 11
BITMAP
20
D8
D8
20
ENDCHAR
STARTCHAR 030B
ENCODING 779
SWIDTH 660 0
DWIDTH 11 0
BBX 5 3 3 11
BITMAP
D8
D8
D8
ENDCHAR
STARTCHAR 030C
ENCODING 780
SWIDTH 660 0
DWIDTH 11 0
BBX 5 3 3 11
BITMAP
D8
D8
20
ENDCHAR
STARTCHAR 0312
ENCODING 786
SWIDTH 660 0
DWIDTH 11 0
BBX 3 3 5 11
BITMAP
60
60
80
ENDCHAR
STARTCHAR 0323
ENCODING 803
SWIDTH 660 0
DWIDTH 11 0
BBX 1 1 5 -3
BITMAP
80
ENDCHAR
STARTCHAR 0326
ENCODING 806
SWIDTH 660 0
DWIDTH 11 0
BBX 3 3 3 -5
BITMAP
20
C0
C0
ENDCHAR
STARTCHAR 0327
ENCODING 807
SWIDTH 660 0
DWIDTH 11 0
BBX 3 5 5 -5
BITMAP
80
80
60
80
80
ENDCHAR
STARTCHAR 0328
ENCODING 808
SWIDTH 660 0
DWIDTH 11 0
BBX 3 5 3 -5
BITMAP
20
20
C0
20
20
ENDCHAR
STARTCHAR 032E
ENCODING 814
SWIDTH 660 0
DWIDTH 11 0
BBX 7 3 2 -5
BITMAP
82
7C
7C
ENDCHAR
STARTCHAR 037A
ENCODING 890
SWIDTH 660 0
DWIDTH 11 0
BBX 4 5 5 -5
BITMAP
80
80
80
70
70
ENDCHAR
STARTCHAR 0384
ENCODING 900
SWIDTH 660 0
DWIDTH 11 0
BBX 3 3 5 11
BITMAP
60
60
80
ENDCHAR
STARTCHAR 0385
ENCODING 901
SWIDTH 660 0
DWIDTH 11 0
BBX 7 4 2 11
BITMAP
0C
10
10
82
ENDCHAR
STARTCHAR 0386
ENCODING 902
SWIDTH 660 0
DWIDTH 11 0
BBX 7 15 2 0
BITMAP
60
80
80
10
6C
6C
82
82
82
FE
82
82
82
82
82
ENDCHAR
STARTCHAR 0388
ENCODING 904
SWIDTH 660 0
DWIDTH 11 0
BBX 9 15 0 0
BITMAP
2000
C000
C000
3F80
2000
2000
2000
3F00
3F00
2000
2000
2000
2000
3F80
3F80
ENDCHAR
STARTCHAR 0389
ENCODING 905
SWIDTH 660 0
DWIDTH 11 0
BBX 9 15 0 0
BITMAP
2000
C000
C000
2080
2080
2080
2080
3F80
3F80
2080
2080
2080
2080
2080
2080
ENDCHAR
STARTCHAR 038A
ENCODING 906
SWIDTH 660 0
DWIDTH 11 0
BBX 9 15 0 0
BITMAP
2000
C000
C000
3F80
0400
0400
0400
0400
0400
0400
0400
0400
0400
3F80
3F80
ENDCHAR
STARTCHAR 038C
ENCODING 908
SWIDTH 660 0
DWIDTH 11 0
BBX 9 15 0 0
BITMAP
2000
C000
C000
1F00
2080
2080
2080
2080
2080
2080
2080
2080
2080
1F00
1F00
ENDCHAR
STARTCHAR 038E
ENCODING 910
SWIDTH 660 0
DWIDTH 11 0
BBX 9 15 0 0
BITMAP
2000
C000
C000
2080
2080
2080
2080
1B00
1B00
0400
0400
0400
0400
0400
0400
ENDCHAR
STARTCHAR 038F
ENCODING 911
SWIDTH 660 0
DWIDTH 11 0
BBX 9 15 0 0
BITMAP
2000
C000
C000
1F00
2080
2080
2080
2080
2080
2080
2080
2080
1B00
3B80
3B80
ENDCHAR
STARTCHAR 0390
ENCODING 912
SWIDTH 660 0
DWIDTH 11 0
BBX 7 15 2 0
BITMAP
0C
10
10
82
00
00
F0
10
10
10
10
10
10
0E
0E
ENDCHAR
STARTCHAR 0391
ENCODING 913
SWIDTH 660 0
DWIDTH 11 0
BBX 7 12 2 0
BITMAP
10
6C
6C
82
82
82
FE
82
82
82
82
82
ENDCHAR
STARTCHAR 0392
ENCODING 914
SWIDTH 660 0
DWIDTH 11 0
BBX 7 12 2 0
BITMAP
FC
82
82
82
FC
FC
82
82
82
82
FC
FC
ENDCHAR
STARTCHAR 0393
ENCODING 915
SWIDTH 660 0
DWIDTH 11 0
BBX 7 12 2 0
BITMAP
FE
82
82
80
80
80
80
80
80
80
80
80
ENDCHAR
STARTCHAR 0394
ENCODING 916
SWIDTH 660 0
DWIDTH 11 0
BBX 7 12 2 0
BITMAP
10
10
10
6C
6C
6C
6C
82
82
82
FE
FE
ENDCHAR
STARTCHAR 0395
ENCODING 917
SWIDTH 660 0
DWIDTH 11 0
BBX 7 12 2 0
BITMAP
FE
80
80
80
FC
FC
80
80
80
80
FE
FE
ENDCHAR
STARTCHAR 0396
ENCODING 918
SWIDTH 660 0
DWIDTH 11 0
BBX 7 12 2 0
BITMAP
FE
02
02
0C
10
10
60
80
80
80
FE
FE
ENDCHAR
STARTCHAR 0397
ENCODING 919
SWIDTH 660 0
DWIDTH 11 0
BBX 7 12 2 0
BITMAP
82
82
82
82
FE
FE
82
82
82
82
82
82
ENDCHAR
STARTCHAR 0398
ENCODING 920
SWIDTH 660 0
DWIDTH 11 0
BBX 7 12 2 0
BITMAP
7C
82
82
82
FE
FE
82
82
82
82
7C
7C
ENDCHAR
STARTCHAR 0399
ENCODING 921
SWIDTH 660 0
DWIDTH 11 0
BBX 7 12 2 0
BITMAP
FE
10
10
10
10
10
10
10
10
10
FE
FE
ENDCHAR
STARTCHAR 039A
ENCODING 922
SWIDTH 660 0
DWIDTH 11 0
BBX 7 12 2 0
BITMAP
82
8C
8C
90
F0
F0
8C
8C
8C
82
82
82
ENDCHAR
STARTCHAR 039B
ENCODING 923
SWIDTH 660 0
DWIDTH 11 0
BBX 7 12 2 0
BITMAP
10
10
10
6C
6C
6C
82
82
82
82
82
82
ENDCHAR
STARTCHAR 039C
ENCODING 924
SWIDTH 660 0
DWIDTH 11 0
BBX 7 12 2 0
BITMAP
82
82
82
EE
92
92
92
82
82
82
82
82
ENDCHAR
STARTCHAR 039D
ENCODING 925
SWIDTH 660 0
DWIDTH 11 0
BBX 7 12 2 0
BITMAP
82
82
82
E2
92
92
8E
82
82
82
82
82
ENDCHAR
STARTCHAR 039E
ENCODING 926
SWIDTH 660 0
DWIDTH 11 0
BBX 7 12 2 0
BITMAP
FE
00
00
00
7C
7C
00
00
00
00
FE
FE
ENDCHAR
STARTCHAR 039F
ENCODING 927
SWIDTH 660 0
DWIDTH 11 0
BBX 7 12 2 0
BITMAP
7C
82
82
82
82
82
82
82
82
82
7C
7C
ENDCHAR
STARTCHAR 03A0
ENCODING 928
SWIDTH 660 0
DWIDTH 11 0
BBX 7 12 2 0
BITMAP
FE
82
82
82
82
82
82
82
82
82
82
82
ENDCHAR
STARTCHAR 03A1
ENCODING 929
SWIDTH 660 0
DWIDTH 11 0
BBX 7 12 2 0
BITMAP
FC
82
82
82
82
82
FC
80
80
80
80
80
ENDCHAR
STARTCHAR 03A3
ENCODING 931
SWIDTH 660 0
DWIDTH 11 0
BBX 7 12 2 0
BITMAP
FE
82
82
60
10
10
60
80
80
82
FE
FE
ENDCHAR
STARTCHAR 03A4
ENCODING 932
SWIDTH 660 0
DWIDTH 11 0
BBX 7 12 2 0
BITMAP
FE
10
10
10
10
10
10
10
10
10
10
10
ENDCHAR
STARTCHAR 03A5
ENCODING 933
SWIDTH 660 0
DWIDTH 11 0
BBX 7 12 2 0
BITMAP
82
82
82
82
6C
6C
10
10
10
10
10
10
ENDCHAR
STARTCHAR 03A6
ENCODING 934
SWIDTH 660 0
DWIDTH 11 0
BBX 7 12 2 0
BITMAP
10
7C
7C
92
92
92
92
92
92
7C
10
10
ENDCHAR
STARTCHAR 03A7
ENCODING 935
SWIDTH 660 0
DWIDTH 11 0
BBX 7 12 2 0
BITMAP
82
82
82
6C
10
10
6C
82
82
82
82
82
ENDCHAR
STARTCHAR 03A8
ENCODING 936
SWIDTH 660 0
DWIDTH 11 0
BBX 7 12 2 0
BITMAP
92
92
92
92
92
92
92
7C
7C
10
10
10
ENDCHAR
STARTCHAR 03A9
ENCODING 937
SWIDTH 660 0
DWIDTH 11 0
BBX 7 12 2 0
BITMAP
7C
82
82
82
82
82
82
82
82
6C
EE
EE
ENDCHAR
STARTCHAR 03AA
ENCODING 938
SWIDTH 660 0
DWIDTH 11 0
BBX 7 15 2 0
BITMAP
6C
00
00
FE
10
10
10
10
10
10
10
10
10
FE
FE
ENDCHAR
STARTCHAR 03AB
ENCODING 939
SWIDTH 660 0
DWIDTH 11 0
BBX 7 15 2 0
BITMAP
6C
00
00
82
82
82
82
6C
6C
10
10
10
10
10
10
ENDCHAR
STARTCHAR 03AC
ENCODING 940
SWIDTH 660 0
DWIDTH 11 0
BBX 7 14 2 0
BITMAP
0C
0C
10
00
00
72
8E
8E
8C
8C
8C
8E
72
72
ENDCHAR
STARTCHAR 03AD
ENCODING 941
SWIDTH 660 0
DWIDTH 11 0
BBX 7 14 2 0
BITMAP
0C
0C
10
00
00
7C
82
82
70
80
80
82
7C
7C
ENDCHAR
STARTCHAR 03AE
ENCODING 942
SWIDTH 660 0
DWIDTH 11 0
BBX 7 17 2 -3
BITMAP
0C
0C
10
00
00
9C
E2
E2
82
82
82
82
82
82
02
02
02
ENDCHAR
STARTCHAR 03AF
ENCODING 943
SWIDTH 660 0
DWIDTH 11 0
BBX 7 14 2 0
BITMAP
0C
0C
10
00
00
F0
10
10
10
10
10
10
0E
0E
ENDCHAR
STARTCHAR 03B0
ENCODING 944
SWIDTH 660 0
DWIDTH 11 0
BBX 7 15 2 0
BITMAP
0C
10
10
82
00
00
8C
82
82
82
82
82
82
7C
7C
ENDCHAR
STARTCHAR 03B1
ENCODING 945
SWIDTH 660 0
DWIDTH 11 0
BBX 7 9 2 0
BITMAP
72
8E
8E
8C
8C
8C
8E
72
72
ENDCHAR
STARTCHAR 03B2
ENCODING 946
SWIDTH 660 0
DWIDTH 11 0
BBX 7 15 2 -3
BITMAP
7C
82
82
82
9C
9C
82
82
82
E2
9C
9C
80
80
80
ENDCHAR
STARTCHAR 03B3
ENCODING 947
SWIDTH 660 0
DWIDTH 11 0
BBX 7 12 2 -3
BITMAP
82
82
82
82
6C
6C
6C
10
10
10
10
10
ENDCHAR
STARTCHAR 03B4
ENCODING 948
SWIDTH 660 0
DWIDTH 11 0
BBX 7 12 2 0
BITMAP
FE
60
60
10
6C
6C
82
82
82
82
7C
7C
ENDCHAR
STARTCHAR 03B5
ENCODING 949
SWIDTH 660 0
DWIDTH 11 0
BBX 7 9 2 0
BITMAP
7C
82
82
70
80
80
82
7C
7C
ENDCHAR
STARTCHAR 03B6
ENCODING 950
SWIDTH 660 0
DWIDTH 11 0
BBX 7 15 2 -3
BITMAP
7E
0C
0C
10
60
60
60
80
80
80
7C
7C
02
02
0C
ENDCHAR
STARTCHAR 03B7
ENCODING 951
SWIDTH 660 0
DWIDTH 11 0
BBX 7 12 2 -3
BITMAP
9C
E2
E2
82
82
82
82
82
82
02
02
02
ENDCHAR
STARTCHAR 03B8
ENCODING 952
SWIDTH 660 0
DWIDTH 11 0
BBX 7 12 2 0
BITMAP
7C
82
82
82
FE
FE
82
82
82
82
7C
7C
ENDCHAR
STARTCHAR 03B9
ENCODING 953
SWIDTH 660 0
DWIDTH 11 0
BBX 7 9 2 0
BITMAP
F0
10
10
10
10
10
10
0E
0E
ENDCHAR
STARTCHAR 03BA
ENCODING 954
SWIDTH 660 0
DWIDTH 11 0
BBX 7 9 2 0
BITMAP
82
8C
8C
90
F0
F0
8C
82
82
ENDCHAR
STARTCHAR 03BB
ENCODING 955
SWIDTH 660 0
DWIDTH 11 0
BBX 7 12 2 0
BITMAP
E0
10
10
10
6C
6C
6C
82
82
82
82
82
ENDCHAR
STARTCHAR 03BC
ENCODING 956
SWIDTH 660 0
DWIDTH 11 0
BBX 7 12 2 -3
BITMAP
82
82
82
82
82
82
8E
F2
F2
80
80
80
ENDCHAR
STARTCHAR 03BD
ENCODING 957
SWIDTH 660 0
DWIDTH 11 0
BBX 7 9 2 0
BITMAP
82
82
82
82
6C
6C
6C
10
10
ENDCHAR
STARTCHAR 03BE
ENCODING 958
SWIDTH 660 0
DWIDTH 11 0
BBX 7 15 2 -3
BITMAP
7C
82
82
80
70
70
80
80
80
80
7C
7C
02
02
0C
ENDCHAR
STARTCHAR 03BF
ENCODING 959
SWIDTH 660 0
DWIDTH 11 0
BBX 7 9 2 0
BITMAP
7C
82
82
82
82
82
82
7C
7C
ENDCHAR
STARTCHAR 03C0
ENCODING 960
SWIDTH 660 0
DWIDTH 11 0
BBX 9 9 0 0
BITMAP
FF80
2300
2300
2300
2300
2300
2300
2080
2080
ENDCHAR
STARTCHAR 03C1
ENCODING 961
SWIDTH 660 0
DWIDTH 11 0
BBX 7 12 2 -3
BITMAP
7C
82
82
82
82
82
E2
9C
9C
80
80
80
ENDCHAR
STARTCHAR 03C2
ENCODING 962
SWIDTH 660 0
DWIDTH 11 0
BBX 7 12 2 -3
BITMAP
7C
82
82
80
80
80
80
7C
7C
02
02
0C
ENDCHAR
STARTCHAR 03C3
ENCODING 963
SWIDTH 660 0
DWIDTH 11 0
BBX 9 9 2 0
BITMAP
7F80
8200
8200
8200
8200
8200
8200
7C00
7C00
ENDCHAR
STARTCHAR 03C4
ENCODING 964
SWIDTH 660 0
DWIDTH 11 0
BBX 7 9 2 0
BITMAP
FE
10
10
10
10
10
10
0C
0C
ENDCHAR
STARTCHAR 03C5
ENCODING 965
SWIDTH 660 0
DWIDTH 11 0
BBX 7 9 2 0
BITMAP
8C
82
82
82
82
82
82
7C
7C
ENDCHAR
STARTCHAR 03C6
ENCODING 966
SWIDTH 660 0
DWIDTH 11 0
BBX 7 12 2 -3
BITMAP
1C
92
92
92
92
92
92
7C
7C
10
10
10
ENDCHAR
STARTCHAR 03C7
ENCODING 967
SWIDTH 660 0
DWIDTH 11 0
BBX 7 12 2 -3
BITMAP
82
82
82
6C
10
10
6C
82
82
82
82
82
ENDCHAR
STARTCHAR 03C8
ENCODING 968
SWIDTH 660 0
DWIDTH 11 0
BBX 7 12 2 -3
BITMAP
92
92
92
92
92
92
92
7C
7C
10
10
10
ENDCHAR
STARTCHAR 03C9
ENCODING 969
SWIDTH 660 0
DWIDTH 11 0
BBX 7 9 2 0
BITMAP
6C
82
82
92
92
92
92
6C
6C
ENDCHAR
STARTCHAR 03CA
ENCODING 970
SWIDTH 660 0
DWIDTH 11 0
BBX 7 12 2 0
BITMAP
6C
00
00
F0
10
10
10
10
10
10
0E
0E
ENDCHAR
STARTCHAR 03CB
ENCODING 971
SWIDTH 660 0
DWIDTH 11 0
BBX 7 12 2 0
BITMAP
6C
00
00
8C
82
82
82
82
82
82
7C
7C
ENDCHAR
STARTCHAR 03CC
ENCODING 972
SWIDTH 660 0
DWIDTH 11 0
BBX 7 14 2 0
BITMAP
0C
0C
10
00
00
7C
82
82
82
82
82
82
7C
7C
ENDCHAR
STARTCHAR 03CD
ENCODING 973
SWIDTH 660 0
DWIDTH 11 0
BBX 7 14 2 0
BITMAP
0C
0C
10
00
00
8C
82
82
82
82
82
82
7C
7C
ENDCHAR
STARTCHAR 03CE
ENCODING 974
SWIDTH 660 0
DWIDTH 11 0
BBX 7 14 2 0
BITMAP
0C
0C
10
00
00
6C
82
82
92
92
92
92
6C
6C
ENDCHAR
STARTCHAR 0400
ENCODING 1024
SWIDTH 660 0
DWIDTH 11 0
BBX 7 17 2 0
BITMAP
60
60
10
00
00
FE
80
80
80
FC
FC
80
80
80
80
FE
FE
ENDCHAR
STARTCHAR 0401
ENCODING 1025
SWIDTH 660 0
DWIDTH 11 0
BBX 7 15 2 0
BITMAP
6C
00
00
FE
80
80
80
FC
FC
80
80
80
80
FE
FE
ENDCHAR
STARTCHAR 0402
ENCODING 1026
SWIDTH 660 0
DWIDTH 11 0
BBX 9 12 0 0
BITMAP
FC00
2000
2000
2000
2700
2700
3880
2080
2080
2080
2700
2700
ENDCHAR
STARTCHAR 0403
ENCODING 1027
SWIDTH 660 0
DWIDTH 11 0
BBX 7 17 2 0
BITMAP
0C
0C
10
00
00
FE
62
62
60
60
60
60
60
60
60
F0
F0
ENDCHAR
STARTCHAR 0404
ENCODING 1028
SWIDTH 660 0
DWIDTH 11 0
BBX 7 12 2 0
BITMAP
7C
82
82
80
F0
F0
80
80
80
82
7C
7C
ENDCHAR
STARTCHAR 0405
ENCODING 1029
SWIDTH 660 0
DWIDTH 11 0
BBX 7 12 2 0
BITMAP
7C
82
82
80
7C
7C
02
02
02
82
7C
7C
ENDCHAR
STARTCHAR 0406
ENCODING 1030
SWIDTH 660 0
DWIDTH 11 0
BBX 7 12 2 0
BITMAP
FE
10
10
10
10
10
10
10
10
10
FE
FE
ENDCHAR
STARTCHAR 0407
ENCODING 1031
SWIDTH 660 0
DWIDTH 11 0
BBX 7 15 2 0
BITMAP
6C
00
00
FE
10
10
10
10
10
10
10
10
10
FE
FE
ENDCHAR
STARTCHAR 0408
ENCODING 1032
SWIDTH 660 0
DWIDTH 11 0
BBX 7 12 2 0
BITMAP
1E
02
02
02
02
02
02
02
02
82
7C
7C
ENDCHAR
STARTCHAR 0409
ENCODING 1033
SWIDTH 660 0
DWIDTH 11 0
BBX 11 12 0 0
BITMAP
3C00
2400
2400
2400
2780
2780
2460
C460
C460
C460
C780
C780
ENDCHAR
STARTCHAR 040A
ENCODING 1034
SWIDTH 660 0
DWIDTH 11 0
BBX 11 12 0 0
BITMAP
C400
C400
C400
C400
FF80
FF80
C460
C460
C460
C460
C780
C780
ENDCHAR
STARTCHAR 040B
ENCODING 1035
SWIDTH 660 0
DWIDTH 11 0
BBX 9 12 0 0
BITMAP
FC00
2000
2000
2000
2700
2700
3880
2080
2080
2080
2080
2080
ENDCHAR
STARTCHAR 040C
ENCODING 1036
SWIDTH 660 0
DWIDTH 11 0
BBX 7 17 2 0
BITMAP
0C
0C
10
00
00
82
8C
8C
8C
F0
F0
8C
8C
8C
82
82
82
ENDCHAR
STARTCHAR 040D
ENCODING 1037
SWIDTH 660 0
DWIDTH 11 0
BBX 7 17 2 0
BITMAP
60
60
10
00
00
82
82
82
8E
92
92
E2
82
82
82
82
82
ENDCHAR
STARTCHAR 040E
ENCODING 1038
SWIDTH 660 0
DWIDTH 11 0
BBX 7 17 2 0
BITMAP
82
82
7C
00
00
82
82
82
82
6C
6C
6C
10
10
10
E0
E0
ENDCHAR
STARTCHAR 040F
ENCODING 1039
SWIDTH 660 0
DWIDTH 11 0
BBX 7 15 2 -3
BITMAP
82
82
82
82
82
82
82
82
82
82
FE
FE
10
10
10
ENDCHAR
STARTCHAR 0410
ENCODING 1040
SWIDTH 660 0
DWIDTH 11 0
BBX 7 12 2 0
BITMAP
10
6C
6C
82
82
82
FE
82
82
82
82
82
ENDCHAR
STARTCHAR 0411
ENCODING 1041
SWIDTH 660 0
DWIDTH 11 0
BBX 7 12 2 0
BITMAP
FC
80
80
80
FC
FC
82
82
82
82
FC
FC
ENDCHAR
STARTCHAR 0412
ENCODING 1042
SWIDTH 660 0
DWIDTH 11 0
BBX 7 12 2 0
BITMAP
FC
82
82
82
FC
FC
82
82
82
82
FC
FC
ENDCHAR
STARTCHAR 0413
ENCODING 1043
SWIDTH 660 0
DWIDTH 11 0
BBX 7 12 2 0
BITMAP
FE
62
62
60
60
60
60
60
60
60
F0
F0
ENDCHAR
STARTCHAR 0414
ENCODING 1044
SWIDTH 660 0
DWIDTH 11 0
BBX 11 15 0 -3
BITMAP
1F80
1880
1880
1880
1880
1880
1880
2080
2080
2080
FFE0
FFE0
C060
C060
C060
ENDCHAR
STARTCHAR 0415
ENCODING 1045
SWIDTH 660 0
DWIDTH 11 0
BBX 7 12 2 0
BITMAP
FE
80
80
80
FC
FC
80
80
80
80
FE
FE
ENDCHAR
STARTCHAR 0416
ENCODING 1046
SWIDTH 660 0
DWIDTH 11 0
BBX 11 12 0 0
BITMAP
C460
2480
2480
2480
1F00
1F00
2480
2480
2480
2480
C460
C460
ENDCHAR
STARTCHAR 0417
ENCODING 1047
SWIDTH 660 0
DWIDTH 11 0
BBX 7 12 2 0
BITMAP
7C
82
82
02
1C
1C
02
02
02
82
7C
7C
ENDCHAR
STARTCHAR 0418
ENCODING 1048
SWIDTH 660 0
DWIDTH 11 0
BBX 7 12 2 0
BITMAP
82
82
82
8E
92
92
E2
82
82
82
82
82
ENDCHAR
STARTCHAR 0419
ENCODING 1049
SWIDTH 660 0
DWIDTH 11 0
BBX 7 17 2 0
BITMAP
82
82
7C
00
00
82
82
82
8E
92
92
E2
82
82
82
82
82
ENDCHAR
STARTCHAR 041A
ENCODING 1050
SWIDTH 660 0
DWIDTH 11 0
BBX 7 12 2 0
BITMAP
82
8C
8C
8C
F0
F0
8C
8C
8C
82
82
82
ENDCHAR
STARTCHAR 041B
ENCODING 1051
SWIDTH 660 0
DWIDTH 11 0
BBX 7 12 2 0
BITMAP
7E
62
62
62
62
62
62
82
82
82
82
82
ENDCHAR
STARTCHAR 041C
ENCODING 1052
SWIDTH 660 0
DWIDTH 11 0
BBX 7 12 2 0
BITMAP
82
82
82
EE
92
92
92
82
82
82
82
82
ENDCHAR
STARTCHAR 041D
ENCODING 1053
SWIDTH 660 0
DWIDTH 11 0
BBX 7 12 2 0
BITMAP
82
82
82
82
FE
FE
82
82
82
82
82
82
ENDCHAR
STARTCHAR 041E
ENCODING 1054
SWIDTH 660 0
DWIDTH 11 0
BBX 7 12 2 0
BITMAP
7C
82
82
82
82
82
82
82
82
82
7C
7C
ENDCHAR
STARTCHAR 041F
ENCODING 1055
SWIDTH 660 0
DWIDTH 11 0
BBX 7 12 2 0
BITMAP
FE
82
82
82
82
82
82
82
82
82
82
82
ENDCHAR
STARTCHAR 0420
ENCODING 1056
SWIDTH 660 0
DWIDTH 11 0
BBX 7 12 2 0
BITMAP
FC
82
82
82
82
82
FC
80
80
80
80
80
ENDCHAR
STARTCHAR 0421
ENCODING 1057
SWIDTH 660 0
DWIDTH 11 0
BBX 7 12 2 0
BITMAP
7C
82
82
80
80
80
80
80
80
82
7C
7C
ENDCHAR
STARTCHAR 0422
ENCODING 1058
SWIDTH 660 0
DWIDTH 11 0
BBX 7 12 2 0
BITMAP
FE
10
10
10
10
10
10
10
10
10
10
10
ENDCHAR
STARTCHAR 0423
ENCODING 1059
SWIDTH 660 0
DWIDTH 11 0
BBX 7 12 2 0
BITMAP
82
82
82
82
6C
6C
6C
10
10
10
E0
E0
ENDCHAR
STARTCHAR 0424
ENCODING 1060
SWIDTH 660 0
DWIDTH 11 0
BBX 7 12 2 0
BITMAP
10
7C
7C
92
92
92
92
92
92
7C
10
10
ENDCHAR
STARTCHAR 0425
ENCODING 1061
SWIDTH 660 0
DWIDTH 11 0
BBX 7 12 2 0
BITMAP
82
82
82
6C
10
10
6C
82
82
82
82
82
ENDCHAR
STARTCHAR 0426
ENCODING 1062
SWIDTH 660 0
DWIDTH 11 0
BBX 9 15 2 -3
BITMAP
8200
8200
8200
8200
8200
8200
8200
8200
8200
8200
FF80
FF80
0180
0180
0180
ENDCHAR
STARTCHAR 0427
ENCODING 1063
SWIDTH 660 0
DWIDTH 11 0
BBX 7 12 2 0
BITMAP
82
82
82
82
8E
8E
72
02
02
02
02
02
ENDCHAR
STARTCHAR 0428
ENCODING 1064
SWIDTH 660 0
DWIDTH 11 0
BBX 7 12 2 0
BITMAP
92
92
92
92
92
92
92
92
92
92
FE
FE
ENDCHAR
STARTCHAR 0429
ENCODING 1065
SWIDTH 660 0
DWIDTH 11 0
BBX 9 15 2 -3
BITMAP
9200
9200
9200
9200
9200
9200
9200
9200
9200
9200
FF80
FF80
0180
0180
0180
ENDCHAR
STARTCHAR 042A
ENCODING 1066
SWIDTH 660 0
DWIDTH 11 0
BBX 9 12 0 0
BITMAP
E000
2000
2000
2000
3F00
3F00
2080
2080
2080
2080
3F00
3F00
ENDCHAR
STARTCHAR 042B
ENCODING 1067
SWIDTH 660 0
DWIDTH 11 0
BBX 7 12 2 0
BITMAP
82
82
82
82
E2
E2
92
92
92
92
E2
E2
ENDCHAR
STARTCHAR 042C
ENCODING 1068
SWIDTH 660 0
DWIDTH 11 0
BBX 7 12 2 0
BITMAP
80
80
80
80
FC
FC
82
82
82
82
FC
FC
ENDCHAR
STARTCHAR 042D
ENCODING 1069
SWIDTH 660 0
DWIDTH 11 0
BBX 7 12 2 0
BITMAP
7C
82
82
02
1E
1E
02
02
02
82
7C
7C
ENDCHAR
STARTCHAR 042E
ENCODING 1070
SWIDTH 660 0
DWIDTH 11 0
BBX 9 12 2 0
BITMAP
8E00
9180
9180
9180
F180
F180
9180
9180
9180
9180
8E00
8E00
ENDCHAR
STARTCHAR 042F
ENCODING 1071
SWIDTH 660 0
DWIDTH 11 0
BBX 7 12 2 0
BITMAP
7E
82
82
82
82
82
7E
62
62
82
82
82
ENDCHAR
STARTCHAR 0430
ENCODING 1072
SWIDTH 660 0
DWIDTH 11 0
BBX 7 9 2 0
BITMAP
7C
02
02
7E
82
82
8E
72
72
ENDCHAR
STARTCHAR 0431
ENCODING 1073
SWIDTH 660 0
DWIDTH 11 0
BBX 7 12 2 0
BITMAP
02
7C
7C
80
FC
FC
82
82
82
82
7C
7C
ENDCHAR
STARTCHAR 0432
ENCODING 1074
SWIDTH 660 0
DWIDTH 11 0
BBX 7 9 2 0
BITMAP
FC
82
82
FC
82
82
82
FC
FC
ENDCHAR
STARTCHAR 0433
ENCODING 1075
SWIDTH 660 0
DWIDTH 11 0
BBX 7 9 2 0
BITMAP
FE
62
62
60
60
60
60
F0
F0
ENDCHAR
STARTCHAR 0434
ENCODING 1076
SWIDTH 660 0
DWIDTH 11 0
BBX 11 12 0 -3
BITMAP
1F80
1880
1880
1880
1880
1880
2080
FFE0
FFE0
C060
C060
C060
ENDCHAR
STARTCHAR 0435
ENCODING 1077
SWIDTH 660 0
DWIDTH 11 0
BBX 7 9 2 0
BITMAP
7C
82
82
FE
80
80
82
7C
7C
ENDCHAR
STARTCHAR 0436
ENCODING 1078
SWIDTH 660 0
DWIDTH 11 0
BBX 11 9 0 0
BITMAP
C460
2480
2480
1F00
2480
2480
2480
C460
C460
ENDCHAR
STARTCHAR 0437
ENCODING 1079
SWIDTH 660 0
DWIDTH 11 0
BBX 7 9 2 0
BITMAP
7C
82
82
1C
02
02
82
7C
7C
ENDCHAR
STARTCHAR 0438
ENCODING 1080
SWIDTH 660 0
DWIDTH 11 0
BBX 7 9 2 0
BITMAP
82
8E
8E
92
E2
E2
82
82
82
ENDCHAR
STARTCHAR 0439
ENCODING 1081
SWIDTH 660 0
DWIDTH 11 0
BBX 7 14 2 0
BITMAP
82
82
7C
00
00
82
8E
8E
92
E2
E2
82
82
82
ENDCHAR
STARTCHAR 043A
ENCODING 1082
SWIDTH 660 0
DWIDTH 11 0
BBX 7 9 2 0
BITMAP
82
8C
8C
90
F0
F0
8C
82
82
ENDCHAR
STARTCHAR 043B
ENCODING 1083
SWIDTH 660 0
DWIDTH 11 0
BBX 7 9 2 0
BITMAP
7E
62
62
62
62
62
82
82
82
ENDCHAR
STARTCHAR 043C
ENCODING 1084
SWIDTH 660 0
DWIDTH 11 0
BBX 7 9 2 0
BITMAP
82
EE
EE
92
92
92
82
82
82
ENDCHAR
STARTCHAR 043D
ENCODING 1085
SWIDTH 660 0
DWIDTH 11 0
BBX 7 9 2 0
BITMAP
82
82
82
FE
82
82
82
82
82
ENDCHAR
STARTCHAR 043E
ENCODING 1086
SWIDTH 660 0
DWIDTH 11 0
BBX 7 9 2 0
BITMAP
7C
82
82
82
82
82
82
7C
7C
ENDCHAR
STARTCHAR 043F
ENCODING 1087
SWIDTH 660 0
DWIDTH 11 0
BBX 7 9 2 0
BITMAP
FE
82
82
82
82
82
82
82
82
ENDCHAR
STARTCHAR 0440
ENCODING 1088
SWIDTH 660 0
DWIDTH 11 0
BBX 7 12 2 -3
BITMAP
9C
E2
E2
82
82
82
E2
9C
9C
80
80
80
ENDCHAR
STARTCHAR 0441
ENCODING 1089
SWIDTH 660 0
DWIDTH 11 0
BBX 7 9 2 0
BITMAP
7C
82
82
80
80
80
82
7C
7C
ENDCHAR
STARTCHAR 0442
ENCODING 1090
SWIDTH 660 0
DWIDTH 11 0
BBX 7 9 2 0
BITMAP
FE
10
10
10
10
10
10
10
10
ENDCHAR
STARTCHAR 0443
ENCODING 1091
SWIDTH 660 0
DWIDTH 11 0
BBX 7 12 2 -3
BITMAP
82
82
82
82
6C
6C
6C
10
10
10
10
E0
ENDCHAR
STARTCHAR 0444
ENCODING 1092
SWIDTH 660 0
DWIDTH 11 0
BBX 7 15 2 -3
BITMAP
10
10
10
7C
92
92
92
92
92
92
7C
7C
10
10
10
ENDCHAR
STARTCHAR 0445
ENCODING 1093
SWIDTH 660 0
DWIDTH 11 0
BBX 7 9 2 0
BITMAP
82
6C
6C
10
6C
6C
82
82
82
ENDCHAR
STARTCHAR 0446
ENCODING 1094
SWIDTH 660 0
DWIDTH 11 0
BBX 9 12 2 -3
BITMAP
8200
8200
8200
8200
8200
8200
8200
FF80
FF80
0180
0180
0180
ENDCHAR
STARTCHAR 0447
ENCODING 1095
SWIDTH 660 0
DWIDTH 11 0
BBX 7 9 2 0
BITMAP
82
82
82
8E
72
72
02
02
02
ENDCHAR
STARTCHAR 0448
ENCODING 1096
SWIDTH 660 0
DWIDTH 11 0
BBX 7 9 2 0
BITMAP
92
92
92
92
92
92
92
FE
FE
ENDCHAR
STARTCHAR 0449
ENCODING 1097
SWIDTH 660 0
DWIDTH 11 0
BBX 9 12 2 -3
BITMAP
9200
9200
9200
9200
9200
9200
9200
FF80
FF80
0180
0180
0180
ENDCHAR
STARTCHAR 044A
ENCODING 1098
SWIDTH 660 0
DWIDTH 11 0
BBX 9 9 0 0
BITMAP
E000
2000
2000
3F00
2080
2080
2080
3F00
3F00
ENDCHAR
STARTCHAR 044B
ENCODING 1099
SWIDTH 660 0
DWIDTH 11 0
BBX 7 9 2 0
BITMAP
82
82
82
E2
92
92
92
E2
E2
ENDCHAR
STARTCHAR 044C
ENCODING 1100
SWIDTH 660 0
DWIDTH 11 0
BBX 7 9 2 0
BITMAP
80
80
80
FC
82
82
82
FC
FC
ENDCHAR
STARTCHAR 044D
ENCODING 1101
SWIDTH 660 0
DWIDTH 11 0
BBX 7 9 2 0
BITMAP
7C
82
82
1E
02
02
82
7C
7C
ENDCHAR
STARTCHAR 044E
ENCODING 1102
SWIDTH 660 0
DWIDTH 11 0
BBX 9 9 2 0
BITMAP
8E00
9180
9180
F180
9180
9180
9180
8E00
8E00
ENDCHAR
STARTCHAR 044F
ENCODING 1103
SWIDTH 660 0
DWIDTH 11 0
BBX 7 9 2 0
BITMAP
7E
82
82
82
7E
7E
62
82
82
ENDCHAR
STARTCHAR 0450
ENCODING 1104
SWIDTH 660 0
DWIDTH 11 0
BBX 7 14 2 0
BITMAP
60
60
10
00
00
7C
82
82
FE
80
80
82
7C
7C
ENDCHAR
STARTCHAR 0451
ENCODING 1105
SWIDTH 660 0
DWIDTH 11 0
BBX 7 12 2 0
BITMAP
6C
00
00
7C
82
82
FE
80
80
82
7C
7C
ENDCHAR
STARTCHAR 0452
ENCODING 1106
SWIDTH 660 0
DWIDTH 11 0
BBX 9 15 0 -3
BITMAP
2000
FC00
FC00
2000
2700
2700
3880
2080
2080
2080
2080
2080
0080
0080
0300
ENDCHAR
STARTCHAR 0453
ENCODING 1107
SWIDTH 660 0
DWIDTH 11 0
BBX 7 14 2 0
BITMAP
0C
0C
10
00
00
FE
62
62
60
60
60
60
F0
F0
ENDCHAR
STARTCHAR 0454
ENCODING 1108
SWIDTH 660 0
DWIDTH 11 0
BBX 7 9 2 0
BITMAP
7C
82
82
F0
80
80
82
7C
7C
ENDCHAR
STARTCHAR 0455
ENCODING 1109
SWIDTH 660 0
DWIDTH 11 0
BBX 7 9 2 0
BITMAP
7C
82
82
7C
02
02
82
7C
7C
ENDCHAR
STARTCHAR 0456
ENCODING 1110
SWIDTH 660 0
DWIDTH 11 0
BBX 7 12 2 0
BITMAP
10
00
00
F0
10
10
10
10
10
10
FE
FE
ENDCHAR
STARTCHAR 0457
ENCODING 1111
SWIDTH 660 0
DWIDTH 11 0
BBX 7 12 2 0
BITMAP
6C
00
00
F0
10
10
10
10
10
10
FE
FE
ENDCHAR
STARTCHAR 0458
ENCODING 1112
SWIDTH 660 0
DWIDTH 11 0
BBX 6 15 2 -3
BITMAP
0C
00
00
7C
0C
0C
0C
0C
0C
0C
0C
0C
8C
8C
70
ENDCHAR
STARTCHAR 0459
ENCODING 1113
SWIDTH 660 0
DWIDTH 11 0
BBX 11 9 0 0
BITMAP
3C00
2400
2400
2780
2460
2460
C460
C780
C780
ENDCHAR
STARTCHAR 045A
ENCODING 1114
SWIDTH 660 0
DWIDTH 11 0
BBX 11 9 0 0
BITMAP
C400
C400
C400
FF80
C460
C460
C460
C780
C780
ENDCHAR
STARTCHAR 045B
ENCODING 1115
SWIDTH 660 0
DWIDTH 11 0
BBX 9 12 0 0
BITMAP
2000
FC00
FC00
2000
2700
2700
3880
2080
2080
2080
2080
2080
ENDCHAR
STARTCHAR 045C
ENCODING 1116
SWIDTH 660 0
DWIDTH 11 0
BBX 7 14 2 0
BITMAP
0C
0C
10
00
00
82
8C
8C
90
F0
F0
8C
82
82
ENDCHAR
STARTCHAR 045D
ENCODING 1117
SWIDTH 660 0
DWIDTH 11 0
BBX 7 14 2 0
BITMAP
60
60
10
00
00
82
8E
8E
92
E2
E2
82
82
82
ENDCHAR
STARTCHAR 045E
ENCODING 1118
SWIDTH 660 0
DWIDTH 11 0
BBX 7 17 2 -3
BITMAP
82
82
7C
00
00
82
82
82
82
6C
6C
6C
10
10
10
10
E0
ENDCHAR
STARTCHAR 045F
ENCODING 1119
SWIDTH 660 0
DWIDTH 11 0
BBX 7 12 2 -3
BITMAP
82
82
82
82
82
82
82
FE
FE
10
10
10
ENDCHAR
STARTCHAR 0462
ENCODING 1122
SWIDTH 660 0
DWIDTH 11 0
BBX 9 12 0 0
BITMAP
2000
FC00
FC00
2000
3F00
3F00
2080
2080
2080
2080
3F00
3F00
ENDCHAR
STARTCHAR 0463
ENCODING 1123
SWIDTH 660 0
DWIDTH 11 0
BBX 9 12 0 0
BITMAP
2000
2000
2000
FC00
2000
2000
3F00
2080
2080
2080
3F00
3F00
ENDCHAR
STARTCHAR 0474
ENCODING 1140
SWIDTH 660 0
DWIDTH 11 0
BBX 9 12 2 0
BITMAP
8180
8200
8200
8200
8200
8200
8200
6C00
6C00
6C00
1000
1000
ENDCHAR
STARTCHAR 0475
ENCODING 1141
SWIDTH 660 0
DWIDTH 11 0
BBX 9 9 2 0
BITMAP
8180
8200
8200
8200
6C00
6C00
6C00
1000
1000
ENDCHAR
STARTCHAR 048A
ENCODING 1162
SWIDTH 660 0
DWIDTH 11 0
BBX 9 20 2 -3
BITMAP
8200
8200
7C00
0000
0000
8200
8200
8200
8E00
9200
9200
E200
8200
8200
8200
8380
8380
0180
0180
0200
ENDCHAR
STARTCHAR 048B
ENCODING 1163
SWIDTH 660 0
DWIDTH 11 0
BBX 9 17 2 -3
BITMAP
8200
8200
7C00
0000
0000
8200
8E00
8E00
9200
E200
E200
8200
8380
8380
0180
0180
0200
ENDCHAR
STARTCHAR 048C
ENCODING 1164
SWIDTH 660 0
DWIDTH 11 0
BBX 9 12 0 0
BITMAP
2000
FC00
FC00
2000
3F00
3F00
2080
2080
2080
2080
3F00
3F00
ENDCHAR
STARTCHAR 048D
ENCODING 1165
SWIDTH 660 0
DWIDTH 11 0
BBX 9 12 0 0
BITMAP
2000
2000
2000
FC00
2000
2000
3F00
2080
2080
2080
3F00
3F00
ENDCHAR
STARTCHAR 048E
ENCODING 1166
SWIDTH 660 0
DWIDTH 11 0
BBX 7 12 2 0
BITMAP
FC
82
82
82
92
92
FC
82
82
80
80
80
ENDCHAR
STARTCHAR 048F
ENCODING 1167
SWIDTH 660 0
DWIDTH 11 0
BBX 9 12 2 -3
BITMAP
9C00
E200
E200
8200
9200
9200
EE00
9E00
9E00
8180
8180
8000
ENDCHAR
STARTCHAR 0490
ENCODING 1168
SWIDTH 660 0
DWIDTH 11 0
BBX 7 14 2 0
BITMAP
02
02
FE
62
62
60
60
60
60
60
60
60
F0
F0
ENDCHAR
STARTCHAR 0491
ENCODING 1169
SWIDTH 660 0
DWIDTH 11 0
BBX 7 11 2 0
BITMAP
02
02
FE
62
62
60
60
60
60
F0
F0
ENDCHAR
STARTCHAR 0492
ENCODING 1170
SWIDTH 660 0
DWIDTH 11 0
BBX 9 12 0 0
BITMAP
3F80
2000
2000
2000
FF00
FF00
2000
2000
2000
2000
2000
2000
ENDCHAR
STARTCHAR 0493
ENCODING 1171
SWIDTH 660 0
DWIDTH 11 0
BBX 9 9 0 0
BITMAP
3F80
2000
2000
FF00
2000
2000
2000
2000
2000
ENDCHAR
STARTCHAR 0494
ENCODING 1172
SWIDTH 660 0
DWIDTH 11 0
BBX 7 15 2 -3
BITMAP
FC
80
80
80
9C
9C
E2
82
82
82
82
82
02
02
0C
ENDCHAR
STARTCHAR 0495
ENCODING 1173
SWIDTH 660 0
DWIDTH 11 0
BBX 7 12 2 -3
BITMAP
FC
80
80
9C
E2
E2
82
82
82
02
02
0C
ENDCHAR
STARTCHAR 0496
ENCODING 1174
SWIDTH 660 0
DWIDTH 11 0
BBX 11 15 0 -3
BITMAP
C460
2480
2480
2480
1F00
1F00
2480
2480
2480
2480
C460
C460
0060
0060
0060
ENDCHAR
STARTCHAR 0497
ENCODING 1175
SWIDTH 660 0
DWIDTH 11 0
BBX 11 12 0 -3
BITMAP
C460
2480
2480
1F00
2480
2480
2480
C460
C460
0060
0060
0060
ENDCHAR
STARTCHAR 0498
ENCODING 1176
SWIDTH 660 0
DWIDTH 11 0
BBX 7 17 2 -5
BITMAP
7C
82
82
02
1C
1C
02
02
02
82
7C
7C
10
10
0C
10
10
ENDCHAR
STARTCHAR 0499
ENCODING 1177
SWIDTH 660 0
DWIDTH 11 0
BBX 7 14 2 -5
BITMAP
7C
82
82
1C
02
02
82
7C
7C
10
10
0C
10
10
ENDCHAR
STARTCHAR 049A
ENCODING 1178
SWIDTH 660 0
DWIDTH 11 0
BBX 9 15 2 -3
BITMAP
8200
8C00
8C00
8C00
F000
F000
8C00
8C00
8C00
8200
8380
8380
0180
0180
0180
ENDCHAR
STARTCHAR 049B
ENCODING 1179
SWIDTH 660 0
DWIDTH 11 0
BBX 9 12 2 -3
BITMAP
8200
8C00
8C00
9000
F000
F000
8C00
8380
8380
0180
0180
0180
ENDCHAR
STARTCHAR 049E
ENCODING 1182
SWIDTH 660 0
DWIDTH 11 0
BBX 9 12 0 0
BITMAP
2080
FB00
FB00
2300
3C00
3C00
2300
2300
2300
2080
2080
2080
ENDCHAR
STARTCHAR 049F
ENCODING 1183
SWIDTH 660 0
DWIDTH 11 0
BBX 9 12 0 0
BITMAP
2000
F800
F800
2080
2300
2300
2400
3C00
3C00
2300
2080
2080
ENDCHAR
STARTCHAR 04A0
ENCODING 1184
SWIDTH 660 0
DWIDTH 11 0
BBX 9 12 0 0
BITMAP
E080
2300
2300
2300
3C00
3C00
2300
2300
2300
2080
2080
2080
ENDCHAR
STARTCHAR 04A1
ENCODING 1185
SWIDTH 660 0
DWIDTH 11 0
BBX 9 9 0 0
BITMAP
E080
2300
2300
2400
3C00
3C00
2300
2080
2080
ENDCHAR
STARTCHAR 04A2
ENCODING 1186
SWIDTH 660 0
DWIDTH 11 0
BBX 9 15 2 -3
BITMAP
8200
8200
8200
8200
FE00
FE00
8200
8200
8200
8200
8380
8380
0180
0180
0180
ENDCHAR
STARTCHAR 04A3
ENCODING 1187
SWIDTH 660 0
DWIDTH 11 0
BBX 9 12 2 -3
BITMAP
8200
8200
8200
FE00
8200
8200
8200
8380
8380
0180
0180
0180
ENDCHAR
STARTCHAR 04A4
ENCODING 1188
SWIDTH 660 0
DWIDTH 11 0
BBX 9 12 2 0
BITMAP
8380
8200
8200
8200
FE00
FE00
8200
8200
8200
8200
8200
8200
ENDCHAR
STARTCHAR 04A5
ENCODING 1189
SWIDTH 660 0
DWIDTH 11 0
BBX 9 9 2 0
BITMAP
8380
8200
8200
FE00
8200
8200
8200
8200
8200
ENDCHAR
STARTCHAR 04A6
ENCODING 1190
SWIDTH 660 0
DWIDTH 11 0
BBX 7 15 2 -3
BITMAP
F0
90
90
90
9C
9C
92
92
92
92
92
92
02
02
0C
ENDCHAR
STARTCHAR 04A7
ENCODING 1191
SWIDTH 660 0
DWIDTH 11 0
BBX 7 12 2 -3
BITMAP
F0
90
90
9C
92
92
92
92
92
02
02
0C
ENDCHAR
STARTCHAR 04A8
ENCODING 1192
SWIDTH 660 0
DWIDTH 11 0
BBX 7 14 2 -2
BITMAP
10
60
60
8C
92
92
92
92
92
92
8C
8C
72
72
ENDCHAR
STARTCHAR 04A9
ENCODING 1193
SWIDTH 660 0
DWIDTH 11 0
BBX 7 11 2 -2
BITMAP
60
8C
8C
92
92
92
92
8C
8C
72
72
ENDCHAR
STARTCHAR 04AA
ENCODING 1194
SWIDTH 660 0
DWIDTH 11 0
BBX 7 17 2 -5
BITMAP
7C
82
82
80
80
80
80
80
80
82
7C
7C
10
10
0C
10
10
ENDCHAR
STARTCHAR 04AB
ENCODING 1195
SWIDTH 660 0
DWIDTH 11 0
BBX 7 14 2 -5
BITMAP
7C
82
82
80
80
80
82
7C
7C
10
10
0C
10
10
ENDCHAR
STARTCHAR 04AC
ENCODING 1196
SWIDTH 660 0
DWIDTH 11 0
BBX 7 15 2 -3
BITMAP
FE
10
10
10
10
10
10
10
10
10
1C
1C
0C
0C
0C
ENDCHAR
STARTCHAR 04AD
ENCODING 1197
SWIDTH 660 0
DWIDTH 11 0
BBX 7 12 2 -3
BITMAP
FE
10
10
10
10
10
10
1C
1C
0C
0C
0C
ENDCHAR
STARTCHAR 04AE
ENCODING 1198
SWIDTH 660 0
DWIDTH 11 0
BBX 7 12 2 0
BITMAP
82
82
82
82
6C
6C
10
10
10
10
10
10
ENDCHAR
STARTCHAR 04AF
ENCODING 1199
SWIDTH 660 0
DWIDTH 11 0
BBX 7 12 2 -3
BITMAP
82
82
82
82
6C
6C
6C
10
10
10
10
10
ENDCHAR
STARTCHAR 04B0
ENCODING 1200
SWIDTH 660 0
DWIDTH 11 0
BBX 7 12 2 0
BITMAP
82
82
82
82
6C
6C
10
7C
7C
10
10
10
ENDCHAR
STARTCHAR 04B1
ENCODING 1201
SWIDTH 660 0
DWIDTH 11 0
BBX 7 12 2 -3
BITMAP
82
82
82
82
6C
6C
6C
10
10
7C
7C
10
ENDCHAR
STARTCHAR 04B2
ENCODING 1202
SWIDTH 660 0
DWIDTH 11 0
BBX 9 15 2 -3
BITMAP
8200
8200
8200
6C00
1000
1000
6C00
8200
8200
8200
8380
8380
0180
0180
0180
ENDCHAR
STARTCHAR 04B3
ENCODING 1203
SWIDTH 660 0
DWIDTH 11 0
BBX 9 12 2 -3
BITMAP
8200
6C00
6C00
1000
6C00
6C00
8200
8380
8380
0180
0180
0180
ENDCHAR
STARTCHAR 04B4
ENCODING 1204
SWIDTH 660 0
DWIDTH 11 0
BBX 11 15 0 -3
BITMAP
F880
2080
2080
2080
2080
2080
2080
2080
2080
2080
3FE0
3FE0
0060
0060
0060
ENDCHAR
STARTCHAR 04B5
ENCODING 1205
SWIDTH 660 0
DWIDTH 11 0
BBX 11 12 0 -3
BITMAP
F880
2080
2080
2080
2080
2080
2080
3FE0
3FE0
0060
0060
0060
ENDCHAR
STARTCHAR 04B6
ENCODING 1206
SWIDTH 660 0
DWIDTH 11 0
BBX 9 15 2 -3
BITMAP
8200
8200
8200
8200
8E00
8E00
7200
0200
0200
0200
0380
0380
0180
0180
0180
ENDCHAR
STARTCHAR 04B7
ENCODING 1207
SWIDTH 660 0
DWIDTH 11 0
BBX 9 12 2 -3
BITMAP
8200
8200
8200
8E00
7200
7200
0200
0380
0380
0180
0180
0180
ENDCHAR
STARTCHAR 04BA
ENCODING 1210
SWIDTH 660 0
DWIDTH 11 0
BBX 7 12 2 0
BITMAP
80
80
80
80
9C
9C
E2
82
82
82
82
82
ENDCHAR
STARTCHAR 04BB
ENCODING 1211
SWIDTH 660 0
DWIDTH 11 0
BBX 7 12 2 0
BITMAP
80
80
80
9C
E2
E2
82
82
82
82
82
82
ENDCHAR
STARTCHAR 04BC
ENCODING 1212
SWIDTH 660 0
DWIDTH 11 0
BBX 9 12 0 0
BITMAP
1F00
2080
2080
2080
FF80
FF80
2000
2000
2000
2080
1F00
1F00
ENDCHAR
STARTCHAR 04BD
ENCODING 1213
SWIDTH 660 0
DWIDTH 11 0
BBX 9 9 0 0
BITMAP
1F00
2080
2080
FF80
2000
2000
2080
1F00
1F00
ENDCHAR
STARTCHAR 04BE
ENCODING 1214
SWIDTH 660 0
DWIDTH 11 0
BBX 9 15 0 -3
BITMAP
1F00
2080
2080
2080
FF80
FF80
2000
2000
2000
2080
1F00
1F00
0400
0400
0400
ENDCHAR
STARTCHAR 04BF
ENCODING 1215
SWIDTH 660 0
DWIDTH 11 0
BBX 9 12 0 -3
BITMAP
1F00
2080
2080
FF80
2000
2000
2080
1F00
1F00
0400
0400
0400
ENDCHAR
STARTCHAR 04C0
ENCODING 1216
SWIDTH 660 0
DWIDTH 11 0
BBX 7 12 2 0
BITMAP
FE
10
10
10
10
10
10
10
10
10
FE
FE
ENDCHAR
STARTCHAR 04C1
ENCODING 1217
SWIDTH 660 0
DWIDTH 11 0
BBX 11 17 0 0
BITMAP
2080
2080
1F00
0000
0000
C460
2480
2480
2480
1F00
1F00
2480
2480
2480
2480
C460
C460
ENDCHAR
STARTCHAR 04C2
ENCODING 1218
SWIDTH 660 0
DWIDTH 11 0
BBX 11 14 0 0
BITMAP
2080
2080
1F00
0000
0000
C460
2480
2480
1F00
2480
2480
2480
C460
C460
ENDCHAR
STARTCHAR 04C3
ENCODING 1219
SWIDTH 660 0
DWIDTH 11 0
BBX 7 15 2 -3
BITMAP
82
8C
8C
8C
F0
F0
8C
82
82
82
82
82
02
02
0C
ENDCHAR
STARTCHAR 04C4
ENCODING 1220
SWIDTH 660 0
DWIDTH 11 0
BBX 7 12 2 -3
BITMAP
82
8C
8C
90
F0
F0
8C
82
82
02
02
0C
ENDCHAR
STARTCHAR 04C5
ENCODING 1221
SWIDTH 660 0
DWIDTH 11 0
BBX 9 15 2 -3
BITMAP
7E00
6200
6200
6200
6200
6200
6200
8200
8200
8200
8380
8380
0180
0180
0200
ENDCHAR
STARTCHAR 04C6
ENCODING 1222
SWIDTH 660 0
DWIDTH 11 0
BBX 9 12 2 -3
BITMAP
7E00
6200
6200
6200
6200
6200
8200
8380
8380
0180
0180
0200
ENDCHAR
STARTCHAR 04C7
ENCODING 1223
SWIDTH 660 0
DWIDTH 11 0
BBX 7 15 2 -3
BITMAP
82
82
82
82
FE
FE
82
82
82
82
82
82
02
02
0C
ENDCHAR
STARTCHAR 04C8
ENCODING 1224
SWIDTH 660 0
DWIDTH 11 0
BBX 7 12 2 -3
BITMAP
82
82
82
FE
82
82
82
82
82
02
02
0C
ENDCHAR
STARTCHAR 04C9
ENCODING 1225
SWIDTH 660 0
DWIDTH 11 0
BBX 9 15 2 -3
BITMAP
8200
8200
8200
8200
FE00
FE00
8200
8200
8200
8200
8380
8380
0180
0180
0200
ENDCHAR
STARTCHAR 04CA
ENCODING 1226
SWIDTH 660 0
DWIDTH 11 0
BBX 9 12 2 -3
BITMAP
8200
8200
8200
FE00
8200
8200
8200
8380
8380
0180
0180
0200
ENDCHAR
STARTCHAR 04CB
ENCODING 1227
SWIDTH 660 0
DWIDTH 11 0
BBX 7 15 2 -3
BITMAP
82
82
82
82
8E
8E
72
02
02
02
0E
0E
0C
0C
0C
ENDCHAR
STARTCHAR 04CC
ENCODING 1228
SWIDTH 660 0
DWIDTH 11 0
BBX 7 12 2 -3
BITMAP
82
82
82
8E
72
72
02
0E
0E
0C
0C
0C
ENDCHAR
STARTCHAR 04CD
ENCODING 1229
SWIDTH 660 0
DWIDTH 11 0
BBX 9 15 2 -3
BITMAP
8200
8200
8200
EE00
9200
9200
9200
8200
8200
8200
8380
8380
0180
0180
0200
ENDCHAR
STARTCHAR 04CE
ENCODING 1230
SWIDTH 660 0
DWIDTH 11 0
BBX 9 12 2 -3
BITMAP
8200
EE00
EE00
9200
9200
9200
8200
8380
8380
0180
0180
0200
ENDCHAR
STARTCHAR 04CF
ENCODING 1231
SWIDTH 660 0
DWIDTH 11 0
BBX 7 12 2 0
BITMAP
FE
10
10
10
10
10
10
10
10
10
FE
FE
ENDCHAR
STARTCHAR 04D0
ENCODING 1232
SWIDTH 660 0
DWIDTH 11 0
BBX 7 17 2 0
BITMAP
82
82
7C
00
00
10
6C
6C
82
82
82
FE
82
82
82
82
82
ENDCHAR
STARTCHAR 04D1
ENCODING 1233
SWIDTH 660 0
DWIDTH 11 0
BBX 7 14 2 0
BITMAP
82
82
7C
00
00
7C
02
02
7E
82
82
8E
72
72
ENDCHAR
STARTCHAR 04D2
ENCODING 1234
SWIDTH 660 0
DWIDTH 11 0
BBX 7 15 2 0
BITMAP
6C
00
00
10
6C
6C
82
82
82
FE
82
82
82
82
82
ENDCHAR
STARTCHAR 04D3
ENCODING 1235
SWIDTH 660 0
DWIDTH 11 0
BBX 7 12 2 0
BITMAP
6C
00
00
7C
02
02
7E
82
82
8E
72
72
ENDCHAR
STARTCHAR 04D4
ENCODING 1236
SWIDTH 660 0
DWIDTH 11 0
BBX 11 12 0 0
BITMAP
1FE0
2400
2400
C400
C780
C780
FC00
C400
C400
C400
C7E0
C7E0
ENDCHAR
STARTCHAR 04D5
ENCODING 1237
SWIDTH 660 0
DWIDTH 11 0
BBX 11 9 0 0
BITMAP
3B80
0460
0460
3FE0
C400
C400
C460
3B80
3B80
ENDCHAR
STARTCHAR 04D6
ENCODING 1238
SWIDTH 660 0
DWIDTH 11 0
BBX 7 17 2 0
BITMAP
82
82
7C
00
00
FE
80
80
80
FC
FC
80
80
80
80
FE
FE
ENDCHAR
STARTCHAR 04D7
ENCODING 1239
SWIDTH 660 0
DWIDTH 11 0
BBX 7 14 2 0
BITMAP
82
82
7C
00
00
7C
82
82
FE
80
80
82
7C
7C
ENDCHAR
STARTCHAR 04DC
ENCODING 1244
SWIDTH 660 0
DWIDTH 11 0
BBX 11 15 0 0
BITMAP
1B00
0000
0000
C460
2480
2480
2480
1F00
1F00
2480
2480
2480
2480
C460
C460
ENDCHAR
STARTCHAR 04DD
ENCODING 1245
SWIDTH 660 0
DWIDTH 11 0
BBX 11 12 0 0
BITMAP
1B00
0000
0000
C460
2480
2480
1F00
2480
2480
2480
C460
C460
ENDCHAR
STARTCHAR 04DE
ENCODING 1246
SWIDTH 660 0
DWIDTH 11 0
BBX 7 15 2 0
BITMAP
6C
00
00
7C
82
82
02
1C
1C
02
02
02
82
7C
7C
ENDCHAR
STARTCHAR 04DF
ENCODING 1247
SWIDTH 660 0
DWIDTH 11 0
BBX 7 12 2 0
BITMAP
6C
00
00
7C
82
82
1C
02
02
82
7C
7C
ENDCHAR
STARTCHAR 04E0
ENCODING 1248
SWIDTH 660 0
DWIDTH 11 0
BBX 7 12 2 0
BITMAP
FE
0C
0C
10
0C
0C
02
02
02
82
7C
7C
ENDCHAR
STARTCHAR 04E1
ENCODING 1249
SWIDTH 660 0
DWIDTH 11 0
BBX 7 12 2 -3
BITMAP
FE
0C
0C
10
0C
0C
02
02
02
82
82
7C
ENDCHAR
STARTCHAR 04E2
ENCODING 1250
SWIDTH 660 0
DWIDTH 11 0
BBX 7 15 2 0
BITMAP
7C
00
00
82
82
82
8E
92
92
E2
82
82
82
82
82
ENDCHAR
STARTCHAR 04E3
ENCODING 1251
SWIDTH 660 0
DWIDTH 11 0
BBX 7 12 2 0
BITMAP
7C
00
00
82
8E
8E
92
E2
E2
82
82
82
ENDCHAR
STARTCHAR 04E4
ENCODING 1252
SWIDTH 660 0
DWIDTH 11 0
BBX 7 15 2 0
BITMAP
6C
00
00
82
82
82
8E
92
92
E2
82
82
82
82
82
ENDCHAR
STARTCHAR 04E5
ENCODING 1253
SWIDTH 660 0
DWIDTH 11 0
BBX 7 12 2 0
BITMAP
6C
00
00
82
8E
8E
92
E2
E2
82
82
82
ENDCHAR
STARTCHAR 04E6
ENCODING 1254
SWIDTH 660 0
DWIDTH 11 0
BBX 7 15 2 0
BITMAP
6C
00
00
7C
82
82
82
82
82
82
82
82
82
7C
7C
ENDCHAR
STARTCHAR 04E7
ENCODING 1255
SWIDTH 660 0
DWIDTH 11 0
BBX 7 12 2 0
BITMAP
6C
00
00
7C
82
82
82
82
82
82
7C
7C
ENDCHAR
STARTCHAR 04E8
ENCODING 1256
SWIDTH 660 0
DWIDTH 11 0
BBX 7 12 2 0
BITMAP
7C
82
82
82
FE
FE
82
82
82
82
7C
7C
ENDCHAR
STARTCHAR 04E9
ENCODING 1257
SWIDTH 660 0
DWIDTH 11 0
BBX 7 9 2 0
BITMAP
7C
82
82
FE
82
82
82
7C
7C
ENDCHAR
STARTCHAR 04EA
ENCODING 1258
SWIDTH 660 0
DWIDTH 11 0
BBX 7 15 2 0
BITMAP
6C
00
00
7C
82
82
82
FE
FE
82
82
82
82
7C
7C
ENDCHAR
STARTCHAR 04EB
ENCODING 1259
SWIDTH 660 0
DWIDTH 11 0
BBX 7 12 2 0
BITMAP
6C
00
00
7C
82
82
FE
82
82
82
7C
7C
ENDCHAR
STARTCHAR 04EC
ENCODING 1260
SWIDTH 660 0
DWIDTH 11 0
BBX 7 15 2 0
BITMAP
6C
00
00
7C
82
82
02
1E
1E
02
02
02
82
7C
7C
ENDCHAR
STARTCHAR 04ED
ENCODING 1261
SWIDTH 660 0
DWIDTH 11 0
BBX 7 12 2 0
BITMAP
6C
00
00
7C
82
82
1E
02
02
82
7C
7C
ENDCHAR
STARTCHAR 04EE
ENCODING 1262
SWIDTH 660 0
DWIDTH 11 0
BBX 7 15 2 0
BITMAP
7C
00
00
82
82
82
82
6C
6C
6C
10
10
10
E0
E0
ENDCHAR
STARTCHAR 04EF
ENCODING 1263
SWIDTH 660 0
DWIDTH 11 0
BBX 7 15 2 -3
BITMAP
7C
00
00
82
82
82
82
6C
6C
6C
10
10
10
10
E0
ENDCHAR
STARTCHAR 04F0
ENCODING 1264
SWIDTH 660 0
DWIDTH 11 0
BBX 7 15 2 0
BITMAP
6C
00
00
82
82
82
82
6C
6C
6C
10
10
10
E0
E0
ENDCHAR
STARTCHAR 04F1
ENCODING 1265
SWIDTH 660 0
DWIDTH 11 0
BBX 7 15 2 -3
BITMAP
6C
00
00
82
82
82
82
6C
6C
6C
10
10
10
10
E0
ENDCHAR
STARTCHAR 04F2
ENCODING 1266
SWIDTH 660 0
DWIDTH 11 0
BBX 7 17 2 0
BITMAP
6C
6C
6C
00
00
82
82
82
82
6C
6C
6C
10
10
10
E0
E0
ENDCHAR
STARTCHAR 04F3
ENCODING 1267
SWIDTH 660 0
DWIDTH 11 0
BBX 7 17 2 -3
BITMAP
6C
6C
6C
00
00
82
82
82
82
6C
6C
6C
10
10
10
10
E0
ENDCHAR
STARTCHAR 04F4
ENCODING 1268
SWIDTH 660 0
DWIDTH 11 0
BBX 7 15 2 0
BITMAP
6C
00
00
82
82
82
82
8E
8E
72
02
02
02
02
02
ENDCHAR
STARTCHAR 04F5
ENCODING 1269
SWIDTH 660 0
DWIDTH 11 0
BBX 7 12 2 0
BITMAP
6C
00
00
82
82
82
8E
72
72
02
02
02
ENDCHAR
STARTCHAR 04F6
ENCODING 1270
SWIDTH 660 0
DWIDTH 11 0
BBX 7 15 2 -3
BITMAP
FE
62
62
60
60
60
60
60
60
60
F0
F0
10
10
10
ENDCHAR
STARTCHAR 04F7
ENCODING 1271
SWIDTH 660 0
DWIDTH 11 0
BBX 7 12 2 -3
BITMAP
FE
62
62
60
60
60
60
F0
F0
10
10
10
ENDCHAR
STARTCHAR 04F8
ENCODING 1272
SWIDTH 660 0
DWIDTH 11 0
BBX 7 15 2 0
BITMAP
6C
00
00
82
82
82
82
E2
E2
92
92
92
92
E2
E2
ENDCHAR
STARTCHAR 04F9
ENCODING 1273
SWIDTH 660 0
DWIDTH 11 0
BBX 7 12 2 0
BITMAP
6C
00
00
82
82
82
E2
92
92
92
E2
E2
ENDCHAR
STARTCHAR 04FC
ENCODING 1276
SWIDTH 660 0
DWIDTH 11 0
BBX 7 15 2 -3
BITMAP
82
82
82
6C
10
10
6C
82
82
82
82
82
02
02
0C
ENDCHAR
STARTCHAR 04FD
ENCODING 1277
SWIDTH 660 0
DWIDTH 11 0
BBX 7 12 2 -3
BITMAP
82
6C
6C
10
6C
6C
82
82
82
02
02
0C
ENDCHAR
STARTCHAR 0510
ENCODING 1296
SWIDTH 660 0
DWIDTH 11 0
BBX 7 12 2 0
BITMAP
7C
82
82
80
70
70
80
80
80
82
7C
7C
ENDCHAR
STARTCHAR 0511
ENCODING 1297
SWIDTH 660 0
DWIDTH 11 0
BBX 7 9 2 0
BITMAP
7C
82
82
70
80
80
82
7C
7C
ENDCHAR
STARTCHAR 0512
ENCODING 1298
SWIDTH 660 0
DWIDTH 11 0
BBX 7 15 2 -3
BITMAP
7E
62
62
62
62
62
62
82
82
82
82
82
02
02
0C
ENDCHAR
STARTCHAR 0513
ENCODING 1299
SWIDTH 660 0
DWIDTH 11 0
BBX 7 12 2 -3
BITMAP
7E
62
62
62
62
62
82
82
82
02
02
0C
ENDCHAR
STARTCHAR 051C
ENCODING 1308
SWIDTH 660 0
DWIDTH 11 0
BBX 7 12 2 0
BITMAP
82
82
82
82
92
92
92
6C
6C
6C
6C
6C
ENDCHAR
STARTCHAR 051D
ENCODING 1309
SWIDTH 660 0
DWIDTH 11 0
BBX 7 9 2 0
BITMAP
92
92
92
92
92
92
92
6E
6E
ENDCHAR
STARTCHAR 0524
ENCODING 1316
SWIDTH 660 0
DWIDTH 11 0
BBX 9 15 2 -3
BITMAP
FE00
8200
8200
8200
8200
8200
8200
8200
8200
8200
8380
8380
0180
0180
0180
ENDCHAR
STARTCHAR 0525
ENCODING 1317
SWIDTH 660 0
DWIDTH 11 0
BBX 9 12 2 -3
BITMAP
FE00
8200
8200
8200
8200
8200
8200
8380
8380
0180
0180
0180
ENDCHAR
STARTCHAR 0526
ENCODING 1318
SWIDTH 660 0
DWIDTH 11 0
BBX 9 15 2 -3
BITMAP
8000
8000
8000
8000
9C00
9C00
E200
8200
8200
8200
8380
8380
0180
0180
0180
ENDCHAR
STARTCHAR 0527
ENCODING 1319
SWIDTH 660 0
DWIDTH 11 0
BBX 9 15 2 -3
BITMAP
8000
8000
8000
9C00
E200
E200
8200
8200
8200
8200
8380
8380
0180
0180
0180
ENDCHAR
STARTCHAR 0E3F
ENCODING 3647
SWIDTH 660 0
DWIDTH 11 0
BBX 7 16 2 -2
BITMAP
10
10
FC
92
92
92
FC
FC
92
92
92
92
FC
FC
10
10
ENDCHAR
STARTCHAR 1E02
ENCODING 7682
SWIDTH 660 0
DWIDTH 11 0
BBX 7 15 2 0
BITMAP
10
00
00
FC
82
82
82
FC
FC
82
82
82
82
FC
FC
ENDCHAR
STARTCHAR 1E03
ENCODING 7683
SWIDTH 660 0
DWIDTH 11 0
BBX 7 12 2 0
BITMAP
90
80
80
9C
E2
E2
82
82
82
E2
9C
9C
ENDCHAR
STARTCHAR 1E0A
ENCODING 7690
SWIDTH 660 0
DWIDTH 11 0
BBX 7 15 2 0
BITMAP
10
00
00
FC
82
82
82
82
82
82
82
82
82
FC
FC
ENDCHAR
STARTCHAR 1E0B
ENCODING 7691
SWIDTH 660 0
DWIDTH 11 0
BBX 7 12 2 0
BITMAP
12
02
02
72
8E
8E
82
82
82
8E
72
72
ENDCHAR
STARTCHAR 1E0C
ENCODING 7692
SWIDTH 660 0
DWIDTH 11 0
BBX 7 15 2 -3
BITMAP
FC
82
82
82
82
82
82
82
82
82
FC
FC
00
00
10
ENDCHAR
STARTCHAR 1E0D
ENCODING 7693
SWIDTH 660 0
DWIDTH 11 0
BBX 7 15 2 -3
BITMAP
02
02
02
72
8E
8E
82
82
82
8E
72
72
00
00
10
ENDCHAR
STARTCHAR 1E10
ENCODING 7696
SWIDTH 660 0
DWIDTH 11 0
BBX 7 17 2 -5
BITMAP
FC
82
82
82
82
82
82
82
82
82
FC
FC
10
10
0C
10
10
ENDCHAR
STARTCHAR 1E11
ENCODING 7697
SWIDTH 660 0
DWIDTH 11 0
BBX 7 17 2 -5
BITMAP
02
02
02
72
8E
8E
82
82
82
8E
72
72
10
10
0C
10
10
ENDCHAR
STARTCHAR 1E1E
ENCODING 7710
SWIDTH 660 0
DWIDTH 11 0
BBX 7 15 2 0
BITMAP
10
00
00
FE
80
80
80
FC
FC
80
80
80
80
80
80
ENDCHAR
STARTCHAR 1E1F
ENCODING 7711
SWIDTH 660 0
DWIDTH 11 0
BBX 7 15 2 0
BITMAP
10
00
00
1E
60
60
FE
60
60
60
60
60
60
FC
FC
ENDCHAR
STARTCHAR 1E20
ENCODING 7712
SWIDTH 660 0
DWIDTH 11 0
BBX 7 15 2 0
BITMAP
7C
00
00
7C
82
82
80
80
80
8E
82
82
82
7C
7C
ENDCHAR
STARTCHAR 1E21
ENCODING 7713
SWIDTH 660 0
DWIDTH 11 0
BBX 7 15 2 -3
BITMAP
7C
00
00
72
8E
8E
82
82
82
8E
72
72
02
02
7C
ENDCHAR
STARTCHAR 1E24
ENCODING 7716
SWIDTH 660 0
DWIDTH 11 0
BBX 7 15 2 -3
BITMAP
82
82
82
82
FE
FE
82
82
82
82
82
82
00
00
10
ENDCHAR
STARTCHAR 1E25
ENCODING 7717
SWIDTH 660 0
DWIDTH 11 0
BBX 7 15 2 -3
BITMAP
80
80
80
9C
E2
E2
82
82
82
82
82
82
00
00
10
ENDCHAR
STARTCHAR 1E2A
ENCODING 7722
SWIDTH 660 0
DWIDTH 11 0
BBX 7 17 2 -5
BITMAP
82
82
82
82
FE
FE
82
82
82
82
82
82
00
00
82
7C
7C
ENDCHAR
STARTCHAR 1E2B
ENCODING 7723
SWIDTH 660 0
DWIDTH 11 0
BBX 7 17 2 -5
BITMAP
80
80
80
9C
E2
E2
82
82
82
82
82
82
00
00
82
7C
7C
ENDCHAR
STARTCHAR 1E32
ENCODING 7730
SWIDTH 660 0
DWIDTH 11 0
BBX 7 15 2 -3
BITMAP
82
8C
8C
90
F0
F0
8C
8C
8C
82
82
82
00
00
10
ENDCHAR
STARTCHAR 1E33
ENCODING 7731
SWIDTH 660 0
DWIDTH 11 0
BBX 7 15 2 -3
BITMAP
80
80
80
82
8C
8C
90
F0
F0
8C
82
82
00
00
10
ENDCHAR
STARTCHAR 1E36
ENCODING 7734
SWIDTH 660 0
DWIDTH 11 0
BBX 7 15 2 -3
BITMAP
80
80
80
80
80
80
80
80
80
80
FE
FE
00
00
10
ENDCHAR
STARTCHAR 1E37
ENCODING 7735
SWIDTH 660 0
DWIDTH 11 0
BBX 7 15 2 -3
BITMAP
F0
10
10
10
10
10
10
10
10
10
FE
FE
00
00
10
ENDCHAR
STARTCHAR 1E3E
ENCODING 7742
SWIDTH 660 0
DWIDTH 11 0
BBX 7 17 2 0
BITMAP
0C
0C
10
00
00
82
82
82
EE
92
92
92
82
82
82
82
82
ENDCHAR
STARTCHAR 1E3F
ENCODING 7743
SWIDTH 660 0
DWIDTH 11 0
BBX 7 14 2 0
BITMAP
0C
0C
10
00
00
EC
92
92
92
92
92
92
92
92
ENDCHAR
STARTCHAR 1E40
ENCODING 7744
SWIDTH 660 0
DWIDTH 11 0
BBX 7 15 2 0
BITMAP
10
00
00
82
82
82
EE
92
92
92
82
82
82
82
82
ENDCHAR
STARTCHAR 1E41
ENCODING 7745
SWIDTH 660 0
DWIDTH 11 0
BBX 7 12 2 0
BITMAP
10
00
00
EC
92
92
92
92
92
92
92
92
ENDCHAR
STARTCHAR 1E44
ENCODING 7748
SWIDTH 660 0
DWIDTH 11 0
BBX 7 15 2 0
BITMAP
10
00
00
82
82
82
E2
92
92
8E
82
82
82
82
82
ENDCHAR
STARTCHAR 1E45
ENCODING 7749
SWIDTH 660 0
DWIDTH 11 0
BBX 7 12 2 0
BITMAP
10
00
00
9C
E2
E2
82
82
82
82
82
82
ENDCHAR
STARTCHAR 1E56
ENCODING 7766
SWIDTH 660 0
DWIDTH 11 0
BBX 7 15 2 0
BITMAP
10
00
00
FC
82
82
82
82
82
FC
80
80
80
80
80
ENDCHAR
STARTCHAR 1E57
ENCODING 7767
SWIDTH 660 0
DWIDTH 11 0
BBX 7 15 2 -3
BITMAP
10
00
00
9C
E2
E2
82
82
82
E2
9C
9C
80
80
80
ENDCHAR
STARTCHAR 1E5A
ENCODING 7770
SWIDTH 660 0
DWIDTH 11 0
BBX 7 15 2 -3
BITMAP
FC
82
82
82
82
82
FC
8C
8C
82
82
82
00
00
10
ENDCHAR
STARTCHAR 1E5B
ENCODING 7771
SWIDTH 660 0
DWIDTH 11 0
BBX 7 12 2 -3
BITMAP
EE
70
70
60
60
60
60
FC
FC
00
00
60
ENDCHAR
STARTCHAR 1E60
ENCODING 7776
SWIDTH 660 0
DWIDTH 11 0
BBX 7 15 2 0
BITMAP
10
00
00
7C
82
82
80
7C
7C
02
02
02
82
7C
7C
ENDCHAR
STARTCHAR 1E61
ENCODING 7777
SWIDTH 660 0
DWIDTH 11 0
BBX 7 12 2 0
BITMAP
10
00
00
7C
82
82
7C
02
02
82
7C
7C
ENDCHAR
STARTCHAR 1E62
ENCODING 7778
SWIDTH 660 0
DWIDTH 11 0
BBX 7 15 2 -3
BITMAP
7C
82
82
80
7C
7C
02
02
02
82
7C
7C
00
00
10
ENDCHAR
STARTCHAR 1E63
ENCODING 7779
SWIDTH 660 0
DWIDTH 11 0
BBX 7 12 2 -3
BITMAP
7C
82
82
7C
02
02
82
7C
7C
00
00
10
ENDCHAR
STARTCHAR 1E6A
ENCODING 7786
SWIDTH 660 0
DWIDTH 11 0
BBX 7 15 2 0
BITMAP
10
00
00
FE
10
10
10
10
10
10
10
10
10
10
10
ENDCHAR
STARTCHAR 1E6B
ENCODING 7787
SWIDTH 660 0
DWIDTH 11 0
BBX 7 15 2 0
BITMAP
60
00
00
60
60
60
FE
60
60
60
60
60
62
1C
1C
ENDCHAR
STARTCHAR 1E6C
ENCODING 7788
SWIDTH 660 0
DWIDTH 11 0
BBX 7 15 2 -3
BITMAP
FE
10
10
10
10
10
10
10
10
10
10
10
00
00
10
ENDCHAR
STARTCHAR 1E6D
ENCODING 7789
SWIDTH 660 0
DWIDTH 11 0
BBX 7 15 2 -3
BITMAP
60
60
60
FE
60
60
60
60
60
62
1C
1C
00
00
10
ENDCHAR
STARTCHAR 1E7C
ENCODING 7804
SWIDTH 660 0
DWIDTH 11 0
BBX 7 17 2 0
BITMAP
12
12
6C
00
00
82
82
82
82
82
82
82
6C
6C
6C
10
10
ENDCHAR
STARTCHAR 1E7D
ENCODING 7805
SWIDTH 660 0
DWIDTH 11 0
BBX 7 14 2 0
BITMAP
12
12
6C
00
00
82
82
82
82
6C
6C
6C
10
10
ENDCHAR
STARTCHAR 1E80
ENCODING 7808
SWIDTH 660 0
DWIDTH 11 0
BBX 7 17 2 0
BITMAP
60
60
10
00
00
82
82
82
82
92
92
92
6C
6C
6C
6C
6C
ENDCHAR
STARTCHAR 1E81
ENCODING 7809
SWIDTH 660 0
DWIDTH 11 0
BBX 7 14 2 0
BITMAP
60
60
10
00
00
92
92
92
92
92
92
92
6E
6E
ENDCHAR
STARTCHAR 1E82
ENCODING 7810
SWIDTH 660 0
DWIDTH 11 0
BBX 7 17 2 0
BITMAP
0C
0C
10
00
00
82
82
82
82
92
92
92
6C
6C
6C
6C
6C
ENDCHAR
STARTCHAR 1E83
ENCODING 7811
SWIDTH 660 0
DWIDTH 11 0
BBX 7 14 2 0
BITMAP
0C
0C
10
00
00
92
92
92
92
92
92
92
6E
6E
ENDCHAR
STARTCHAR 1E84
ENCODING 7812
SWIDTH 660 0
DWIDTH 11 0
BBX 7 15 2 0
BITMAP
6C
00
00
82
82
82
82
92
92
92
6C
6C
6C
6C
6C
ENDCHAR
STARTCHAR 1E85
ENCODING 7813
SWIDTH 660 0
DWIDTH 11 0
BBX 7 12 2 0
BITMAP
6C
00
00
92
92
92
92
92
92
92
6E
6E
ENDCHAR
STARTCHAR 1E8E
ENCODING 7822
SWIDTH 660 0
DWIDTH 11 0
BBX 7 15 2 0
BITMAP
10
00
00
82
82
82
82
6C
6C
10
10
10
10
10
10
ENDCHAR
STARTCHAR 1E8F
ENCODING 7823
SWIDTH 660 0
DWIDTH 11 0
BBX 7 15 2 -3
BITMAP
10
00
00
82
82
82
82
6C
6C
6C
10
10
10
10
E0
ENDCHAR
STARTCHAR 1E92
ENCODING 7826
SWIDTH 660 0
DWIDTH 11 0
BBX 7 15 2 -3
BITMAP
FE
02
02
0C
10
10
60
80
80
80
FE
FE
00
00
10
ENDCHAR
STARTCHAR 1E93
ENCODING 7827
SWIDTH 660 0
DWIDTH 11 0
BBX 7 12 2 -3
BITMAP
FE
0C
0C
10
60
60
80
FE
FE
00
00
10
ENDCHAR
STARTCHAR 1E9B
ENCODING 7835
SWIDTH 660 0
DWIDTH 11 0
BBX 7 12 2 0
BITMAP
1E
10
10
10
10
10
10
10
10
10
FE
FE
ENDCHAR
STARTCHAR 1E9E
ENCODING 7838
SWIDTH 660 0
DWIDTH 11 0
BBX 9 12 0 0
BITMAP
1F80
2300
2300
2300
2300
2300
2080
2080
2080
2080
E700
E700
ENDCHAR
STARTCHAR 1EA0
ENCODING 7840
SWIDTH 660 0
DWIDTH 11 0
BBX 7 15 2 -3
BITMAP
10
6C
6C
82
82
82
FE
82
82
82
82
82
00
00
10
ENDCHAR
STARTCHAR 1EA1
ENCODING 7841
SWIDTH 660 0
DWIDTH 11 0
BBX 7 12 2 -3
BITMAP
7C
02
02
7E
82
82
8E
72
72
00
00
10
ENDCHAR
STARTCHAR 1EB8
ENCODING 7864
SWIDTH 660 0
DWIDTH 11 0
BBX 7 15 2 -3
BITMAP
FE
80
80
80
FC
FC
80
80
80
80
FE
FE
00
00
10
ENDCHAR
STARTCHAR 1EB9
ENCODING 7865
SWIDTH 660 0
DWIDTH 11 0
BBX 7 12 2 -3
BITMAP
7C
82
82
FE
80
80
82
7C
7C
00
00
10
ENDCHAR
STARTCHAR 1EBC
ENCODING 7868
SWIDTH 660 0
DWIDTH 11 0
BBX 7 17 2 0
BITMAP
12
12
6C
00
00
FE
80
80
80
FC
FC
80
80
80
80
FE
FE
ENDCHAR
STARTCHAR 1EBD
ENCODING 7869
SWIDTH 660 0
DWIDTH 11 0
BBX 7 14 2 0
BITMAP
12
12
6C
00
00
7C
82
82
FE
80
80
82
7C
7C
ENDCHAR
STARTCHAR 1ECA
ENCODING 7882
SWIDTH 660 0
DWIDTH 11 0
BBX 7 15 2 -3
BITMAP
FE
10
10
10
10
10
10
10
10
10
FE
FE
00
00
10
ENDCHAR
STARTCHAR 1ECB
ENCODING 7883
SWIDTH 660 0
DWIDTH 11 0
BBX 7 15 2 -3
BITMAP
10
00
00
F0
10
10
10
10
10
10
FE
FE
00
00
10
ENDCHAR
STARTCHAR 1ECC
ENCODING 7884
SWIDTH 660 0
DWIDTH 11 0
BBX 7 15 2 -3
BITMAP
7C
82
82
82
82
82
82
82
82
82
7C
7C
00
00
10
ENDCHAR
STARTCHAR 1ECD
ENCODING 7885
SWIDTH 660 0
DWIDTH 11 0
BBX 7 12 2 -3
BITMAP
7C
82
82
82
82
82
82
7C
7C
00
00
10
ENDCHAR
STARTCHAR 1EE4
ENCODING 7908
SWIDTH 660 0
DWIDTH 11 0
BBX 7 15 2 -3
BITMAP
82
82
82
82
82
82
82
82
82
82
7C
7C
00
00
10
ENDCHAR
STARTCHAR 1EE5
ENCODING 7909
SWIDTH 660 0
DWIDTH 11 0
BBX 7 12 2 -3
BITMAP
82
82
82
82
82
82
8E
72
72
00
00
10
ENDCHAR
STARTCHAR 1EF2
ENCODING 7922
SWIDTH 660 0
DWIDTH 11 0
BBX 7 17 2 0
BITMAP
60
60
10
00
00
82
82
82
82
6C
6C
10
10
10
10
10
10
ENDCHAR
STARTCHAR 1EF3
ENCODING 7923
SWIDTH 660 0
DWIDTH 11 0
BBX 7 17 2 -3
BITMAP
60
60
10
00
00
82
82
82
82
6C
6C
6C
10
10
10
10
E0
ENDCHAR
STARTCHAR 1EF8
ENCODING 7928
SWIDTH 660 0
DWIDTH 11 0
BBX 7 17 2 0
BITMAP
12
12
6C
00
00
82
82
82
82
6C
6C
10
10
10
10
10
10
ENDCHAR
STARTCHAR 1EF9
ENCODING 7929
SWIDTH 660 0
DWIDTH 11 0
BBX 7 17 2 -3
BITMAP
12
12
6C
00
00
82
82
82
82
6C
6C
6C
10
10
10
10
E0
ENDCHAR
STARTCHAR 2010
ENCODING 8208
SWIDTH 660 0
DWIDTH 11 0
BBX 5 1 3 5
BITMAP
F8
ENDCHAR
STARTCHAR 2013
ENCODING 8211
SWIDTH 660 0
DWIDTH 11 0
BBX 7 1 2 5
BITMAP
FE
ENDCHAR
STARTCHAR 2014
ENCODING 8212
SWIDTH 660 0
DWIDTH 11 0
BBX 11 1 0 5
BITMAP
FFE0
ENDCHAR
STARTCHAR 2015
ENCODING 8213
SWIDTH 660 0
DWIDTH 11 0
BBX 11 1 0 5
BITMAP
FFE0
ENDCHAR
STARTCHAR 2018
ENCODING 8216
SWIDTH 660 0
DWIDTH 11 0
BBX 3 4 5 8
BITMAP
60
80
80
80
ENDCHAR
STARTCHAR 2019
ENCODING 8217
SWIDTH 660 0
DWIDTH 11 0
BBX 3 4 3 8
BITMAP
20
20
20
C0
ENDCHAR
STARTCHAR 201A
ENCODING 8218
SWIDTH 660 0
DWIDTH 11 0
BBX 3 5 3 -2
BITMAP
20
20
20
C0
C0
ENDCHAR
STARTCHAR 201C
ENCODING 8220
SWIDTH 660 0
DWIDTH 11 0
BBX 6 4 3 8
BITMAP
24
D8
D8
D8
ENDCHAR
STARTCHAR 201D
ENCODING 8221
SWIDTH 660 0
DWIDTH 11 0
BBX 6 4 2 8
BITMAP
6C
6C
6C
90
ENDCHAR
STARTCHAR 201E
ENCODING 8222
SWIDTH 660 0
DWIDTH 11 0
BBX 6 5 2 -2
BITMAP
6C
6C
6C
90
90
ENDCHAR
STARTCHAR 2020
ENCODING 8224
SWIDTH 660 0
DWIDTH 11 0
BBX 7 11 2 3
BITMAP
10
10
10
FE
FE
10
10
10
10
10
10
ENDCHAR
STARTCHAR 2021
ENCODING 8225
SWIDTH 660 0
DWIDTH 11 0
BBX 7 12 2 2
BITMAP
10
10
10
FE
FE
10
10
10
FE
10
10
10
ENDCHAR
STARTCHAR 2022
ENCODING 8226
SWIDTH 660 0
DWIDTH 11 0
BBX 3 3 3 5
BITMAP
E0
E0
E0
ENDCHAR
STARTCHAR 2026
ENCODING 8230
SWIDTH 660 0
DWIDTH 11 0
BBX 7 3 2 0
BITMAP
92
92
92
ENDCHAR
STARTCHAR 2027
ENCODING 8231
SWIDTH 660 0
DWIDTH 11 0
BBX 1 3 5 6
BITMAP
80
80
80
ENDCHAR
STARTCHAR 2030
ENCODING 8240
SWIDTH 660 0
DWIDTH 11 0
BBX 11 14 0 0
BITMAP
1800
1800
2400
1800
1800
00E0
1F00
1F00
E000
0480
0480
1B60
0480
0480
ENDCHAR
STARTCHAR 2032
ENCODING 8242
SWIDTH 660 0
DWIDTH 11 0
BBX 1 4 5 8
BITMAP
80
80
80
80
ENDCHAR
STARTCHAR 2033
ENCODING 8243
SWIDTH 660 0
DWIDTH 11 0
BBX 5 4 3 8
BITMAP
D8
D8
D8
D8
ENDCHAR
STARTCHAR 2039
ENCODING 8249
SWIDTH 660 0
DWIDTH 11 0
BBX 5 7 3 2
BITMAP
18
20
20
C0
20
20
18
ENDCHAR
STARTCHAR 203A
ENCODING 8250
SWIDTH 660 0
DWIDTH 11 0
BBX 5 7 3 2
BITMAP
C0
20
20
18
20
20
C0
ENDCHAR
STARTCHAR 2044
ENCODING 8260
SWIDTH 660 0
DWIDTH 11 0
BBX 11 5 0 3
BITMAP
00E0
00E0
1F00
E000
E000
ENDCHAR
STARTCHAR 204A
ENCODING 8266
SWIDTH 660 0
DWIDTH 11 0
BBX 7 12 2 -3
BITMAP
FE
02
02
02
0C
0C
0C
0C
0C
10
10
10
ENDCHAR
STARTCHAR 2052
ENCODING 8274
SWIDTH 660 0
DWIDTH 11 0
BBX 9 12 2 0
BITMAP
E180
E180
E180
0200
0C00
0C00
1000
6000
6000
8380
8380
8380
ENDCHAR
STARTCHAR 2070
ENCODING 8304
SWIDTH 660 0
DWIDTH 11 0
BBX 7 9 2 5
BITMAP
7C
7C
8E
92
92
E2
82
82
7C
ENDCHAR
STARTCHAR 2074
ENCODING 8308
SWIDTH 660 0
DWIDTH 11 0
BBX 7 9 2 5
BITMAP
0E
0E
12
62
62
82
FE
FE
02
ENDCHAR
STARTCHAR 2075
ENCODING 8309
SWIDTH 660 0
DWIDTH 11 0
BBX 7 9 2 5
BITMAP
FE
FE
80
FC
FC
02
82
82
7C
ENDCHAR
STARTCHAR 2076
ENCODING 8310
SWIDTH 660 0
DWIDTH 11 0
BBX 7 9 2 5
BITMAP
7C
7C
80
FC
FC
82
82
82
7C
ENDCHAR
STARTCHAR 2077
ENCODING 8311
SWIDTH 660 0
DWIDTH 11 0
BBX 7 9 2 5
BITMAP
FE
FE
02
0C
0C
10
60
60
60
ENDCHAR
STARTCHAR 2078
ENCODING 8312
SWIDTH 660 0
DWIDTH 11 0
BBX 7 9 2 5
BITMAP
7C
7C
82
7C
7C
82
82
82
7C
ENDCHAR
STARTCHAR 2079
ENCODING 8313
SWIDTH 660 0
DWIDTH 11 0
BBX 7 9 2 5
BITMAP
7C
7C
82
82
82
7E
02
02
7C
ENDCHAR
STARTCHAR 2080
ENCODING 8320
SWIDTH 660 0
DWIDTH 11 0
BBX 7 9 2 -3
BITMAP
7C
8E
8E
92
E2
E2
82
82
7C
ENDCHAR
STARTCHAR 2081
ENCODING 8321
SWIDTH 660 0
DWIDTH 11 0
BBX 5 9 3 -3
BITMAP
20
E0
E0
20
20
20
20
20
F8
ENDCHAR
STARTCHAR 2082
ENCODING 8322
SWIDTH 660 0
DWIDTH 11 0
BBX 7 9 2 -3
BITMAP
7C
82
82
0C
10
10
60
60
FE
ENDCHAR
STARTCHAR 2083
ENCODING 8323
SWIDTH 660 0
DWIDTH 11 0
BBX 7 9 2 -3
BITMAP
7C
82
82
1C
02
02
82
82
7C
ENDCHAR
STARTCHAR 2084
ENCODING 8324
SWIDTH 660 0
DWIDTH 11 0
BBX 7 9 2 -3
BITMAP
0E
12
12
62
82
82
FE
FE
02
ENDCHAR
STARTCHAR 2085
ENCODING 8325
SWIDTH 660 0
DWIDTH 11 0
BBX 7 9 2 -3
BITMAP
FE
80
80
FC
02
02
82
82
7C
ENDCHAR
STARTCHAR 2086
ENCODING 8326
SWIDTH 660 0
DWIDTH 11 0
BBX 7 9 2 -3
BITMAP
7C
80
80
FC
82
82
82
82
7C
ENDCHAR
STARTCHAR 2087
ENCODING 8327
SWIDTH 660 0
DWIDTH 11 0
BBX 7 9 2 -3
BITMAP
FE
02
02
0C
10
10
60
60
60
ENDCHAR
STARTCHAR 2088
ENCODING 8328
SWIDTH 660 0
DWIDTH 11 0
BBX 7 9 2 -3
BITMAP
7C
82
82
7C
82
82
82
82
7C
ENDCHAR
STARTCHAR 2089
ENCODING 8329
SWIDTH 660 0
DWIDTH 11 0
BBX 7 9 2 -3
BITMAP
7C
82
82
82
7E
7E
02
02
7C
ENDCHAR
STARTCHAR 20A3
ENCODING 8355
SWIDTH 660 0
DWIDTH 11 0
BBX 9 12 0 0
BITMAP
3F80
2000
2000
2000
3F00
3F00
2000
2000
2000
FC00
2000
2000
ENDCHAR
STARTCHAR 20A9
ENCODING 8361
SWIDTH 660 0
DWIDTH 11 0
BBX 11 12 0 0
BITMAP
2080
2080
2080
FFE0
2480
2480
2480
1B00
1B00
1B00
1B00
1B00
ENDCHAR
STARTCHAR 20AA
ENCODING 8362
SWIDTH 660 0
DWIDTH 11 0
BBX 7 12 2 0
BITMAP
E2
92
92
92
82
82
92
92
92
92
8E
8E
ENDCHAR
STARTCHAR 20AC
ENCODING 8364
SWIDTH 660 0
DWIDTH 11 0
BBX 9 12 0 0
BITMAP
1F00
2080
2080
2000
FC00
FC00
2000
2000
2000
2080
1F00
1F00
ENDCHAR
STARTCHAR 20AE
ENCODING 8366
SWIDTH 660 0
DWIDTH 11 0
BBX 7 12 2 0
BITMAP
FE
10
10
12
1C
1C
72
9C
9C
70
90
90
ENDCHAR
STARTCHAR 20B4
ENCODING 8372
SWIDTH 660 0
DWIDTH 11 0
BBX 7 12 2 0
BITMAP
7C
82
82
0C
FE
FE
60
80
80
82
7C
7C
ENDCHAR
STARTCHAR 20B8
ENCODING 8376
SWIDTH 660 0
DWIDTH 11 0
BBX 7 12 2 0
BITMAP
FE
10
10
FE
10
10
10
10
10
10
10
10
ENDCHAR
STARTCHAR 20B9
ENCODING 8377
SWIDTH 660 0
DWIDTH 11 0
BBX 7 12 2 0
BITMAP
FE
0C
0C
FE
10
10
60
10
10
0C
02
02
ENDCHAR
STARTCHAR 20BA
ENCODING 8378
SWIDTH 660 0
DWIDTH 11 0
BBX 7 12 2 0
BITMAP
6C
70
70
EC
70
70
E2
62
62
6C
70
70
ENDCHAR
STARTCHAR 20BD
ENCODING 8381
SWIDTH 660 0
DWIDTH 11 0
BBX 9 12 0 0
BITMAP
3F00
2080
2080
2080
2080
2080
FF00
2000
2000
FC00
2000
2000
ENDCHAR
STARTCHAR 20BF
ENCODING 8383
SWIDTH 660 0
DWIDTH 11 0
BBX 7 16 2 -2
BITMAP
6C
6C
FC
82
82
82
FC
FC
82
82
82
82
FC
FC
6C
6C
ENDCHAR
STARTCHAR 2113
ENCODING 8467
SWIDTH 660 0
DWIDTH 11 0
BBX 7 12 2 0
BITMAP
0C
12
12
12
62
62
6C
70
70
E2
1C
1C
ENDCHAR
STARTCHAR 2116
ENCODING 8470
SWIDTH 660 0
DWIDTH 11 0
BBX 11 12 0 0
BITMAP
C400
C480
C480
E760
DC80
DC80
C400
C480
C480
C400
C400
C400
ENDCHAR
STARTCHAR 2122
ENCODING 8482
SWIDTH 660 0
DWIDTH 11 0
BBX 9 4 2 8
BITMAP
FD80
6F80
6F80
6F80
ENDCHAR
STARTCHAR 2126
ENCODING 8486
SWIDTH 660 0
DWIDTH 11 0
BBX 7 12 2 0
BITMAP
7C
82
82
82
82
82
82
82
82
6C
EE
EE
ENDCHAR
STARTCHAR 212E
ENCODING 8494
SWIDTH 660 0
DWIDTH 11 0
BBX 11 11 0 0
BITMAP
1F00
1F00
2080
E0E0
E0E0
FFE0
E000
E000
2080
1F00
1F00
ENDCHAR
STARTCHAR 2150
ENCODING 8528
SWIDTH 660 0
DWIDTH 11 0
BBX 11 20 0 -5
BITMAP
2000
E000
E000
2000
2000
2000
F800
00E0
00E0
1F00
E000
E000
07E0
0060
0060
0080
0080
0300
0300
0300
ENDCHAR
STARTCHAR 2151
ENCODING 8529
SWIDTH 660 0
DWIDTH 11 0
BBX 11 20 0 -5
BITMAP
2000
E000
E000
2000
2000
2000
F800
00E0
00E0
1F00
E000
E000
0380
0460
0460
03E0
03E0
0060
0380
0380
ENDCHAR
STARTCHAR 2153
ENCODING 8531
SWIDTH 660 0
DWIDTH 11 0
BBX 11 20 0 -5
BITMAP
2000
E000
E000
2000
2000
2000
F800
00E0
00E0
1F00
E000
E000
0380
0460
0460
0080
0080
0460
0380
0380
ENDCHAR
STARTCHAR 2154
ENCODING 8532
SWIDTH 660 0
DWIDTH 11 0
BBX 11 20 0 -5
BITMAP
3800
C400
C400
1800
2000
2000
FC00
00E0
00E0
1F00
E000
E000
0380
0460
0460
0080
0080
0460
0380
0380
ENDCHAR
STARTCHAR 2155
ENCODING 8533
SWIDTH 660 0
DWIDTH 11 0
BBX 11 20 0 -5
BITMAP
2000
E000
E000
2000
2000
2000
F800
00E0
00E0
1F00
E000
E000
07E0
0400
0400
0780
0780
0060
0380
0380
ENDCHAR
STARTCHAR 2156
ENCODING 8534
SWIDTH 660 0
DWIDTH 11 0
BBX 11 20 0 -5
BITMAP
3800
C400
C400
1800
2000
2000
FC00
00E0
00E0
1F00
E000
E000
07E0
0400
0400
0780
0780
0060
0380
0380
ENDCHAR
STARTCHAR 2157
ENCODING 8535
SWIDTH 660 0
DWIDTH 11 0
BBX 11 20 0 -5
BITMAP
3800
C400
C400
1800
C400
C400
3800
00E0
00E0
1F00
E000
E000
07E0
0400
0400
0780
0780
0060
0380
0380
ENDCHAR
STARTCHAR 2158
ENCODING 8536
SWIDTH 660 0
DWIDTH 11 0
BBX 11 20 0 -5
BITMAP
1C00
2400
2400
C400
FC00
FC00
0400
00E0
00E0
1F00
E000
E000
07E0
0400
0400
0780
0780
0060
0380
0380
ENDCHAR
STARTCHAR 2159
ENCODING 8537
SWIDTH 660 0
DWIDTH 11 0
BBX 11 20 0 -5
BITMAP
2000
E000
E000
2000
2000
2000
F800
00E0
00E0
1F00
E000
E000
0380
0400
0400
0780
0780
0460
0380
0380
ENDCHAR
STARTCHAR 215A
ENCODING 8538
SWIDTH 660 0
DWIDTH 11 0
BBX 11 20 0 -5
BITMAP
FC00
C000
C000
F800
0400
0400
3800
00E0
00E0
1F00
E000
E000
0380
0400
0400
0780
0780
0460
0380
0380
ENDCHAR
STARTCHAR 215B
ENCODING 8539
SWIDTH 660 0
DWIDTH 11 0
BBX 11 20 0 -5
BITMAP
2000
E000
E000
2000
2000
2000
F800
00E0
00E0
1F00
E000
E000
0380
0460
0460
0380
0380
0460
0380
0380
ENDCHAR
STARTCHAR 215C
ENCODING 8540
SWIDTH 660 0
DWIDTH 11 0
BBX 11 20 0 -5
BITMAP
3800
C400
C400
1800
C400
C400
3800
00E0
00E0
1F00
E000
E000
0380
0460
0460
0380
0380
0460
0380
0380
ENDCHAR
STARTCHAR 215D
ENCODING 8541
SWIDTH 660 0
DWIDTH 11 0
BBX 11 20 0 -5
BITMAP
FC00
C000
C000
F800
0400
0400
3800
00E0
00E0
1F00
E000
E000
0380
0460
0460
0380
0380
0460
0380
0380
ENDCHAR
STARTCHAR 215E
ENCODING 8542
SWIDTH 660 0
DWIDTH 11 0
BBX 11 20 0 -5
BITMAP
FC00
0400
0400
1800
2000
2000
2000
00E0
00E0
1F00
E000
E000
0380
0460
0460
0380
0380
0460
0380
0380
ENDCHAR
STARTCHAR 2189
ENCODING 8585
SWIDTH 660 0
DWIDTH 11 0
BBX 11 20 0 -5
BITMAP
3800
DC00
DC00
E400
C400
C400
3800
00E0
00E0
1F00
E000
E000
0380
0460
0460
0080
0080
0460
0380
0380
ENDCHAR
STARTCHAR 2190
ENCODING 8592
SWIDTH 660 0
DWIDTH 11 0
BBX 11 7 0 2
BITMAP
1800
2000
2000
FFE0
2000
2000
1800
ENDCHAR
STARTCHAR 2191
ENCODING 8593
SWIDTH 660 0
DWIDTH 11 0
BBX 7 12 2 0
BITMAP
10
7C
7C
92
10
10
10
10
10
10
10
10
ENDCHAR
STARTCHAR 2192
ENCODING 8594
SWIDTH 660 0
DWIDTH 11 0
BBX 11 7 0 2
BITMAP
0300
0080
0080
FFE0
0080
0080
0300
ENDCHAR
STARTCHAR 2193
ENCODING 8595
SWIDTH 660 0
DWIDTH 11 0
BBX 7 12 2 0
BITMAP
10
10
10
10
10
10
10
92
92
7C
10
10
ENDCHAR
STARTCHAR 2195
ENCODING 8597
SWIDTH 660 0
DWIDTH 11 0
BBX 7 16 2 -2
BITMAP
10
10
7C
92
92
10
10
10
10
10
10
92
7C
7C
10
10
ENDCHAR
STARTCHAR 2196
ENCODING 8598
SWIDTH 660 0
DWIDTH 11 0
BBX 9 9 2 2
BITMAP
FC00
FC00
E000
9000
9000
8C00
0200
0200
0180
ENDCHAR
STARTCHAR 2197
ENCODING 8599
SWIDTH 660 0
DWIDTH 11 0
BBX 9 9 0 2
BITMAP
1F80
1F80
0380
0480
0480
1880
2000
2000
C000
ENDCHAR
STARTCHAR 2198
ENCODING 8600
SWIDTH 660 0
DWIDTH 11 0
BBX 9 9 0 2
BITMAP
C000
C000
2000
1880
1880
0480
0380
0380
1F80
ENDCHAR
STARTCHAR 2199
ENCODING 8601
SWIDTH 660 0
DWIDTH 11 0
BBX 9 9 2 2
BITMAP
0180
0180
0200
8C00
8C00
9000
E000
E000
FC00
ENDCHAR
STARTCHAR 21B0
ENCODING 8624
SWIDTH 660 0
DWIDTH 11 0
BBX 9 12 0 0
BITMAP
1800
2000
2000
FF80
2080
2080
1880
0080
0080
0080
0080
0080
ENDCHAR
STARTCHAR 21B1
ENCODING 8625
SWIDTH 660 0
DWIDTH 11 0
BBX 9 12 2 0
BITMAP
0C00
0200
0200
FF80
8200
8200
8C00
8000
8000
8000
8000
8000
ENDCHAR
STARTCHAR 21B2
ENCODING 8626
SWIDTH 660 0
DWIDTH 11 0
BBX 9 12 0 0
BITMAP
0080
0080
0080
0080
1880
1880
2080
FF80
FF80
2000
1800
1800
ENDCHAR
STARTCHAR 21B3
ENCODING 8627
SWIDTH 660 0
DWIDTH 11 0
BBX 9 12 2 0
BITMAP
8000
8000
8000
8000
8C00
8C00
8200
FF80
FF80
0200
0C00
0C00
ENDCHAR
STARTCHAR 21B4
ENCODING 8628
SWIDTH 660 0
DWIDTH 11 0
BBX 9 12 2 0
BITMAP
FC00
0C00
0C00
0C00
0C00
0C00
0C00
6D80
6D80
1E00
0C00
0C00
ENDCHAR
STARTCHAR 21B5
ENCODING 8629
SWIDTH 660 0
DWIDTH 11 0
BBX 9 12 0 0
BITMAP
0080
0080
0080
0080
1880
1880
2080
FF80
FF80
2000
1800
1800
ENDCHAR
STARTCHAR 2202
ENCODING 8706
SWIDTH 660 0
DWIDTH 11 0
BBX 7 12 2 0
BITMAP
1C
02
02
02
1E
1E
62
82
82
8C
70
70
ENDCHAR
STARTCHAR 2206
ENCODING 8710
SWIDTH 660 0
DWIDTH 11 0
BBX 7 12 2 0
BITMAP
10
10
10
6C
6C
6C
6C
82
82
82
FE
FE
ENDCHAR
STARTCHAR 220F
ENCODING 8719
SWIDTH 660 0
DWIDTH 11 0
BBX 7 12 2 0
BITMAP
FE
82
82
82
82
82
82
82
82
82
82
82
ENDCHAR
STARTCHAR 2211
ENCODING 8721
SWIDTH 660 0
DWIDTH 11 0
BBX 7 12 2 0
BITMAP
FE
82
82
60
10
10
60
80
80
82
FE
FE
ENDCHAR
STARTCHAR 2212
ENCODING 8722
SWIDTH 660 0
DWIDTH 11 0
BBX 7 1 2 5
BITMAP
FE
ENDCHAR
STARTCHAR 2219
ENCODING 8729
SWIDTH 660 0
DWIDTH 11 0
BBX 1 3 5 5
BITMAP
80
80
80
ENDCHAR
STARTCHAR 221A
ENCODING 8730
SWIDTH 660 0
DWIDTH 11 0
BBX 7 12 2 0
BITMAP
02
02
02
0C
0C
0C
90
90
90
60
60
60
ENDCHAR
STARTCHAR 221E
ENCODING 8734
SWIDTH 660 0
DWIDTH 11 0
BBX 7 7 2 2
BITMAP
6C
92
92
92
92
92
6C
ENDCHAR
STARTCHAR 222B
ENCODING 8747
SWIDTH 660 0
DWIDTH 11 0
BBX 7 15 2 -3
BITMAP
0E
10
10
10
10
10
10
10
10
10
10
10
10
10
E0
ENDCHAR
STARTCHAR 2248
ENCODING 8776
SWIDTH 660 0
DWIDTH 11 0
BBX 7 7 2 2
BITMAP
62
9C
9C
00
62
62
9C
ENDCHAR
STARTCHAR 2260
ENCODING 8800
SWIDTH 660 0
DWIDTH 11 0
BBX 7 7 2 2
BITMAP
0C
FE
FE
10
FE
FE
60
ENDCHAR
STARTCHAR 2264
ENCODING 8804
SWIDTH 660 0
DWIDTH 11 0
BBX 6 14 2 -2
BITMAP
0C
10
10
60
80
80
60
10
10
0C
00
00
FC
FC
ENDCHAR
STARTCHAR 2265
ENCODING 8805
SWIDTH 660 0
DWIDTH 11 0
BBX 6 14 3 -2
BITMAP
C0
20
20
18
04
04
18
20
20
C0
00
00
FC
FC
ENDCHAR
STARTCHAR 2318
ENCODING 8984
SWIDTH 660 0
DWIDTH 11 0
BBX 11 12 0 0
BITMAP
2080
DB60
DB60
3F80
1B00
1B00
1B00
3F80
3F80
DB60
2080
2080
ENDCHAR
STARTCHAR 2325
ENCODING 8997
SWIDTH 660 0
DWIDTH 11 0
BBX 9 12 0 0
BITMAP
E380
1800
1800
1800
1800
1800
0400
0400
0400
0400
0380
0380
ENDCHAR
STARTCHAR 23FB
ENCODING 9211
SWIDTH 660 0
DWIDTH 11 0
BBX 11 12 0 0
BITMAP
0C00
0C00
0C00
6C80
ECC0
CC40
CC60
C460
C0C0
61C0
3F80
1F00
ENDCHAR
STARTCHAR 23FC
ENCODING 9212
SWIDTH 660 0
DWIDTH 11 0
BBX 11 10 0 1
BITMAP
3F00
7B80
64C0
CCC0
CC60
CC60
CCC0
60C0
7F80
1F00
ENDCHAR
STARTCHAR 23FD
ENCODING 9213
SWIDTH 660 0
DWIDTH 11 0
BBX 3 16 4 -2
BITMAP
40
E0
E0
E0
E0
E0
E0
E0
E0
E0
E0
E0
E0
E0
E0
40
ENDCHAR
STARTCHAR 23FE
ENCODING 9214
SWIDTH 660 0
DWIDTH 11 0
BBX 10 14 0 -2
BITMAP
1000
3000
7000
6000
E000
E000
F000
F000
F000
7800
7C00
3E00
1F00
0FC0
ENDCHAR
STARTCHAR 2500
ENCODING 9472
SWIDTH 660 0
DWIDTH 11 0
BBX 11 1 0 5
BITMAP
FFE0
ENDCHAR
STARTCHAR 2501
ENCODING 9473
SWIDTH 660 0
DWIDTH 11 0
BBX 11 5 0 3
BITMAP
FFE0
FFE0
FFE0
FFE0
FFE0
ENDCHAR
STARTCHAR 2502
ENCODING 9474
SWIDTH 660 0
DWIDTH 11 0
BBX 1 22 5 -5
BITMAP
80
80
80
80
80
80
80
80
80
80
80
80
80
80
80
80
80
80
80
80
80
80
ENDCHAR
STARTCHAR 2503
ENCODING 9475
SWIDTH 660 0
DWIDTH 11 0
BBX 5 22 3 -5
BITMAP
F8
F8
F8
F8
F8
F8
F8
F8
F8
F8
F8
F8
F8
F8
F8
F8
F8
F8
F8
F8
F8
F8
ENDCHAR
STARTCHAR 2504
ENCODING 9476
SWIDTH 660 0
DWIDTH 11 0
BBX 9 1 0 5
BITMAP
E480
ENDCHAR
STARTCHAR 2505
ENCODING 9477
SWIDTH 660 0
DWIDTH 11 0
BBX 9 5 0 3
BITMAP
E480
E480
E480
E480
E480
ENDCHAR
STARTCHAR 2506
ENCODING 9478
SWIDTH 660 0
DWIDTH 11 0
BBX 1 20 5 -3
BITMAP
80
80
80
80
80
80
00
00
80
80
80
80
80
80
00
80
80
80
80
80
ENDCHAR
STARTCHAR 2507
ENCODING 9479
SWIDTH 660 0
DWIDTH 11 0
BBX 5 20 3 -3
BITMAP
F8
F8
F8
F8
F8
F8
00
00
F8
F8
F8
F8
F8
F8
00
F8
F8
F8
F8
F8
ENDCHAR
STARTCHAR 2508
ENCODING 9480
SWIDTH 660 0
DWIDTH 11 0
BBX 9 1 0 5
BITMAP
DB80
ENDCHAR
STARTCHAR 2509
ENCODING 9481
SWIDTH 660 0
DWIDTH 11 0
BBX 9 5 0 3
BITMAP
DB80
DB80
DB80
DB80
DB80
ENDCHAR
STARTCHAR 250A
ENCODING 9482
SWIDTH 660 0
DWIDTH 11 0
BBX 1 20 5 -3
BITMAP
80
80
80
00
00
80
80
80
80
00
00
80
80
80
00
80
80
80
80
80
ENDCHAR
STARTCHAR 250B
ENCODING 9483
SWIDTH 660 0
DWIDTH 11 0
BBX 5 20 3 -3
BITMAP
F8
F8
F8
00
00
F8
F8
F8
F8
00
00
F8
F8
F8
00
F8
F8
F8
F8
F8
ENDCHAR
STARTCHAR 250C
ENCODING 9484
SWIDTH 660 0
DWIDTH 11 0
BBX 6 11 5 -5
BITMAP
FC
80
80
80
80
80
80
80
80
80
80
ENDCHAR
STARTCHAR 250D
ENCODING 9485
SWIDTH 660 0
DWIDTH 11 0
BBX 6 13 5 -5
BITMAP
FC
FC
FC
FC
FC
80
80
80
80
80
80
80
80
ENDCHAR
STARTCHAR 250E
ENCODING 9486
SWIDTH 660 0
DWIDTH 11 0
BBX 8 11 3 -5
BITMAP
FF
F8
F8
F8
F8
F8
F8
F8
F8
F8
F8
ENDCHAR
STARTCHAR 250F
ENCODING 9487
SWIDTH 660 0
DWIDTH 11 0
BBX 8 13 3 -5
BITMAP
FF
FF
FF
FF
FF
F8
F8
F8
F8
F8
F8
F8
F8
ENDCHAR
STARTCHAR 2510
ENCODING 9488
SWIDTH 660 0
DWIDTH 11 0
BBX 6 11 0 -5
BITMAP
FC
04
04
04
04
04
04
04
04
04
04
ENDCHAR
STARTCHAR 2511
ENCODING 9489
SWIDTH 660 0
DWIDTH 11 0
BBX 6 13 0 -5
BITMAP
FC
FC
FC
FC
FC
04
04
04
04
04
04
04
04
ENDCHAR
STARTCHAR 2512
ENCODING 9490
SWIDTH 660 0
DWIDTH 11 0
BBX 8 11 0 -5
BITMAP
FF
1F
1F
1F
1F
1F
1F
1F
1F
1F
1F
ENDCHAR
STARTCHAR 2513
ENCODING 9491
SWIDTH 660 0
DWIDTH 11 0
BBX 8 13 0 -5
BITMAP
FF
FF
FF
FF
FF
1F
1F
1F
1F
1F
1F
1F
1F
ENDCHAR
STARTCHAR 2514
ENCODING 9492
SWIDTH 660 0
DWIDTH 11 0
BBX 6 12 5 5
BITMAP
80
80
80
80
80
80
80
80
80
80
80
FC
ENDCHAR
STARTCHAR 2515
ENCODING 9493
SWIDTH 660 0
DWIDTH 11 0
BBX 6 14 5 3
BITMAP
80
80
80
80
80
80
80
80
80
FC
FC
FC
FC
FC
ENDCHAR
STARTCHAR 2516
ENCODING 9494
SWIDTH 660 0
DWIDTH 11 0
BBX 8 12 3 5
BITMAP
F8
F8
F8
F8
F8
F8
F8
F8
F8
F8
F8
FF
ENDCHAR
STARTCHAR 2517
ENCODING 9495
SWIDTH 660 0
DWIDTH 11 0
BBX 8 14 3 3
BITMAP
F8
F8
F8
F8
F8
F8
F8
F8
F8
FF
FF
FF
FF
FF
ENDCHAR
STARTCHAR 2518
ENCODING 9496
SWIDTH 660 0
DWIDTH 11 0
BBX 6 12 0 5
BITMAP
04
04
04
04
04
04
04
04
04
04
04
FC
ENDCHAR
STARTCHAR 2519
ENCODING 9497
SWIDTH 660 0
DWIDTH 11 0
BBX 6 14 0 3
BITMAP
04
04
04
04
04
04
04
04
04
FC
FC
FC
FC
FC
ENDCHAR
STARTCHAR 251A
ENCODING 9498
SWIDTH 660 0
DWIDTH 11 0
BBX 8 12 0 5
BITMAP
1F
1F
1F
1F
1F
1F
1F
1F
1F
1F
1F
FF
ENDCHAR
STARTCHAR 251B
ENCODING 9499
SWIDTH 660 0
DWIDTH 11 0
BBX 8 14 0 3
BITMAP
1F
1F
1F
1F
1F
1F
1F
1F
1F
FF
FF
FF
FF
FF
ENDCHAR
STARTCHAR 251C
ENCODING 9500
SWIDTH 660 0
DWIDTH 11 0
BBX 6 22 5 -5
BITMAP
80
80
80
80
80
80
80
80
80
80
80
FC
80
80
80
80
80
80
80
80
80
80
ENDCHAR
STARTCHAR 251D
ENCODING 9501
SWIDTH 660 0
DWIDTH 11 0
BBX 6 22 5 -5
BITMAP
80
80
80
80
80
80
80
80
80
FC
FC
FC
FC
FC
80
80
80
80
80
80
80
80
ENDCHAR
STARTCHAR 251E
ENCODING 9502
SWIDTH 660 0
DWIDTH 11 0
BBX 8 22 3 -5
BITMAP
F8
F8
F8
F8
F8
F8
F8
F8
F8
F8
F8
FF
20
20
20
20
20
20
20
20
20
20
ENDCHAR
STARTCHAR 251F
ENCODING 9503
SWIDTH 660 0
DWIDTH 11 0
BBX 8 22 3 -5
BITMAP
20
20
20
20
20
20
20
20
20
20
20
FF
F8
F8
F8
F8
F8
F8
F8
F8
F8
F8
ENDCHAR
STARTCHAR 2520
ENCODING 9504
SWIDTH 660 0
DWIDTH 11 0
BBX 8 22 3 -5
BITMAP
F8
F8
F8
F8
F8
F8
F8
F8
F8
F8
F8
FF
F8
F8
F8
F8
F8
F8
F8
F8
F8
F8
ENDCHAR
STARTCHAR 2521
ENCODING 9505
SWIDTH 660 0
DWIDTH 11 0
BBX 8 22 3 -5
BITMAP
F8
F8
F8
F8
F8
F8
F8
F8
F8
FF
FF
FF
FF
FF
20
20
20
20
20
20
20
20
ENDCHAR
STARTCHAR 2522
ENCODING 9506
SWIDTH 660 0
DWIDTH 11 0
BBX 8 22 3 -5
BITMAP
20
20
20
20
20
20
20
20
20
FF
FF
FF
FF
FF
F8
F8
F8
F8
F8
F8
F8
F8
ENDCHAR
STARTCHAR 2523
ENCODING 9507
SWIDTH 660 0
DWIDTH 11 0
BBX 8 22 3 -5
BITMAP
F8
F8
F8
F8
F8
F8
F8
F8
F8
FF
FF
FF
FF
FF
F8
F8
F8
F8
F8
F8
F8
F8
ENDCHAR
STARTCHAR 2524
ENCODING 9508
SWIDTH 660 0
DWIDTH 11 0
BBX 6 22 0 -5
BITMAP
04
04
04
04
04
04
04
04
04
04
04
FC
04
04
04
04
04
04
04
04
04
04
ENDCHAR
STARTCHAR 2525
ENCODING 9509
SWIDTH 660 0
DWIDTH 11 0
BBX 6 22 0 -5
BITMAP
04
04
04
04
04
04
04
04
04
FC
FC
FC
FC
FC
04
04
04
04
04
04
04
04
ENDCHAR
STARTCHAR 2526
ENCODING 9510
SWIDTH 660 0
DWIDTH 11 0
BBX 8 22 0 -5
BITMAP
1F
1F
1F
1F
1F
1F
1F
1F
1F
1F
1F
FF
04
04
04
04
04
04
04
04
04
04
ENDCHAR
STARTCHAR 2527
ENCODING 9511
SWIDTH 660 0
DWIDTH 11 0
BBX 8 22 0 -5
BITMAP
04
04
04
04
04
04
04
04
04
04
04
FF
1F
1F
1F
1F
1F
1F
1F
1F
1F
1F
ENDCHAR
STARTCHAR 2528
ENCODING 9512
SWIDTH 660 0
DWIDTH 11 0
BBX 8 22 0 -5
BITMAP
1F
1F
1F
1F
1F
1F
1F
1F
1F
1F
1F
FF
1F
1F
1F
1F
1F
1F
1F
1F
1F
1F
ENDCHAR
STARTCHAR 2529
ENCODING 9513
SWIDTH 660 0
DWIDTH 11 0
BBX 8 22 0 -5
BITMAP
1F
1F
1F
1F
1F
1F
1F
1F
1F
FF
FF
FF
FF
FF
04
04
04
04
04
04
04
04
ENDCHAR
STARTCHAR 252A
ENCODING 9514
SWIDTH 660 0
DWIDTH 11 0
BBX 8 22 0 -5
BITMAP
04
04
04
04
04
04
04
04
04
FF
FF
FF
FF
FF
1F
1F
1F
1F
1F
1F
1F
1F
ENDCHAR
STARTCHAR 252B
ENCODING 9515
SWIDTH 660 0
DWIDTH 11 0
BBX 8 22 0 -5
BITMAP
1F
1F
1F
1F
1F
1F
1F
1F
1F
FF
FF
FF
FF
FF
1F
1F
1F
1F
1F
1F
1F
1F
ENDCHAR
STARTCHAR 252C
ENCODING 9516
SWIDTH 660 0
DWIDTH 11 0
BBX 11 11 0 -5
BITMAP
FFE0
0400
0400
0400
0400
0400
0400
0400
0400
0400
0400
ENDCHAR
STARTCHAR 252D
ENCODING 9517
SWIDTH 660 0
DWIDTH 11 0
BBX 11 13 0 -5
BITMAP
FF00
FF00
FFE0
FF00
FF00
0400
0400
0400
0400
0400
0400
0400
0400
ENDCHAR
STARTCHAR 252E
ENCODING 9518
SWIDTH 660 0
DWIDTH 11 0
BBX 11 13 0 -5
BITMAP
1FE0
1FE0
FFE0
1FE0
1FE0
0400
0400
0400
0400
0400
0400
0400
0400
ENDCHAR
STARTCHAR 252F
ENCODING 9519
SWIDTH 660 0
DWIDTH 11 0
BBX 11 13 0 -5
BITMAP
FFE0
FFE0
FFE0
FFE0
FFE0
0400
0400
0400
0400
0400
0400
0400
0400
ENDCHAR
STARTCHAR 2530
ENCODING 9520
SWIDTH 660 0
DWIDTH 11 0
BBX 11 11 0 -5
BITMAP
FFE0
1F00
1F00
1F00
1F00
1F00
1F00
1F00
1F00
1F00
1F00
ENDCHAR
STARTCHAR 2531
ENCODING 9521
SWIDTH 660 0
DWIDTH 11 0
BBX 11 13 0 -5
BITMAP
FF00
FF00
FFE0
FF00
FF00
1F00
1F00
1F00
1F00
1F00
1F00
1F00
1F00
ENDCHAR
STARTCHAR 2532
ENCODING 9522
SWIDTH 660 0
DWIDTH 11 0
BBX 11 13 0 -5
BITMAP
1FE0
1FE0
FFE0
1FE0
1FE0
1F00
1F00
1F00
1F00
1F00
1F00
1F00
1F00
ENDCHAR
STARTCHAR 2533
ENCODING 9523
SWIDTH 660 0
DWIDTH 11 0
BBX 11 13 0 -5
BITMAP
FFE0
FFE0
FFE0
FFE0
FFE0
1F00
1F00
1F00
1F00
1F00
1F00
1F00
1F00
ENDCHAR
STARTCHAR 2534
ENCODING 9524
SWIDTH 660 0
DWIDTH 11 0
BBX 11 12 0 5
BITMAP
0400
0400
0400
0400
0400
0400
0400
0400
0400
0400
0400
FFE0
ENDCHAR
STARTCHAR 2535
ENCODING 9525
SWIDTH 660 0
DWIDTH 11 0
BBX 11 14 0 3
BITMAP
0400
0400
0400
0400
0400
0400
0400
0400
0400
FF00
FF00
FFE0
FF00
FF00
ENDCHAR
STARTCHAR 2536
ENCODING 9526
SWIDTH 660 0
DWIDTH 11 0
BBX 11 14 0 3
BITMAP
0400
0400
0400
0400
0400
0400
0400
0400
0400
07E0
07E0
FFE0
07E0
07E0
ENDCHAR
STARTCHAR 2537
ENCODING 9527
SWIDTH 660 0
DWIDTH 11 0
BBX 11 14 0 3
BITMAP
0400
0400
0400
0400
0400
0400
0400
0400
0400
FFE0
FFE0
FFE0
FFE0
FFE0
ENDCHAR
STARTCHAR 2538
ENCODING 9528
SWIDTH 660 0
DWIDTH 11 0
BBX 11 12 0 5
BITMAP
1F00
1F00
1F00
1F00
1F00
1F00
1F00
1F00
1F00
1F00
1F00
FFE0
ENDCHAR
STARTCHAR 2539
ENCODING 9529
SWIDTH 660 0
DWIDTH 11 0
BBX 11 14 0 3
BITMAP
1F00
1F00
1F00
1F00
1F00
1F00
1F00
1F00
1F00
FF00
FF00
FFE0
FF00
FF00
ENDCHAR
STARTCHAR 253A
ENCODING 9530
SWIDTH 660 0
DWIDTH 11 0
BBX 11 14 0 3
BITMAP
1F00
1F00
1F00
1F00
1F00
1F00
1F00
1F00
1F00
1FE0
1FE0
FFE0
1FE0
1FE0
ENDCHAR
STARTCHAR 253B
ENCODING 9531
SWIDTH 660 0
DWIDTH 11 0
BBX 11 14 0 3
BITMAP
1F00
1F00
1F00
1F00
1F00
1F00
1F00
1F00
1F00
FFE0
FFE0
FFE0
FFE0
FFE0
ENDCHAR
STARTCHAR 253C
ENCODING 9532
SWIDTH 660 0
DWIDTH 11 0
BBX 11 22 0 -5
BITMAP
0400
0400
0400
0400
0400
0400
0400
0400
0400
0400
0400
FFE0
0400
0400
0400
0400
0400
0400
0400
0400
0400
0400
ENDCHAR
STARTCHAR 253D
ENCODING 9533
SWIDTH 660 0
DWIDTH 11 0
BBX 11 22 0 -5
BITMAP
0400
0400
0400
0400
0400
0400
0400
0400
0400
FC00
FC00
FFE0
FC00
FC00
0400
0400
0400
0400
0400
0400
0400
0400
ENDCHAR
STARTCHAR 253E
ENCODING 9534
SWIDTH 660 0
DWIDTH 11 0
BBX 11 22 0 -5
BITMAP
0400
0400
0400
0400
0400
0400
0400
0400
0400
07E0
07E0
FFE0
07E0
07E0
0400
0400
0400
0400
0400
0400
0400
0400
ENDCHAR
STARTCHAR 253F
ENCODING 9535
SWIDTH 660 0
DWIDTH 11 0
BBX 11 22 0 -5
BITMAP
0400
0400
0400
0400
0400
0400
0400
0400
0400
FFE0
FFE0
FFE0
FFE0
FFE0
0400
0400
0400
0400
0400
0400
0400
0400
ENDCHAR
STARTCHAR 2540
ENCODING 9536
SWIDTH 660 0
DWIDTH 11 0
BBX 11 22 0 -5
BITMAP
1F00
1F00
1F00
1F00
1F00
1F00
1F00
1F00
1F00
1F00
1F00
FFE0
0400
0400
0400
0400
0400
0400
0400
0400
0400
0400
ENDCHAR
STARTCHAR 2541
ENCODING 9537
SWIDTH 660 0
DWIDTH 11 0
BBX 11 22 0 -5
BITMAP
0400
0400
0400
0400
0400
0400
0400
0400
0400
0400
0400
FFE0
1F00
1F00
1F00
1F00
1F00
1F00
1F00
1F00
1F00
1F00
ENDCHAR
STARTCHAR 2542
ENCODING 9538
SWIDTH 660 0
DWIDTH 11 0
BBX 11 22 0 -5
BITMAP
1F00
1F00
1F00
1F00
1F00
1F00
1F00
1F00
1F00
1F00
1F00
FFE0
1F00
1F00
1F00
1F00
1F00
1F00
1F00
1F00
1F00
1F00
ENDCHAR
STARTCHAR 2543
ENCODING 9539
SWIDTH 660 0
DWIDTH 11 0
BBX 11 22 0 -5
BITMAP
1F00
1F00
1F00
1F00
1F00
1F00
1F00
1F00
1F00
FF00
FF00
FFE0
FF00
FF00
0400
0400
0400
0400
0400
0400
0400
0400
ENDCHAR
STARTCHAR 2544
ENCODING 9540
SWIDTH 660 0
DWIDTH 11 0
BBX 11 22 0 -5
BITMAP
1F00
1F00
1F00
1F00
1F00
1F00
1F00
1F00
1F00
1FE0
1FE0
FFE0
1FE0
1FE0
0400
0400
0400
0400
0400
0400
0400
0400
ENDCHAR
STARTCHAR 2545
ENCODING 9541
SWIDTH 660 0
DWIDTH 11 0
BBX 11 22 0 -5
BITMAP
0400
0400
0400
0400
0400
0400
0400
0400
0400
FF00
FF00
FFE0
FF00
FF00
1F00
1F00
1F00
1F00
1F00
1F00
1F00
1F00
ENDCHAR
STARTCHAR 2546
ENCODING 9542
SWIDTH 660 0
DWIDTH 11 0
BBX 11 22 0 -5
BITMAP
0400
0400
0400
0400
0400
0400
0400
0400
0400
1FE0
1FE0
FFE0
1FE0
1FE0
1F00
1F00
1F00
1F00
1F00
1F00
1F00
1F00
ENDCHAR
STARTCHAR 2547
ENCODING 9543
SWIDTH 660 0
DWIDTH 11 0
BBX 11 22 0 -5
BITMAP
1F00
1F00
1F00
1F00
1F00
1F00
1F00
1F00
1F00
FFE0
FFE0
FFE0
FFE0
FFE0
0400
0400
0400
0400
0400
0400
0400
0400
ENDCHAR
STARTCHAR 2548
ENCODING 9544
SWIDTH 660 0
DWIDTH 11 0
BBX 11 22 0 -5
BITMAP
0400
0400
0400
0400
0400
0400
0400
0400
0400
FFE0
FFE0
FFE0
FFE0
FFE0
1F00
1F00
1F00
1F00
1F00
1F00
1F00
1F00
ENDCHAR
STARTCHAR 2549
ENCODING 9545
SWIDTH 660 0
DWIDTH 11 0
BBX 11 22 0 -5
BITMAP
1F00
1F00
1F00
1F00
1F00
1F00
1F00
1F00
1F00
FF00
FF00
FFE0
FF00
FF00
1F00
1F00
1F00
1F00
1F00
1F00
1F00
1F00
ENDCHAR
STARTCHAR 254A
ENCODING 9546
SWIDTH 660 0
DWIDTH 11 0
BBX 11 22 0 -5
BITMAP
1F00
1F00
1F00
1F00
1F00
1F00
1F00
1F00
1F00
1FE0
1FE0
FFE0
1FE0
1FE0
1F00
1F00
1F00
1F00
1F00
1F00
1F00
1F00
ENDCHAR
STARTCHAR 254B
ENCODING 9547
SWIDTH 660 0
DWIDTH 11 0
BBX 11 22 0 -5
BITMAP
1F00
1F00
1F00
1F00
1F00
1F00
1F00
1F00
1F00
FFE0
FFE0
FFE0
FFE0
FFE0
1F00
1F00
1F00
1F00
1F00
1F00
1F00
1F00
ENDCHAR
STARTCHAR 254C
ENCODING 9548
SWIDTH 660 0
DWIDTH 11 0
BBX 9 1 0 5
BITMAP
FB80
ENDCHAR
STARTCHAR 254D
ENCODING 9549
SWIDTH 660 0
DWIDTH 11 0
BBX 9 5 0 3
BITMAP
FB80
FB80
FB80
FB80
FB80
ENDCHAR
STARTCHAR 254E
ENCODING 9550
SWIDTH 660 0
DWIDTH 11 0
BBX 1 20 5 -3
BITMAP
80
80
80
80
80
80
80
80
80
00
00
80
80
80
80
80
80
80
80
80
ENDCHAR
STARTCHAR 254F
ENCODING 9551
SWIDTH 660 0
DWIDTH 11 0
BBX 5 20 3 -3
BITMAP
F8
F8
F8
F8
F8
F8
F8
F8
F8
00
00
F8
F8
F8
F8
F8
F8
F8
F8
F8
ENDCHAR
STARTCHAR 2550
ENCODING 9552
SWIDTH 660 0
DWIDTH 11 0
BBX 11 5 0 3
BITMAP
FFE0
FFE0
0000
FFE0
FFE0
ENDCHAR
STARTCHAR 2551
ENCODING 9553
SWIDTH 660 0
DWIDTH 11 0
BBX 5 22 3 -5
BITMAP
D8
D8
D8
D8
D8
D8
D8
D8
D8
D8
D8
D8
D8
D8
D8
D8
D8
D8
D8
D8
D8
D8
ENDCHAR
STARTCHAR 2552
ENCODING 9554
SWIDTH 660 0
DWIDTH 11 0
BBX 6 13 5 -5
BITMAP
FC
FC
80
FC
FC
80
80
80
80
80
80
80
80
ENDCHAR
STARTCHAR 2553
ENCODING 9555
SWIDTH 660 0
DWIDTH 11 0
BBX 8 11 3 -5
BITMAP
FF
D8
D8
D8
D8
D8
D8
D8
D8
D8
D8
ENDCHAR
STARTCHAR 2554
ENCODING 9556
SWIDTH 660 0
DWIDTH 11 0
BBX 8 13 3 -5
BITMAP
FF
FF
C0
DF
DF
D8
D8
D8
D8
D8
D8
D8
D8
ENDCHAR
STARTCHAR 2555
ENCODING 9557
SWIDTH 660 0
DWIDTH 11 0
BBX 6 13 0 -5
BITMAP
FC
FC
04
FC
FC
04
04
04
04
04
04
04
04
ENDCHAR
STARTCHAR 2556
ENCODING 9558
SWIDTH 660 0
DWIDTH 11 0
BBX 8 11 0 -5
BITMAP
FF
1B
1B
1B
1B
1B
1B
1B
1B
1B
1B
ENDCHAR
STARTCHAR 2557
ENCODING 9559
SWIDTH 660 0
DWIDTH 11 0
BBX 8 13 0 -5
BITMAP
FF
FF
03
FB
FB
1B
1B
1B
1B
1B
1B
1B
1B
ENDCHAR
STARTCHAR 2558
ENCODING 9560
SWIDTH 660 0
DWIDTH 11 0
BBX 6 14 5 3
BITMAP
80
80
80
80
80
80
80
80
80
FC
FC
80
FC
FC
ENDCHAR
STARTCHAR 2559
ENCODING 9561
SWIDTH 660 0
DWIDTH 11 0
BBX 8 12 3 5
BITMAP
D8
D8
D8
D8
D8
D8
D8
D8
D8
D8
D8
FF
ENDCHAR
STARTCHAR 255A
ENCODING 9562
SWIDTH 660 0
DWIDTH 11 0
BBX 8 14 3 3
BITMAP
D8
D8
D8
D8
D8
D8
D8
D8
D8
DF
DF
C0
FF
FF
ENDCHAR
STARTCHAR 255B
ENCODING 9563
SWIDTH 660 0
DWIDTH 11 0
BBX 6 14 0 3
BITMAP
04
04
04
04
04
04
04
04
04
FC
FC
04
FC
FC
ENDCHAR
STARTCHAR 255C
ENCODING 9564
SWIDTH 660 0
DWIDTH 11 0
BBX 8 12 0 5
BITMAP
1B
1B
1B
1B
1B
1B
1B
1B
1B
1B
1B
FF
ENDCHAR
STARTCHAR 255D
ENCODING 9565
SWIDTH 660 0
DWIDTH 11 0
BBX 8 14 0 3
BITMAP
1B
1B
1B
1B
1B
1B
1B
1B
1B
FB
FB
03
FF
FF
ENDCHAR
STARTCHAR 255E
ENCODING 9566
SWIDTH 660 0
DWIDTH 11 0
BBX 6 22 5 -5
BITMAP
80
80
80
80
80
80
80
80
80
FC
FC
80
FC
FC
80
80
80
80
80
80
80
80
ENDCHAR
STARTCHAR 255F
ENCODING 9567
SWIDTH 660 0
DWIDTH 11 0
BBX 8 22 3 -5
BITMAP
D8
D8
D8
D8
D8
D8
D8
D8
D8
D8
D8
DF
D8
D8
D8
D8
D8
D8
D8
D8
D8
D8
ENDCHAR
STARTCHAR 2560
ENCODING 9568
SWIDTH 660 0
DWIDTH 11 0
BBX 8 22 3 -5
BITMAP
D8
D8
D8
D8
D8
D8
D8
D8
D8
DF
DF
C0
DF
DF
D8
D8
D8
D8
D8
D8
D8
D8
ENDCHAR
STARTCHAR 2561
ENCODING 9569
SWIDTH 660 0
DWIDTH 11 0
BBX 6 22 0 -5
BITMAP
04
04
04
04
04
04
04
04
04
FC
FC
04
FC
FC
04
04
04
04
04
04
04
04
ENDCHAR
STARTCHAR 2562
ENCODING 9570
SWIDTH 660 0
DWIDTH 11 0
BBX 8 22 0 -5
BITMAP
1B
1B
1B
1B
1B
1B
1B
1B
1B
1B
1B
FB
1B
1B
1B
1B
1B
1B
1B
1B
1B
1B
ENDCHAR
STARTCHAR 2563
ENCODING 9571
SWIDTH 660 0
DWIDTH 11 0
BBX 8 22 0 -5
BITMAP
1B
1B
1B
1B
1B
1B
1B
1B
1B
FB
FB
03
FB
FB
1B
1B
1B
1B
1B
1B
1B
1B
ENDCHAR
STARTCHAR 2564
ENCODING 9572
SWIDTH 660 0
DWIDTH 11 0
BBX 11 13 0 -5
BITMAP
FFE0
FFE0
0000
FFE0
FFE0
0400
0400
0400
0400
0400
0400
0400
0400
ENDCHAR
STARTCHAR 2565
ENCODING 9573
SWIDTH 660 0
DWIDTH 11 0
BBX 11 11 0 -5
BITMAP
FFE0
1B00
1B00
1B00
1B00
1B00
1B00
1B00
1B00
1B00
1B00
ENDCHAR
STARTCHAR 2566
ENCODING 9574
SWIDTH 660 0
DWIDTH 11 0
BBX 11 13 0 -5
BITMAP
FFE0
FFE0
0000
FBE0
FBE0
1B00
1B00
1B00
1B00
1B00
1B00
1B00
1B00
ENDCHAR
STARTCHAR 2567
ENCODING 9575
SWIDTH 660 0
DWIDTH 11 0
BBX 11 14 0 3
BITMAP
0400
0400
0400
0400
0400
0400
0400
0400
0400
FFE0
FFE0
0000
FFE0
FFE0
ENDCHAR
STARTCHAR 2568
ENCODING 9576
SWIDTH 660 0
DWIDTH 11 0
BBX 11 12 0 5
BITMAP
1B00
1B00
1B00
1B00
1B00
1B00
1B00
1B00
1B00
1B00
1B00
FFE0
ENDCHAR
STARTCHAR 2569
ENCODING 9577
SWIDTH 660 0
DWIDTH 11 0
BBX 11 14 0 3
BITMAP
1B00
1B00
1B00
1B00
1B00
1B00
1B00
1B00
1B00
FBE0
FBE0
0000
FFE0
FFE0
ENDCHAR
STARTCHAR 256A
ENCODING 9578
SWIDTH 660 0
DWIDTH 11 0
BBX 11 22 0 -5
BITMAP
0400
0400
0400
0400
0400
0400
0400
0400
0400
FFE0
FFE0
0400
FFE0
FFE0
0400
0400
0400
0400
0400
0400
0400
0400
ENDCHAR
STARTCHAR 256B
ENCODING 9579
SWIDTH 660 0
DWIDTH 11 0
BBX 11 22 0 -5
BITMAP
1B00
1B00
1B00
1B00
1B00
1B00
1B00
1B00
1B00
1B00
1B00
FFE0
1B00
1B00
1B00
1B00
1B00
1B00
1B00
1B00
1B00
1B00
ENDCHAR
STARTCHAR 256C
ENCODING 9580
SWIDTH 660 0
DWIDTH 11 0
BBX 11 22 0 -5
BITMAP
1B00
1B00
1B00
1B00
1B00
1B00
1B00
1B00
1B00
FBE0
FBE0
0000
FBE0
FBE0
1B00
1B00
1B00
1B00
1B00
1B00
1B00
1B00
ENDCHAR
STARTCHAR 256D
ENCODING 9581
SWIDTH 660 0
DWIDTH 11 0
BBX 6 11 5 -5
BITMAP
1C
60
60
80
80
80
80
80
80
80
80
ENDCHAR
STARTCHAR 256E
ENCODING 9582
SWIDTH 660 0
DWIDTH 11 0
BBX 6 11 0 -5
BITMAP
E0
18
18
04
04
04
04
04
04
04
04
ENDCHAR
STARTCHAR 256F
ENCODING 9583
SWIDTH 660 0
DWIDTH 11 0
BBX 6 12 0 5
BITMAP
04
04
04
04
04
04
04
04
04
18
18
E0
ENDCHAR
STARTCHAR 2570
ENCODING 9584
SWIDTH 660 0
DWIDTH 11 0
BBX 6 12 5 5
BITMAP
80
80
80
80
80
80
80
80
80
60
60
1C
ENDCHAR
STARTCHAR 2571
ENCODING 9585
SWIDTH 660 0
DWIDTH 11 0
BBX 11 22 0 -5
BITMAP
0060
0060
0060
0080
0080
0080
0300
0300
0300
0400
0400
0400
1800
1800
1800
2000
2000
2000
2000
C000
C000
C000
ENDCHAR
STARTCHAR 2572
ENCODING 9586
SWIDTH 660 0
DWIDTH 11 0
BBX 11 22 0 -5
BITMAP
C000
C000
C000
2000
2000
2000
1800
1800
1800
0400
0400
0400
0300
0300
0300
0080
0080
0080
0080
0060
0060
0060
ENDCHAR
STARTCHAR 2573
ENCODING 9587
SWIDTH 660 0
DWIDTH 11 0
BBX 11 22 0 -5
BITMAP
C060
C060
C060
2080
2080
2080
1B00
1B00
1B00
0400
0400
0400
1B00
1B00
1B00
2080
2080
2080
2080
C060
C060
C060
ENDCHAR
STARTCHAR 2574
ENCODING 9588
SWIDTH 660 0
DWIDTH 11 0
BBX 6 1 0 5
BITMAP
FC
ENDCHAR
STARTCHAR 2575
ENCODING 9589
SWIDTH 660 0
DWIDTH 11 0
BBX 1 11 5 6
BITMAP
80
80
80
80
80
80
80
80
80
80
80
ENDCHAR
STARTCHAR 2576
ENCODING 9590
SWIDTH 660 0
DWIDTH 11 0
BBX 6 1 5 5
BITMAP
FC
ENDCHAR
STARTCHAR 2577
ENCODING 9591
SWIDTH 660 0
DWIDTH 11 0
BBX 1 11 5 -5
BITMAP
80
80
80
80
80
80
80
80
80
80
80
ENDCHAR
STARTCHAR 2578
ENCODING 9592
SWIDTH 660 0
DWIDTH 11 0
BBX 6 5 0 3
BITMAP
FC
FC
FC
FC
FC
ENDCHAR
STARTCHAR 2579
ENCODING 9593
SWIDTH 660 0
DWIDTH 11 0
BBX 5 11 3 6
BITMAP
F8
F8
F8
F8
F8
F8
F8
F8
F8
F8
F8
ENDCHAR
STARTCHAR 257A
ENCODING 9594
SWIDTH 660 0
DWIDTH 11 0
BBX 6 5 5 3
BITMAP
FC
FC
FC
FC
FC
ENDCHAR
STARTCHAR 257B
ENCODING 9595
SWIDTH 660 0
DWIDTH 11 0
BBX 5 13 3 -5
BITMAP
F8
F8
F8
F8
F8
F8
F8
F8
F8
F8
F8
F8
F8
ENDCHAR
STARTCHAR 257C
ENCODING 9596
SWIDTH 660 0
DWIDTH 11 0
BBX 11 5 0 3
BITMAP
03E0
03E0
FFE0
03E0
03E0
ENDCHAR
STARTCHAR 257D
ENCODING 9597
SWIDTH 660 0
DWIDTH 11 0
BBX 5 22 3 -5
BITMAP
20
20
20
20
20
20
20
20
20
F8
F8
F8
F8
F8
F8
F8
F8
F8
F8
F8
F8
F8
ENDCHAR
STARTCHAR 257E
ENCODING 9598
SWIDTH 660 0
DWIDTH 11 0
BBX 11 5 0 3
BITMAP
FC00
FC00
FFE0
FC00
FC00
ENDCHAR
STARTCHAR 257F
ENCODING 9599
SWIDTH 660 0
DWIDTH 11 0
BBX 5 22 3 -5
BITMAP
F8
F8
F8
F8
F8
F8
F8
F8
F8
F8
F8
F8
F8
F8
20
20
20
20
20
20
20
20
ENDCHAR
STARTCHAR 2580
ENCODING 9600
SWIDTH 660 0
DWIDTH 11 0
BBX 11 11 0 6
BITMAP
FFE0
FFE0
FFE0
FFE0
FFE0
FFE0
FFE0
FFE0
FFE0
FFE0
FFE0
ENDCHAR
STARTCHAR 2581
ENCODING 9601
SWIDTH 660 0
DWIDTH 11 0
BBX 11 3 0 -5
BITMAP
FFE0
FFE0
FFE0
ENDCHAR
STARTCHAR 2582
ENCODING 9602
SWIDTH 660 0
DWIDTH 11 0
BBX 11 5 0 -5
BITMAP
FFE0
FFE0
FFE0
FFE0
FFE0
ENDCHAR
STARTCHAR 2583
ENCODING 9603
SWIDTH 660 0
DWIDTH 11 0
BBX 11 8 0 -5
BITMAP
FFE0
FFE0
FFE0
FFE0
FFE0
FFE0
FFE0
FFE0
ENDCHAR
STARTCHAR 2584
ENCODING 9604
SWIDTH 660 0
DWIDTH 11 0
BBX 11 11 0 -5
BITMAP
FFE0
FFE0
FFE0
FFE0
FFE0
FFE0
FFE0
FFE0
FFE0
FFE0
FFE0
ENDCHAR
STARTCHAR 2585
ENCODING 9605
SWIDTH 660 0
DWIDTH 11 0
BBX 11 14 0 -5
BITMAP
FFE0
FFE0
FFE0
FFE0
FFE0
FFE0
FFE0
FFE0
FFE0
FFE0
FFE0
FFE0
FFE0
FFE0
ENDCHAR
STARTCHAR 2586
ENCODING 9606
SWIDTH 660 0
DWIDTH 11 0
BBX 11 17 0 -5
BITMAP
FFE0
FFE0
FFE0
FFE0
FFE0
FFE0
FFE0
FFE0
FFE0
FFE0
FFE0
FFE0
FFE0
FFE0
FFE0
FFE0
FFE0
ENDCHAR
STARTCHAR 2587
ENCODING 9607
SWIDTH 660 0
DWIDTH 11 0
BBX 11 19 0 -5
BITMAP
FFE0
FFE0
FFE0
FFE0
FFE0
FFE0
FFE0
FFE0
FFE0
FFE0
FFE0
FFE0
FFE0
FFE0
FFE0
FFE0
FFE0
FFE0
FFE0
ENDCHAR
STARTCHAR 2588
ENCODING 9608
SWIDTH 660 0
DWIDTH 11 0
BBX 11 22 0 -5
BITMAP
FFE0
FFE0
FFE0
FFE0
FFE0
FFE0
FFE0
FFE0
FFE0
FFE0
FFE0
FFE0
FFE0
FFE0
FFE0
FFE0
FFE0
FFE0
FFE0
FFE0
FFE0
FFE0
ENDCHAR
STARTCHAR 2589
ENCODING 9609
SWIDTH 660 0
DWIDTH 11 0
BBX 9 22 0 -5
BITMAP
FF80
FF80
FF80
FF80
FF80
FF80
FF80
FF80
FF80
FF80
FF80
FF80
FF80
FF80
FF80
FF80
FF80
FF80
FF80
FF80
FF80
FF80
ENDCHAR
STARTCHAR 258A
ENCODING 9610
SWIDTH 660 0
DWIDTH 11 0
BBX 9 22 0 -5
BITMAP
FF80
FF80
FF80
FF80
FF80
FF80
FF80
FF80
FF80
FF80
FF80
FF80
FF80
FF80
FF80
FF80
FF80
FF80
FF80
FF80
FF80
FF80
ENDCHAR
STARTCHAR 258B
ENCODING 9611
SWIDTH 660 0
DWIDTH 11 0
BBX 8 22 0 -5
BITMAP
FF
FF
FF
FF
FF
FF
FF
FF
FF
FF
FF
FF
FF
FF
FF
FF
FF
FF
FF
FF
FF
FF
ENDCHAR
STARTCHAR 258C
ENCODING 9612
SWIDTH 660 0
DWIDTH 11 0
BBX 6 22 0 -5
BITMAP
FC
FC
FC
FC
FC
FC
FC
FC
FC
FC
FC
FC
FC
FC
FC
FC
FC
FC
FC
FC
FC
FC
ENDCHAR
STARTCHAR 258D
ENCODING 9613
SWIDTH 660 0
DWIDTH 11 0
BBX 5 22 0 -5
BITMAP
F8
F8
F8
F8
F8
F8
F8
F8
F8
F8
F8
F8
F8
F8
F8
F8
F8
F8
F8
F8
F8
F8
ENDCHAR
STARTCHAR 258E
ENCODING 9614
SWIDTH 660 0
DWIDTH 11 0
BBX 3 22 0 -5
BITMAP
E0
E0
E0
E0
E0
E0
E0
E0
E0
E0
E0
E0
E0
E0
E0
E0
E0
E0
E0
E0
E0
E0
ENDCHAR
STARTCHAR 258F
ENCODING 9615
SWIDTH 660 0
DWIDTH 11 0
BBX 2 22 0 -5
BITMAP
C0
C0
C0
C0
C0
C0
C0
C0
C0
C0
C0
C0
C0
C0
C0
C0
C0
C0
C0
C0
C0
C0
ENDCHAR
STARTCHAR 2590
ENCODING 9616
SWIDTH 660 0
DWIDTH 11 0
BBX 6 22 5 -5
BITMAP
FC
FC
FC
FC
FC
FC
FC
FC
FC
FC
FC
FC
FC
FC
FC
FC
FC
FC
FC
FC
FC
FC
ENDCHAR
STARTCHAR 2591
ENCODING 9617
SWIDTH 660 0
DWIDTH 11 0
BBX 11 22 0 -5
BITMAP
2080
2080
DB00
0460
0460
2300
0460
0460
DB00
0480
0480
D800
0360
0360
2400
C080
C080
2460
2460
DB00
0460
0460
ENDCHAR
STARTCHAR 2592
ENCODING 9618
SWIDTH 660 0
DWIDTH 11 0
BBX 11 22 0 -5
BITMAP
DB80
DB80
E7E0
DC80
DC80
3BE0
DF60
DF60
E480
DFE0
DFE0
24E0
FB60
FB60
DF80
E760
E760
DC80
DC80
27E0
FB60
FB60
ENDCHAR
STARTCHAR 2593
ENCODING 9619
SWIDTH 660 0
DWIDTH 11 0
BBX 11 22 0 -5
BITMAP
FFE0
FFE0
DFE0
FF80
FF80
FBE0
FFE0
FFE0
E760
FFE0
FFE0
3FE0
FF60
FF60
E7E0
FFE0
FFE0
FCE0
FCE0
DFE0
FF80
FF80
ENDCHAR
STARTCHAR 2594
ENCODING 9620
SWIDTH 660 0
DWIDTH 11 0
BBX 11 3 0 14
BITMAP
FFE0
FFE0
FFE0
ENDCHAR
STARTCHAR 2595
ENCODING 9621
SWIDTH 660 0
DWIDTH 11 0
BBX 2 22 9 -5
BITMAP
C0
C0
C0
C0
C0
C0
C0
C0
C0
C0
C0
C0
C0
C0
C0
C0
C0
C0
C0
C0
C0
C0
ENDCHAR
STARTCHAR 2596
ENCODING 9622
SWIDTH 660 0
DWIDTH 11 0
BBX 6 11 0 -5
BITMAP
FC
FC
FC
FC
FC
FC
FC
FC
FC
FC
FC
ENDCHAR
STARTCHAR 2597
ENCODING 9623
SWIDTH 660 0
DWIDTH 11 0
BBX 6 11 5 -5
BITMAP
FC
FC
FC
FC
FC
FC
FC
FC
FC
FC
FC
ENDCHAR
STARTCHAR 2598
ENCODING 9624
SWIDTH 660 0
DWIDTH 11 0
BBX 6 11 0 6
BITMAP
FC
FC
FC
FC
FC
FC
FC
FC
FC
FC
FC
ENDCHAR
STARTCHAR 2599
ENCODING 9625
SWIDTH 660 0
DWIDTH 11 0
BBX 11 22 0 -5
BITMAP
FC00
FC00
FC00
FC00
FC00
FC00
FC00
FC00
FC00
FC00
FC00
FFE0
FFE0
FFE0
FFE0
FFE0
FFE0
FFE0
FFE0
FFE0
FFE0
FFE0
ENDCHAR
STARTCHAR 259A
ENCODING 9626
SWIDTH 660 0
DWIDTH 11 0
BBX 11 22 0 -5
BITMAP
FC00
FC00
FC00
FC00
FC00
FC00
FC00
FC00
FC00
FC00
FC00
07E0
07E0
07E0
07E0
07E0
07E0
07E0
07E0
07E0
07E0
07E0
ENDCHAR
STARTCHAR 259B
ENCODING 9627
SWIDTH 660 0
DWIDTH 11 0
BBX 11 22 0 -5
BITMAP
FFE0
FFE0
FFE0
FFE0
FFE0
FFE0
FFE0
FFE0
FFE0
FFE0
FFE0
FC00
FC00
FC00
FC00
FC00
FC00
FC00
FC00
FC00
FC00
FC00
ENDCHAR
STARTCHAR 259C
ENCODING 9628
SWIDTH 660 0
DWIDTH 11 0
BBX 11 22 0 -5
BITMAP
FFE0
FFE0
FFE0
FFE0
FFE0
FFE0
FFE0
FFE0
FFE0
FFE0
FFE0
07E0
07E0
07E0
07E0
07E0
07E0
07E0
07E0
07E0
07E0
07E0
ENDCHAR
STARTCHAR 259D
ENCODING 9629
SWIDTH 660 0
DWIDTH 11 0
BBX 6 11 5 6
BITMAP
FC
FC
FC
FC
FC
FC
FC
FC
FC
FC
FC
ENDCHAR
STARTCHAR 259E
ENCODING 9630
SWIDTH 660 0
DWIDTH 11 0
BBX 11 22 0 -5
BITMAP
07E0
07E0
07E0
07E0
07E0
07E0
07E0
07E0
07E0
07E0
07E0
FC00
FC00
FC00
FC00
FC00
FC00
FC00
FC00
FC00
FC00
FC00
ENDCHAR
STARTCHAR 259F
ENCODING 9631
SWIDTH 660 0
DWIDTH 11 0
BBX 11 22 0 -5
BITMAP
07E0
07E0
07E0
07E0
07E0
07E0
07E0
07E0
07E0
07E0
07E0
FFE0
FFE0
FFE0
FFE0
FFE0
FFE0
FFE0
FFE0
FFE0
FFE0
FFE0
ENDCHAR
STARTCHAR 25A0
ENCODING 9632
SWIDTH 660 0
DWIDTH 11 0
BBX 11 11 0 0
BITMAP
FFE0
FFE0
FFE0
FFE0
FFE0
FFE0
FFE0
FFE0
FFE0
FFE0
FFE0
ENDCHAR
STARTCHAR 25A1
ENCODING 9633
SWIDTH 660 0
DWIDTH 11 0
BBX 11 11 0 0
BITMAP
FFE0
FFE0
C060
C060
C060
C060
C060
C060
C060
FFE0
FFE0
ENDCHAR
STARTCHAR 25AA
ENCODING 9642
SWIDTH 660 0
DWIDTH 11 0
BBX 7 7 2 2
BITMAP
FE
FE
FE
FE
FE
FE
FE
ENDCHAR
STARTCHAR 25AB
ENCODING 9643
SWIDTH 660 0
DWIDTH 11 0
BBX 7 7 2 2
BITMAP
FE
82
82
82
82
82
FE
ENDCHAR
STARTCHAR 25B2
ENCODING 9650
SWIDTH 660 0
DWIDTH 11 0
BBX 11 9 0 2
BITMAP
0400
0400
1F00
1F00
1F00
3F80
3F80
3F80
FFE0
ENDCHAR
STARTCHAR 25B3
ENCODING 9651
SWIDTH 660 0
DWIDTH 11 0
BBX 11 9 0 2
BITMAP
0400
0400
1B00
1B00
1B00
2080
2080
2080
FFE0
ENDCHAR
STARTCHAR 25B7
ENCODING 9655
SWIDTH 660 0
DWIDTH 11 0
BBX 9 11 0 0
BITMAP
C000
C000
F800
C700
C700
C080
C700
C700
F800
C000
C000
ENDCHAR
STARTCHAR 25BA
ENCODING 9658
SWIDTH 660 0
DWIDTH 11 0
BBX 9 11 0 0
BITMAP
C000
C000
F800
FF00
FF00
FF80
FF00
FF00
F800
C000
C000
ENDCHAR
STARTCHAR 25BC
ENCODING 9660
SWIDTH 660 0
DWIDTH 11 0
BBX 11 9 0 2
BITMAP
FFE0
FFE0
3F80
3F80
3F80
1F00
1F00
1F00
0400
ENDCHAR
STARTCHAR 25BD
ENCODING 9661
SWIDTH 660 0
DWIDTH 11 0
BBX 11 9 0 2
BITMAP
FFE0
FFE0
2080
2080
2080
1B00
1B00
1B00
0400
ENDCHAR
STARTCHAR 25C1
ENCODING 9665
SWIDTH 660 0
DWIDTH 11 0
BBX 9 11 2 0
BITMAP
0180
0180
0F80
7180
7180
8180
7180
7180
0F80
0180
0180
ENDCHAR
STARTCHAR 25C4
ENCODING 9668
SWIDTH 660 0
DWIDTH 11 0
BBX 9 11 2 0
BITMAP
0180
0180
0F80
7F80
7F80
FF80
7F80
7F80
0F80
0180
0180
ENDCHAR
STARTCHAR 25CA
ENCODING 9674
SWIDTH 660 0
DWIDTH 11 0
BBX 7 16 2 -2
BITMAP
10
10
10
6C
6C
6C
82
82
82
6C
6C
6C
10
10
10
10
ENDCHAR
STARTCHAR 25CC
ENCODING 9676
SWIDTH 660 0
DWIDTH 11 0
BBX 7 9 2 0
BITMAP
7C
00
00
82
82
82
00
7C
7C
ENDCHAR
STARTCHAR 2605
ENCODING 9733
SWIDTH 660 0
DWIDTH 11 0
BBX 11 12 0 0
BITMAP
0400
0400
0400
FFE0
3F80
3F80
1F00
1F00
1F00
3B80
2080
2080
ENDCHAR
STARTCHAR 2606
ENCODING 9734
SWIDTH 660 0
DWIDTH 11 0
BBX 11 12 0 0
BITMAP
0400
0400
0400
FFE0
2080
2080
1B00
1F00
1F00
3B80
2080
2080
ENDCHAR
STARTCHAR 2630
ENCODING 9776
SWIDTH 660 0
DWIDTH 11 0
BBX 9 10 1 1
BITMAP
FF80
FF80
0000
0000
FF80
FF80
0000
0000
FF80
FF80
ENDCHAR
STARTCHAR 2660
ENCODING 9824
SWIDTH 660 0
DWIDTH 11 0
BBX 11 12 0 0
BITMAP
0400
1F00
1F00
3F80
FFE0
FFE0
FFE0
3F80
3F80
0400
1F00
1F00
ENDCHAR
STARTCHAR 2663
ENCODING 9827
SWIDTH 660 0
DWIDTH 11 0
BBX 11 12 0 0
BITMAP
0400
1F00
1F00
1F00
2480
2480
FFE0
FFE0
FFE0
2480
0400
0400
ENDCHAR
STARTCHAR 2665
ENCODING 9829
SWIDTH 660 0
DWIDTH 11 0
BBX 11 10 0 1
BITMAP
3180
4E40
8460
8020
8040
4040
6080
3100
1E00
0400
ENDCHAR
STARTCHAR 2666
ENCODING 9830
SWIDTH 660 0
DWIDTH 11 0
BBX 11 12 0 0
BITMAP
0400
1F00
1F00
3F80
FFE0
FFE0
FFE0
3F80
3F80
1F00
0400
0400
ENDCHAR
STARTCHAR 2669
ENCODING 9833
SWIDTH 660 0
DWIDTH 11 0
BBX 6 14 2 -2
BITMAP
0C
0C
0C
0C
0C
0C
0C
7C
7C
FC
FC
FC
70
70
ENDCHAR
STARTCHAR 266A
ENCODING 9834
SWIDTH 660 0
DWIDTH 11 0
BBX 9 14 2 -2
BITMAP
0C00
0E00
0E00
0D80
0D80
0D80
0C00
7C00
7C00
FC00
FC00
FC00
7000
7000
ENDCHAR
STARTCHAR 266B
ENCODING 9835
SWIDTH 660 0
DWIDTH 11 0
BBX 11 17 0 -3
BITMAP
0060
0060
03E0
1C60
1C60
1860
1860
1860
18E0
1BE0
1BE0
3BE0
F880
F880
F800
F800
2000
ENDCHAR
STARTCHAR 266C
ENCODING 9836
SWIDTH 660 0
DWIDTH 11 0
BBX 11 17 0 -3
BITMAP
0060
0060
03E0
1C60
1C60
1BE0
1C60
1C60
18E0
1BE0
1BE0
3BE0
F880
F880
F800
F800
2000
ENDCHAR
STARTCHAR 26A1
ENCODING 9889
SWIDTH 660 0
DWIDTH 11 0
BBX 11 14 0 -1
BITMAP
0100
0380
0500
0900
1200
23C0
C060
80C0
F980
1300
1600
3C00
3800
3000
ENDCHAR
STARTCHAR 2726
ENCODING 10022
SWIDTH 660 0
DWIDTH 11 0
BBX 11 11 0 0
BITMAP
0400
0400
0400
1F00
1F00
FFE0
1F00
1F00
0400
0400
0400
ENDCHAR
STARTCHAR 2727
ENCODING 10023
SWIDTH 660 0
DWIDTH 11 0
BBX 11 11 0 0
BITMAP
0400
0400
0400
1B00
1B00
E0E0
1B00
1B00
0400
0400
0400
ENDCHAR
STARTCHAR 276C
ENCODING 10092
SWIDTH 660 0
DWIDTH 11 0
BBX 5 16 3 -2
BITMAP
18
18
18
20
20
20
C0
C0
C0
20
20
20
18
18
18
18
ENDCHAR
STARTCHAR 276D
ENCODING 10093
SWIDTH 660 0
DWIDTH 11 0
BBX 5 16 3 -2
BITMAP
C0
C0
C0
20
20
20
18
18
18
20
20
20
C0
C0
C0
C0
ENDCHAR
STARTCHAR 276E
ENCODING 10094
SWIDTH 660 0
DWIDTH 11 0
BBX 6 16 3 -2
BITMAP
1C
1C
1C
38
38
38
E0
E0
E0
38
38
38
1C
1C
1C
1C
ENDCHAR
STARTCHAR 276F
ENCODING 10095
SWIDTH 660 0
DWIDTH 11 0
BBX 6 16 2 -2
BITMAP
E0
E0
E0
70
70
70
1C
1C
1C
70
70
70
E0
E0
E0
E0
ENDCHAR
STARTCHAR 2770
ENCODING 10096
SWIDTH 660 0
DWIDTH 11 0
BBX 7 16 2 -2
BITMAP
1E
1E
1E
7C
7C
7C
F0
F0
F0
7C
7C
7C
1E
1E
1E
1E
ENDCHAR
STARTCHAR 2771
ENCODING 10097
SWIDTH 660 0
DWIDTH 11 0
BBX 7 16 2 -2
BITMAP
F0
F0
F0
7C
7C
7C
1E
1E
1E
7C
7C
7C
F0
F0
F0
F0
ENDCHAR
STARTCHAR 27E8
ENCODING 10216
SWIDTH 660 0
DWIDTH 11 0
BBX 7 14 2 -2
BITMAP
02
0C
0C
10
60
60
80
60
60
10
0C
0C
02
02
ENDCHAR
STARTCHAR 27E9
ENCODING 10217
SWIDTH 660 0
DWIDTH 11 0
BBX 7 14 2 -2
BITMAP
80
60
60
10
0C
0C
02
0C
0C
10
60
60
80
80
ENDCHAR
STARTCHAR 2800
ENCODING 10240
SWIDTH 660 0
DWIDTH 11 0
BBX 0 0 0 0
BITMAP
ENDCHAR
STARTCHAR 2801
ENCODING 10241
SWIDTH 660 0
DWIDTH 11 0
BBX 3 4 1 12
BITMAP
E0
E0
E0
E0
ENDCHAR
STARTCHAR 2802
ENCODING 10242
SWIDTH 660 0
DWIDTH 11 0
BBX 3 3 1 7
BITMAP
E0
E0
E0
ENDCHAR
STARTCHAR 2803
ENCODING 10243
SWIDTH 660 0
DWIDTH 11 0
BBX 3 9 1 7
BITMAP
E0
E0
E0
E0
00
00
E0
E0
E0
ENDCHAR
STARTCHAR 2804
ENCODING 10244
SWIDTH 660 0
DWIDTH 11 0
BBX 3 3 1 2
BITMAP
E0
E0
E0
ENDCHAR
STARTCHAR 2805
ENCODING 10245
SWIDTH 660 0
DWIDTH 11 0
BBX 3 14 1 2
BITMAP
E0
E0
E0
E0
00
00
00
00
00
00
00
E0
E0
E0
ENDCHAR
STARTCHAR 2806
ENCODING 10246
SWIDTH 660 0
DWIDTH 11 0
BBX 3 8 1 2
BITMAP
E0
E0
E0
00
00
E0
E0
E0
ENDCHAR
STARTCHAR 2807
ENCODING 10247
SWIDTH 660 0
DWIDTH 11 0
BBX 3 14 1 2
BITMAP
E0
E0
E0
E0
00
00
E0
E0
E0
00
00
E0
E0
E0
ENDCHAR
STARTCHAR 2808
ENCODING 10248
SWIDTH 660 0
DWIDTH 11 0
BBX 4 4 6 12
BITMAP
F0
F0
F0
F0
ENDCHAR
STARTCHAR 2809
ENCODING 10249
SWIDTH 660 0
DWIDTH 11 0
BBX 9 4 1 12
BITMAP
E780
E780
E780
E780
ENDCHAR
STARTCHAR 280A
ENCODING 10250
SWIDTH 660 0
DWIDTH 11 0
BBX 9 9 1 7
BITMAP
0780
0780
0780
0780
0000
0000
E000
E000
E000
ENDCHAR
STARTCHAR 280B
ENCODING 10251
SWIDTH 660 0
DWIDTH 11 0
BBX 9 9 1 7
BITMAP
E780
E780
E780
E780
0000
0000
E000
E000
E000
ENDCHAR
STARTCHAR 280C
ENCODING 10252
SWIDTH 660 0
DWIDTH 11 0
BBX 9 14 1 2
BITMAP
0780
0780
0780
0780
0000
0000
0000
0000
0000
0000
0000
E000
E000
E000
ENDCHAR
STARTCHAR 280D
ENCODING 10253
SWIDTH 660 0
DWIDTH 11 0
BBX 9 14 1 2
BITMAP
E780
E780
E780
E780
0000
0000
0000
0000
0000
0000
0000
E000
E000
E000
ENDCHAR
STARTCHAR 280E
ENCODING 10254
SWIDTH 660 0
DWIDTH 11 0
BBX 9 14 1 2
BITMAP
0780
0780
0780
0780
0000
0000
E000
E000
E000
0000
0000
E000
E000
E000
ENDCHAR
STARTCHAR 280F
ENCODING 10255
SWIDTH 660 0
DWIDTH 11 0
BBX 9 14 1 2
BITMAP
E780
E780
E780
E780
0000
0000
E000
E000
E000
0000
0000
E000
E000
E000
ENDCHAR
STARTCHAR 2810
ENCODING 10256
SWIDTH 660 0
DWIDTH 11 0
BBX 4 3 6 7
BITMAP
F0
F0
F0
ENDCHAR
STARTCHAR 2811
ENCODING 10257
SWIDTH 660 0
DWIDTH 11 0
BBX 9 9 1 7
BITMAP
E000
E000
E000
E000
0000
0000
0780
0780
0780
ENDCHAR
STARTCHAR 2812
ENCODING 10258
SWIDTH 660 0
DWIDTH 11 0
BBX 9 3 1 7
BITMAP
E780
E780
E780
ENDCHAR
STARTCHAR 2813
ENCODING 10259
SWIDTH 660 0
DWIDTH 11 0
BBX 9 9 1 7
BITMAP
E000
E000
E000
E000
0000
0000
E780
E780
E780
ENDCHAR
STARTCHAR 2814
ENCODING 10260
SWIDTH 660 0
DWIDTH 11 0
BBX 9 8 1 2
BITMAP
0780
0780
0780
0000
0000
E000
E000
E000
ENDCHAR
STARTCHAR 2815
ENCODING 10261
SWIDTH 660 0
DWIDTH 11 0
BBX 9 14 1 2
BITMAP
E000
E000
E000
E000
0000
0000
0780
0780
0780
0000
0000
E000
E000
E000
ENDCHAR
STARTCHAR 2816
ENCODING 10262
SWIDTH 660 0
DWIDTH 11 0
BBX 9 8 1 2
BITMAP
E780
E780
E780
0000
0000
E000
E000
E000
ENDCHAR
STARTCHAR 2817
ENCODING 10263
SWIDTH 660 0
DWIDTH 11 0
BBX 9 14 1 2
BITMAP
E000
E000
E000
E000
0000
0000
E780
E780
E780
0000
0000
E000
E000
E000
ENDCHAR
STARTCHAR 2818
ENCODING 10264
SWIDTH 660 0
DWIDTH 11 0
BBX 4 9 6 7
BITMAP
F0
F0
F0
F0
00
00
F0
F0
F0
ENDCHAR
STARTCHAR 2819
ENCODING 10265
SWIDTH 660 0
DWIDTH 11 0
BBX 9 9 1 7
BITMAP
E780
E780
E780
E780
0000
0000
0780
0780
0780
ENDCHAR
STARTCHAR 281A
ENCODING 10266
SWIDTH 660 0
DWIDTH 11 0
BBX 9 9 1 7
BITMAP
0780
0780
0780
0780
0000
0000
E780
E780
E780
ENDCHAR
STARTCHAR 281B
ENCODING 10267
SWIDTH 660 0
DWIDTH 11 0
BBX 9 9 1 7
BITMAP
E780
E780
E780
E780
0000
0000
E780
E780
E780
ENDCHAR
STARTCHAR 281C
ENCODING 10268
SWIDTH 660 0
DWIDTH 11 0
BBX 9 14 1 2
BITMAP
0780
0780
0780
0780
0000
0000
0780
0780
0780
0000
0000
E000
E000
E000
ENDCHAR
STARTCHAR 281D
ENCODING 10269
SWIDTH 660 0
DWIDTH 11 0
BBX 9 14 1 2
BITMAP
E780
E780
E780
E780
0000
0000
0780
0780
0780
0000
0000
E000
E000
E000
ENDCHAR
STARTCHAR 281E
ENCODING 10270
SWIDTH 660 0
DWIDTH 11 0
BBX 9 14 1 2
BITMAP
0780
0780
0780
0780
0000
0000
E780
E780
E780
0000
0000
E000
E000
E000
ENDCHAR
STARTCHAR 281F
ENCODING 10271
SWIDTH 660 0
DWIDTH 11 0
BBX 9 14 1 2
BITMAP
E780
E780
E780
E780
0000
0000
E780
E780
E780
0000
0000
E000
E000
E000
ENDCHAR
STARTCHAR 2820
ENCODING 10272
SWIDTH 660 0
DWIDTH 11 0
BBX 4 3 6 2
BITMAP
F0
F0
F0
ENDCHAR
STARTCHAR 2821
ENCODING 10273
SWIDTH 660 0
DWIDTH 11 0
BBX 9 14 1 2
BITMAP
E000
E000
E000
E000
0000
0000
0000
0000
0000
0000
0000
0780
0780
0780
ENDCHAR
STARTCHAR 2822
ENCODING 10274
SWIDTH 660 0
DWIDTH 11 0
BBX 9 8 1 2
BITMAP
E000
E000
E000
0000
0000
0780
0780
0780
ENDCHAR
STARTCHAR 2823
ENCODING 10275
SWIDTH 660 0
DWIDTH 11 0
BBX 9 14 1 2
BITMAP
E000
E000
E000
E000
0000
0000
E000
E000
E000
0000
0000
0780
0780
0780
ENDCHAR
STARTCHAR 2824
ENCODING 10276
SWIDTH 660 0
DWIDTH 11 0
BBX 9 3 1 2
BITMAP
E780
E780
E780
ENDCHAR
STARTCHAR 2825
ENCODING 10277
SWIDTH 660 0
DWIDTH 11 0
BBX 9 14 1 2
BITMAP
E000
E000
E000
E000
0000
0000
0000
0000
0000
0000
0000
E780
E780
E780
ENDCHAR
STARTCHAR 2826
ENCODING 10278
SWIDTH 660 0
DWIDTH 11 0
BBX 9 8 1 2
BITMAP
E000
E000
E000
0000
0000
E780
E780
E780
ENDCHAR
STARTCHAR 2827
ENCODING 10279
SWIDTH 660 0
DWIDTH 11 0
BBX 9 14 1 2
BITMAP
E000
E000
E000
E000
0000
0000
E000
E000
E000
0000
0000
E780
E780
E780
ENDCHAR
STARTCHAR 2828
ENCODING 10280
SWIDTH 660 0
DWIDTH 11 0
BBX 4 14 6 2
BITMAP
F0
F0
F0
F0
00
00
00
00
00
00
00
F0
F0
F0
ENDCHAR
STARTCHAR 2829
ENCODING 10281
SWIDTH 660 0
DWIDTH 11 0
BBX 9 14 1 2
BITMAP
E780
E780
E780
E780
0000
0000
0000
0000
0000
0000
0000
0780
0780
0780
ENDCHAR
STARTCHAR 282A
ENCODING 10282
SWIDTH 660 0
DWIDTH 11 0
BBX 9 14 1 2
BITMAP
0780
0780
0780
0780
0000
0000
E000
E000
E000
0000
0000
0780
0780
0780
ENDCHAR
STARTCHAR 282B
ENCODING 10283
SWIDTH 660 0
DWIDTH 11 0
BBX 9 14 1 2
BITMAP
E780
E780
E780
E780
0000
0000
E000
E000
E000
0000
0000
0780
0780
0780
ENDCHAR
STARTCHAR 282C
ENCODING 10284
SWIDTH 660 0
DWIDTH 11 0
BBX 9 14 1 2
BITMAP
0780
0780
0780
0780
0000
0000
0000
0000
0000
0000
0000
E780
E780
E780
ENDCHAR
STARTCHAR 282D
ENCODING 10285
SWIDTH 660 0
DWIDTH 11 0
BBX 9 14 1 2
BITMAP
E780
E780
E780
E780
0000
0000
0000
0000
0000
0000
0000
E780
E780
E780
ENDCHAR
STARTCHAR 282E
ENCODING 10286
SWIDTH 660 0
DWIDTH 11 0
BBX 9 14 1 2
BITMAP
0780
0780
0780
0780
0000
0000
E000
E000
E000
0000
0000
E780
E780
E780
ENDCHAR
STARTCHAR 282F
ENCODING 10287
SWIDTH 660 0
DWIDTH 11 0
BBX 9 14 1 2
BITMAP
E780
E780
E780
E780
0000
0000
E000
E000
E000
0000
0000
E780
E780
E780
ENDCHAR
STARTCHAR 2830
ENCODING 10288
SWIDTH 660 0
DWIDTH 11 0
BBX 4 8 6 2
BITMAP
F0
F0
F0
00
00
F0
F0
F0
ENDCHAR
STARTCHAR 2831
ENCODING 10289
SWIDTH 660 0
DWIDTH 11 0
BBX 9 14 1 2
BITMAP
E000
E000
E000
E000
0000
0000
0780
0780
0780
0000
0000
0780
0780
0780
ENDCHAR
STARTCHAR 2832
ENCODING 10290
SWIDTH 660 0
DWIDTH 11 0
BBX 9 8 1 2
BITMAP
E780
E780
E780
0000
0000
0780
0780
0780
ENDCHAR
STARTCHAR 2833
ENCODING 10291
SWIDTH 660 0
DWIDTH 11 0
BBX 9 14 1 2
BITMAP
E000
E000
E000
E000
0000
0000
E780
E780
E780
0000
0000
0780
0780
0780
ENDCHAR
STARTCHAR 2834
ENCODING 10292
SWIDTH 660 0
DWIDTH 11 0
BBX 9 8 1 2
BITMAP
0780
0780
0780
0000
0000
E780
E780
E780
ENDCHAR
STARTCHAR 2835
ENCODING 10293
SWIDTH 660 0
DWIDTH 11 0
BBX 9 14 1 2
BITMAP
E000
E000
E000
E000
0000
0000
0780
0780
0780
0000
0000
E780
E780
E780
ENDCHAR
STARTCHAR 2836
ENCODING 10294
SWIDTH 660 0
DWIDTH 11 0
BBX 9 8 1 2
BITMAP
E780
E780
E780
0000
0000
E780
E780
E780
ENDCHAR
STARTCHAR 2837
ENCODING 10295
SWIDTH 660 0
DWIDTH 11 0
BBX 9 14 1 2
BITMAP
E000
E000
E000
E000
0000
0000
E780
E780
E780
0000
0000
E780
E780
E780
ENDCHAR
STARTCHAR 2838
ENCODING 10296
SWIDTH 660 0
DWIDTH 11 0
BBX 4 14 6 2
BITMAP
F0
F0
F0
F0
00
00
F0
F0
F0
00
00
F0
F0
F0
ENDCHAR
STARTCHAR 2839
ENCODING 10297
SWIDTH 660 0
DWIDTH 11 0
BBX 9 14 1 2
BITMAP
E780
E780
E780
E780
0000
0000
0780
0780
0780
0000
0000
0780
0780
0780
ENDCHAR
STARTCHAR 283A
ENCODING 10298
SWIDTH 660 0
DWIDTH 11 0
BBX 9 14 1 2
BITMAP
0780
0780
0780
0780
0000
0000
E780
E780
E780
0000
0000
0780
0780
0780
ENDCHAR
STARTCHAR 283B
ENCODING 10299
SWIDTH 660 0
DWIDTH 11 0
BBX 9 14 1 2
BITMAP
E780
E780
E780
E780
0000
0000
E780
E780
E780
0000
0000
0780
0780
0780
ENDCHAR
STARTCHAR 283C
ENCODING 10300
SWIDTH 660 0
DWIDTH 11 0
BBX 9 14 1 2
BITMAP
0780
0780
0780
0780
0000
0000
0780
0780
0780
0000
0000
E780
E780
E780
ENDCHAR
STARTCHAR 283D
ENCODING 10301
SWIDTH 660 0
DWIDTH 11 0
BBX 9 14 1 2
BITMAP
E780
E780
E780
E780
0000
0000
0780
0780
0780
0000
0000
E780
E780
E780
ENDCHAR
STARTCHAR 283E
ENCODING 10302
SWIDTH 660 0
DWIDTH 11 0
BBX 9 14 1 2
BITMAP
0780
0780
0780
0780
0000
0000
E780
E780
E780
0000
0000
E780
E780
E780
ENDCHAR
STARTCHAR 283F
ENCODING 10303
SWIDTH 660 0
DWIDTH 11 0
BBX 9 14 1 2
BITMAP
E780
E780
E780
E780
0000
0000
E780
E780
E780
0000
0000
E780
E780
E780
ENDCHAR
STARTCHAR 2840
ENCODING 10304
SWIDTH 660 0
DWIDTH 11 0
BBX 3 4 1 -4
BITMAP
E0
E0
E0
E0
ENDCHAR
STARTCHAR 2841
ENCODING 10305
SWIDTH 660 0
DWIDTH 11 0
BBX 3 20 1 -4
BITMAP
E0
E0
E0
E0
00
00
00
00
00
00
00
00
00
00
00
00
E0
E0
E0
E0
ENDCHAR
STARTCHAR 2842
ENCODING 10306
SWIDTH 660 0
DWIDTH 11 0
BBX 3 14 1 -4
BITMAP
E0
E0
E0
00
00
00
00
00
00
00
E0
E0
E0
E0
ENDCHAR
STARTCHAR 2843
ENCODING 10307
SWIDTH 660 0
DWIDTH 11 0
BBX 3 20 1 -4
BITMAP
E0
E0
E0
E0
00
00
E0
E0
E0
00
00
00
00
00
00
00
E0
E0
E0
E0
ENDCHAR
STARTCHAR 2844
ENCODING 10308
SWIDTH 660 0
DWIDTH 11 0
BBX 3 9 1 -4
BITMAP
E0
E0
E0
00
00
E0
E0
E0
E0
ENDCHAR
STARTCHAR 2845
ENCODING 10309
SWIDTH 660 0
DWIDTH 11 0
BBX 3 20 1 -4
BITMAP
E0
E0
E0
E0
00
00
00
00
00
00
00
E0
E0
E0
00
00
E0
E0
E0
E0
ENDCHAR
STARTCHAR 2846
ENCODING 10310
SWIDTH 660 0
DWIDTH 11 0
BBX 3 14 1 -4
BITMAP
E0
E0
E0
00
00
E0
E0
E0
00
00
E0
E0
E0
E0
ENDCHAR
STARTCHAR 2847
ENCODING 10311
SWIDTH 660 0
DWIDTH 11 0
BBX 3 20 1 -4
BITMAP
E0
E0
E0
E0
00
00
E0
E0
E0
00
00
E0
E0
E0
00
00
E0
E0
E0
E0
ENDCHAR
STARTCHAR 2848
ENCODING 10312
SWIDTH 660 0
DWIDTH 11 0
BBX 9 20 1 -4
BITMAP
0780
0780
0780
0780
0000
0000
0000
0000
0000
0000
0000
0000
0000
0000
0000
0000
E000
E000
E000
E000
ENDCHAR
STARTCHAR 2849
ENCODING 10313
SWIDTH 660 0
DWIDTH 11 0
BBX 9 20 1 -4
BITMAP
E780
E780
E780
E780
0000
0000
0000
0000
0000
0000
0000
0000
0000
0000
0000
0000
E000
E000
E000
E000
ENDCHAR
STARTCHAR 284A
ENCODING 10314
SWIDTH 660 0
DWIDTH 11 0
BBX 9 20 1 -4
BITMAP
0780
0780
0780
0780
0000
0000
E000
E000
E000
0000
0000
0000
0000
0000
0000
0000
E000
E000
E000
E000
ENDCHAR
STARTCHAR 284B
ENCODING 10315
SWIDTH 660 0
DWIDTH 11 0
BBX 9 20 1 -4
BITMAP
E780
E780
E780
E780
0000
0000
E000
E000
E000
0000
0000
0000
0000
0000
0000
0000
E000
E000
E000
E000
ENDCHAR
STARTCHAR 284C
ENCODING 10316
SWIDTH 660 0
DWIDTH 11 0
BBX 9 20 1 -4
BITMAP
0780
0780
0780
0780
0000
0000
0000
0000
0000
0000
0000
E000
E000
E000
0000
0000
E000
E000
E000
E000
ENDCHAR
STARTCHAR 284D
ENCODING 10317
SWIDTH 660 0
DWIDTH 11 0
BBX 9 20 1 -4
BITMAP
E780
E780
E780
E780
0000
0000
0000
0000
0000
0000
0000
E000
E000
E000
0000
0000
E000
E000
E000
E000
ENDCHAR
STARTCHAR 284E
ENCODING 10318
SWIDTH 660 0
DWIDTH 11 0
BBX 9 20 1 -4
BITMAP
0780
0780
0780
0780
0000
0000
E000
E000
E000
0000
0000
E000
E000
E000
0000
0000
E000
E000
E000
E000
ENDCHAR
STARTCHAR 284F
ENCODING 10319
SWIDTH 660 0
DWIDTH 11 0
BBX 9 20 1 -4
BITMAP
E780
E780
E780
E780
0000
0000
E000
E000
E000
0000
0000
E000
E000
E000
0000
0000
E000
E000
E000
E000
ENDCHAR
STARTCHAR 2850
ENCODING 10320
SWIDTH 660 0
DWIDTH 11 0
BBX 9 14 1 -4
BITMAP
0780
0780
0780
0000
0000
0000
0000
0000
0000
0000
E000
E000
E000
E000
ENDCHAR
STARTCHAR 2851
ENCODING 10321
SWIDTH 660 0
DWIDTH 11 0
BBX 9 20 1 -4
BITMAP
E000
E000
E000
E000
0000
0000
0780
0780
0780
0000
0000
0000
0000
0000
0000
0000
E000
E000
E000
E000
ENDCHAR
STARTCHAR 2852
ENCODING 10322
SWIDTH 660 0
DWIDTH 11 0
BBX 9 14 1 -4
BITMAP
E780
E780
E780
0000
0000
0000
0000
0000
0000
0000
E000
E000
E000
E000
ENDCHAR
STARTCHAR 2853
ENCODING 10323
SWIDTH 660 0
DWIDTH 11 0
BBX 9 20 1 -4
BITMAP
E000
E000
E000
E000
0000
0000
E780
E780
E780
0000
0000
0000
0000
0000
0000
0000
E000
E000
E000
E000
ENDCHAR
STARTCHAR 2854
ENCODING 10324
SWIDTH 660 0
DWIDTH 11 0
BBX 9 14 1 -4
BITMAP
0780
0780
0780
0000
0000
E000
E000
E000
0000
0000
E000
E000
E000
E000
ENDCHAR
STARTCHAR 2855
ENCODING 10325
SWIDTH 660 0
DWIDTH 11 0
BBX 9 20 1 -4
BITMAP
E000
E000
E000
E000
0000
0000
0780
0780
0780
0000
0000
E000
E000
E000
0000
0000
E000
E000
E000
E000
ENDCHAR
STARTCHAR 2856
ENCODING 10326
SWIDTH 660 0
DWIDTH 11 0
BBX 9 14 1 -4
BITMAP
E780
E780
E780
0000
0000
E000
E000
E000
0000
0000
E000
E000
E000
E000
ENDCHAR
STARTCHAR 2857
ENCODING 10327
SWIDTH 660 0
DWIDTH 11 0
BBX 9 20 1 -4
BITMAP
E000
E000
E000
E000
0000
0000
E780
E780
E780
0000
0000
E000
E000
E000
0000
0000
E000
E000
E000
E000
ENDCHAR
STARTCHAR 2858
ENCODING 10328
SWIDTH 660 0
DWIDTH 11 0
BBX 9 20 1 -4
BITMAP
0780
0780
0780
0780
0000
0000
0780
0780
0780
0000
0000
0000
0000
0000
0000
0000
E000
E000
E000
E000
ENDCHAR
STARTCHAR 2859
ENCODING 10329
SWIDTH 660 0
DWIDTH 11 0
BBX 9 20 1 -4
BITMAP
E780
E780
E780
E780
0000
0000
0780
0780
0780
0000
0000
0000
0000
0000
0000
0000
E000
E000
E000
E000
ENDCHAR
STARTCHAR 285A
ENCODING 10330
SWIDTH 660 0
DWIDTH 11 0
BBX 9 20 1 -4
BITMAP
0780
0780
0780
0780
0000
0000
E780
E780
E780
0000
0000
0000
0000
0000
0000
0000
E000
E000
E000
E000
ENDCHAR
STARTCHAR 285B
ENCODING 10331
SWIDTH 660 0
DWIDTH 11 0
BBX 9 20 1 -4
BITMAP
E780
E780
E780
E780
0000
0000
E780
E780
E780
0000
0000
0000
0000
0000
0000
0000
E000
E000
E000
E000
ENDCHAR
STARTCHAR 285C
ENCODING 10332
SWIDTH 660 0
DWIDTH 11 0
BBX 9 20 1 -4
BITMAP
0780
0780
0780
0780
0000
0000
0780
0780
0780
0000
0000
E000
E000
E000
0000
0000
E000
E000
E000
E000
ENDCHAR
STARTCHAR 285D
ENCODING 10333
SWIDTH 660 0
DWIDTH 11 0
BBX 9 20 1 -4
BITMAP
E780
E780
E780
E780
0000
0000
0780
0780
0780
0000
0000
E000
E000
E000
0000
0000
E000
E000
E000
E000
ENDCHAR
STARTCHAR 285E
ENCODING 10334
SWIDTH 660 0
DWIDTH 11 0
BBX 9 20 1 -4
BITMAP
0780
0780
0780
0780
0000
0000
E780
E780
E780
0000
0000
E000
E000
E000
0000
0000
E000
E000
E000
E000
ENDCHAR
STARTCHAR 285F
ENCODING 10335
SWIDTH 660 0
DWIDTH 11 0
BBX 9 20 1 -4
BITMAP
E780
E780
E780
E780
0000
0000
E780
E780
E780
0000
0000
E000
E000
E000
0000
0000
E000
E000
E000
E000
ENDCHAR
STARTCHAR 2860
ENCODING 10336
SWIDTH 660 0
DWIDTH 11 0
BBX 9 9 1 -4
BITMAP
0780
0780
0780
0000
0000
E000
E000
E000
E000
ENDCHAR
STARTCHAR 2861
ENCODING 10337
SWIDTH 660 0
DWIDTH 11 0
BBX 9 20 1 -4
BITMAP
E000
E000
E000
E000
0000
0000
0000
0000
0000
0000
0000
0780
0780
0780
0000
0000
E000
E000
E000
E000
ENDCHAR
STARTCHAR 2862
ENCODING 10338
SWIDTH 660 0
DWIDTH 11 0
BBX 9 14 1 -4
BITMAP
E000
E000
E000
0000
0000
0780
0780
0780
0000
0000
E000
E000
E000
E000
ENDCHAR
STARTCHAR 2863
ENCODING 10339
SWIDTH 660 0
DWIDTH 11 0
BBX 9 20 1 -4
BITMAP
E000
E000
E000
E000
0000
0000
E000
E000
E000
0000
0000
0780
0780
0780
0000
0000
E000
E000
E000
E000
ENDCHAR
STARTCHAR 2864
ENCODING 10340
SWIDTH 660 0
DWIDTH 11 0
BBX 9 9 1 -4
BITMAP
E780
E780
E780
0000
0000
E000
E000
E000
E000
ENDCHAR
STARTCHAR 2865
ENCODING 10341
SWIDTH 660 0
DWIDTH 11 0
BBX 9 20 1 -4
BITMAP
E000
E000
E000
E000
0000
0000
0000
0000
0000
0000
0000
E780
E780
E780
0000
0000
E000
E000
E000
E000
ENDCHAR
STARTCHAR 2866
ENCODING 10342
SWIDTH 660 0
DWIDTH 11 0
BBX 9 14 1 -4
BITMAP
E000
E000
E000
0000
0000
E780
E780
E780
0000
0000
E000
E000
E000
E000
ENDCHAR
STARTCHAR 2867
ENCODING 10343
SWIDTH 660 0
DWIDTH 11 0
BBX 9 20 1 -4
BITMAP
E000
E000
E000
E000
0000
0000
E000
E000
E000
0000
0000
E780
E780
E780
0000
0000
E000
E000
E000
E000
ENDCHAR
STARTCHAR 2868
ENCODING 10344
SWIDTH 660 0
DWIDTH 11 0
BBX 9 20 1 -4
BITMAP
0780
0780
0780
0780
0000
0000
0000
0000
0000
0000
0000
0780
0780
0780
0000
0000
E000
E000
E000
E000
ENDCHAR
STARTCHAR 2869
ENCODING 10345
SWIDTH 660 0
DWIDTH 11 0
BBX 9 20 1 -4
BITMAP
E780
E780
E780
E780
0000
0000
0000
0000
0000
0000
0000
0780
0780
0780
0000
0000
E000
E000
E000
E000
ENDCHAR
STARTCHAR 286A
ENCODING 10346
SWIDTH 660 0
DWIDTH 11 0
BBX 9 20 1 -4
BITMAP
0780
0780
0780
0780
0000
0000
E000
E000
E000
0000
0000
0780
0780
0780
0000
0000
E000
E000
E000
E000
ENDCHAR
STARTCHAR 286B
ENCODING 10347
SWIDTH 660 0
DWIDTH 11 0
BBX 9 20 1 -4
BITMAP
E780
E780
E780
E780
0000
0000
E000
E000
E000
0000
0000
0780
0780
0780
0000
0000
E000
E000
E000
E000
ENDCHAR
STARTCHAR 286C
ENCODING 10348
SWIDTH 660 0
DWIDTH 11 0
BBX 9 20 1 -4
BITMAP
0780
0780
0780
0780
0000
0000
0000
0000
0000
0000
0000
E780
E780
E780
0000
0000
E000
E000
E000
E000
ENDCHAR
STARTCHAR 286D
ENCODING 10349
SWIDTH 660 0
DWIDTH 11 0
BBX 9 20 1 -4
BITMAP
E780
E780
E780
E780
0000
0000
0000
0000
0000
0000
0000
E780
E780
E780
0000
0000
E000
E000
E000
E000
ENDCHAR
STARTCHAR 286E
ENCODING 10350
SWIDTH 660 0
DWIDTH 11 0
BBX 9 20 1 -4
BITMAP
0780
0780
0780
0780
0000
0000
E000
E000
E000
0000
0000
E780
E780
E780
0000
0000
E000
E000
E000
E000
ENDCHAR
STARTCHAR 286F
ENCODING 10351
SWIDTH 660 0
DWIDTH 11 0
BBX 9 20 1 -4
BITMAP
E780
E780
E780
E780
0000
0000
E000
E000
E000
0000
0000
E780
E780
E780
0000
0000
E000
E000
E000
E000
ENDCHAR
STARTCHAR 2870
ENCODING 10352
SWIDTH 660 0
DWIDTH 11 0
BBX 9 14 1 -4
BITMAP
0780
0780
0780
0000
0000
0780
0780
0780
0000
0000
E000
E000
E000
E000
ENDCHAR
STARTCHAR 2871
ENCODING 10353
SWIDTH 660 0
DWIDTH 11 0
BBX 9 20 1 -4
BITMAP
E000
E000
E000
E000
0000
0000
0780
0780
0780
0000
0000
0780
0780
0780
0000
0000
E000
E000
E000
E000
ENDCHAR
STARTCHAR 2872
ENCODING 10354
SWIDTH 660 0
DWIDTH 11 0
BBX 9 14 1 -4
BITMAP
E780
E780
E780
0000
0000
0780
0780
0780
0000
0000
E000
E000
E000
E000
ENDCHAR
STARTCHAR 2873
ENCODING 10355
SWIDTH 660 0
DWIDTH 11 0
BBX 9 20 1 -4
BITMAP
E000
E000
E000
E000
0000
0000
E780
E780
E780
0000
0000
0780
0780
0780
0000
0000
E000
E000
E000
E000
ENDCHAR
STARTCHAR 2874
ENCODING 10356
SWIDTH 660 0
DWIDTH 11 0
BBX 9 14 1 -4
BITMAP
0780
0780
0780
0000
0000
E780
E780
E780
0000
0000
E000
E000
E000
E000
ENDCHAR
STARTCHAR 2875
ENCODING 10357
SWIDTH 660 0
DWIDTH 11 0
BBX 9 20 1 -4
BITMAP
E000
E000
E000
E000
0000
0000
0780
0780
0780
0000
0000
E780
E780
E780
0000
0000
E000
E000
E000
E000
ENDCHAR
STARTCHAR 2876
ENCODING 10358
SWIDTH 660 0
DWIDTH 11 0
BBX 9 14 1 -4
BITMAP
E780
E780
E780
0000
0000
E780
E780
E780
0000
0000
E000
E000
E000
E000
ENDCHAR
STARTCHAR 2877
ENCODING 10359
SWIDTH 660 0
DWIDTH 11 0
BBX 9 20 1 -4
BITMAP
E000
E000
E000
E000
0000
0000
E780
E780
E780
0000
0000
E780
E780
E780
0000
0000
E000
E000
E000
E000
ENDCHAR
STARTCHAR 2878
ENCODING 10360
SWIDTH 660 0
DWIDTH 11 0
BBX 9 20 1 -4
BITMAP
0780
0780
0780
0780
0000
0000
0780
0780
0780
0000
0000
0780
0780
0780
0000
0000
E000
E000
E000
E000
ENDCHAR
STARTCHAR 2879
ENCODING 10361
SWIDTH 660 0
DWIDTH 11 0
BBX 9 20 1 -4
BITMAP
E780
E780
E780
E780
0000
0000
0780
0780
0780
0000
0000
0780
0780
0780
0000
0000
E000
E000
E000
E000
ENDCHAR
STARTCHAR 287A
ENCODING 10362
SWIDTH 660 0
DWIDTH 11 0
BBX 9 20 1 -4
BITMAP
0780
0780
0780
0780
0000
0000
E780
E780
E780
0000
0000
0780
0780
0780
0000
0000
E000
E000
E000
E000
ENDCHAR
STARTCHAR 287B
ENCODING 10363
SWIDTH 660 0
DWIDTH 11 0
BBX 9 20 1 -4
BITMAP
E780
E780
E780
E780
0000
0000
E780
E780
E780
0000
0000
0780
0780
0780
0000
0000
E000
E000
E000
E000
ENDCHAR
STARTCHAR 287C
ENCODING 10364
SWIDTH 660 0
DWIDTH 11 0
BBX 9 20 1 -4
BITMAP
0780
0780
0780
0780
0000
0000
0780
0780
0780
0000
0000
E780
E780
E780
0000
0000
E000
E000
E000
E000
ENDCHAR
STARTCHAR 287D
ENCODING 10365
SWIDTH 660 0
DWIDTH 11 0
BBX 9 20 1 -4
BITMAP
E780
E780
E780
E780
0000
0000
0780
0780
0780
0000
0000
E780
E780
E780
0000
0000
E000
E000
E000
E000
ENDCHAR
STARTCHAR 287E
ENCODING 10366
SWIDTH 660 0
DWIDTH 11 0
BBX 9 20 1 -4
BITMAP
0780
0780
0780
0780
0000
0000
E780
E780
E780
0000
0000
E780
E780
E780
0000
0000
E000
E000
E000
E000
ENDCHAR
STARTCHAR 287F
ENCODING 10367
SWIDTH 660 0
DWIDTH 11 0
BBX 9 20 1 -4
BITMAP
E780
E780
E780
E780
0000
0000
E780
E780
E780
0000
0000
E780
E780
E780
0000
0000
E000
E000
E000
E000
ENDCHAR
STARTCHAR 2880
ENCODING 10368
SWIDTH 660 0
DWIDTH 11 0
BBX 4 4 6 -4
BITMAP
F0
F0
F0
F0
ENDCHAR
STARTCHAR 2881
ENCODING 10369
SWIDTH 660 0
DWIDTH 11 0
BBX 9 20 1 -4
BITMAP
E000
E000
E000
E000
0000
0000
0000
0000
0000
0000
0000
0000
0000
0000
0000
0000
0780
0780
0780
0780
ENDCHAR
STARTCHAR 2882
ENCODING 10370
SWIDTH 660 0
DWIDTH 11 0
BBX 9 14 1 -4
BITMAP
E000
E000
E000
0000
0000
0000
0000
0000
0000
0000
0780
0780
0780
0780
ENDCHAR
STARTCHAR 2883
ENCODING 10371
SWIDTH 660 0
DWIDTH 11 0
BBX 9 20 1 -4
BITMAP
E000
E000
E000
E000
0000
0000
E000
E000
E000
0000
0000
0000
0000
0000
0000
0000
0780
0780
0780
0780
ENDCHAR
STARTCHAR 2884
ENCODING 10372
SWIDTH 660 0
DWIDTH 11 0
BBX 9 9 1 -4
BITMAP
E000
E000
E000
0000
0000
0780
0780
0780
0780
ENDCHAR
STARTCHAR 2885
ENCODING 10373
SWIDTH 660 0
DWIDTH 11 0
BBX 9 20 1 -4
BITMAP
E000
E000
E000
E000
0000
0000
0000
0000
0000
0000
0000
E000
E000
E000
0000
0000
0780
0780
0780
0780
ENDCHAR
STARTCHAR 2886
ENCODING 10374
SWIDTH 660 0
DWIDTH 11 0
BBX 9 14 1 -4
BITMAP
E000
E000
E000
0000
0000
E000
E000
E000
0000
0000
0780
0780
0780
0780
ENDCHAR
STARTCHAR 2887
ENCODING 10375
SWIDTH 660 0
DWIDTH 11 0
BBX 9 20 1 -4
BITMAP
E000
E000
E000
E000
0000
0000
E000
E000
E000
0000
0000
E000
E000
E000
0000
0000
0780
0780
0780
0780
ENDCHAR
STARTCHAR 2888
ENCODING 10376
SWIDTH 660 0
DWIDTH 11 0
BBX 4 20 6 -4
BITMAP
F0
F0
F0
F0
00
00
00
00
00
00
00
00
00
00
00
00
F0
F0
F0
F0
ENDCHAR
STARTCHAR 2889
ENCODING 10377
SWIDTH 660 0
DWIDTH 11 0
BBX 9 20 1 -4
BITMAP
E780
E780
E780
E780
0000
0000
0000
0000
0000
0000
0000
0000
0000
0000
0000
0000
0780
0780
0780
0780
ENDCHAR
STARTCHAR 288A
ENCODING 10378
SWIDTH 660 0
DWIDTH 11 0
BBX 9 20 1 -4
BITMAP
0780
0780
0780
0780
0000
0000
E000
E000
E000
0000
0000
0000
0000
0000
0000
0000
0780
0780
0780
0780
ENDCHAR
STARTCHAR 288B
ENCODING 10379
SWIDTH 660 0
DWIDTH 11 0
BBX 9 20 1 -4
BITMAP
E780
E780
E780
E780
0000
0000
E000
E000
E000
0000
0000
0000
0000
0000
0000
0000
0780
0780
0780
0780
ENDCHAR
STARTCHAR 288C
ENCODING 10380
SWIDTH 660 0
DWIDTH 11 0
BBX 9 20 1 -4
BITMAP
0780
0780
0780
0780
0000
0000
0000
0000
0000
0000
0000
E000
E000
E000
0000
0000
0780
0780
0780
0780
ENDCHAR
STARTCHAR 288D
ENCODING 10381
SWIDTH 660 0
DWIDTH 11 0
BBX 9 20 1 -4
BITMAP
E780
E780
E780
E780
0000
0000
0000
0000
0000
0000
0000
E000
E000
E000
0000
0000
0780
0780
0780
0780
ENDCHAR
STARTCHAR 288E
ENCODING 10382
SWIDTH 660 0
DWIDTH 11 0
BBX 9 20 1 -4
BITMAP
0780
0780
0780
0780
0000
0000
E000
E000
E000
0000
0000
E000
E000
E000
0000
0000
0780
0780
0780
0780
ENDCHAR
STARTCHAR 288F
ENCODING 10383
SWIDTH 660 0
DWIDTH 11 0
BBX 9 20 1 -4
BITMAP
E780
E780
E780
E780
0000
0000
E000
E000
E000
0000
0000
E000
E000
E000
0000
0000
0780
0780
0780
0780
ENDCHAR
STARTCHAR 2890
ENCODING 10384
SWIDTH 660 0
DWIDTH 11 0
BBX 4 14 6 -4
BITMAP
F0
F0
F0
00
00
00
00
00
00
00
F0
F0
F0
F0
ENDCHAR
STARTCHAR 2891
ENCODING 10385
SWIDTH 660 0
DWIDTH 11 0
BBX 9 20 1 -4
BITMAP
E000
E000
E000
E000
0000
0000
0780
0780
0780
0000
0000
0000
0000
0000
0000
0000
0780
0780
0780
0780
ENDCHAR
STARTCHAR 2892
ENCODING 10386
SWIDTH 660 0
DWIDTH 11 0
BBX 9 14 1 -4
BITMAP
E780
E780
E780
0000
0000
0000
0000
0000
0000
0000
0780
0780
0780
0780
ENDCHAR
STARTCHAR 2893
ENCODING 10387
SWIDTH 660 0
DWIDTH 11 0
BBX 9 20 1 -4
BITMAP
E000
E000
E000
E000
0000
0000
E780
E780
E780
0000
0000
0000
0000
0000
0000
0000
0780
0780
0780
0780
ENDCHAR
STARTCHAR 2894
ENCODING 10388
SWIDTH 660 0
DWIDTH 11 0
BBX 9 14 1 -4
BITMAP
0780
0780
0780
0000
0000
E000
E000
E000
0000
0000
0780
0780
0780
0780
ENDCHAR
STARTCHAR 2895
ENCODING 10389
SWIDTH 660 0
DWIDTH 11 0
BBX 9 20 1 -4
BITMAP
E000
E000
E000
E000
0000
0000
0780
0780
0780
0000
0000
E000
E000
E000
0000
0000
0780
0780
0780
0780
ENDCHAR
STARTCHAR 2896
ENCODING 10390
SWIDTH 660 0
DWIDTH 11 0
BBX 9 14 1 -4
BITMAP
E780
E780
E780
0000
0000
E000
E000
E000
0000
0000
0780
0780
0780
0780
ENDCHAR
STARTCHAR 2897
ENCODING 10391
SWIDTH 660 0
DWIDTH 11 0
BBX 9 20 1 -4
BITMAP
E000
E000
E000
E000
0000
0000
E780
E780
E780
0000
0000
E000
E000
E000
0000
0000
0780
0780
0780
0780
ENDCHAR
STARTCHAR 2898
ENCODING 10392
SWIDTH 660 0
DWIDTH 11 0
BBX 4 20 6 -4
BITMAP
F0
F0
F0
F0
00
00
F0
F0
F0
00
00
00
00
00
00
00
F0
F0
F0
F0
ENDCHAR
STARTCHAR 2899
ENCODING 10393
SWIDTH 660 0
DWIDTH 11 0
BBX 9 20 1 -4
BITMAP
E780
E780
E780
E780
0000
0000
0780
0780
0780
0000
0000
0000
0000
0000
0000
0000
0780
0780
0780
0780
ENDCHAR
STARTCHAR 289A
ENCODING 10394
SWIDTH 660 0
DWIDTH 11 0
BBX 9 20 1 -4
BITMAP
0780
0780
0780
0780
0000
0000
E780
E780
E780
0000
0000
0000
0000
0000
0000
0000
0780
0780
0780
0780
ENDCHAR
STARTCHAR 289B
ENCODING 10395
SWIDTH 660 0
DWIDTH 11 0
BBX 9 20 1 -4
BITMAP
E780
E780
E780
E780
0000
0000
E780
E780
E780
0000
0000
0000
0000
0000
0000
0000
0780
0780
0780
0780
ENDCHAR
STARTCHAR 289C
ENCODING 10396
SWIDTH 660 0
DWIDTH 11 0
BBX 9 20 1 -4
BITMAP
0780
0780
0780
0780
0000
0000
0780
0780
0780
0000
0000
E000
E000
E000
0000
0000
0780
0780
0780
0780
ENDCHAR
STARTCHAR 289D
ENCODING 10397
SWIDTH 660 0
DWIDTH 11 0
BBX 9 20 1 -4
BITMAP
E780
E780
E780
E780
0000
0000
0780
0780
0780
0000
0000
E000
E000
E000
0000
0000
0780
0780
0780
0780
ENDCHAR
STARTCHAR 289E
ENCODING 10398
SWIDTH 660 0
DWIDTH 11 0
BBX 9 20 1 -4
BITMAP
0780
0780
0780
0780
0000
0000
E780
E780
E780
0000
0000
E000
E000
E000
0000
0000
0780
0780
0780
0780
ENDCHAR
STARTCHAR 289F
ENCODING 10399
SWIDTH 660 0
DWIDTH 11 0
BBX 9 20 1 -4
BITMAP
E780
E780
E780
E780
0000
0000
E780
E780
E780
0000
0000
E000
E000
E000
0000
0000
0780
0780
0780
0780
ENDCHAR
STARTCHAR 28A0
ENCODING 10400
SWIDTH 660 0
DWIDTH 11 0
BBX 4 9 6 -4
BITMAP
F0
F0
F0
00
00
F0
F0
F0
F0
ENDCHAR
STARTCHAR 28A1
ENCODING 10401
SWIDTH 660 0
DWIDTH 11 0
BBX 9 20 1 -4
BITMAP
E000
E000
E000
E000
0000
0000
0000
0000
0000
0000
0000
0780
0780
0780
0000
0000
0780
0780
0780
0780
ENDCHAR
STARTCHAR 28A2
ENCODING 10402
SWIDTH 660 0
DWIDTH 11 0
BBX 9 14 1 -4
BITMAP
E000
E000
E000
0000
0000
0780
0780
0780
0000
0000
0780
0780
0780
0780
ENDCHAR
STARTCHAR 28A3
ENCODING 10403
SWIDTH 660 0
DWIDTH 11 0
BBX 9 20 1 -4
BITMAP
E000
E000
E000
E000
0000
0000
E000
E000
E000
0000
0000
0780
0780
0780
0000
0000
0780
0780
0780
0780
ENDCHAR
STARTCHAR 28A4
ENCODING 10404
SWIDTH 660 0
DWIDTH 11 0
BBX 9 9 1 -4
BITMAP
E780
E780
E780
0000
0000
0780
0780
0780
0780
ENDCHAR
STARTCHAR 28A5
ENCODING 10405
SWIDTH 660 0
DWIDTH 11 0
BBX 9 20 1 -4
BITMAP
E000
E000
E000
E000
0000
0000
0000
0000
0000
0000
0000
E780
E780
E780
0000
0000
0780
0780
0780
0780
ENDCHAR
STARTCHAR 28A6
ENCODING 10406
SWIDTH 660 0
DWIDTH 11 0
BBX 9 14 1 -4
BITMAP
E000
E000
E000
0000
0000
E780
E780
E780
0000
0000
0780
0780
0780
0780
ENDCHAR
STARTCHAR 28A7
ENCODING 10407
SWIDTH 660 0
DWIDTH 11 0
BBX 9 20 1 -4
BITMAP
E000
E000
E000
E000
0000
0000
E000
E000
E000
0000
0000
E780
E780
E780
0000
0000
0780
0780
0780
0780
ENDCHAR
STARTCHAR 28A8
ENCODING 10408
SWIDTH 660 0
DWIDTH 11 0
BBX 4 20 6 -4
BITMAP
F0
F0
F0
F0
00
00
00
00
00
00
00
F0
F0
F0
00
00
F0
F0
F0
F0
ENDCHAR
STARTCHAR 28A9
ENCODING 10409
SWIDTH 660 0
DWIDTH 11 0
BBX 9 20 1 -4
BITMAP
E780
E780
E780
E780
0000
0000
0000
0000
0000
0000
0000
0780
0780
0780
0000
0000
0780
0780
0780
0780
ENDCHAR
STARTCHAR 28AA
ENCODING 10410
SWIDTH 660 0
DWIDTH 11 0
BBX 9 20 1 -4
BITMAP
0780
0780
0780
0780
0000
0000
E000
E000
E000
0000
0000
0780
0780
0780
0000
0000
0780
0780
0780
0780
ENDCHAR
STARTCHAR 28AB
ENCODING 10411
SWIDTH 660 0
DWIDTH 11 0
BBX 9 20 1 -4
BITMAP
E780
E780
E780
E780
0000
0000
E000
E000
E000
0000
0000
0780
0780
0780
0000
0000
0780
0780
0780
0780
ENDCHAR
STARTCHAR 28AC
ENCODING 10412
SWIDTH 660 0
DWIDTH 11 0
BBX 9 20 1 -4
BITMAP
0780
0780
0780
0780
0000
0000
0000
0000
0000
0000
0000
E780
E780
E780
0000
0000
0780
0780
0780
0780
ENDCHAR
STARTCHAR 28AD
ENCODING 10413
SWIDTH 660 0
DWIDTH 11 0
BBX 9 20 1 -4
BITMAP
E780
E780
E780
E780
0000
0000
0000
0000
0000
0000
0000
E780
E780
E780
0000
0000
0780
0780
0780
0780
ENDCHAR
STARTCHAR 28AE
ENCODING 10414
SWIDTH 660 0
DWIDTH 11 0
BBX 9 20 1 -4
BITMAP
0780
0780
0780
0780
0000
0000
E000
E000
E000
0000
0000
E780
E780
E780
0000
0000
0780
0780
0780
0780
ENDCHAR
STARTCHAR 28AF
ENCODING 10415
SWIDTH 660 0
DWIDTH 11 0
BBX 9 20 1 -4
BITMAP
E780
E780
E780
E780
0000
0000
E000
E000
E000
0000
0000
E780
E780
E780
0000
0000
0780
0780
0780
0780
ENDCHAR
STARTCHAR 28B0
ENCODING 10416
SWIDTH 660 0
DWIDTH 11 0
BBX 4 14 6 -4
BITMAP
F0
F0
F0
00
00
F0
F0
F0
00
00
F0
F0
F0
F0
ENDCHAR
STARTCHAR 28B1
ENCODING 10417
SWIDTH 660 0
DWIDTH 11 0
BBX 9 20 1 -4
BITMAP
E000
E000
E000
E000
0000
0000
0780
0780
0780
0000
0000
0780
0780
0780
0000
0000
0780
0780
0780
0780
ENDCHAR
STARTCHAR 28B2
ENCODING 10418
SWIDTH 660 0
DWIDTH 11 0
BBX 9 14 1 -4
BITMAP
E780
E780
E780
0000
0000
0780
0780
0780
0000
0000
0780
0780
0780
0780
ENDCHAR
STARTCHAR 28B3
ENCODING 10419
SWIDTH 660 0
DWIDTH 11 0
BBX 9 20 1 -4
BITMAP
E000
E000
E000
E000
0000
0000
E780
E780
E780
0000
0000
0780
0780
0780
0000
0000
0780
0780
0780
0780
ENDCHAR
STARTCHAR 28B4
ENCODING 10420
SWIDTH 660 0
DWIDTH 11 0
BBX 9 14 1 -4
BITMAP
0780
0780
0780
0000
0000
E780
E780
E780
0000
0000
0780
0780
0780
0780
ENDCHAR
STARTCHAR 28B5
ENCODING 10421
SWIDTH 660 0
DWIDTH 11 0
BBX 9 20 1 -4
BITMAP
E000
E000
E000
E000
0000
0000
0780
0780
0780
0000
0000
E780
E780
E780
0000
0000
0780
0780
0780
0780
ENDCHAR
STARTCHAR 28B6
ENCODING 10422
SWIDTH 660 0
DWIDTH 11 0
BBX 9 14 1 -4
BITMAP
E780
E780
E780
0000
0000
E780
E780
E780
0000
0000
0780
0780
0780
0780
ENDCHAR
STARTCHAR 28B7
ENCODING 10423
SWIDTH 660 0
DWIDTH 11 0
BBX 9 20 1 -4
BITMAP
E000
E000
E000
E000
0000
0000
E780
E780
E780
0000
0000
E780
E780
E780
0000
0000
0780
0780
0780
0780
ENDCHAR
STARTCHAR 28B8
ENCODING 10424
SWIDTH 660 0
DWIDTH 11 0
BBX 4 20 6 -4
BITMAP
F0
F0
F0
F0
00
00
F0
F0
F0
00
00
F0
F0
F0
00
00
F0
F0
F0
F0
ENDCHAR
STARTCHAR 28B9
ENCODING 10425
SWIDTH 660 0
DWIDTH 11 0
BBX 9 20 1 -4
BITMAP
E780
E780
E780
E780
0000
0000
0780
0780
0780
0000
0000
0780
0780
0780
0000
0000
0780
0780
0780
0780
ENDCHAR
STARTCHAR 28BA
ENCODING 10426
SWIDTH 660 0
DWIDTH 11 0
BBX 9 20 1 -4
BITMAP
0780
0780
0780
0780
0000
0000
E780
E780
E780
0000
0000
0780
0780
0780
0000
0000
0780
0780
0780
0780
ENDCHAR
STARTCHAR 28BB
ENCODING 10427
SWIDTH 660 0
DWIDTH 11 0
BBX 9 20 1 -4
BITMAP
E780
E780
E780
E780
0000
0000
E780
E780
E780
0000
0000
0780
0780
0780
0000
0000
0780
0780
0780
0780
ENDCHAR
STARTCHAR 28BC
ENCODING 10428
SWIDTH 660 0
DWIDTH 11 0
BBX 9 20 1 -4
BITMAP
0780
0780
0780
0780
0000
0000
0780
0780
0780
0000
0000
E780
E780
E780
0000
0000
0780
0780
0780
0780
ENDCHAR
STARTCHAR 28BD
ENCODING 10429
SWIDTH 660 0
DWIDTH 11 0
BBX 9 20 1 -4
BITMAP
E780
E780
E780
E780
0000
0000
0780
0780
0780
0000
0000
E780
E780
E780
0000
0000
0780
0780
0780
0780
ENDCHAR
STARTCHAR 28BE
ENCODING 10430
SWIDTH 660 0
DWIDTH 11 0
BBX 9 20 1 -4
BITMAP
0780
0780
0780
0780
0000
0000
E780
E780
E780
0000
0000
E780
E780
E780
0000
0000
0780
0780
0780
0780
ENDCHAR
STARTCHAR 28BF
ENCODING 10431
SWIDTH 660 0
DWIDTH 11 0
BBX 9 20 1 -4
BITMAP
E780
E780
E780
E780
0000
0000
E780
E780
E780
0000
0000
E780
E780
E780
0000
0000
0780
0780
0780
0780
ENDCHAR
STARTCHAR 28C0
ENCODING 10432
SWIDTH 660 0
DWIDTH 11 0
BBX 9 4 1 -4
BITMAP
E780
E780
E780
E780
ENDCHAR
STARTCHAR 28C1
ENCODING 10433
SWIDTH 660 0
DWIDTH 11 0
BBX 9 20 1 -4
BITMAP
E000
E000
E000
E000
0000
0000
0000
0000
0000
0000
0000
0000
0000
0000
0000
0000
E780
E780
E780
E780
ENDCHAR
STARTCHAR 28C2
ENCODING 10434
SWIDTH 660 0
DWIDTH 11 0
BBX 9 14 1 -4
BITMAP
E000
E000
E000
0000
0000
0000
0000
0000
0000
0000
E780
E780
E780
E780
ENDCHAR
STARTCHAR 28C3
ENCODING 10435
SWIDTH 660 0
DWIDTH 11 0
BBX 9 20 1 -4
BITMAP
E000
E000
E000
E000
0000
0000
E000
E000
E000
0000
0000
0000
0000
0000
0000
0000
E780
E780
E780
E780
ENDCHAR
STARTCHAR 28C4
ENCODING 10436
SWIDTH 660 0
DWIDTH 11 0
BBX 9 9 1 -4
BITMAP
E000
E000
E000
0000
0000
E780
E780
E780
E780
ENDCHAR
STARTCHAR 28C5
ENCODING 10437
SWIDTH 660 0
DWIDTH 11 0
BBX 9 20 1 -4
BITMAP
E000
E000
E000
E000
0000
0000
0000
0000
0000
0000
0000
E000
E000
E000
0000
0000
E780
E780
E780
E780
ENDCHAR
STARTCHAR 28C6
ENCODING 10438
SWIDTH 660 0
DWIDTH 11 0
BBX 9 14 1 -4
BITMAP
E000
E000
E000
0000
0000
E000
E000
E000
0000
0000
E780
E780
E780
E780
ENDCHAR
STARTCHAR 28C7
ENCODING 10439
SWIDTH 660 0
DWIDTH 11 0
BBX 9 20 1 -4
BITMAP
E000
E000
E000
E000
0000
0000
E000
E000
E000
0000
0000
E000
E000
E000
0000
0000
E780
E780
E780
E780
ENDCHAR
STARTCHAR 28C8
ENCODING 10440
SWIDTH 660 0
DWIDTH 11 0
BBX 9 20 1 -4
BITMAP
0780
0780
0780
0780
0000
0000
0000
0000
0000
0000
0000
0000
0000
0000
0000
0000
E780
E780
E780
E780
ENDCHAR
STARTCHAR 28C9
ENCODING 10441
SWIDTH 660 0
DWIDTH 11 0
BBX 9 20 1 -4
BITMAP
E780
E780
E780
E780
0000
0000
0000
0000
0000
0000
0000
0000
0000
0000
0000
0000
E780
E780
E780
E780
ENDCHAR
STARTCHAR 28CA
ENCODING 10442
SWIDTH 660 0
DWIDTH 11 0
BBX 9 20 1 -4
BITMAP
0780
0780
0780
0780
0000
0000
E000
E000
E000
0000
0000
0000
0000
0000
0000
0000
E780
E780
E780
E780
ENDCHAR
STARTCHAR 28CB
ENCODING 10443
SWIDTH 660 0
DWIDTH 11 0
BBX 9 20 1 -4
BITMAP
E780
E780
E780
E780
0000
0000
E000
E000
E000
0000
0000
0000
0000
0000
0000
0000
E780
E780
E780
E780
ENDCHAR
STARTCHAR 28CC
ENCODING 10444
SWIDTH 660 0
DWIDTH 11 0
BBX 9 20 1 -4
BITMAP
0780
0780
0780
0780
0000
0000
0000
0000
0000
0000
0000
E000
E000
E000
0000
0000
E780
E780
E780
E780
ENDCHAR
STARTCHAR 28CD
ENCODING 10445
SWIDTH 660 0
DWIDTH 11 0
BBX 9 20 1 -4
BITMAP
E780
E780
E780
E780
0000
0000
0000
0000
0000
0000
0000
E000
E000
E000
0000
0000
E780
E780
E780
E780
ENDCHAR
STARTCHAR 28CE
ENCODING 10446
SWIDTH 660 0
DWIDTH 11 0
BBX 9 20 1 -4
BITMAP
0780
0780
0780
0780
0000
0000
E000
E000
E000
0000
0000
E000
E000
E000
0000
0000
E780
E780
E780
E780
ENDCHAR
STARTCHAR 28CF
ENCODING 10447
SWIDTH 660 0
DWIDTH 11 0
BBX 9 20 1 -4
BITMAP
E780
E780
E780
E780
0000
0000
E000
E000
E000
0000
0000
E000
E000
E000
0000
0000
E780
E780
E780
E780
ENDCHAR
STARTCHAR 28D0
ENCODING 10448
SWIDTH 660 0
DWIDTH 11 0
BBX 9 14 1 -4
BITMAP
0780
0780
0780
0000
0000
0000
0000
0000
0000
0000
E780
E780
E780
E780
ENDCHAR
STARTCHAR 28D1
ENCODING 10449
SWIDTH 660 0
DWIDTH 11 0
BBX 9 20 1 -4
BITMAP
E000
E000
E000
E000
0000
0000
0780
0780
0780
0000
0000
0000
0000
0000
0000
0000
E780
E780
E780
E780
ENDCHAR
STARTCHAR 28D2
ENCODING 10450
SWIDTH 660 0
DWIDTH 11 0
BBX 9 14 1 -4
BITMAP
E780
E780
E780
0000
0000
0000
0000
0000
0000
0000
E780
E780
E780
E780
ENDCHAR
STARTCHAR 28D3
ENCODING 10451
SWIDTH 660 0
DWIDTH 11 0
BBX 9 20 1 -4
BITMAP
E000
E000
E000
E000
0000
0000
E780
E780
E780
0000
0000
0000
0000
0000
0000
0000
E780
E780
E780
E780
ENDCHAR
STARTCHAR 28D4
ENCODING 10452
SWIDTH 660 0
DWIDTH 11 0
BBX 9 14 1 -4
BITMAP
0780
0780
0780
0000
0000
E000
E000
E000
0000
0000
E780
E780
E780
E780
ENDCHAR
STARTCHAR 28D5
ENCODING 10453
SWIDTH 660 0
DWIDTH 11 0
BBX 9 20 1 -4
BITMAP
E000
E000
E000
E000
0000
0000
0780
0780
0780
0000
0000
E000
E000
E000
0000
0000
E780
E780
E780
E780
ENDCHAR
STARTCHAR 28D6
ENCODING 10454
SWIDTH 660 0
DWIDTH 11 0
BBX 9 14 1 -4
BITMAP
E780
E780
E780
0000
0000
E000
E000
E000
0000
0000
E780
E780
E780
E780
ENDCHAR
STARTCHAR 28D7
ENCODING 10455
SWIDTH 660 0
DWIDTH 11 0
BBX 9 20 1 -4
BITMAP
E000
E000
E000
E000
0000
0000
E780
E780
E780
0000
0000
E000
E000
E000
0000
0000
E780
E780
E780
E780
ENDCHAR
STARTCHAR 28D8
ENCODING 10456
SWIDTH 660 0
DWIDTH 11 0
BBX 9 20 1 -4
BITMAP
0780
0780
0780
0780
0000
0000
0780
0780
0780
0000
0000
0000
0000
0000
0000
0000
E780
E780
E780
E780
ENDCHAR
STARTCHAR 28D9
ENCODING 10457
SWIDTH 660 0
DWIDTH 11 0
BBX 9 20 1 -4
BITMAP
E780
E780
E780
E780
0000
0000
0780
0780
0780
0000
0000
0000
0000
0000
0000
0000
E780
E780
E780
E780
ENDCHAR
STARTCHAR 28DA
ENCODING 10458
SWIDTH 660 0
DWIDTH 11 0
BBX 9 20 1 -4
BITMAP
0780
0780
0780
0780
0000
0000
E780
E780
E780
0000
0000
0000
0000
0000
0000
0000
E780
E780
E780
E780
ENDCHAR
STARTCHAR 28DB
ENCODING 10459
SWIDTH 660 0
DWIDTH 11 0
BBX 9 20 1 -4
BITMAP
E780
E780
E780
E780
0000
0000
E780
E780
E780
0000
0000
0000
0000
0000
0000
0000
E780
E780
E780
E780
ENDCHAR
STARTCHAR 28DC
ENCODING 10460
SWIDTH 660 0
DWIDTH 11 0
BBX 9 20 1 -4
BITMAP
0780
0780
0780
0780
0000
0000
0780
0780
0780
0000
0000
E000
E000
E000
0000
0000
E780
E780
E780
E780
ENDCHAR
STARTCHAR 28DD
ENCODING 10461
SWIDTH 660 0
DWIDTH 11 0
BBX 9 20 1 -4
BITMAP
E780
E780
E780
E780
0000
0000
0780
0780
0780
0000
0000
E000
E000
E000
0000
0000
E780
E780
E780
E780
ENDCHAR
STARTCHAR 28DE
ENCODING 10462
SWIDTH 660 0
DWIDTH 11 0
BBX 9 20 1 -4
BITMAP
0780
0780
0780
0780
0000
0000
E780
E780
E780
0000
0000
E000
E000
E000
0000
0000
E780
E780
E780
E780
ENDCHAR
STARTCHAR 28DF
ENCODING 10463
SWIDTH 660 0
DWIDTH 11 0
BBX 9 20 1 -4
BITMAP
E780
E780
E780
E780
0000
0000
E780
E780
E780
0000
0000
E000
E000
E000
0000
0000
E780
E780
E780
E780
ENDCHAR
STARTCHAR 28E0
ENCODING 10464
SWIDTH 660 0
DWIDTH 11 0
BBX 9 9 1 -4
BITMAP
0780
0780
0780
0000
0000
E780
E780
E780
E780
ENDCHAR
STARTCHAR 28E1
ENCODING 10465
SWIDTH 660 0
DWIDTH 11 0
BBX 9 20 1 -4
BITMAP
E000
E000
E000
E000
0000
0000
0000
0000
0000
0000
0000
0780
0780
0780
0000
0000
E780
E780
E780
E780
ENDCHAR
STARTCHAR 28E2
ENCODING 10466
SWIDTH 660 0
DWIDTH 11 0
BBX 9 14 1 -4
BITMAP
E000
E000
E000
0000
0000
0780
0780
0780
0000
0000
E780
E780
E780
E780
ENDCHAR
STARTCHAR 28E3
ENCODING 10467
SWIDTH 660 0
DWIDTH 11 0
BBX 9 20 1 -4
BITMAP
E000
E000
E000
E000
0000
0000
E000
E000
E000
0000
0000
0780
0780
0780
0000
0000
E780
E780
E780
E780
ENDCHAR
STARTCHAR 28E4
ENCODING 10468
SWIDTH 660 0
DWIDTH 11 0
BBX 9 9 1 -4
BITMAP
E780
E780
E780
0000
0000
E780
E780
E780
E780
ENDCHAR
STARTCHAR 28E5
ENCODING 10469
SWIDTH 660 0
DWIDTH 11 0
BBX 9 20 1 -4
BITMAP
E000
E000
E000
E000
0000
0000
0000
0000
0000
0000
0000
E780
E780
E780
0000
0000
E780
E780
E780
E780
ENDCHAR
STARTCHAR 28E6
ENCODING 10470
SWIDTH 660 0
DWIDTH 11 0
BBX 9 14 1 -4
BITMAP
E000
E000
E000
0000
0000
E780
E780
E780
0000
0000
E780
E780
E780
E780
ENDCHAR
STARTCHAR 28E7
ENCODING 10471
SWIDTH 660 0
DWIDTH 11 0
BBX 9 20 1 -4
BITMAP
E000
E000
E000
E000
0000
0000
E000
E000
E000
0000
0000
E780
E780
E780
0000
0000
E780
E780
E780
E780
ENDCHAR
STARTCHAR 28E8
ENCODING 10472
SWIDTH 660 0
DWIDTH 11 0
BBX 9 20 1 -4
BITMAP
0780
0780
0780
0780
0000
0000
0000
0000
0000
0000
0000
0780
0780
0780
0000
0000
E780
E780
E780
E780
ENDCHAR
STARTCHAR 28E9
ENCODING 10473
SWIDTH 660 0
DWIDTH 11 0
BBX 9 20 1 -4
BITMAP
E780
E780
E780
E780
0000
0000
0000
0000
0000
0000
0000
0780
0780
0780
0000
0000
E780
E780
E780
E780
ENDCHAR
STARTCHAR 28EA
ENCODING 10474
SWIDTH 660 0
DWIDTH 11 0
BBX 9 20 1 -4
BITMAP
0780
0780
0780
0780
0000
0000
E000
E000
E000
0000
0000
0780
0780
0780
0000
0000
E780
E780
E780
E780
ENDCHAR
STARTCHAR 28EB
ENCODING 10475
SWIDTH 660 0
DWIDTH 11 0
BBX 9 20 1 -4
BITMAP
E780
E780
E780
E780
0000
0000
E000
E000
E000
0000
0000
0780
0780
0780
0000
0000
E780
E780
E780
E780
ENDCHAR
STARTCHAR 28EC
ENCODING 10476
SWIDTH 660 0
DWIDTH 11 0
BBX 9 20 1 -4
BITMAP
0780
0780
0780
0780
0000
0000
0000
0000
0000
0000
0000
E780
E780
E780
0000
0000
E780
E780
E780
E780
ENDCHAR
STARTCHAR 28ED
ENCODING 10477
SWIDTH 660 0
DWIDTH 11 0
BBX 9 20 1 -4
BITMAP
E780
E780
E780
E780
0000
0000
0000
0000
0000
0000
0000
E780
E780
E780
0000
0000
E780
E780
E780
E780
ENDCHAR
STARTCHAR 28EE
ENCODING 10478
SWIDTH 660 0
DWIDTH 11 0
BBX 9 20 1 -4
BITMAP
0780
0780
0780
0780
0000
0000
E000
E000
E000
0000
0000
E780
E780
E780
0000
0000
E780
E780
E780
E780
ENDCHAR
STARTCHAR 28EF
ENCODING 10479
SWIDTH 660 0
DWIDTH 11 0
BBX 9 20 1 -4
BITMAP
E780
E780
E780
E780
0000
0000
E000
E000
E000
0000
0000
E780
E780
E780
0000
0000
E780
E780
E780
E780
ENDCHAR
STARTCHAR 28F0
ENCODING 10480
SWIDTH 660 0
DWIDTH 11 0
BBX 9 14 1 -4
BITMAP
0780
0780
0780
0000
0000
0780
0780
0780
0000
0000
E780
E780
E780
E780
ENDCHAR
STARTCHAR 28F1
ENCODING 10481
SWIDTH 660 0
DWIDTH 11 0
BBX 9 20 1 -4
BITMAP
E000
E000
E000
E000
0000
0000
0780
0780
0780
0000
0000
0780
0780
0780
0000
0000
E780
E780
E780
E780
ENDCHAR
STARTCHAR 28F2
ENCODING 10482
SWIDTH 660 0
DWIDTH 11 0
BBX 9 14 1 -4
BITMAP
E780
E780
E780
0000
0000
0780
0780
0780
0000
0000
E780
E780
E780
E780
ENDCHAR
STARTCHAR 28F3
ENCODING 10483
SWIDTH 660 0
DWIDTH 11 0
BBX 9 20 1 -4
BITMAP
E000
E000
E000
E000
0000
0000
E780
E780
E780
0000
0000
0780
0780
0780
0000
0000
E780
E780
E780
E780
ENDCHAR
STARTCHAR 28F4
ENCODING 10484
SWIDTH 660 0
DWIDTH 11 0
BBX 9 14 1 -4
BITMAP
0780
0780
0780
0000
0000
E780
E780
E780
0000
0000
E780
E780
E780
E780
ENDCHAR
STARTCHAR 28F5
ENCODING 10485
SWIDTH 660 0
DWIDTH 11 0
BBX 9 20 1 -4
BITMAP
E000
E000
E000
E000
0000
0000
0780
0780
0780
0000
0000
E780
E780
E780
0000
0000
E780
E780
E780
E780
ENDCHAR
STARTCHAR 28F6
ENCODING 10486
SWIDTH 660 0
DWIDTH 11 0
BBX 9 14 1 -4
BITMAP
E780
E780
E780
0000
0000
E780
E780
E780
0000
0000
E780
E780
E780
E780
ENDCHAR
STARTCHAR 28F7
ENCODING 10487
SWIDTH 660 0
DWIDTH 11 0
BBX 9 20 1 -4
BITMAP
E000
E000
E000
E000
0000
0000
E780
E780
E780
0000
0000
E780
E780
E780
0000
0000
E780
E780
E780
E780
ENDCHAR
STARTCHAR 28F8
ENCODING 10488
SWIDTH 660 0
DWIDTH 11 0
BBX 9 20 1 -4
BITMAP
0780
0780
0780
0780
0000
0000
0780
0780
0780
0000
0000
0780
0780
0780
0000
0000
E780
E780
E780
E780
ENDCHAR
STARTCHAR 28F9
ENCODING 10489
SWIDTH 660 0
DWIDTH 11 0
BBX 9 20 1 -4
BITMAP
E780
E780
E780
E780
0000
0000
0780
0780
0780
0000
0000
0780
0780
0780
0000
0000
E780
E780
E780
E780
ENDCHAR
STARTCHAR 28FA
ENCODING 10490
SWIDTH 660 0
DWIDTH 11 0
BBX 9 20 1 -4
BITMAP
0780
0780
0780
0780
0000
0000
E780
E780
E780
0000
0000
0780
0780
0780
0000
0000
E780
E780
E780
E780
ENDCHAR
STARTCHAR 28FB
ENCODING 10491
SWIDTH 660 0
DWIDTH 11 0
BBX 9 20 1 -4
BITMAP
E780
E780
E780
E780
0000
0000
E780
E780
E780
0000
0000
0780
0780
0780
0000
0000
E780
E780
E780
E780
ENDCHAR
STARTCHAR 28FC
ENCODING 10492
SWIDTH 660 0
DWIDTH 11 0
BBX 9 20 1 -4
BITMAP
0780
0780
0780
0780
0000
0000
0780
0780
0780
0000
0000
E780
E780
E780
0000
0000
E780
E780
E780
E780
ENDCHAR
STARTCHAR 28FD
ENCODING 10493
SWIDTH 660 0
DWIDTH 11 0
BBX 9 20 1 -4
BITMAP
E780
E780
E780
E780
0000
0000
0780
0780
0780
0000
0000
E780
E780
E780
0000
0000
E780
E780
E780
E780
ENDCHAR
STARTCHAR 28FE
ENCODING 10494
SWIDTH 660 0
DWIDTH 11 0
BBX 9 20 1 -4
BITMAP
0780
0780
0780
0780
0000
0000
E780
E780
E780
0000
0000
E780
E780
E780
0000
0000
E780
E780
E780
E780
ENDCHAR
STARTCHAR 28FF
ENCODING 10495
SWIDTH 660 0
DWIDTH 11 0
BBX 9 20 1 -4
BITMAP
E780
E780
E780
E780
0000
0000
E780
E780
E780
0000
0000
E780
E780
E780
0000
0000
E780
E780
E780
E780
ENDCHAR
STARTCHAR 2B58
ENCODING 11096
SWIDTH 660 0
DWIDTH 11 0
BBX 11 10 0 1
BITMAP
3F00
7B80
60C0
C0C0
C060
C060
C0C0
60C0
7F80
1F00
ENDCHAR
STARTCHAR 2E17
ENCODING 11799
SWIDTH 660 0
DWIDTH 11 0
BBX 7 7 2 2
BITMAP
02
7C
7C
82
7C
7C
80
ENDCHAR
STARTCHAR A78B
ENCODING 42891
SWIDTH 660 0
DWIDTH 11 0
BBX 1 4 5 8
BITMAP
80
80
80
80
ENDCHAR
STARTCHAR A78C
ENCODING 42892
SWIDTH 660 0
DWIDTH 11 0
BBX 1 4 5 8
BITMAP
80
80
80
80
ENDCHAR
STARTCHAR E000
ENCODING 57344
SWIDTH 660 0
DWIDTH 11 0
BBX 11 10 0 1
BITMAP
1180
FEE0
1080
3480
FFC0
2080
2080
2080
20C0
20C0
ENDCHAR
STARTCHAR E001
ENCODING 57345
SWIDTH 660 0
DWIDTH 11 0
BBX 11 12 0 0
BITMAP
0800
7980
1A00
7F80
FEC0
FE60
FF60
FF40
FFC0
7FC0
3F80
0400
ENDCHAR
STARTCHAR E002
ENCODING 57346
SWIDTH 660 0
DWIDTH 11 0
BBX 11 12 0 0
BITMAP
0800
7980
1A00
7F80
C440
8040
8020
8060
C040
40C0
6180
1F00
ENDCHAR
STARTCHAR E003
ENCODING 57347
SWIDTH 660 0
DWIDTH 11 0
BBX 11 12 0 0
BITMAP
0800
7980
1A00
7F80
FFC0
EFE0
F3E0
FBE0
FBC0
7BC0
3F80
1E00
ENDCHAR
STARTCHAR E004
ENCODING 57348
SWIDTH 660 0
DWIDTH 11 0
BBX 11 11 0 1
BITMAP
0800
7980
9A40
7F80
C440
8060
8020
FFC0
FFC0
7F80
3F00
ENDCHAR
STARTCHAR E005
ENCODING 57349
SWIDTH 660 0
DWIDTH 11 0
BBX 11 10 0 2
BITMAP
1800
1800
1000
0000
FEC0
FF60
FF60
FEC0
FE00
7C00
ENDCHAR
STARTCHAR E006
ENCODING 57350
SWIDTH 660 0
DWIDTH 11 0
BBX 10 10 0 1
BITMAP
3FC0
0F80
3FC0
6740
0DC0
0C80
0C00
7800
FB00
7F80
ENDCHAR
STARTCHAR E007
ENCODING 57351
SWIDTH 660 0
DWIDTH 11 0
BBX 11 11 0 1
BITMAP
7000
F800
F800
AC00
BE00
FFE0
7FC0
7F80
3F80
3E00
1E00
ENDCHAR
STARTCHAR E008
ENCODING 57352
SWIDTH 660 0
DWIDTH 11 0
BBX 11 11 0 1
BITMAP
0800
7580
1E40
7F80
7FC0
E3E0
FFE0
FFC0
E3C0
7F80
3F00
ENDCHAR
STARTCHAR E009
ENCODING 57353
SWIDTH 660 0
DWIDTH 11 0
BBX 4 16 3 -2
BITMAP
F0
F0
F0
F0
F0
F0
F0
70
70
70
00
00
70
70
70
20
ENDCHAR
STARTCHAR E00A
ENCODING 57354
SWIDTH 660 0
DWIDTH 11 0
BBX 8 15 1 -2
BITMAP
7C
78
78
78
79
FF
FE
FE
9C
1C
18
18
10
30
20
ENDCHAR
STARTCHAR E0A0
ENCODING 57504
SWIDTH 660 0
DWIDTH 11 0
BBX 8 22 1 -5
BITMAP
E0
E0
E0
E6
EE
EF
E6
E6
E6
E6
E6
8C
1C
38
70
E0
E0
E0
E0
E0
E0
E0
ENDCHAR
STARTCHAR E0A1
ENCODING 57505
SWIDTH 660 0
DWIDTH 11 0
BBX 7 22 2 -5
BITMAP
80
80
80
80
80
80
80
80
80
F8
F8
66
66
76
76
56
7E
6A
6E
6E
66
66
ENDCHAR
STARTCHAR E0A2
ENCODING 57506
SWIDTH 660 0
DWIDTH 11 0
BBX 11 21 0 -4
BITMAP
0400
1F00
3380
3180
2180
2180
2180
2180
2180
FFC0
FFE0
F3E0
F1E0
F1E0
FBE0
FBE0
FBE0
FBE0
FFE0
FFE0
FFC0
ENDCHAR
STARTCHAR E0A3
ENCODING 57507
SWIDTH 660 0
DWIDTH 11 0
BBX 9 22 1 -5
BITMAP
FC00
FC00
C000
C000
C000
C000
C000
C000
C000
FC00
FC00
7180
7180
7980
7980
6D80
6D80
6780
6780
7380
7380
7180
ENDCHAR
STARTCHAR E0B0
ENCODING 57520
SWIDTH 660 0
DWIDTH 11 0
BBX 11 22 -1 -5
BITMAP
8000
C000
E000
F000
F800
FC00
FE00
FF00
FF80
FFC0
FFE0
FFE0
FFC0
FF80
FF00
FE00
FC00
F800
F000
E000
C000
8000
ENDCHAR
STARTCHAR E0B1
ENCODING 57521
SWIDTH 660 0
DWIDTH 11 0
BBX 10 20 0 -4
BITMAP
C000
6000
3000
1800
0C00
0600
0200
0100
0080
00C0
00C0
0180
0300
0200
0400
0800
1800
3000
6000
C000
ENDCHAR
STARTCHAR E0B2
ENCODING 57522
SWIDTH 660 0
DWIDTH 11 0
BBX 11 22 0 -5
BITMAP
0020
0060
00E0
01E0
03E0
07E0
0FE0
1FE0
3FE0
7FE0
FFE0
7FE0
3FE0
1FE0
0FE0
0FE0
07E0
03E0
01E0
00E0
0060
0020
ENDCHAR
STARTCHAR E0B3
ENCODING 57523
SWIDTH 660 0
DWIDTH 11 0
BBX 11 20 0 -4
BITMAP
0040
0080
0180
0300
0600
0C00
1800
3000
6000
C000
4000
6000
3000
1800
0C00
0600
0300
0180
00C0
0060
ENDCHAR
STARTCHAR E0B4
ENCODING 57524
SWIDTH 660 0
DWIDTH 11 0
BBX 12 22 -1 -5
BITMAP
E000
FC00
FE00
FF80
FFC0
FFC0
FFE0
FFE0
FFE0
FFF0
FFF0
FFF0
FFE0
FFE0
FFE0
FFE0
FFC0
FF80
FF00
FE00
FC00
E000
ENDCHAR
STARTCHAR E0B5
ENCODING 57525
SWIDTH 660 0
DWIDTH 11 0
BBX 11 22 0 -5
BITMAP
E000
1800
0C00
0600
0300
0180
0180
00C0
00C0
00C0
00E0
00E0
00C0
00C0
00C0
0180
0180
0300
0600
0C00
3000
C000
ENDCHAR
STARTCHAR E0B6
ENCODING 57526
SWIDTH 660 0
DWIDTH 11 0
BBX 11 22 0 -5
BITMAP
00E0
03E0
0FE0
1FE0
3FE0
7FE0
7FE0
FFE0
FFE0
FFE0
FFE0
FFE0
FFE0
FFE0
7FE0
7FE0
7FE0
3FE0
1FE0
0FE0
03E0
0060
ENDCHAR
STARTCHAR E0B7
ENCODING 57527
SWIDTH 660 0
DWIDTH 11 0
BBX 10 22 0 -5
BITMAP
00C0
0300
0E00
1800
3800
3000
6000
6000
C000
C000
C000
C000
C000
C000
6000
6000
3000
1800
1C00
0600
0300
00C0
ENDCHAR
STARTCHAR E0B8
ENCODING 57528
SWIDTH 660 0
DWIDTH 11 0
BBX 12 22 -1 -5
BITMAP
8000
C000
C000
E000
E000
F000
F000
F800
F800
FC00
FC00
FE00
FE00
FF00
FF00
FF80
FF80
FFC0
FFC0
FFE0
FFE0
FFF0
ENDCHAR
STARTCHAR E0B9
ENCODING 57529
SWIDTH 660 0
DWIDTH 11 0
BBX 11 22 0 -5
BITMAP
8000
8000
4000
4000
4000
2000
2000
1000
1000
0800
0800
0400
0400
0200
0200
0100
0100
0080
0080
0040
0040
0020
ENDCHAR
STARTCHAR E0BA
ENCODING 57530
SWIDTH 660 0
DWIDTH 11 0
BBX 11 22 0 -5
BITMAP
0020
0020
0060
0060
00E0
00E0
01E0
01E0
03E0
03E0
07E0
07E0
0FE0
0FE0
1FE0
1FE0
1FE0
3FE0
3FE0
7FE0
7FE0
FFE0
ENDCHAR
STARTCHAR E0BB
ENCODING 57531
SWIDTH 660 0
DWIDTH 11 0
BBX 11 22 0 -5
BITMAP
0020
0040
0040
0080
0080
0100
0100
0200
0200
0400
0400
0800
0800
1000
1000
2000
2000
4000
4000
8000
8000
8000
ENDCHAR
STARTCHAR E0BC
ENCODING 57532
SWIDTH 660 0
DWIDTH 11 0
BBX 11 22 -1 -5
BITMAP
FFE0
FFE0
FFC0
FFC0
FFC0
FF80
FF80
FF00
FF00
FE00
FE00
FC00
FC00
F800
F800
F000
F000
E000
E000
C000
C000
8000
ENDCHAR
STARTCHAR E0BD
ENCODING 57533
SWIDTH 660 0
DWIDTH 11 0
BBX 10 21 0 -4
BITMAP
0040
0040
0080
0080
0100
0100
0200
0200
0400
0400
0800
0800
1000
1000
2000
2000
4000
4000
8000
8000
8000
ENDCHAR
STARTCHAR E0BE
ENCODING 57534
SWIDTH 660 0
DWIDTH 11 0
BBX 11 22 0 -5
BITMAP
FFE0
7FE0
7FE0
3FE0
3FE0
1FE0
1FE0
0FE0
0FE0
07E0
07E0
07E0
03E0
03E0
01E0
01E0
00E0
00E0
0060
0060
0020
0020
ENDCHAR
STARTCHAR E0BF
ENCODING 57535
SWIDTH 660 0
DWIDTH 11 0
BBX 11 22 0 -5
BITMAP
8000
8000
4000
4000
4000
2000
2000
1000
1000
0800
0800
0400
0400
0200
0200
0100
0100
0080
0080
0040
0040
0020
ENDCHAR
STARTCHAR E0C0
ENCODING 57536
SWIDTH 660 0
DWIDTH 11 0
BBX 11 22 -1 -5
BITMAP
9000
A000
CC00
D800
F980
FBC0
FFE0
FF00
FE00
FF00
FC00
FC00
FE00
FE00
FB80
F800
E800
C000
E000
F000
C000
8000
ENDCHAR
STARTCHAR E0C1
ENCODING 57537
SWIDTH 660 0
DWIDTH 11 0
BBX 10 21 0 -5
BITMAP
2000
E000
5C00
6800
5300
1480
09C0
0280
0400
0200
0600
0400
0400
0B00
1600
3000
5800
4000
2000
6000
8000
ENDCHAR
STARTCHAR E0C2
ENCODING 57538
SWIDTH 660 0
DWIDTH 11 0
BBX 11 22 0 -5
BITMAP
0080
0060
0360
01A0
11E0
39E0
FFE0
0FE0
07E0
0FE0
07E0
03E0
07E0
2FE0
19E0
01E0
0360
0060
0060
00E0
0020
0020
ENDCHAR
STARTCHAR E0C3
ENCODING 57539
SWIDTH 660 0
DWIDTH 11 0
BBX 11 21 0 -4
BITMAP
01C0
0780
0580
3280
2A00
E600
7000
0800
1800
0800
0400
0800
3C00
1E00
0200
0780
0080
0100
0080
0040
0020
ENDCHAR
STARTCHAR E0C4
ENCODING 57540
SWIDTH 660 0
DWIDTH 11 0
BBX 11 20 0 -4
BITMAP
BF60
0000
B960
B960
BE00
BA00
B600
B200
BF00
BF00
BA00
BA00
A780
A780
BB00
BB00
B000
B000
0000
A800
ENDCHAR
STARTCHAR E0C5
ENCODING 57541
SWIDTH 660 0
DWIDTH 11 0
BBX 10 20 0 -4
BITMAP
9DC0
0000
95C0
95C0
1DC0
0DC0
19C0
09C0
1DC0
1DC0
0DC0
0DC0
D8C0
D8C0
1DC0
1DC0
01C0
01C0
0000
0CC0
ENDCHAR
STARTCHAR E0C6
ENCODING 57542
SWIDTH 660 0
DWIDTH 11 0
BBX 11 20 0 -4
BITMAP
DF80
DE80
0100
D700
D700
0000
DCE0
DCA0
0060
C400
C400
0100
D280
D280
0500
DC00
DC00
0060
D0A0
D0E0
ENDCHAR
STARTCHAR E0C7
ENCODING 57543
SWIDTH 660 0
DWIDTH 11 0
BBX 10 20 0 -4
BITMAP
7D40
4D40
3000
7D40
4D40
3000
CD40
CD40
C000
0C40
0C40
3000
5140
5140
2C00
0D40
0D40
C000
C140
C140
ENDCHAR
STARTCHAR E0C8
ENCODING 57544
SWIDTH 660 0
DWIDTH 11 0
BBX 12 22 -1 -5
BITMAP
C000
F000
F000
FF00
F000
E000
FE00
E000
C000
E000
F000
F800
F800
FFF0
FC00
E000
F800
E000
FC00
E000
E000
8000
ENDCHAR
STARTCHAR E0CA
ENCODING 57546
SWIDTH 660 0
DWIDTH 11 0
BBX 11 22 0 -5
BITMAP
0020
01E0
00E0
1FE0
00E0
00E0
07E0
00E0
0060
00E0
00E0
03E0
03E0
FFE0
03E0
0060
03E0
00E0
07E0
0060
0060
00A0
ENDCHAR
STARTCHAR E0CC
ENCODING 57548
SWIDTH 660 0
DWIDTH 11 0
BBX 10 22 0 -5
BITMAP
E000
E000
F000
F000
F000
F000
F000
E380
E3C0
07C0
07C0
07C0
07C0
E7C0
E380
F000
F000
F000
F000
F000
E000
E000
ENDCHAR
STARTCHAR E0CD
ENCODING 57549
SWIDTH 660 0
DWIDTH 11 0
BBX 10 22 0 -5
BITMAP
E000
A000
9000
9000
9000
9000
9000
9780
A440
4840
0840
0840
0840
E440
9480
9380
9000
9000
9000
9000
A000
E000
ENDCHAR
STARTCHAR E0CE
ENCODING 57550
SWIDTH 660 0
DWIDTH 11 0
BBX 11 10 0 1
BITMAP
3F00
3D80
7A80
7BC0
F5E0
F5E0
7BC0
7A80
3D80
3E00
ENDCHAR
STARTCHAR E0CF
ENCODING 57551
SWIDTH 660 0
DWIDTH 11 0
BBX 11 11 0 0
BITMAP
0C00
1C00
7F80
CE40
31A0
CE60
F1E0
FBE0
FBE0
7B80
1B00
ENDCHAR
STARTCHAR E0D0
ENCODING 57552
SWIDTH 660 0
DWIDTH 11 0
BBX 11 12 0 0
BITMAP
6180
9640
9C20
9A60
71C0
0000
0000
F3C0
8C40
9C20
9A40
6180
ENDCHAR
STARTCHAR E0D1
ENCODING 57553
SWIDTH 660 0
DWIDTH 11 0
BBX 11 14 0 -1
BITMAP
FF00
FFE0
FF20
FFE0
FFE0
FFC0
FF00
FF00
FFE0
FFE0
FFE0
FFE0
FF00
FF00
ENDCHAR
STARTCHAR E0D2
ENCODING 57554
SWIDTH 660 0
DWIDTH 11 0
BBX 10 22 0 -5
BITMAP
FFC0
FF80
FF80
FF00
FE00
FC00
FC00
F800
F000
F000
0000
0000
F000
F000
F800
FC00
FE00
FE00
FF00
FF80
FFC0
FFC0
ENDCHAR
STARTCHAR E0D4
ENCODING 57556
SWIDTH 660 0
DWIDTH 11 0
BBX 11 22 0 -5
BITMAP
FFE0
7FE0
3FE0
1FE0
1FE0
0FE0
07E0
03E0
03E0
01E0
0000
0000
01E0
03E0
07E0
07E0
0FE0
1FE0
3FE0
3FE0
7FE0
FFE0
ENDCHAR
STARTCHAR E0D6
ENCODING 57558
SWIDTH 660 0
DWIDTH 11 0
BBX 11 22 -1 -5
BITMAP
FFE0
FFC0
FF80
FF00
FE00
FC00
F800
F000
E000
C000
C000
C000
E000
F000
F800
FC00
FE00
FF00
FF00
FF80
FFC0
FFE0
ENDCHAR
STARTCHAR E0D7
ENCODING 57559
SWIDTH 660 0
DWIDTH 11 0
BBX 11 22 0 -5
BITMAP
FFE0
7FE0
3FE0
1FE0
0FE0
07E0
03E0
01E0
00E0
0060
0020
0020
0060
00E0
01E0
03E0
07E0
0FE0
1FE0
3FE0
7FE0
FFE0
ENDCHAR
STARTCHAR E200
ENCODING 57856
SWIDTH 660 0
DWIDTH 11 0
BBX 9 15 1 -2
BITMAP
0100
0380
0780
0F00
1E00
3C00
7800
F000
F000
7800
3C00
1E00
0F00
0780
0380
ENDCHAR
STARTCHAR E201
ENCODING 57857
SWIDTH 660 0
DWIDTH 11 0
BBX 11 9 0 1
BITMAP
0400
1F00
1F80
3FC0
7FE0
FFC0
0000
0000
0800
ENDCHAR
STARTCHAR E202
ENCODING 57858
SWIDTH 660 0
DWIDTH 11 0
BBX 5 16 3 -2
BITMAP
60
60
60
70
70
F0
F8
F8
F8
F8
F8
F0
F0
F8
F0
70
ENDCHAR
STARTCHAR E203
ENCODING 57859
SWIDTH 660 0
DWIDTH 11 0
BBX 11 6 0 3
BITMAP
3F80
7FC0
BFE0
FFE0
FFE0
FFE0
ENDCHAR
STARTCHAR E204
ENCODING 57860
SWIDTH 660 0
DWIDTH 11 0
BBX 11 10 0 1
BITMAP
0C00
1400
0000
FFE0
FFE0
FFC0
7FC0
3F80
0E00
FFE0
ENDCHAR
STARTCHAR E205
ENCODING 57861
SWIDTH 660 0
DWIDTH 11 0
BBX 10 12 0 0
BITMAP
E000
E000
6000
1000
1000
0800
0400
0200
0100
0080
0080
0040
ENDCHAR
STARTCHAR E206
ENCODING 57862
SWIDTH 660 0
DWIDTH 11 0
BBX 11 10 0 1
BITMAP
3900
6080
4040
8040
8020
8020
8040
8040
4080
3700
ENDCHAR
STARTCHAR E207
ENCODING 57863
SWIDTH 660 0
DWIDTH 11 0
BBX 11 14 0 -1
BITMAP
0300
0FC0
4FC0
6FE0
3FE0
0FE0
0FC0
0FC0
0F80
7F80
FF00
C000
C000
4000
ENDCHAR
STARTCHAR E208
ENCODING 57864
SWIDTH 660 0
DWIDTH 11 0
BBX 11 11 0 0
BITMAP
0E00
1F00
1FC0
3FC0
FFE0
FFC0
0000
0C00
0C00
0800
1000
ENDCHAR
STARTCHAR E209
ENCODING 57865
SWIDTH 660 0
DWIDTH 11 0
BBX 11 10 0 1
BITMAP
E000
BC00
FF00
1F80
0CE0
0D00
0700
0B00
0A80
1280
ENDCHAR
STARTCHAR E20A
ENCODING 57866
SWIDTH 660 0
DWIDTH 11 0
BBX 5 16 3 -2
BITMAP
20
D0
90
90
90
90
B0
B0
B0
B0
B0
B0
F8
F8
B0
60
ENDCHAR
STARTCHAR E20B
ENCODING 57867
SWIDTH 660 0
DWIDTH 11 0
BBX 5 16 3 -2
BITMAP
20
D0
90
B0
B0
B0
B0
B0
B0
B0
B0
B0
F8
F8
90
60
ENDCHAR
STARTCHAR E20C
ENCODING 57868
SWIDTH 660 0
DWIDTH 11 0
BBX 5 16 3 -2
BITMAP
20
D0
90
90
90
90
90
90
90
B0
B0
B0
F8
F8
90
60
ENDCHAR
STARTCHAR E20D
ENCODING 57869
SWIDTH 660 0
DWIDTH 11 0
BBX 11 10 0 1
BITMAP
C060
60C0
3180
1B00
0E00
0E00
1B00
3180
60C0
C060
ENDCHAR
STARTCHAR E20E
ENCODING 57870
SWIDTH 660 0
DWIDTH 11 0
BBX 10 14 0 -1
BITMAP
1E00
3F00
3F00
3F00
3F00
0000
FFC0
FFC0
7F80
3F80
1E00
1E00
3F00
3F00
ENDCHAR
STARTCHAR E20F
ENCODING 57871
SWIDTH 660 0
DWIDTH 11 0
BBX 11 10 0 1
BITMAP
3040
18C0
D900
FC00
3E00
0F00
3780
73C0
E1E0
C0C0
ENDCHAR
STARTCHAR E210
ENCODING 57872
SWIDTH 660 0
DWIDTH 11 0
BBX 11 13 0 -1
BITMAP
2100
7F80
7FC0
FFC0
FFE0
FFC0
FFC0
7FC0
73C0
71C0
61C0
6180
3180
ENDCHAR
STARTCHAR E211
ENCODING 57873
SWIDTH 660 0
DWIDTH 11 0
BBX 11 8 0 2
BITMAP
FFC0
9220
EAC0
0C00
0400
0C00
0C00
0C00
ENDCHAR
STARTCHAR E212
ENCODING 57874
SWIDTH 660 0
DWIDTH 11 0
BBX 11 10 0 1
BITMAP
FFE0
FFE0
FFE0
8EE0
8AE0
AA60
FFE0
FFE0
7F80
0E00
ENDCHAR
STARTCHAR E213
ENCODING 57875
SWIDTH 660 0
DWIDTH 11 0
BBX 8 15 1 -2
BITMAP
10
18
18
18
38
7C
7E
F9
B8
38
3C
2C
64
66
C6
ENDCHAR
STARTCHAR E214
ENCODING 57876
SWIDTH 660 0
DWIDTH 11 0
BBX 9 10 1 1
BITMAP
0800
7F00
7F00
7F00
FF80
FF80
7F00
7F00
7D00
0800
ENDCHAR
STARTCHAR E215
ENCODING 57877
SWIDTH 660 0
DWIDTH 11 0
BBX 11 10 0 1
BITMAP
1F00
7F80
7FC0
F8C0
C4E0
F9E0
F1C0
7DC0
3F80
1F00
ENDCHAR
STARTCHAR E216
ENCODING 57878
SWIDTH 660 0
DWIDTH 11 0
BBX 10 15 0 -2
BITMAP
0080
00C0
01C0
0380
0300
0700
0600
0E00
0C00
1C00
1800
3800
7000
6000
E000
ENDCHAR
STARTCHAR E217
ENCODING 57879
SWIDTH 660 0
DWIDTH 11 0
BBX 11 10 0 1
BITMAP
0020
01C0
0740
3DC0
FBC0
27C0
2F80
2F80
1980
0080
ENDCHAR
STARTCHAR E218
ENCODING 57880
SWIDTH 660 0
DWIDTH 11 0
BBX 10 8 0 2
BITMAP
7BC0
FFC0
FFC0
3F00
3F00
3F00
3F00
3F00
ENDCHAR
STARTCHAR E219
ENCODING 57881
SWIDTH 660 0
DWIDTH 11 0
BBX 11 6 0 3
BITMAP
1800
6700
BDC0
7BC0
FFE0
FF40
ENDCHAR
STARTCHAR E21A
ENCODING 57882
SWIDTH 660 0
DWIDTH 11 0
BBX 10 10 0 1
BITMAP
A000
5000
3800
3800
1C00
0800
0580
0FC0
0FC0
1700
ENDCHAR
STARTCHAR E21B
ENCODING 57883
SWIDTH 660 0
DWIDTH 11 0
BBX 10 10 0 1
BITMAP
8000
C000
E000
F000
F800
DC00
4E00
C700
7F80
FFC0
ENDCHAR
STARTCHAR E21C
ENCODING 57884
SWIDTH 660 0
DWIDTH 11 0
BBX 11 12 0 0
BITMAP
1E00
3F00
7F80
7FC0
FFE0
BFC0
FFC0
6E00
0C00
0C00
0C00
0C00
ENDCHAR
STARTCHAR E21D
ENCODING 57885
SWIDTH 660 0
DWIDTH 11 0
BBX 11 8 0 2
BITMAP
1A00
2600
C500
9F00
5F80
7FC0
FFE0
FFC0
ENDCHAR
STARTCHAR E21E
ENCODING 57886
SWIDTH 660 0
DWIDTH 11 0
BBX 11 9 0 2
BITMAP
3F00
2C80
6B40
FFE0
5140
3280
2B00
1A00
0C00
ENDCHAR
STARTCHAR E21F
ENCODING 57887
SWIDTH 660 0
DWIDTH 11 0
BBX 10 10 0 1
BITMAP
0180
03C0
07C0
0F80
1F00
2E00
5C00
B800
7000
2000
ENDCHAR
STARTCHAR E220
ENCODING 57888
SWIDTH 660 0
DWIDTH 11 0
BBX 10 10 0 1
BITMAP
0E00
3F80
7FC0
FFC0
1500
0400
0400
0400
2400
3800
ENDCHAR
STARTCHAR E221
ENCODING 57889
SWIDTH 660 0
DWIDTH 11 0
BBX 8 16 1 -2
BITMAP
18
2E
4F
DF
DF
DF
DF
FF
C1
C1
C1
C1
C1
63
3E
08
ENDCHAR
STARTCHAR E222
ENCODING 57890
SWIDTH 660 0
DWIDTH 11 0
BBX 10 16 0 -2
BITMAP
0400
0C00
0E00
0E00
3E00
7700
6700
C300
C000
C000
C000
63C0
3F80
1F00
7F80
3F80
ENDCHAR
STARTCHAR E223
ENCODING 57891
SWIDTH 660 0
DWIDTH 11 0
BBX 6 16 2 -2
BITMAP
10
10
30
38
7C
FC
FC
7C
7C
1C
7C
1C
7C
7C
7C
78
ENDCHAR
STARTCHAR E224
ENCODING 57892
SWIDTH 660 0
DWIDTH 11 0
BBX 11 2 0 5
BITMAP
FFE0
FFE0
ENDCHAR
STARTCHAR E225
ENCODING 57893
SWIDTH 660 0
DWIDTH 11 0
BBX 11 10 0 1
BITMAP
0C00
0E00
0C00
0400
0E00
1E00
1E00
EDC0
E0E0
4040
ENDCHAR
STARTCHAR E226
ENCODING 57894
SWIDTH 660 0
DWIDTH 11 0
BBX 11 8 0 2
BITMAP
2000
E000
AE00
BF00
9FC0
7FE0
FFC0
FFC0
ENDCHAR
STARTCHAR E227
ENCODING 57895
SWIDTH 660 0
DWIDTH 11 0
BBX 11 12 0 0
BITMAP
0E00
3F80
7FC0
FFE0
FFE0
FFC0
0E00
0E00
0E00
1F00
1F00
0400
ENDCHAR
STARTCHAR E228
ENCODING 57896
SWIDTH 660 0
DWIDTH 11 0
BBX 10 3 0 5
BITMAP
1000
3F80
FBC0
ENDCHAR
STARTCHAR E229
ENCODING 57897
SWIDTH 660 0
DWIDTH 11 0
BBX 10 6 0 3
BITMAP
0100
0280
0280
C040
C780
1100
ENDCHAR
STARTCHAR E22A
ENCODING 57898
SWIDTH 660 0
DWIDTH 11 0
BBX 11 2 0 5
BITMAP
FFE0
FFC0
ENDCHAR
STARTCHAR E22B
ENCODING 57899
SWIDTH 660 0
DWIDTH 11 0
BBX 11 10 0 1
BITMAP
3F00
64C0
6DC0
9F60
9F60
FFC0
FFC0
7C00
7C00
1C00
ENDCHAR
STARTCHAR E22C
ENCODING 57900
SWIDTH 660 0
DWIDTH 11 0
BBX 11 10 0 1
BITMAP
3FE0
7FC0
9300
1300
1200
1200
1B00
3B20
33C0
31C0
ENDCHAR
STARTCHAR E22D
ENCODING 57901
SWIDTH 660 0
DWIDTH 11 0
BBX 11 10 0 1
BITMAP
1C00
2600
2300
2180
22C0
7240
4440
91E0
BE00
E000
ENDCHAR
STARTCHAR E22E
ENCODING 57902
SWIDTH 660 0
DWIDTH 11 0
BBX 11 6 0 3
BITMAP
1E00
3FC0
FF60
FBC0
FF00
0E00
ENDCHAR
STARTCHAR E22F
ENCODING 57903
SWIDTH 660 0
DWIDTH 11 0
BBX 11 10 0 1
BITMAP
F000
F800
79E0
69C0
2BC0
0680
0600
0400
0400
0400
ENDCHAR
STARTCHAR E230
ENCODING 57904
SWIDTH 660 0
DWIDTH 11 0
BBX 10 8 0 2
BITMAP
0C00
0F00
0F00
0F00
0D00
7FC0
FDC0
0E00
ENDCHAR
STARTCHAR E231
ENCODING 57905
SWIDTH 660 0
DWIDTH 11 0
BBX 10 12 0 0
BITMAP
0E00
3F00
3F80
2E80
2C80
3B00
7F40
CEC0
BB00
9F00
E0C0
4040
ENDCHAR
STARTCHAR E232
ENCODING 57906
SWIDTH 660 0
DWIDTH 11 0
BBX 11 10 0 1
BITMAP
0C00
3F00
7F80
7F80
3F00
3E60
B300
3FC0
3F00
3E00
ENDCHAR
STARTCHAR E233
ENCODING 57907
SWIDTH 660 0
DWIDTH 11 0
BBX 6 16 2 -2
BITMAP
30
7C
FC
FC
FC
FC
FC
FC
FC
FC
00
10
10
10
10
10
ENDCHAR
STARTCHAR E234
ENCODING 57908
SWIDTH 660 0
DWIDTH 11 0
BBX 10 8 0 2
BITMAP
0400
0D00
2D00
EEC0
1600
1200
1200
0200
ENDCHAR
STARTCHAR E235
ENCODING 57909
SWIDTH 660 0
DWIDTH 11 0
BBX 11 10 0 1
BITMAP
3F00
1F00
7FC0
FFC0
FEE0
FFE0
DFC0
5F80
1F00
1F00
ENDCHAR
STARTCHAR E236
ENCODING 57910
SWIDTH 660 0
DWIDTH 11 0
BBX 11 10 0 1
BITMAP
3F00
7F80
61C0
EEC0
CEE0
CEE0
EAC0
71C0
7E80
1F00
ENDCHAR
STARTCHAR E237
ENCODING 57911
SWIDTH 660 0
DWIDTH 11 0
BBX 11 10 0 1
BITMAP
FFE0
FFE0
F1E0
ECE0
CEE0
CEE0
E8E0
F1E0
FFE0
FFE0
ENDCHAR
STARTCHAR E238
ENCODING 57912
SWIDTH 660 0
DWIDTH 11 0
BBX 11 10 0 1
BITMAP
2080
71C0
F1C0
FDC0
EFE0
0C00
0000
0E00
1F00
1E00
ENDCHAR
STARTCHAR E239
ENCODING 57913
SWIDTH 660 0
DWIDTH 11 0
BBX 11 9 0 1
BITMAP
0E00
1F00
1FC0
3FC0
FFE0
FFC0
0000
3800
7B00
ENDCHAR
STARTCHAR E23A
ENCODING 57914
SWIDTH 660 0
DWIDTH 11 0
BBX 10 15 0 -2
BITMAP
0400
3400
3580
1580
3F80
5FC0
F7C0
FFC0
FB40
FCC0
7DC0
7EC0
3F00
1F80
0F00
ENDCHAR
STARTCHAR E23B
ENCODING 57915
SWIDTH 660 0
DWIDTH 11 0
BBX 7 16 2 -2
BITMAP
FE
FE
FE
FE
FE
FE
FE
FE
FE
FE
FE
FE
FE
FE
FE
FC
ENDCHAR
STARTCHAR E23C
ENCODING 57916
SWIDTH 660 0
DWIDTH 11 0
BBX 11 10 0 1
BITMAP
3FE0
FFA0
FFA0
80A0
80A0
80A0
80A0
80A0
80E0
FF80
ENDCHAR
STARTCHAR E23D
ENCODING 57917
SWIDTH 660 0
DWIDTH 11 0
BBX 11 12 0 0
BITMAP
1F00
1E00
3D00
6080
4040
8040
8060
8060
8040
4040
6180
1F00
ENDCHAR
STARTCHAR E23E
ENCODING 57918
SWIDTH 660 0
DWIDTH 11 0
BBX 10 9 0 2
BITMAP
0300
5500
4D40
8200
EEC0
6E80
2F00
1500
0400
ENDCHAR
STARTCHAR E23F
ENCODING 57919
SWIDTH 660 0
DWIDTH 11 0
BBX 11 13 0 -1
BITMAP
0E00
3180
3F80
5F40
AEC0
55C0
ABC0
5BA0
ABA0
5580
AB40
5280
2A00
ENDCHAR
STARTCHAR E240
ENCODING 57920
SWIDTH 660 0
DWIDTH 11 0
BBX 11 10 0 1
BITMAP
FF80
8DC0
8DE0
81E0
FFE0
FFE0
8060
8060
8060
FFE0
ENDCHAR
STARTCHAR E241
ENCODING 57921
SWIDTH 660 0
DWIDTH 11 0
BBX 11 12 0 0
BITMAP
0100
01C0
21E0
61C0
F1C0
F1C0
7180
7380
3B80
3B00
1800
1800
ENDCHAR
STARTCHAR E242
ENCODING 57922
SWIDTH 660 0
DWIDTH 11 0
BBX 11 8 0 2
BITMAP
4080
8440
8E40
8A20
9220
8840
9F40
4080
ENDCHAR
STARTCHAR E243
ENCODING 57923
SWIDTH 660 0
DWIDTH 11 0
BBX 10 3 0 5
BITMAP
0E00
FF80
7FC0
ENDCHAR
STARTCHAR E244
ENCODING 57924
SWIDTH 660 0
DWIDTH 11 0
BBX 11 10 0 1
BITMAP
7FE0
FFA0
80A0
82A0
86A0
80A0
82A0
BFA0
FFE0
FF80
ENDCHAR
STARTCHAR E245
ENCODING 57925
SWIDTH 660 0
DWIDTH 11 0
BBX 11 6 0 3
BITMAP
1300
6080
FFE0
8C40
8A40
7180
ENDCHAR
STARTCHAR E246
ENCODING 57926
SWIDTH 660 0
DWIDTH 11 0
BBX 10 10 0 1
BITMAP
1E00
1F00
3F00
3B80
7380
71C0
E000
7FC0
7F80
3F80
ENDCHAR
STARTCHAR E247
ENCODING 57927
SWIDTH 660 0
DWIDTH 11 0
BBX 10 10 0 2
BITMAP
A000
D800
EE00
F600
F9C0
F9C0
F600
EC00
D000
A000
ENDCHAR
STARTCHAR E248
ENCODING 57928
SWIDTH 660 0
DWIDTH 11 0
BBX 10 10 0 1
BITMAP
0400
0E00
1100
2C80
4E80
CEC0
2C80
1100
0E00
0400
ENDCHAR
STARTCHAR E249
ENCODING 57929
SWIDTH 660 0
DWIDTH 11 0
BBX 11 10 0 1
BITMAP
3F00
7C80
7BC0
FDC0
E8E0
CB60
D7C0
77C0
6F80
1F00
ENDCHAR
STARTCHAR E24A
ENCODING 57930
SWIDTH 660 0
DWIDTH 11 0
BBX 6 16 2 -2
BITMAP
10
10
10
10
10
10
10
10
78
48
48
7C
FC
FC
7C
10
ENDCHAR
STARTCHAR E24B
ENCODING 57931
SWIDTH 660 0
DWIDTH 11 0
BBX 11 12 0 0
BITMAP
E0C0
FEE0
FFE0
C040
C0E0
C0E0
00C0
00E0
07C0
0780
0400
0400
ENDCHAR
STARTCHAR E24C
ENCODING 57932
SWIDTH 660 0
DWIDTH 11 0
BBX 11 6 0 3
BITMAP
6080
E0E0
FFE0
FFE0
E0E0
6080
ENDCHAR
STARTCHAR E24D
ENCODING 57933
SWIDTH 660 0
DWIDTH 11 0
BBX 11 8 0 2
BITMAP
3F00
7F80
7FC0
7FC0
FFE0
FFE0
0000
7FC0
ENDCHAR
STARTCHAR E24E
ENCODING 57934
SWIDTH 660 0
DWIDTH 11 0
BBX 10 3 0 5
BITMAP
0C00
1E00
FFC0
ENDCHAR
STARTCHAR E24F
ENCODING 57935
SWIDTH 660 0
DWIDTH 11 0
BBX 11 12 0 0
BITMAP
0E00
3F00
7FC0
FFE0
FFE0
FFE0
FFE0
FFE0
FFE0
7FC0
1F00
0C00
ENDCHAR
STARTCHAR E250
ENCODING 57936
SWIDTH 660 0
DWIDTH 11 0
BBX 11 9 0 2
BITMAP
C000
F000
F800
5C00
4FC0
4FE0
47C0
47C0
0700
ENDCHAR
STARTCHAR E251
ENCODING 57937
SWIDTH 660 0
DWIDTH 11 0
BBX 11 10 0 1
BITMAP
F800
D400
DA00
A500
5E80
2B40
14C0
0BC0
0560
03C0
ENDCHAR
STARTCHAR E252
ENCODING 57938
SWIDTH 660 0
DWIDTH 11 0
BBX 8 15 1 -2
BITMAP
08
0C
1C
3E
3E
7F
FF
00
3E
3E
3C
1C
1C
18
08
ENDCHAR
STARTCHAR E253
ENCODING 57939
SWIDTH 660 0
DWIDTH 11 0
BBX 11 6 0 3
BITMAP
FFE0
AAA0
FD60
FFE0
FFE0
FFE0
ENDCHAR
STARTCHAR E254
ENCODING 57940
SWIDTH 660 0
DWIDTH 11 0
BBX 11 4 0 4
BITMAP
FF80
FDE0
DDA0
DFE0
ENDCHAR
STARTCHAR E255
ENCODING 57941
SWIDTH 660 0
DWIDTH 11 0
BBX 11 4 0 4
BITMAP
F3C0
8C20
8C20
73C0
ENDCHAR
STARTCHAR E256
ENCODING 57942
SWIDTH 660 0
DWIDTH 11 0
BBX 11 13 0 0
BITMAP
0200
0400
0B00
1400
1400
0A00
0200
6320
1C40
1E00
1E00
8000
7FC0
ENDCHAR
STARTCHAR E257
ENCODING 57943
SWIDTH 660 0
DWIDTH 11 0
BBX 10 8 0 2
BITMAP
0E00
7F80
FFC0
1E00
E1C0
1E00
E1C0
1E00
ENDCHAR
STARTCHAR E258
ENCODING 57944
SWIDTH 660 0
DWIDTH 11 0
BBX 11 6 0 3
BITMAP
3F00
7FC0
F3C0
FFE0
7FC0
3F80
ENDCHAR
STARTCHAR E259
ENCODING 57945
SWIDTH 660 0
DWIDTH 11 0
BBX 5 16 3 -2
BITMAP
10
70
70
70
70
70
F0
F0
F0
F0
F8
F8
F8
F8
F8
F8
ENDCHAR
STARTCHAR E25A
ENCODING 57946
SWIDTH 660 0
DWIDTH 11 0
BBX 11 6 0 3
BITMAP
7DE0
FFC0
FF80
FC00
F800
C000
ENDCHAR
STARTCHAR E25B
ENCODING 57947
SWIDTH 660 0
DWIDTH 11 0
BBX 11 10 0 1
BITMAP
0400
1400
3F80
7FC0
7BC0
FBC0
FBE0
FBE0
F1E0
E0C0
ENDCHAR
STARTCHAR E25C
ENCODING 57948
SWIDTH 660 0
DWIDTH 11 0
BBX 7 14 2 -1
BITMAP
E4
F0
64
64
64
64
64
66
66
66
62
64
64
24
ENDCHAR
STARTCHAR E25D
ENCODING 57949
SWIDTH 660 0
DWIDTH 11 0
BBX 11 10 0 1
BITMAP
FFE0
8020
8020
8020
8020
8020
8020
8020
8020
FFE0
ENDCHAR
STARTCHAR E25E
ENCODING 57950
SWIDTH 660 0
DWIDTH 11 0
BBX 11 8 0 2
BITMAP
FFC0
FFE0
FEE0
FF60
FEA0
FFE0
FFC0
FFC0
ENDCHAR
STARTCHAR E25F
ENCODING 57951
SWIDTH 660 0
DWIDTH 11 0
BBX 8 16 1 -2
BITMAP
04
3C
7E
7F
7F
70
F8
FC
7C
7C
7C
7C
7E
FE
7E
7E
ENDCHAR
STARTCHAR E260
ENCODING 57952
SWIDTH 660 0
DWIDTH 11 0
BBX 5 16 3 -2
BITMAP
20
40
60
F0
70
60
60
70
60
60
70
70
F0
F8
F8
F8
ENDCHAR
STARTCHAR E261
ENCODING 57953
SWIDTH 660 0
DWIDTH 11 0
BBX 7 16 2 -2
BITMAP
10
78
78
78
7C
7C
30
38
38
78
7C
7C
FE
FE
FC
FE
ENDCHAR
STARTCHAR E262
ENCODING 57954
SWIDTH 660 0
DWIDTH 11 0
BBX 6 16 2 -2
BITMAP
10
30
44
78
38
30
78
30
30
38
38
78
7C
FC
FC
FC
ENDCHAR
STARTCHAR E263
ENCODING 57955
SWIDTH 660 0
DWIDTH 11 0
BBX 8 16 1 -2
BITMAP
5B
4B
7E
3E
3C
3E
3E
3E
3E
3E
7E
7F
FF
FF
7F
FF
ENDCHAR
STARTCHAR E264
ENCODING 57956
SWIDTH 660 0
DWIDTH 11 0
BBX 11 8 0 2
BITMAP
0180
1900
6FC0
9EC0
FE60
2FE0
7FC0
7EC0
ENDCHAR
STARTCHAR E265
ENCODING 57957
SWIDTH 660 0
DWIDTH 11 0
BBX 10 15 0 -2
BITMAP
0040
00C0
00C0
00C0
0680
0E40
0FC0
0FC0
0FC0
1F80
1F80
1F00
3E00
7C00
F000
ENDCHAR
STARTCHAR E266
ENCODING 57958
SWIDTH 660 0
DWIDTH 11 0
BBX 11 10 0 1
BITMAP
1F00
DF60
1F00
DF60
DF40
DF40
DF40
DF40
DF40
1F00
ENDCHAR
STARTCHAR E267
ENCODING 57959
SWIDTH 660 0
DWIDTH 11 0
BBX 11 8 0 2
BITMAP
0200
0C00
1B00
1800
F5C0
9620
9620
F3C0
ENDCHAR
STARTCHAR E268
ENCODING 57960
SWIDTH 660 0
DWIDTH 11 0
BBX 11 6 0 3
BITMAP
0E00
1F00
1FC0
3FE0
FFE0
FFC0
ENDCHAR
STARTCHAR E269
ENCODING 57961
SWIDTH 660 0
DWIDTH 11 0
BBX 10 13 0 0
BITMAP
3200
2D00
2F00
1F00
3F80
FFC0
3F80
3F80
3F80
3F80
7F80
5F80
8A00
ENDCHAR
STARTCHAR E26A
ENCODING 57962
SWIDTH 660 0
DWIDTH 11 0
BBX 11 10 0 1
BITMAP
01C0
79C0
FBE0
7BC0
F9C0
1C80
3E00
3600
5C00
3800
ENDCHAR
STARTCHAR E26B
ENCODING 57963
SWIDTH 660 0
DWIDTH 11 0
BBX 11 4 0 4
BITMAP
1F00
E3C0
8E20
FFC0
ENDCHAR
STARTCHAR E26C
ENCODING 57964
SWIDTH 660 0
DWIDTH 11 0
BBX 10 10 0 1
BITMAP
00C0
0340
0680
0500
0C00
1E00
3000
6000
E000
C000
ENDCHAR
STARTCHAR E26D
ENCODING 57965
SWIDTH 660 0
DWIDTH 11 0
BBX 11 12 0 0
BITMAP
8000
4000
6000
BC00
7E00
3F00
3F80
1E40
0C40
0420
0440
03C0
ENDCHAR
STARTCHAR E26E
ENCODING 57966
SWIDTH 660 0
DWIDTH 11 0
BBX 11 5 0 4
BITMAP
A520
AD40
7F80
3F80
3F80
ENDCHAR
STARTCHAR E26F
ENCODING 57967
SWIDTH 660 0
DWIDTH 11 0
BBX 11 13 0 0
BITMAP
1F00
7FC0
FFC0
FFE0
7FC0
7FC0
71C0
0000
0000
7B80
7F80
3F80
3F80
ENDCHAR
STARTCHAR E270
ENCODING 57968
SWIDTH 660 0
DWIDTH 11 0
BBX 11 10 0 1
BITMAP
FFC0
CCE0
CCE0
FFE0
CCE0
CCE0
FFE0
CCE0
CEE0
FFC0
ENDCHAR
STARTCHAR E271
ENCODING 57969
SWIDTH 660 0
DWIDTH 11 0
BBX 11 10 0 1
BITMAP
3F00
7F80
7FC0
F1C0
E5E0
E5E0
F1C0
7FC0
7F80
1F00
ENDCHAR
STARTCHAR E272
ENCODING 57970
SWIDTH 660 0
DWIDTH 11 0
BBX 9 16 1 -2
BITMAP
8080
FE80
8080
BF80
8100
4100
6A00
3C00
7600
C300
9900
8080
BE80
8080
BC80
8000
ENDCHAR
STARTCHAR E273
ENCODING 57971
SWIDTH 660 0
DWIDTH 11 0
BBX 11 8 0 2
BITMAP
3F80
F3C0
E160
FFE0
FFE0
BFA0
9840
7F80
ENDCHAR
STARTCHAR E274
ENCODING 57972
SWIDTH 660 0
DWIDTH 11 0
BBX 7 15 2 -2
BITMAP
08
4C
7C
7C
7C
78
78
7C
7C
FC
FC
FE
FE
FE
FE
ENDCHAR
STARTCHAR E275
ENCODING 57973
SWIDTH 660 0
DWIDTH 11 0
BBX 10 16 0 -2
BITMAP
0400
0C00
0E00
1E00
1F00
3F00
3F80
7FC0
FFC0
FFC0
FFC0
FFC0
7FC0
7F80
3F00
0400
ENDCHAR
STARTCHAR E276
ENCODING 57974
SWIDTH 660 0
DWIDTH 11 0
BBX 11 10 0 1
BITMAP
3F00
7F80
7FC0
FFC0
FFE0
DFE0
FEC0
65C0
7F80
1F00
ENDCHAR
STARTCHAR E277
ENCODING 57975
SWIDTH 660 0
DWIDTH 11 0
BBX 11 12 0 0
BITMAP
0400
1F00
3F80
FFC0
FFE0
FFC0
BFA0
DF60
E5E0
FFE0
FFE0
FFC0
ENDCHAR
STARTCHAR E278
ENCODING 57976
SWIDTH 660 0
DWIDTH 11 0
BBX 11 12 0 0
BITMAP
0E00
1100
6080
8040
8020
8020
C060
A0A0
9320
8C20
8020
FFE0
ENDCHAR
STARTCHAR E279
ENCODING 57977
SWIDTH 660 0
DWIDTH 11 0
BBX 11 8 0 2
BITMAP
FFC0
FFE0
FFE0
0000
0000
FFE0
FFE0
7FC0
ENDCHAR
STARTCHAR E27A
ENCODING 57978
SWIDTH 660 0
DWIDTH 11 0
BBX 10 6 0 3
BITMAP
0300
FD80
00C0
FCC0
FD80
0300
ENDCHAR
STARTCHAR E27B
ENCODING 57979
SWIDTH 660 0
DWIDTH 11 0
BBX 11 10 0 1
BITMAP
0400
0E00
1B00
3380
67C0
CBE0
F7C0
7B80
3B00
0E00
ENDCHAR
STARTCHAR E27C
ENCODING 57980
SWIDTH 660 0
DWIDTH 11 0
BBX 10 12 0 0
BITMAP
F800
FA00
FB00
FB80
F800
FE00
F880
FBC0
F8C0
FD80
FE00
FF80
ENDCHAR
STARTCHAR E27D
ENCODING 57981
SWIDTH 660 0
DWIDTH 11 0
BBX 11 12 0 0
BITMAP
F800
FA00
FB00
FB80
F800
FE80
FD80
FBE0
FB00
FD80
FE00
FF80
ENDCHAR
STARTCHAR E27E
ENCODING 57982
SWIDTH 660 0
DWIDTH 11 0
BBX 11 8 0 3
BITMAP
7000
1380
E280
FF80
0000
3FC0
0020
00C0
ENDCHAR
STARTCHAR E27F
ENCODING 57983
SWIDTH 660 0
DWIDTH 11 0
BBX 11 10 0 1
BITMAP
1100
6E80
4C80
73C0
A540
A520
72C0
4D80
4480
3B00
ENDCHAR
STARTCHAR E280
ENCODING 57984
SWIDTH 660 0
DWIDTH 11 0
BBX 11 14 0 -1
BITMAP
7000
FC00
FE00
FF00
3F80
0F80
67C0
77C0
73E0
7BC0
3C80
1F00
0F00
0300
ENDCHAR
STARTCHAR E281
ENCODING 57985
SWIDTH 660 0
DWIDTH 11 0
BBX 11 10 0 1
BITMAP
0080
0080
0140
0340
FFE0
7EE0
3DC0
1FC0
3F80
0E00
ENDCHAR
STARTCHAR E282
ENCODING 57986
SWIDTH 660 0
DWIDTH 11 0
BBX 11 8 0 2
BITMAP
0080
0000
0000
FFE0
7FC0
7FC0
7F80
2100
ENDCHAR
STARTCHAR E283
ENCODING 57987
SWIDTH 660 0
DWIDTH 11 0
BBX 11 10 0 1
BITMAP
7F80
7FC0
4440
0000
0000
FFE0
FFE0
FFE0
7FC0
2180
ENDCHAR
STARTCHAR E284
ENCODING 57988
SWIDTH 660 0
DWIDTH 11 0
BBX 11 12 0 0
BITMAP
0C00
0E00
5540
E0E0
C0C0
4040
4040
C0C0
E0E0
5740
0E00
0C00
ENDCHAR
STARTCHAR E285
ENCODING 57989
SWIDTH 660 0
DWIDTH 11 0
BBX 9 16 1 -2
BITMAP
4000
E000
F000
7800
3C00
1E00
0F00
0780
0780
0F00
1E00
3C00
7800
F000
E000
4000
ENDCHAR
STARTCHAR E286
ENCODING 57990
SWIDTH 660 0
DWIDTH 11 0
BBX 11 10 0 1
BITMAP
1000
2100
2100
2F00
7B80
AB40
2D20
1700
0C00
3380
ENDCHAR
STARTCHAR E287
ENCODING 57991
SWIDTH 660 0
DWIDTH 11 0
BBX 11 10 0 1
BITMAP
3F00
7F80
41C0
CDC0
C060
C060
CE40
60C0
7F80
1F00
ENDCHAR
STARTCHAR E288
ENCODING 57992
SWIDTH 660 0
DWIDTH 11 0
BBX 11 10 0 1
BITMAP
FFE0
E1E0
C1E0
CDE0
C0E0
CEE0
CEE0
C0E0
FFE0
FFE0
ENDCHAR
STARTCHAR E289
ENCODING 57993
SWIDTH 660 0
DWIDTH 11 0
BBX 11 10 0 1
BITMAP
0C00
0C00
65C0
FBE0
FFC0
71C0
2180
7F80
2A80
3100
ENDCHAR
STARTCHAR E28A
ENCODING 57994
SWIDTH 660 0
DWIDTH 11 0
BBX 11 9 0 1
BITMAP
F1C0
FFE0
FFE0
FFE0
FFE0
FFE0
FFE0
FFE0
FFC0
ENDCHAR
STARTCHAR E28B
ENCODING 57995
SWIDTH 660 0
DWIDTH 11 0
BBX 11 9 0 1
BITMAP
F1C0
8E20
8420
8420
8420
8420
8420
8420
FFC0
ENDCHAR
STARTCHAR E28C
ENCODING 57996
SWIDTH 660 0
DWIDTH 11 0
BBX 11 10 0 1
BITMAP
3F00
7F80
FFC0
FFC0
7FE0
3FC0
1FC0
0780
0200
0200
ENDCHAR
STARTCHAR E28D
ENCODING 57997
SWIDTH 660 0
DWIDTH 11 0
BBX 11 10 0 1
BITMAP
0400
0B00
1080
6040
C0E0
6340
B6C0
5B00
3400
0800
ENDCHAR
STARTCHAR E28E
ENCODING 57998
SWIDTH 660 0
DWIDTH 11 0
BBX 11 8 0 2
BITMAP
F1E0
FBE0
FFC0
FFC0
7F80
7F80
7B80
3380
ENDCHAR
STARTCHAR E28F
ENCODING 57999
SWIDTH 660 0
DWIDTH 11 0
BBX 11 10 0 2
BITMAP
02A0
03C0
0300
0600
1E00
3C00
3800
7000
6000
C000
ENDCHAR
STARTCHAR E290
ENCODING 58000
SWIDTH 660 0
DWIDTH 11 0
BBX 11 10 0 1
BITMAP
3F00
6080
4440
8E40
8E20
8E20
8C40
4C40
6080
1F00
ENDCHAR
STARTCHAR E291
ENCODING 58001
SWIDTH 660 0
DWIDTH 11 0
BBX 11 10 0 1
BITMAP
3F00
6080
4040
9B40
A420
A420
9B40
4040
6080
1F00
ENDCHAR
STARTCHAR E292
ENCODING 58002
SWIDTH 660 0
DWIDTH 11 0
BBX 11 10 0 1
BITMAP
3F00
6080
4440
FA40
9C20
8320
8EC0
4440
6080
1F00
ENDCHAR
STARTCHAR E293
ENCODING 58003
SWIDTH 660 0
DWIDTH 11 0
BBX 11 10 0 1
BITMAP
3F00
6080
4E40
F840
BE20
BF20
98C0
4E40
6080
1F00
ENDCHAR
STARTCHAR E294
ENCODING 58004
SWIDTH 660 0
DWIDTH 11 0
BBX 11 10 0 1
BITMAP
3F00
6080
5340
FA40
9E20
9F20
9EC0
4440
6080
1F00
ENDCHAR
STARTCHAR E295
ENCODING 58005
SWIDTH 660 0
DWIDTH 11 0
BBX 11 10 0 1
BITMAP
3F00
6080
4040
8040
9E20
9E20
8040
4040
6080
1F00
ENDCHAR
STARTCHAR E296
ENCODING 58006
SWIDTH 660 0
DWIDTH 11 0
BBX 11 10 0 1
BITMAP
3F00
6080
5C40
9F40
BF20
BBA0
87C0
4040
6080
1F00
ENDCHAR
STARTCHAR E297
ENCODING 58007
SWIDTH 660 0
DWIDTH 11 0
BBX 11 10 0 1
BITMAP
3F00
6080
4E40
9B40
9120
8120
9B40
4E40
6080
1F00
ENDCHAR
STARTCHAR E298
ENCODING 58008
SWIDTH 660 0
DWIDTH 11 0
BBX 11 10 0 1
BITMAP
3F00
6080
5C40
AF40
A920
A920
9940
4F40
6080
1F00
ENDCHAR
STARTCHAR E299
ENCODING 58009
SWIDTH 660 0
DWIDTH 11 0
BBX 11 10 0 1
BITMAP
3F00
6080
4E40
9A40
9620
9A20
9A40
4E40
6080
1F00
ENDCHAR
STARTCHAR E29A
ENCODING 58010
SWIDTH 660 0
DWIDTH 11 0
BBX 11 13 0 0
BITMAP
FFC0
8020
8020
9020
B7A0
A020
8020
B7A0
8020
A020
A7A0
8020
FFE0
ENDCHAR
STARTCHAR E29B
ENCODING 58011
SWIDTH 660 0
DWIDTH 11 0
BBX 11 12 0 0
BITMAP
0100
0300
0600
0A00
1200
1200
1200
7BC0
FFE0
FFE0
FFC0
7380
ENDCHAR
STARTCHAR E29C
ENCODING 58012
SWIDTH 660 0
DWIDTH 11 0
BBX 6 16 2 -2
BITMAP
10
10
10
38
38
38
30
38
38
38
38
7C
7C
FC
7C
7C
ENDCHAR
STARTCHAR E29D
ENCODING 58013
SWIDTH 660 0
DWIDTH 11 0
BBX 11 10 0 1
BITMAP
3F00
6080
71C0
E1C0
CCE0
DE60
BF40
BFC0
7F80
1F00
ENDCHAR
STARTCHAR E29E
ENCODING 58014
SWIDTH 660 0
DWIDTH 11 0
BBX 11 13 0 0
BITMAP
0080
0B80
0B00
0400
7F80
FFC0
FFE0
FFE0
FFC0
7FC0
7FC0
3F80
1F00
ENDCHAR
STARTCHAR E29F
ENCODING 58015
SWIDTH 660 0
DWIDTH 11 0
BBX 11 11 0 1
BITMAP
0100
07C0
07C0
0FE0
0FC0
0FC0
0F80
1C00
F000
E000
6000
ENDCHAR
STARTCHAR E2A0
ENCODING 58016
SWIDTH 660 0
DWIDTH 11 0
BBX 11 6 0 3
BITMAP
FFE0
FFE0
FDE0
F3E0
0C00
FFE0
ENDCHAR
STARTCHAR E2A1
ENCODING 58017
SWIDTH 660 0
DWIDTH 11 0
BBX 4 15 3 -2
BITMAP
70
50
50
90
90
B0
70
70
70
70
B0
60
40
40
40
ENDCHAR
STARTCHAR E2A2
ENCODING 58018
SWIDTH 660 0
DWIDTH 11 0
BBX 10 12 0 0
BITMAP
0C00
3C00
0F00
3E80
0F00
1300
3000
2000
6000
6000
7F80
FFC0
ENDCHAR
STARTCHAR E2A3
ENCODING 58019
SWIDTH 660 0
DWIDTH 11 0
BBX 10 15 0 -2
BITMAP
0E00
3F00
6080
5EC0
D540
D6C0
50C0
5FC0
2F80
1F00
0C00
0C00
0C00
0C00
0C00
ENDCHAR
STARTCHAR E2A4
ENCODING 58020
SWIDTH 660 0
DWIDTH 11 0
BBX 11 6 0 3
BITMAP
FFE0
FFE0
FDE0
F3E0
0C00
FFE0
ENDCHAR
STARTCHAR E2A5
ENCODING 58021
SWIDTH 660 0
DWIDTH 11 0
BBX 11 8 0 2
BITMAP
07C0
7BA0
BEE0
C7C0
ED00
BA00
EE00
7C00
ENDCHAR
STARTCHAR E2A6
ENCODING 58022
SWIDTH 660 0
DWIDTH 11 0
BBX 10 6 0 3
BITMAP
0C00
0C00
1F80
1F80
7FC0
FFC0
ENDCHAR
STARTCHAR E2A7
ENCODING 58023
SWIDTH 660 0
DWIDTH 11 0
BBX 10 16 0 -2
BITMAP
2000
3800
3C80
1D80
0F00
0200
1F00
7F80
7FC0
FFC0
FFC0
FFC0
7DC0
7E80
3F00
0400
ENDCHAR
STARTCHAR E2A8
ENCODING 58024
SWIDTH 660 0
DWIDTH 11 0
BBX 11 13 0 -1
BITMAP
7200
7C00
3C00
1500
7FC0
FFC0
FFE0
FFE0
FFC0
7FC0
7F80
3F00
0E00
ENDCHAR
STARTCHAR E2A9
ENCODING 58025
SWIDTH 660 0
DWIDTH 11 0
BBX 9 16 1 -2
BITMAP
6400
FC00
7800
1800
1C00
3C00
3E00
3E00
7E00
7F00
FF80
FF80
FF80
FF00
7F00
1400
ENDCHAR
STARTCHAR E300
ENCODING 58112
SWIDTH 660 0
DWIDTH 11 0
BBX 10 9 0 2
BITMAP
0200
0840
0F00
3480
2380
4900
F940
EE00
2000
ENDCHAR
STARTCHAR E301
ENCODING 58113
SWIDTH 660 0
DWIDTH 11 0
BBX 10 9 0 2
BITMAP
0200
0840
0F00
3480
6380
0100
7140
FE00
7800
ENDCHAR
STARTCHAR E302
ENCODING 58114
SWIDTH 660 0
DWIDTH 11 0
BBX 10 8 0 3
BITMAP
0200
0080
1F00
2500
4740
8100
8180
7E00
ENDCHAR
STARTCHAR E303
ENCODING 58115
SWIDTH 660 0
DWIDTH 11 0
BBX 10 9 0 2
BITMAP
0200
0840
0F00
3480
2380
0000
7F40
FE00
3F80
ENDCHAR
STARTCHAR E304
ENCODING 58116
SWIDTH 660 0
DWIDTH 11 0
BBX 10 10 0 1
BITMAP
0200
1080
1F00
2500
4740
8100
AD80
5600
0000
1000
ENDCHAR
STARTCHAR E305
ENCODING 58117
SWIDTH 660 0
DWIDTH 11 0
BBX 10 10 0 1
BITMAP
0200
0080
1F00
2500
4740
8900
8980
5A00
1000
1000
ENDCHAR
STARTCHAR E306
ENCODING 58118
SWIDTH 660 0
DWIDTH 11 0
BBX 10 10 0 1
BITMAP
0200
0080
1F00
2500
4740
8100
9580
4600
2000
1000
ENDCHAR
STARTCHAR E307
ENCODING 58119
SWIDTH 660 0
DWIDTH 11 0
BBX 10 9 0 1
BITMAP
0200
0080
1F00
2500
4740
8100
9180
4A00
1400
ENDCHAR
STARTCHAR E308
ENCODING 58120
SWIDTH 660 0
DWIDTH 11 0
BBX 10 10 0 1
BITMAP
0200
1080
1F00
2500
4740
8100
AD80
7600
3000
1000
ENDCHAR
STARTCHAR E309
ENCODING 58121
SWIDTH 660 0
DWIDTH 11 0
BBX 10 10 0 1
BITMAP
0200
0080
1F00
2500
4740
8100
9580
4200
0000
1000
ENDCHAR
STARTCHAR E30A
ENCODING 58122
SWIDTH 660 0
DWIDTH 11 0
BBX 10 9 0 1
BITMAP
0200
0080
1F00
2500
4740
8100
8180
4600
0400
ENDCHAR
STARTCHAR E30B
ENCODING 58123
SWIDTH 660 0
DWIDTH 11 0
BBX 10 8 0 3
BITMAP
0200
0080
1F00
2500
4740
8100
8980
4A00
ENDCHAR
STARTCHAR E30C
ENCODING 58124
SWIDTH 660 0
DWIDTH 11 0
BBX 9 8 1 3
BITMAP
0800
4900
0A00
3400
A380
5400
8C00
7900
ENDCHAR
STARTCHAR E30D
ENCODING 58125
SWIDTH 660 0
DWIDTH 11 0
BBX 7 8 2 2
BITMAP
10
84
30
48
4A
30
04
10
ENDCHAR
STARTCHAR E30E
ENCODING 58126
SWIDTH 660 0
DWIDTH 11 0
BBX 10 10 0 1
BITMAP
0200
1080
1F00
2500
4740
8100
A580
6A00
2000
1000
ENDCHAR
STARTCHAR E30F
ENCODING 58127
SWIDTH 660 0
DWIDTH 11 0
BBX 10 9 0 1
BITMAP
0200
0080
1F00
2500
4740
8100
AD80
7600
3000
ENDCHAR
STARTCHAR E310
ENCODING 58128
SWIDTH 660 0
DWIDTH 11 0
BBX 8 7 1 2
BITMAP
08
34
63
09
71
EE
20
ENDCHAR
STARTCHAR E311
ENCODING 58129
SWIDTH 660 0
DWIDTH 11 0
BBX 9 7 1 2
BITMAP
0800
3400
2300
0080
7900
FE00
3800
ENDCHAR
STARTCHAR E312
ENCODING 58130
SWIDTH 660 0
DWIDTH 11 0
BBX 8 6 1 3
BITMAP
04
3A
49
87
82
7C
ENDCHAR
STARTCHAR E313
ENCODING 58131
SWIDTH 660 0
DWIDTH 11 0
BBX 9 7 1 2
BITMAP
1800
2400
6300
0000
7F00
FE00
7F80
ENDCHAR
STARTCHAR E314
ENCODING 58132
SWIDTH 660 0
DWIDTH 11 0
BBX 7 8 2 1
BITMAP
30
48
C4
82
BA
1C
00
20
ENDCHAR
STARTCHAR E315
ENCODING 58133
SWIDTH 660 0
DWIDTH 11 0
BBX 5 6 3 2
BITMAP
18
58
90
C0
80
80
ENDCHAR
STARTCHAR E316
ENCODING 58134
SWIDTH 660 0
DWIDTH 11 0
BBX 7 8 2 1
BITMAP
30
48
84
82
AA
1C
08
20
ENDCHAR
STARTCHAR E317
ENCODING 58135
SWIDTH 660 0
DWIDTH 11 0
BBX 7 7 2 1
BITMAP
30
48
84
82
82
14
28
ENDCHAR
STARTCHAR E318
ENCODING 58136
SWIDTH 660 0
DWIDTH 11 0
BBX 7 8 2 1
BITMAP
30
48
C4
82
BA
5C
20
20
ENDCHAR
STARTCHAR E319
ENCODING 58137
SWIDTH 660 0
DWIDTH 11 0
BBX 7 8 2 1
BITMAP
30
48
C4
82
AA
14
00
20
ENDCHAR
STARTCHAR E31A
ENCODING 58138
SWIDTH 660 0
DWIDTH 11 0
BBX 7 8 2 1
BITMAP
30
48
C4
82
92
0C
08
10
ENDCHAR
STARTCHAR E31B
ENCODING 58139
SWIDTH 660 0
DWIDTH 11 0
BBX 7 6 2 3
BITMAP
30
48
C4
82
B2
14
ENDCHAR
STARTCHAR E31C
ENCODING 58140
SWIDTH 660 0
DWIDTH 11 0
BBX 7 7 2 1
BITMAP
30
48
C4
82
C2
54
48
ENDCHAR
STARTCHAR E31D
ENCODING 58141
SWIDTH 660 0
DWIDTH 11 0
BBX 7 7 2 1
BITMAP
30
48
C4
82
DA
5C
60
ENDCHAR
STARTCHAR E31E
ENCODING 58142
SWIDTH 660 0
DWIDTH 11 0
BBX 7 3 2 4
BITMAP
78
F6
7C
ENDCHAR
STARTCHAR E31F
ENCODING 58143
SWIDTH 660 0
DWIDTH 11 0
BBX 8 7 1 2
BITMAP
0E
35
63
09
F9
EE
20
ENDCHAR
STARTCHAR E320
ENCODING 58144
SWIDTH 660 0
DWIDTH 11 0
BBX 9 7 1 2
BITMAP
0F00
3500
2380
0100
7100
FE00
7800
ENDCHAR
STARTCHAR E321
ENCODING 58145
SWIDTH 660 0
DWIDTH 11 0
BBX 8 8 1 1
BITMAP
1E
25
47
81
AD
56
00
10
ENDCHAR
STARTCHAR E322
ENCODING 58146
SWIDTH 660 0
DWIDTH 11 0
BBX 8 6 1 2
BITMAP
1E
25
47
89
89
5A
ENDCHAR
STARTCHAR E323
ENCODING 58147
SWIDTH 660 0
DWIDTH 11 0
BBX 8 8 1 1
BITMAP
1E
25
47
81
85
46
20
10
ENDCHAR
STARTCHAR E324
ENCODING 58148
SWIDTH 660 0
DWIDTH 11 0
BBX 8 7 1 1
BITMAP
1E
25
47
81
91
4A
14
ENDCHAR
STARTCHAR E325
ENCODING 58149
SWIDTH 660 0
DWIDTH 11 0
BBX 8 8 1 1
BITMAP
1E
25
47
81
AD
76
30
10
ENDCHAR
STARTCHAR E326
ENCODING 58150
SWIDTH 660 0
DWIDTH 11 0
BBX 8 8 1 1
BITMAP
1E
25
47
81
85
42
20
10
ENDCHAR
STARTCHAR E327
ENCODING 58151
SWIDTH 660 0
DWIDTH 11 0
BBX 8 7 1 1
BITMAP
1E
25
47
81
81
42
04
ENDCHAR
STARTCHAR E328
ENCODING 58152
SWIDTH 660 0
DWIDTH 11 0
BBX 8 6 1 3
BITMAP
1E
25
47
81
89
4A
ENDCHAR
STARTCHAR E329
ENCODING 58153
SWIDTH 660 0
DWIDTH 11 0
BBX 8 8 1 1
BITMAP
1E
25
47
81
A5
62
20
10
ENDCHAR
STARTCHAR E32A
ENCODING 58154
SWIDTH 660 0
DWIDTH 11 0
BBX 8 8 1 1
BITMAP
1E
25
47
81
AD
76
30
10
ENDCHAR
STARTCHAR E32B
ENCODING 58155
SWIDTH 660 0
DWIDTH 11 0
BBX 5 6 3 3
BITMAP
20
E0
98
88
90
60
ENDCHAR
STARTCHAR E32C
ENCODING 58156
SWIDTH 660 0
DWIDTH 11 0
BBX 9 7 1 2
BITMAP
0F00
3480
6380
0900
F900
EE00
2000
ENDCHAR
STARTCHAR E32D
ENCODING 58157
SWIDTH 660 0
DWIDTH 11 0
BBX 9 7 1 2
BITMAP
0B00
3480
2380
0080
7100
FE00
7800
ENDCHAR
STARTCHAR E32E
ENCODING 58158
SWIDTH 660 0
DWIDTH 11 0
BBX 8 6 1 3
BITMAP
1F
25
47
81
81
7E
ENDCHAR
STARTCHAR E32F
ENCODING 58159
SWIDTH 660 0
DWIDTH 11 0
BBX 8 8 1 1
BITMAP
1F
25
47
81
AD
56
00
10
ENDCHAR
STARTCHAR E330
ENCODING 58160
SWIDTH 660 0
DWIDTH 11 0
BBX 8 6 1 2
BITMAP
1F
25
47
89
89
5A
ENDCHAR
STARTCHAR E331
ENCODING 58161
SWIDTH 660 0
DWIDTH 11 0
BBX 8 8 1 1
BITMAP
1F
25
47
81
85
46
20
10
ENDCHAR
STARTCHAR E332
ENCODING 58162
SWIDTH 660 0
DWIDTH 11 0
BBX 8 7 1 1
BITMAP
1F
25
47
81
91
6A
14
ENDCHAR
STARTCHAR E333
ENCODING 58163
SWIDTH 660 0
DWIDTH 11 0
BBX 8 8 1 1
BITMAP
1F
25
47
81
AD
76
10
10
ENDCHAR
STARTCHAR E334
ENCODING 58164
SWIDTH 660 0
DWIDTH 11 0
BBX 8 8 1 1
BITMAP
1F
25
47
81
85
42
20
10
ENDCHAR
STARTCHAR E335
ENCODING 58165
SWIDTH 660 0
DWIDTH 11 0
BBX 8 7 1 1
BITMAP
1F
25
47
81
81
46
04
ENDCHAR
STARTCHAR E336
ENCODING 58166
SWIDTH 660 0
DWIDTH 11 0
BBX 8 6 1 3
BITMAP
1F
25
47
81
89
4A
ENDCHAR
STARTCHAR E337
ENCODING 58167
SWIDTH 660 0
DWIDTH 11 0
BBX 8 8 1 1
BITMAP
1F
25
47
81
A5
6A
20
10
ENDCHAR
STARTCHAR E338
ENCODING 58168
SWIDTH 660 0
DWIDTH 11 0
BBX 8 8 1 1
BITMAP
1F
25
47
81
AD
76
30
10
ENDCHAR
STARTCHAR E339
ENCODING 58169
SWIDTH 660 0
DWIDTH 11 0
BBX 10 9 0 1
BITMAP
6380
9640
9400
6400
0400
0400
0400
0440
03C0
ENDCHAR
STARTCHAR E33A
ENCODING 58170
SWIDTH 660 0
DWIDTH 11 0
BBX 7 6 2 3
BITMAP
30
48
C4
92
B2
14
ENDCHAR
STARTCHAR E33B
ENCODING 58171
SWIDTH 660 0
DWIDTH 11 0
BBX 7 6 2 3
BITMAP
30
48
D4
B2
CA
34
ENDCHAR
STARTCHAR E33C
ENCODING 58172
SWIDTH 660 0
DWIDTH 11 0
BBX 7 6 2 3
BITMAP
30
48
C4
B2
92
14
ENDCHAR
STARTCHAR E33D
ENCODING 58173
SWIDTH 660 0
DWIDTH 11 0
BBX 7 6 2 3
BITMAP
30
48
C4
82
82
7C
ENDCHAR
STARTCHAR E33E
ENCODING 58174
SWIDTH 660 0
DWIDTH 11 0
BBX 4 4 3 8
BITMAP
20
50
90
70
ENDCHAR
STARTCHAR E33F
ENCODING 58175
SWIDTH 660 0
DWIDTH 11 0
BBX 6 7 2 3
BITMAP
04
0C
18
B0
E0
F0
F0
ENDCHAR
STARTCHAR E340
ENCODING 58176
SWIDTH 660 0
DWIDTH 11 0
BBX 7 10 2 1
BITMAP
30
30
30
30
30
30
F6
FC
78
30
ENDCHAR
STARTCHAR E341
ENCODING 58177
SWIDTH 660 0
DWIDTH 11 0
BBX 10 9 0 1
BITMAP
67C0
9400
9400
6400
07C0
0400
0400
0400
0400
ENDCHAR
STARTCHAR E342
ENCODING 58178
SWIDTH 660 0
DWIDTH 11 0
BBX 10 8 0 2
BITMAP
0400
0480
2080
1E00
1100
D140
0000
FFC0
ENDCHAR
STARTCHAR E343
ENCODING 58179
SWIDTH 660 0
DWIDTH 11 0
BBX 10 6 0 4
BITMAP
0400
4440
2480
1B00
1100
FFC0
ENDCHAR
STARTCHAR E344
ENCODING 58180
SWIDTH 660 0
DWIDTH 11 0
BBX 10 7 0 2
BITMAP
1000
3000
7FC0
FFC0
6000
3000
1000
ENDCHAR
STARTCHAR E345
ENCODING 58181
SWIDTH 660 0
DWIDTH 11 0
BBX 5 6 3 2
BITMAP
D8
D8
98
20
60
E0
ENDCHAR
STARTCHAR E346
ENCODING 58182
SWIDTH 660 0
DWIDTH 11 0
BBX 10 8 0 2
BITMAP
0380
1E80
1140
60C0
0000
7F80
FF80
3FC0
ENDCHAR
STARTCHAR E347
ENCODING 58183
SWIDTH 660 0
DWIDTH 11 0
BBX 7 11 2 1
BITMAP
08
0C
3E
6C
C8
C0
80
C0
60
38
08
ENDCHAR
STARTCHAR E348
ENCODING 58184
SWIDTH 660 0
DWIDTH 11 0
BBX 11 12 0 0
BITMAP
0C00
0E00
3E00
7E00
6C00
C000
C060
C060
C040
60C0
7F80
1F00
ENDCHAR
STARTCHAR E349
ENCODING 58185
SWIDTH 660 0
DWIDTH 11 0
BBX 10 7 0 3
BITMAP
0100
0380
01C0
FFC0
00C0
0180
0300
ENDCHAR
STARTCHAR E34A
ENCODING 58186
SWIDTH 660 0
DWIDTH 11 0
BBX 11 14 0 -1
BITMAP
0100
0380
0380
6000
F000
F000
F100
0380
07C0
07C0
0FE0
0FE0
0FC0
0780
ENDCHAR
STARTCHAR E34B
ENCODING 58187
SWIDTH 660 0
DWIDTH 11 0
BBX 11 6 0 3
BITMAP
00C0
0020
FFC0
FF00
0100
0300
ENDCHAR
STARTCHAR E34C
ENCODING 58188
SWIDTH 660 0
DWIDTH 11 0
BBX 11 8 0 3
BITMAP
0400
0400
2080
0E00
1100
D160
1500
1F00
ENDCHAR
STARTCHAR E34D
ENCODING 58189
SWIDTH 660 0
DWIDTH 11 0
BBX 11 9 0 1
BITMAP
0400
0400
2080
0E00
1100
D160
1100
0000
1F00
ENDCHAR
STARTCHAR E34E
ENCODING 58190
SWIDTH 660 0
DWIDTH 11 0
BBX 7 16 2 -2
BITMAP
10
38
48
48
48
48
48
48
48
4C
C4
82
82
C4
7C
10
ENDCHAR
STARTCHAR E34F
ENCODING 58191
SWIDTH 660 0
DWIDTH 11 0
BBX 3 9 4 0
BITMAP
40
40
40
40
40
40
E0
E0
C0
ENDCHAR
STARTCHAR E350
ENCODING 58192
SWIDTH 660 0
DWIDTH 11 0
BBX 7 16 2 -2
BITMAP
10
38
48
48
48
48
68
68
68
6C
F4
BA
BA
F4
7C
10
ENDCHAR
STARTCHAR E351
ENCODING 58193
SWIDTH 660 0
DWIDTH 11 0
BBX 8 8 1 2
BITMAP
08
77
61
9E
7C
78
70
70
ENDCHAR
STARTCHAR E352
ENCODING 58194
SWIDTH 660 0
DWIDTH 11 0
BBX 7 7 2 3
BITMAP
3C
0E
1E
36
60
C0
80
ENDCHAR
STARTCHAR E353
ENCODING 58195
SWIDTH 660 0
DWIDTH 11 0
BBX 7 11 2 1
BITMAP
10
38
7C
FE
30
30
30
30
30
30
10
ENDCHAR
STARTCHAR E354
ENCODING 58196
SWIDTH 660 0
DWIDTH 11 0
BBX 11 10 0 1
BITMAP
3F00
6080
4040
9040
8E60
8E60
9040
4040
6180
1F00
ENDCHAR
STARTCHAR E355
ENCODING 58197
SWIDTH 660 0
DWIDTH 11 0
BBX 11 10 0 1
BITMAP
3F00
6080
4040
8040
8E60
8C60
8440
4440
6180
1F00
ENDCHAR
STARTCHAR E356
ENCODING 58198
SWIDTH 660 0
DWIDTH 11 0
BBX 11 10 0 1
BITMAP
3F00
6080
4040
8040
8E60
8E60
8440
4040
6180
1F00
ENDCHAR
STARTCHAR E357
ENCODING 58199
SWIDTH 660 0
DWIDTH 11 0
BBX 11 10 0 1
BITMAP
3F00
6080
4040
8440
8C60
8E60
8A40
4040
6180
1F00
ENDCHAR
STARTCHAR E358
ENCODING 58200
SWIDTH 660 0
DWIDTH 11 0
BBX 11 10 0 1
BITMAP
3F00
6080
4040
8440
9C60
8E60
8240
4040
6180
1F00
ENDCHAR
STARTCHAR E359
ENCODING 58201
SWIDTH 660 0
DWIDTH 11 0
BBX 11 10 0 1
BITMAP
3F00
6080
4440
8440
8E60
8F60
8040
4040
6180
1F00
ENDCHAR
STARTCHAR E35A
ENCODING 58202
SWIDTH 660 0
DWIDTH 11 0
BBX 11 10 0 1
BITMAP
3F00
6080
4040
8A40
8E60
8C60
8440
4040
6180
1F00
ENDCHAR
STARTCHAR E35B
ENCODING 58203
SWIDTH 660 0
DWIDTH 11 0
BBX 11 10 0 1
BITMAP
3F00
6080
4040
8240
8E60
9E60
8240
4040
6180
1F00
ENDCHAR
STARTCHAR E35C
ENCODING 58204
SWIDTH 660 0
DWIDTH 11 0
BBX 11 12 0 0
BITMAP
0C00
3200
2100
C0C0
8020
8020
5040
3040
0F80
0F00
0600
0600
ENDCHAR
STARTCHAR E35D
ENCODING 58205
SWIDTH 660 0
DWIDTH 11 0
BBX 10 8 0 2
BITMAP
EF80
0000
3EC0
0000
FAC0
F8C0
5D80
5D80
ENDCHAR
STARTCHAR E35E
ENCODING 58206
SWIDTH 660 0
DWIDTH 11 0
BBX 7 6 2 1
BITMAP
30
48
C4
82
92
0C
ENDCHAR
STARTCHAR E35F
ENCODING 58207
SWIDTH 660 0
DWIDTH 11 0
BBX 10 9 0 1
BITMAP
0200
0080
1F00
2500
4740
8100
8180
4600
2000
ENDCHAR
STARTCHAR E360
ENCODING 58208
SWIDTH 660 0
DWIDTH 11 0
BBX 8 8 1 1
BITMAP
1F
25
47
81
81
46
20
10
ENDCHAR
STARTCHAR E361
ENCODING 58209
SWIDTH 660 0
DWIDTH 11 0
BBX 8 8 1 1
BITMAP
1E
25
47
81
81
42
20
10
ENDCHAR
STARTCHAR E362
ENCODING 58210
SWIDTH 660 0
DWIDTH 11 0
BBX 10 10 0 1
BITMAP
0200
1080
1F00
2500
4740
8100
A180
6600
2000
1000
ENDCHAR
STARTCHAR E363
ENCODING 58211
SWIDTH 660 0
DWIDTH 11 0
BBX 8 8 1 1
BITMAP
1F
25
47
81
A1
66
20
10
ENDCHAR
STARTCHAR E364
ENCODING 58212
SWIDTH 660 0
DWIDTH 11 0
BBX 8 8 1 1
BITMAP
1E
25
47
81
A1
66
20
10
ENDCHAR
STARTCHAR E365
ENCODING 58213
SWIDTH 660 0
DWIDTH 11 0
BBX 10 9 0 1
BITMAP
0200
1080
1F00
2500
4740
8100
A180
6600
2400
ENDCHAR
STARTCHAR E366
ENCODING 58214
SWIDTH 660 0
DWIDTH 11 0
BBX 8 7 1 1
BITMAP
1F
25
47
81
A1
66
24
ENDCHAR
STARTCHAR E367
ENCODING 58215
SWIDTH 660 0
DWIDTH 11 0
BBX 8 7 1 1
BITMAP
1E
25
47
81
A1
66
24
ENDCHAR
STARTCHAR E368
ENCODING 58216
SWIDTH 660 0
DWIDTH 11 0
BBX 10 10 0 1
BITMAP
0400
4080
2C00
1E00
1D00
9D40
1E00
2400
4480
0400
ENDCHAR
STARTCHAR E369
ENCODING 58217
SWIDTH 660 0
DWIDTH 11 0
BBX 5 6 3 3
BITMAP
60
F0
E8
E8
F0
20
ENDCHAR
STARTCHAR E36A
ENCODING 58218
SWIDTH 660 0
DWIDTH 11 0
BBX 8 11 1 1
BITMAP
01
02
0F
1F
3E
3F
4E
84
84
88
70
ENDCHAR
STARTCHAR E36B
ENCODING 58219
SWIDTH 660 0
DWIDTH 11 0
BBX 9 8 1 2
BITMAP
0800
4100
1C00
2400
8180
2C00
2A00
1A00
ENDCHAR
STARTCHAR E36C
ENCODING 58220
SWIDTH 660 0
DWIDTH 11 0
BBX 4 9 3 1
BITMAP
20
40
60
90
90
D0
30
20
40
ENDCHAR
STARTCHAR E36D
ENCODING 58221
SWIDTH 660 0
DWIDTH 11 0
BBX 9 10 1 1
BITMAP
3800
3C00
FF00
FF80
FF80
FF00
3F00
1E00
1C00
0C00
ENDCHAR
STARTCHAR E36E
ENCODING 58222
SWIDTH 660 0
DWIDTH 11 0
BBX 8 9 1 1
BITMAP
3E
7F
7F
FF
99
49
3E
1C
08
ENDCHAR
STARTCHAR E36F
ENCODING 58223
SWIDTH 660 0
DWIDTH 11 0
BBX 7 7 1 2
BITMAP
08
48
2A
1C
FE
1C
28
ENDCHAR
STARTCHAR E370
ENCODING 58224
SWIDTH 660 0
DWIDTH 11 0
BBX 9 8 1 2
BITMAP
2000
7000
2000
0000
0180
8100
1000
1800
ENDCHAR
STARTCHAR E371
ENCODING 58225
SWIDTH 660 0
DWIDTH 11 0
BBX 6 8 2 2
BITMAP
10
30
78
7C
FC
7C
7C
30
ENDCHAR
STARTCHAR E372
ENCODING 58226
SWIDTH 660 0
DWIDTH 11 0
BBX 8 9 1 1
BITMAP
3E
49
85
AB
99
41
62
1C
18
ENDCHAR
STARTCHAR E373
ENCODING 58227
SWIDTH 660 0
DWIDTH 11 0
BBX 8 10 1 1
BITMAP
18
3C
3E
6B
B7
D5
F9
69
7E
1C
ENDCHAR
STARTCHAR E374
ENCODING 58228
SWIDTH 660 0
DWIDTH 11 0
BBX 8 4 1 3
BITMAP
AB
EB
AF
10
ENDCHAR
STARTCHAR E375
ENCODING 58229
SWIDTH 660 0
DWIDTH 11 0
BBX 9 8 1 2
BITMAP
0800
1C00
0800
0800
0800
2000
FF80
FF80
ENDCHAR
STARTCHAR E376
ENCODING 58230
SWIDTH 660 0
DWIDTH 11 0
BBX 8 6 1 2
BITMAP
78
84
84
7F
0C
10
ENDCHAR
STARTCHAR E377
ENCODING 58231
SWIDTH 660 0
DWIDTH 11 0
BBX 8 7 1 3
BITMAP
38
44
82
81
82
7D
0F
ENDCHAR
STARTCHAR E378
ENCODING 58232
SWIDTH 660 0
DWIDTH 11 0
BBX 8 7 1 3
BITMAP
38
44
82
81
83
7D
0F
ENDCHAR
STARTCHAR E379
ENCODING 58233
SWIDTH 660 0
DWIDTH 11 0
BBX 6 6 2 3
BITMAP
18
28
24
54
88
78
ENDCHAR
STARTCHAR E37A
ENCODING 58234
SWIDTH 660 0
DWIDTH 11 0
BBX 8 6 1 3
BITMAP
20
45
FF
FC
02
04
ENDCHAR
STARTCHAR E37B
ENCODING 58235
SWIDTH 660 0
DWIDTH 11 0
BBX 6 6 2 3
BITMAP
18
24
24
54
88
78
ENDCHAR
STARTCHAR E37C
ENCODING 58236
SWIDTH 660 0
DWIDTH 11 0
BBX 10 10 0 1
BITMAP
0400
3B00
4080
8040
FFC0
0400
0400
0400
2400
1800
ENDCHAR
STARTCHAR E37D
ENCODING 58237
SWIDTH 660 0
DWIDTH 11 0
BBX 10 9 0 2
BITMAP
0200
0080
0700
0900
0140
0E00
7A00
F200
3000
ENDCHAR
STARTCHAR E37E
ENCODING 58238
SWIDTH 660 0
DWIDTH 11 0
BBX 8 6 1 3
BITMAP
1E
25
47
81
81
7E
ENDCHAR
STARTCHAR E37F
ENCODING 58239
SWIDTH 660 0
DWIDTH 11 0
BBX 6 7 2 3
BITMAP
F0
F0
E0
B0
18
0C
04
ENDCHAR
STARTCHAR E380
ENCODING 58240
SWIDTH 660 0
DWIDTH 11 0
BBX 7 7 2 3
BITMAP
80
C0
60
36
1E
0E
3C
ENDCHAR
STARTCHAR E381
ENCODING 58241
SWIDTH 660 0
DWIDTH 11 0
BBX 11 10 0 1
BITMAP
3F00
6480
4440
8440
8460
8060
8040
4040
6180
1F00
ENDCHAR
STARTCHAR E382
ENCODING 58242
SWIDTH 660 0
DWIDTH 11 0
BBX 11 10 0 1
BITMAP
3F00
6080
4440
8640
8460
8060
8040
4040
6180
1F00
ENDCHAR
STARTCHAR E383
ENCODING 58243
SWIDTH 660 0
DWIDTH 11 0
BBX 11 10 0 1
BITMAP
3F00
6080
4440
8440
8660
8060
8040
4040
6180
1F00
ENDCHAR
STARTCHAR E384
ENCODING 58244
SWIDTH 660 0
DWIDTH 11 0
BBX 11 10 0 1
BITMAP
3F00
6080
4440
8440
8460
8260
8040
4040
6180
1F00
ENDCHAR
STARTCHAR E385
ENCODING 58245
SWIDTH 660 0
DWIDTH 11 0
BBX 11 10 0 1
BITMAP
3F00
6080
4440
8440
8460
8660
8040
4040
6180
1F00
ENDCHAR
STARTCHAR E386
ENCODING 58246
SWIDTH 660 0
DWIDTH 11 0
BBX 11 10 0 1
BITMAP
3F00
6080
4440
8440
8460
8460
8240
4040
6180
1F00
ENDCHAR
STARTCHAR E387
ENCODING 58247
SWIDTH 660 0
DWIDTH 11 0
BBX 11 10 0 1
BITMAP
3F00
6080
4440
8440
8460
8460
8440
4040
6180
1F00
ENDCHAR
STARTCHAR E388
ENCODING 58248
SWIDTH 660 0
DWIDTH 11 0
BBX 11 10 0 1
BITMAP
3F00
6080
4440
8440
8460
8860
8840
4040
6180
1F00
ENDCHAR
STARTCHAR E389
ENCODING 58249
SWIDTH 660 0
DWIDTH 11 0
BBX 11 10 0 1
BITMAP
3F00
6080
4440
8440
8460
8860
8040
4040
6180
1F00
ENDCHAR
STARTCHAR E38A
ENCODING 58250
SWIDTH 660 0
DWIDTH 11 0
BBX 11 10 0 1
BITMAP
3F00
6080
4440
8440
8460
9860
8040
4040
6180
1F00
ENDCHAR
STARTCHAR E38B
ENCODING 58251
SWIDTH 660 0
DWIDTH 11 0
BBX 11 10 0 1
BITMAP
3F00
6080
4440
8440
8C60
8060
8040
4040
6180
1F00
ENDCHAR
STARTCHAR E38C
ENCODING 58252
SWIDTH 660 0
DWIDTH 11 0
BBX 11 10 0 1
BITMAP
3F00
6080
4440
8C40
8460
8060
8040
4040
6180
1F00
ENDCHAR
STARTCHAR E38D
ENCODING 58253
SWIDTH 660 0
DWIDTH 11 0
BBX 11 10 0 1
BITMAP
3F00
4080
8040
8040
8020
8020
8040
8040
4080
3F00
ENDCHAR
STARTCHAR E38E
ENCODING 58254
SWIDTH 660 0
DWIDTH 11 0
BBX 5 10 6 1
BITMAP
C0
20
30
10
18
18
10
30
20
C0
ENDCHAR
STARTCHAR E38F
ENCODING 58255
SWIDTH 660 0
DWIDTH 11 0
BBX 5 10 6 1
BITMAP
C0
60
30
30
38
38
30
30
60
C0
ENDCHAR
STARTCHAR E390
ENCODING 58256
SWIDTH 660 0
DWIDTH 11 0
BBX 5 10 6 1
BITMAP
C0
60
70
30
38
38
30
70
60
C0
ENDCHAR
STARTCHAR E391
ENCODING 58257
SWIDTH 660 0
DWIDTH 11 0
BBX 5 10 6 1
BITMAP
C0
E0
70
70
78
78
70
70
60
C0
ENDCHAR
STARTCHAR E392
ENCODING 58258
SWIDTH 660 0
DWIDTH 11 0
BBX 5 10 6 1
BITMAP
C0
E0
F0
F0
F8
F8
F0
F0
E0
C0
ENDCHAR
STARTCHAR E393
ENCODING 58259
SWIDTH 660 0
DWIDTH 11 0
BBX 5 10 6 1
BITMAP
C0
E0
F0
F0
F8
F8
F0
F0
E0
C0
ENDCHAR
STARTCHAR E394
ENCODING 58260
SWIDTH 660 0
DWIDTH 11 0
BBX 6 10 5 1
BITMAP
E0
F0
F8
F8
FC
FC
F8
F8
F0
E0
ENDCHAR
STARTCHAR E395
ENCODING 58261
SWIDTH 660 0
DWIDTH 11 0
BBX 6 10 5 1
BITMAP
E0
F0
F8
F8
FC
FC
F8
F8
F0
E0
ENDCHAR
STARTCHAR E396
ENCODING 58262
SWIDTH 660 0
DWIDTH 11 0
BBX 7 10 4 1
BITMAP
70
78
FC
FC
FE
FE
FC
FC
78
70
ENDCHAR
STARTCHAR E397
ENCODING 58263
SWIDTH 660 0
DWIDTH 11 0
BBX 7 10 4 1
BITMAP
70
F8
FC
FC
FE
FE
FC
FC
F8
70
ENDCHAR
STARTCHAR E398
ENCODING 58264
SWIDTH 660 0
DWIDTH 11 0
BBX 8 10 3 1
BITMAP
38
7C
7E
FE
FF
FF
FE
7E
7C
38
ENDCHAR
STARTCHAR E399
ENCODING 58265
SWIDTH 660 0
DWIDTH 11 0
BBX 8 10 3 1
BITMAP
78
7C
FE
FE
FF
FF
FE
FE
7C
78
ENDCHAR
STARTCHAR E39A
ENCODING 58266
SWIDTH 660 0
DWIDTH 11 0
BBX 9 10 2 1
BITMAP
3C00
7E00
7F00
FF00
FF80
FF80
FF00
7F00
7E00
3C00
ENDCHAR
STARTCHAR E39B
ENCODING 58267
SWIDTH 660 0
DWIDTH 11 0
BBX 11 10 0 1
BITMAP
3F00
7F80
7FC0
FFC0
FFE0
FFE0
FFC0
7FC0
7F80
1F00
ENDCHAR
STARTCHAR E39C
ENCODING 58268
SWIDTH 660 0
DWIDTH 11 0
BBX 9 10 0 1
BITMAP
1E00
7F00
7F00
FF80
FF80
FF80
FF80
7F00
7F00
1E00
ENDCHAR
STARTCHAR E39D
ENCODING 58269
SWIDTH 660 0
DWIDTH 11 0
BBX 8 10 0 1
BITMAP
3C
7E
7F
FF
FF
FF
FF
7F
7E
1E
ENDCHAR
STARTCHAR E39E
ENCODING 58270
SWIDTH 660 0
DWIDTH 11 0
BBX 8 10 0 1
BITMAP
3C
7E
7E
FF
FF
FF
FF
7E
7E
1C
ENDCHAR
STARTCHAR E39F
ENCODING 58271
SWIDTH 660 0
DWIDTH 11 0
BBX 7 10 0 1
BITMAP
3C
7E
7E
FE
FE
FE
FE
7E
7E
1C
ENDCHAR
STARTCHAR E3A0
ENCODING 58272
SWIDTH 660 0
DWIDTH 11 0
BBX 7 10 0 1
BITMAP
3C
7C
7E
FE
FE
FE
FE
7E
7C
1C
ENDCHAR
STARTCHAR E3A1
ENCODING 58273
SWIDTH 660 0
DWIDTH 11 0
BBX 6 10 0 1
BITMAP
3C
7C
7C
FC
FC
FC
FC
7C
7C
1C
ENDCHAR
STARTCHAR E3A2
ENCODING 58274
SWIDTH 660 0
DWIDTH 11 0
BBX 5 10 0 1
BITMAP
38
78
78
F8
F8
F8
F8
78
78
18
ENDCHAR
STARTCHAR E3A3
ENCODING 58275
SWIDTH 660 0
DWIDTH 11 0
BBX 5 10 0 1
BITMAP
38
78
78
F8
F8
F8
F8
78
78
18
ENDCHAR
STARTCHAR E3A4
ENCODING 58276
SWIDTH 660 0
DWIDTH 11 0
BBX 5 10 0 1
BITMAP
38
70
70
F0
F0
F0
F0
70
70
18
ENDCHAR
STARTCHAR E3A5
ENCODING 58277
SWIDTH 660 0
DWIDTH 11 0
BBX 5 10 0 1
BITMAP
38
70
70
E0
E0
E0
E0
70
70
18
ENDCHAR
STARTCHAR E3A6
ENCODING 58278
SWIDTH 660 0
DWIDTH 11 0
BBX 5 10 0 1
BITMAP
38
60
60
E0
C0
C0
E0
60
60
10
ENDCHAR
STARTCHAR E3A7
ENCODING 58279
SWIDTH 660 0
DWIDTH 11 0
BBX 4 10 0 1
BITMAP
30
60
40
C0
C0
C0
C0
40
60
10
ENDCHAR
STARTCHAR E3A8
ENCODING 58280
SWIDTH 660 0
DWIDTH 11 0
BBX 4 10 0 1
BITMAP
30
40
40
80
80
80
80
40
40
30
ENDCHAR
STARTCHAR E3A9
ENCODING 58281
SWIDTH 660 0
DWIDTH 11 0
BBX 11 10 0 1
BITMAP
3F00
6080
4440
8440
8C60
8C60
8E40
4240
6180
1F00
ENDCHAR
STARTCHAR E3AA
ENCODING 58282
SWIDTH 660 0
DWIDTH 11 0
BBX 10 10 0 1
BITMAP
0200
1080
1F00
2500
4740
8100
8180
4600
2000
1000
ENDCHAR
STARTCHAR E3AB
ENCODING 58283
SWIDTH 660 0
DWIDTH 11 0
BBX 8 8 1 1
BITMAP
1F
25
47
81
81
46
20
10
ENDCHAR
STARTCHAR E3AC
ENCODING 58284
SWIDTH 660 0
DWIDTH 11 0
BBX 8 8 1 1
BITMAP
1E
25
47
81
81
46
20
10
ENDCHAR
STARTCHAR E3AD
ENCODING 58285
SWIDTH 660 0
DWIDTH 11 0
BBX 7 8 2 1
BITMAP
30
48
84
82
82
1C
00
20
ENDCHAR
STARTCHAR E3AE
ENCODING 58286
SWIDTH 660 0
DWIDTH 11 0
BBX 7 6 2 4
BITMAP
10
44
38
C2
64
38
ENDCHAR
STARTCHAR E3AF
ENCODING 58287
SWIDTH 660 0
DWIDTH 11 0
BBX 9 6 1 3
BITMAP
0200
FE00
0100
0280
0280
0300
ENDCHAR
STARTCHAR E3B0
ENCODING 58288
SWIDTH 660 0
DWIDTH 11 0
BBX 7 6 2 3
BITMAP
06
FC
02
0A
02
04
ENDCHAR
STARTCHAR E3B1
ENCODING 58289
SWIDTH 660 0
DWIDTH 11 0
BBX 9 6 1 3
BITMAP
0200
FE00
0100
0A80
0300
0300
ENDCHAR
STARTCHAR E3B2
ENCODING 58290
SWIDTH 660 0
DWIDTH 11 0
BBX 9 6 1 3
BITMAP
0200
FE00
0100
0280
0180
0300
ENDCHAR
STARTCHAR E3B3
ENCODING 58291
SWIDTH 660 0
DWIDTH 11 0
BBX 9 6 1 3
BITMAP
0200
FE00
0080
0B80
0380
0100
ENDCHAR
STARTCHAR E3B4
ENCODING 58292
SWIDTH 660 0
DWIDTH 11 0
BBX 9 6 1 3
BITMAP
0200
FE00
0380
0A00
0180
0300
ENDCHAR
STARTCHAR E3B5
ENCODING 58293
SWIDTH 660 0
DWIDTH 11 0
BBX 9 6 1 3
BITMAP
0200
FE00
0100
0A00
0380
0300
ENDCHAR
STARTCHAR E3B6
ENCODING 58294
SWIDTH 660 0
DWIDTH 11 0
BBX 9 6 1 3
BITMAP
0200
FC00
0380
0900
0100
0200
ENDCHAR
STARTCHAR E3B7
ENCODING 58295
SWIDTH 660 0
DWIDTH 11 0
BBX 9 6 1 3
BITMAP
0200
FE00
0100
0A80
0380
0300
ENDCHAR
STARTCHAR E3B8
ENCODING 58296
SWIDTH 660 0
DWIDTH 11 0
BBX 9 6 1 3
BITMAP
0200
FE00
0500
0280
0380
0300
ENDCHAR
STARTCHAR E3B9
ENCODING 58297
SWIDTH 660 0
DWIDTH 11 0
BBX 11 6 0 3
BITMAP
0200
FE00
0740
02A0
0340
02C0
ENDCHAR
STARTCHAR E3BA
ENCODING 58298
SWIDTH 660 0
DWIDTH 11 0
BBX 9 6 1 3
BITMAP
0600
FC00
0280
0A80
0300
0700
ENDCHAR
STARTCHAR E3BB
ENCODING 58299
SWIDTH 660 0
DWIDTH 11 0
BBX 11 6 0 3
BITMAP
0200
FE00
0740
02A0
02C0
03C0
ENDCHAR
STARTCHAR E3BC
ENCODING 58300
SWIDTH 660 0
DWIDTH 11 0
BBX 9 8 0 2
BITMAP
0200
1080
0700
0900
2100
FB00
7880
7200
ENDCHAR
STARTCHAR E3BD
ENCODING 58301
SWIDTH 660 0
DWIDTH 11 0
BBX 10 10 0 1
BITMAP
0F80
30C0
4F80
5100
8700
8800
9180
9240
A240
FFC0
ENDCHAR
STARTCHAR E3BE
ENCODING 58302
SWIDTH 660 0
DWIDTH 11 0
BBX 11 10 0 1
BITMAP
2200
2200
2300
2B00
5D00
DDE0
1980
1900
1100
1100
ENDCHAR
STARTCHAR E3BF
ENCODING 58303
SWIDTH 660 0
DWIDTH 11 0
BBX 11 12 0 0
BITMAP
0800
1800
3A00
3D00
3F80
3F80
5F80
7FC0
7FC0
3F80
7FC0
FFE0
ENDCHAR
STARTCHAR E3C0
ENCODING 58304
SWIDTH 660 0
DWIDTH 11 0
BBX 10 14 0 -1
BITMAP
0C00
1C00
3F00
3F00
0E00
0C00
0400
0C00
0E00
1B00
7980
7D80
F9C0
E3C0
ENDCHAR
STARTCHAR E3C1
ENCODING 58305
SWIDTH 660 0
DWIDTH 11 0
BBX 6 6 2 3
BITMAP
30
50
88
84
94
7C
ENDCHAR
STARTCHAR E3C2
ENCODING 58306
SWIDTH 660 0
DWIDTH 11 0
BBX 6 7 2 1
BITMAP
30
50
88
84
84
00
7C
ENDCHAR
STARTCHAR E3C3
ENCODING 58307
SWIDTH 660 0
DWIDTH 11 0
BBX 10 10 0 1
BITMAP
0300
0380
0300
0300
F300
B700
BF80
FF80
7F80
7BC0
ENDCHAR
STARTCHAR E3C4
ENCODING 58308
SWIDTH 660 0
DWIDTH 11 0
BBX 9 16 1 -2
BITMAP
C000
F000
FC00
FF80
FE00
F000
C000
8000
8000
8000
8000
8000
8000
8000
8000
8000
ENDCHAR
STARTCHAR E3C5
ENCODING 58309
SWIDTH 660 0
DWIDTH 11 0
BBX 9 16 1 -2
BITMAP
C000
F000
FC00
FF80
FE00
F000
C000
C000
F800
FE00
FF80
FC00
F000
8000
8000
8000
ENDCHAR
STARTCHAR E3C6
ENCODING 58310
SWIDTH 660 0
DWIDTH 11 0
BBX 9 16 1 -2
BITMAP
FF80
FF80
E180
E180
FF80
FF80
8000
8000
8000
8000
8000
8000
8000
8000
8000
8000
ENDCHAR
STARTCHAR E3C7
ENCODING 58311
SWIDTH 660 0
DWIDTH 11 0
BBX 9 16 1 -2
BITMAP
FF80
FF80
E180
E180
FF80
FF80
8000
FF80
FF80
E180
E180
FF80
FF80
8000
8000
8000
ENDCHAR
STARTCHAR E3C8
ENCODING 58312
SWIDTH 660 0
DWIDTH 11 0
BBX 11 10 0 1
BITMAP
3F00
7E80
7F40
FF40
FFA0
FFA0
FF40
7F40
7F80
1F00
ENDCHAR
STARTCHAR E3C9
ENCODING 58313
SWIDTH 660 0
DWIDTH 11 0
BBX 11 10 0 1
BITMAP
3F00
7E80
7F40
FF40
FF20
FF20
FF40
7F40
7E80
1F00
ENDCHAR
STARTCHAR E3CA
ENCODING 58314
SWIDTH 660 0
DWIDTH 11 0
BBX 11 10 0 1
BITMAP
3F00
7E80
7E40
FE40
FF20
FF20
FE40
7E40
7E80
1F00
ENDCHAR
STARTCHAR E3CB
ENCODING 58315
SWIDTH 660 0
DWIDTH 11 0
BBX 11 10 0 1
BITMAP
3F00
7C80
7E40
FE40
FE20
FE20
FE40
7E40
7C80
1F00
ENDCHAR
STARTCHAR E3CC
ENCODING 58316
SWIDTH 660 0
DWIDTH 11 0
BBX 11 10 0 1
BITMAP
3F00
7C80
7C40
FE40
FE20
FE20
FE40
7C40
7C80
1F00
ENDCHAR
STARTCHAR E3CD
ENCODING 58317
SWIDTH 660 0
DWIDTH 11 0
BBX 11 10 0 1
BITMAP
3F00
7C80
7C40
FC40
FC20
FC20
FC40
7C40
7C80
1F00
ENDCHAR
STARTCHAR E3CE
ENCODING 58318
SWIDTH 660 0
DWIDTH 11 0
BBX 11 10 0 1
BITMAP
3F00
7880
7840
F840
F820
F820
F840
7840
7880
1F00
ENDCHAR
STARTCHAR E3CF
ENCODING 58319
SWIDTH 660 0
DWIDTH 11 0
BBX 11 10 0 1
BITMAP
3F00
7880
7840
F840
F820
F820
F840
7840
7880
1F00
ENDCHAR
STARTCHAR E3D0
ENCODING 58320
SWIDTH 660 0
DWIDTH 11 0
BBX 11 10 0 1
BITMAP
3F00
7080
7040
F040
F020
F020
F040
7040
7080
1F00
ENDCHAR
STARTCHAR E3D1
ENCODING 58321
SWIDTH 660 0
DWIDTH 11 0
BBX 11 10 0 1
BITMAP
3F00
7080
7040
E040
E020
E020
E040
7040
7080
1F00
ENDCHAR
STARTCHAR E3D2
ENCODING 58322
SWIDTH 660 0
DWIDTH 11 0
BBX 11 10 0 1
BITMAP
3F00
7080
6040
E040
E020
E020
E040
6040
6080
1F00
ENDCHAR
STARTCHAR E3D3
ENCODING 58323
SWIDTH 660 0
DWIDTH 11 0
BBX 11 10 0 1
BITMAP
3F00
6080
4040
C040
C020
C020
C040
4040
6080
1F00
ENDCHAR
STARTCHAR E3D4
ENCODING 58324
SWIDTH 660 0
DWIDTH 11 0
BBX 11 10 0 1
BITMAP
3F00
4080
4040
8040
8020
8020
8040
4040
6080
1F00
ENDCHAR
STARTCHAR E3D5
ENCODING 58325
SWIDTH 660 0
DWIDTH 11 0
BBX 11 10 0 1
BITMAP
3F00
4080
8040
8040
8020
8020
8040
8040
4080
3F00
ENDCHAR
STARTCHAR E3D6
ENCODING 58326
SWIDTH 660 0
DWIDTH 11 0
BBX 11 10 0 1
BITMAP
3F00
4080
80C0
8040
8060
8060
8040
80C0
4080
3F00
ENDCHAR
STARTCHAR E3D7
ENCODING 58327
SWIDTH 660 0
DWIDTH 11 0
BBX 11 10 0 1
BITMAP
3F00
4180
80C0
80C0
80E0
80E0
80C0
80C0
4180
3F00
ENDCHAR
STARTCHAR E3D8
ENCODING 58328
SWIDTH 660 0
DWIDTH 11 0
BBX 11 10 0 1
BITMAP
3F00
4180
81C0
81C0
81E0
81E0
81C0
81C0
4180
3F00
ENDCHAR
STARTCHAR E3D9
ENCODING 58329
SWIDTH 660 0
DWIDTH 11 0
BBX 11 10 0 1
BITMAP
3F00
4380
81C0
81C0
81E0
81E0
81C0
81C0
4380
3F00
ENDCHAR
STARTCHAR E3DA
ENCODING 58330
SWIDTH 660 0
DWIDTH 11 0
BBX 11 10 0 1
BITMAP
3F00
4380
83C0
83C0
81E0
81E0
83C0
83C0
4380
3F00
ENDCHAR
STARTCHAR E3DB
ENCODING 58331
SWIDTH 660 0
DWIDTH 11 0
BBX 11 10 0 1
BITMAP
3F00
4380
83C0
83C0
83E0
83E0
83C0
83C0
4380
3F00
ENDCHAR
STARTCHAR E3DC
ENCODING 58332
SWIDTH 660 0
DWIDTH 11 0
BBX 11 10 0 1
BITMAP
3F00
4780
87C0
87C0
87E0
87E0
87C0
87C0
4780
3F00
ENDCHAR
STARTCHAR E3DD
ENCODING 58333
SWIDTH 660 0
DWIDTH 11 0
BBX 11 10 0 1
BITMAP
3F00
4780
87C0
87C0
87E0
87E0
87C0
87C0
4780
3F00
ENDCHAR
STARTCHAR E3DE
ENCODING 58334
SWIDTH 660 0
DWIDTH 11 0
BBX 11 10 0 1
BITMAP
3F00
4780
87C0
87C0
8FE0
8FE0
8FC0
87C0
4780
3F00
ENDCHAR
STARTCHAR E3DF
ENCODING 58335
SWIDTH 660 0
DWIDTH 11 0
BBX 11 10 0 1
BITMAP
3F00
4780
8FC0
8FC0
8FE0
8FE0
8FC0
8FC0
4780
3F00
ENDCHAR
STARTCHAR E3E0
ENCODING 58336
SWIDTH 660 0
DWIDTH 11 0
BBX 11 10 0 1
BITMAP
3F00
4F80
8FC0
8FC0
8FE0
8FE0
8FC0
8FC0
4F80
3F00
ENDCHAR
STARTCHAR E3E1
ENCODING 58337
SWIDTH 660 0
DWIDTH 11 0
BBX 11 10 0 1
BITMAP
3F00
4F80
9FC0
9FC0
9FE0
9FE0
9FC0
9FC0
5F80
3F00
ENDCHAR
STARTCHAR E3E2
ENCODING 58338
SWIDTH 660 0
DWIDTH 11 0
BBX 11 10 0 1
BITMAP
3F00
5F80
9FC0
BFC0
BFE0
BFE0
BFC0
BFC0
5F80
3F00
ENDCHAR
STARTCHAR E3E3
ENCODING 58339
SWIDTH 660 0
DWIDTH 11 0
BBX 11 10 0 1
BITMAP
3F00
7F80
7FC0
FFC0
FFE0
FFE0
FFC0
7FC0
7F80
1F00
ENDCHAR
STARTCHAR E5FA
ENCODING 58874
SWIDTH 660 0
DWIDTH 11 0
BBX 11 8 0 2
BITMAP
FC00
FFE0
FFE0
EFA0
EFA0
8820
FFE0
FFE0
ENDCHAR
STARTCHAR E5FB
ENCODING 58875
SWIDTH 660 0
DWIDTH 11 0
BBX 11 8 0 2
BITMAP
FC00
FFE0
FBE0
E5E0
CAE0
E5E0
F3E0
FFE0
ENDCHAR
STARTCHAR E5FC
ENCODING 58876
SWIDTH 660 0
DWIDTH 11 0
BBX 11 8 0 2
BITMAP
FC00
FFE0
F1E0
E0E0
ECE0
CCE0
F1E0
FFE0
ENDCHAR
STARTCHAR E5FD
ENCODING 58877
SWIDTH 660 0
DWIDTH 11 0
BBX 11 8 0 2
BITMAP
FC00
FFE0
E0E0
E0E0
CEE0
D5E0
FEE0
FFE0
ENDCHAR
STARTCHAR E5FE
ENCODING 58878
SWIDTH 660 0
DWIDTH 11 0
BBX 10 8 0 2
BITMAP
F000
FF80
8000
BFC0
FFC0
FFC0
FF80
FF80
ENDCHAR
STARTCHAR E5FF
ENCODING 58879
SWIDTH 660 0
DWIDTH 11 0
BBX 11 8 0 2
BITMAP
FC00
FFE0
FFE0
FFE0
FFE0
FFE0
FFE0
FFE0
ENDCHAR
STARTCHAR E600
ENCODING 58880
SWIDTH 660 0
DWIDTH 11 0
BBX 11 14 0 -1
BITMAP
0060
0080
0100
0200
0200
0200
0C00
0800
0800
1000
1000
2000
4000
8000
ENDCHAR
STARTCHAR E601
ENCODING 58881
SWIDTH 660 0
DWIDTH 11 0
BBX 11 10 0 1
BITMAP
F000
0000
7800
0000
0000
3BC0
0000
3D60
0000
7800
ENDCHAR
STARTCHAR E602
ENCODING 58882
SWIDTH 660 0
DWIDTH 11 0
BBX 9 14 1 -1
BITMAP
8000
C000
F000
F800
FC00
FE00
FF80
FF00
FE00
FC00
F000
E000
C000
8000
ENDCHAR
STARTCHAR E603
ENCODING 58883
SWIDTH 660 0
DWIDTH 11 0
BBX 11 12 0 1
BITMAP
0FC0
3020
6040
C040
8180
8600
4000
3C00
1000
7000
5000
7000
ENDCHAR
STARTCHAR E604
ENCODING 58884
SWIDTH 660 0
DWIDTH 11 0
BBX 10 10 0 1
BITMAP
03C0
0FC0
1E00
1C00
7C00
3800
3C00
7C00
FE00
7C00
ENDCHAR
STARTCHAR E605
ENCODING 58885
SWIDTH 660 0
DWIDTH 11 0
BBX 11 10 0 1
BITMAP
0DC0
1F60
7DA0
7C00
FBC0
7FC0
86C0
7CC0
BF40
DB80
ENDCHAR
STARTCHAR E606
ENCODING 58886
SWIDTH 660 0
DWIDTH 11 0
BBX 11 10 0 2
BITMAP
3F00
1F00
7F80
FFC0
FEE0
CFE0
DFC0
1F80
1F00
1F00
ENDCHAR
STARTCHAR E607
ENCODING 58887
SWIDTH 660 0
DWIDTH 11 0
BBX 10 16 0 -2
BITMAP
E0C0
E0C0
E1C0
E180
E000
E000
FF80
FFC0
E0C0
80C0
00C0
80C0
C0C0
E0C0
C0C0
00C0
ENDCHAR
STARTCHAR E608
ENCODING 58888
SWIDTH 660 0
DWIDTH 11 0
BBX 11 8 0 2
BITMAP
7200
FF80
FFC0
F7E0
BFC0
5F80
2980
0880
ENDCHAR
STARTCHAR E609
ENCODING 58889
SWIDTH 660 0
DWIDTH 11 0
BBX 10 12 0 0
BITMAP
2000
3300
3F00
3F00
3F00
3F00
FFC0
7F80
3F00
1E00
0C00
0400
ENDCHAR
STARTCHAR E60A
ENCODING 58890
SWIDTH 660 0
DWIDTH 11 0
BBX 8 15 1 -2
BITMAP
18
24
42
32
AE
CE
FE
FE
7A
76
6E
7A
A7
A3
E3
ENDCHAR
STARTCHAR E60B
ENCODING 58891
SWIDTH 660 0
DWIDTH 11 0
BBX 11 11 0 1
BITMAP
3100
71C0
60C0
60C0
60C0
C0E0
C0C0
60C0
60C0
60C0
7180
ENDCHAR
STARTCHAR E60C
ENCODING 58892
SWIDTH 660 0
DWIDTH 11 0
BBX 11 8 0 2
BITMAP
33C0
3740
3600
3380
31C0
3060
F6C0
E780
ENDCHAR
STARTCHAR E60D
ENCODING 58893
SWIDTH 660 0
DWIDTH 11 0
BBX 11 9 0 2
BITMAP
FF00
8000
8000
FFE0
C1A0
C0A0
4820
5DA0
3FE0
ENDCHAR
STARTCHAR E60E
ENCODING 58894
SWIDTH 660 0
DWIDTH 11 0
BBX 11 8 0 2
BITMAP
1100
3180
60C0
C060
C060
60C0
3180
1100
ENDCHAR
STARTCHAR E60F
ENCODING 58895
SWIDTH 660 0
DWIDTH 11 0
BBX 11 2 0 5
BITMAP
BF60
F1E0
ENDCHAR
STARTCHAR E610
ENCODING 58896
SWIDTH 660 0
DWIDTH 11 0
BBX 7 16 2 -2
BITMAP
80
40
40
20
7E
FE
FC
FC
FC
7C
7C
7C
78
78
78
10
ENDCHAR
STARTCHAR E611
ENCODING 58897
SWIDTH 660 0
DWIDTH 11 0
BBX 10 12 0 0
BITMAP
EFC0
7F80
FFC0
7FC0
FFC0
FFC0
7F80
3F80
BFC0
FFC0
7F80
3F00
ENDCHAR
STARTCHAR E612
ENCODING 58898
SWIDTH 660 0
DWIDTH 11 0
BBX 11 12 0 0
BITMAP
FFC0
FFC0
0000
0000
FF80
0000
0000
FFE0
0000
0000
FC00
FC00
ENDCHAR
STARTCHAR E613
ENCODING 58899
SWIDTH 660 0
DWIDTH 11 0
BBX 11 8 0 2
BITMAP
F800
FFE0
FFE0
FFE0
FFE0
FFE0
FFE0
FFE0
ENDCHAR
STARTCHAR E614
ENCODING 58900
SWIDTH 660 0
DWIDTH 11 0
BBX 11 10 0 1
BITMAP
1980
1980
1980
7FE0
3300
3300
FFC0
3300
3300
6600
ENDCHAR
STARTCHAR E615
ENCODING 58901
SWIDTH 660 0
DWIDTH 11 0
BBX 11 10 0 1
BITMAP
3300
1F00
FFC0
F1E0
61C0
61C0
F1C0
7FC0
1F00
3B00
ENDCHAR
STARTCHAR E616
ENCODING 58902
SWIDTH 660 0
DWIDTH 11 0
BBX 11 4 0 4
BITMAP
FFE0
A420
E5A0
1A40
ENDCHAR
STARTCHAR E617
ENCODING 58903
SWIDTH 660 0
DWIDTH 11 0
BBX 11 12 0 0
BITMAP
0400
1F00
3F80
FFC0
FFE0
F3E0
F1E0
F1E0
F1E0
F1E0
E0E0
0020
ENDCHAR
STARTCHAR E618
ENCODING 58904
SWIDTH 660 0
DWIDTH 11 0
BBX 11 8 0 2
BITMAP
1100
3180
60C0
C060
C060
60C0
3180
1100
ENDCHAR
STARTCHAR E619
ENCODING 58905
SWIDTH 660 0
DWIDTH 11 0
BBX 11 10 0 1
BITMAP
F000
FC00
1E00
E700
F380
79C0
1CC0
4EC0
E6C0
E6E0
ENDCHAR
STARTCHAR E61A
ENCODING 58906
SWIDTH 660 0
DWIDTH 11 0
BBX 11 10 0 1
BITMAP
1800
7D80
EF80
F700
FFC0
F8E0
83C0
4400
3E00
0800
ENDCHAR
STARTCHAR E61B
ENCODING 58907
SWIDTH 660 0
DWIDTH 11 0
BBX 11 8 0 2
BITMAP
0F00
5040
7FE0
7FC0
FFC0
BF80
DF00
1F00
ENDCHAR
STARTCHAR E61C
ENCODING 58908
SWIDTH 660 0
DWIDTH 11 0
BBX 10 16 0 -2
BITMAP
0040
0180
0100
0200
0200
0200
0400
0400
0600
9600
8E00
4E00
C600
4600
4E00
4000
ENDCHAR
STARTCHAR E61D
ENCODING 58909
SWIDTH 660 0
DWIDTH 11 0
BBX 11 12 0 0
BITMAP
0C00
3F00
7BC0
E0E0
CCE0
CFA0
CEA0
CDE0
E0E0
7FC0
1F00
0C00
ENDCHAR
STARTCHAR E61E
ENCODING 58910
SWIDTH 660 0
DWIDTH 11 0
BBX 11 12 0 0
BITMAP
0C00
3F00
7BC0
E0E0
CCE0
CFE0
CFE0
CCE0
E0E0
7FC0
1F00
0C00
ENDCHAR
STARTCHAR E61F
ENCODING 58911
SWIDTH 660 0
DWIDTH 11 0
BBX 11 8 0 2
BITMAP
D800
7800
2DE0
37E0
36E0
6FE0
7980
D180
ENDCHAR
STARTCHAR E620
ENCODING 58912
SWIDTH 660 0
DWIDTH 11 0
BBX 11 10 0 1
BITMAP
00E0
1EE0
7D00
7880
F880
FF80
FF80
FF80
7F00
3E00
ENDCHAR
STARTCHAR E621
ENCODING 58913
SWIDTH 660 0
DWIDTH 11 0
BBX 1 13 5 -2
BITMAP
80
00
80
00
80
00
00
00
00
00
00
00
80
ENDCHAR
STARTCHAR E622
ENCODING 58914
SWIDTH 660 0
DWIDTH 11 0
BBX 11 14 0 -1
BITMAP
F3C0
F3C0
F780
FF00
FE00
FE00
7C00
7E00
7E00
7F00
3780
3780
33C0
11E0
ENDCHAR
STARTCHAR E623
ENCODING 58915
SWIDTH 660 0
DWIDTH 11 0
BBX 10 10 0 1
BITMAP
0400
0400
0E00
3F80
FFC0
3F80
1F00
3F00
3B00
2000
ENDCHAR
STARTCHAR E624
ENCODING 58916
SWIDTH 660 0
DWIDTH 11 0
BBX 11 10 0 1
BITMAP
0E00
1F00
1F00
1E00
0C00
7180
FBC0
FBE0
FBC0
71C0
ENDCHAR
STARTCHAR E625
ENCODING 58917
SWIDTH 660 0
DWIDTH 11 0
BBX 10 10 0 1
BITMAP
3300
2C80
2D00
7280
9D40
9540
7380
2C80
2480
1B00
ENDCHAR
STARTCHAR E626
ENCODING 58918
SWIDTH 660 0
DWIDTH 11 0
BBX 11 15 0 -2
BITMAP
7FC0
FDC0
CD80
B640
8C40
8040
8040
8020
8040
8040
8040
8080
4080
A180
5E00
ENDCHAR
STARTCHAR E627
ENCODING 58919
SWIDTH 660 0
DWIDTH 11 0
BBX 10 14 0 -2
BITMAP
3F40
DDC0
7780
7F80
7FC0
7FC0
7FC0
FFC0
7FC0
7FC0
7FC0
7F80
7F80
7F80
ENDCHAR
STARTCHAR E628
ENCODING 58920
SWIDTH 660 0
DWIDTH 11 0
BBX 11 6 0 3
BITMAP
FBC0
2260
2380
20C0
2260
23C0
ENDCHAR
STARTCHAR E629
ENCODING 58921
SWIDTH 660 0
DWIDTH 11 0
BBX 11 12 0 0
BITMAP
6B00
6C80
7B80
5880
5B80
EF80
FA40
BB80
BBC0
B9E0
FB40
ED80
ENDCHAR
STARTCHAR E62A
ENCODING 58922
SWIDTH 660 0
DWIDTH 11 0
BBX 11 10 0 1
BITMAP
FFE0
FFE0
FFE0
FFE0
FFE0
FFE0
FFE0
FFE0
FFE0
FFE0
ENDCHAR
STARTCHAR E62B
ENCODING 58923
SWIDTH 660 0
DWIDTH 11 0
BBX 11 10 0 1
BITMAP
F3E0
71C0
7380
7700
7E00
7C00
7800
7000
6000
4000
ENDCHAR
STARTCHAR E62C
ENCODING 58924
SWIDTH 660 0
DWIDTH 11 0
BBX 11 10 0 1
BITMAP
FFE0
FEE0
FE60
FDA0
FBC0
F7C0
EFA0
DF60
BFE0
7FE0
ENDCHAR
STARTCHAR E62D
ENCODING 58925
SWIDTH 660 0
DWIDTH 11 0
BBX 10 16 0 -2
BITMAP
0400
0C00
1C00
1C00
3E00
3E00
7F00
7F80
7FC0
FFC0
FFC0
7FC0
7FC0
7F80
3700
0C00
ENDCHAR
STARTCHAR E62E
ENCODING 58926
SWIDTH 660 0
DWIDTH 11 0
BBX 10 12 0 0
BITMAP
0400
0600
0200
6D40
B140
4140
8500
A100
9040
8E40
1180
0C00
ENDCHAR
STARTCHAR E62F
ENCODING 58927
SWIDTH 660 0
DWIDTH 11 0
BBX 10 10 0 1
BITMAP
1E00
3F80
77C0
87C0
87C0
47C0
6FC0
7F80
7F00
0E00
ENDCHAR
STARTCHAR E630
ENCODING 58928
SWIDTH 660 0
DWIDTH 11 0
BBX 10 6 0 3
BITMAP
0080
0E40
4040
8E80
DE00
4000
ENDCHAR
STARTCHAR E631
ENCODING 58929
SWIDTH 660 0
DWIDTH 11 0
BBX 10 16 0 -2
BITMAP
F800
F800
D800
F800
FC00
0E00
07C0
03C0
03C0
07C0
0C00
F800
F800
D800
F800
F800
ENDCHAR
STARTCHAR E632
ENCODING 58930
SWIDTH 660 0
DWIDTH 11 0
BBX 11 10 0 2
BITMAP
3F00
7880
65C0
EFC0
FBE0
C7E0
CFC0
60C0
7F80
1F00
ENDCHAR
STARTCHAR E633
ENCODING 58931
SWIDTH 660 0
DWIDTH 11 0
BBX 10 11 0 0
BITMAP
0100
0100
0200
0E00
3FC0
FFC0
EE00
DC00
BC00
7E00
3B00
ENDCHAR
STARTCHAR E634
ENCODING 58932
SWIDTH 660 0
DWIDTH 11 0
BBX 10 10 0 1
BITMAP
FFC0
FF80
FF00
FE00
FC00
FC00
FE00
FF00
FF80
FFC0
ENDCHAR
STARTCHAR E635
ENCODING 58933
SWIDTH 660 0
DWIDTH 11 0
BBX 10 12 0 0
BITMAP
0300
0600
0400
7FC0
FFC0
FF80
FF80
FF80
FFC0
7FC0
7FC0
3F80
ENDCHAR
STARTCHAR E636
ENCODING 58934
SWIDTH 660 0
DWIDTH 11 0
BBX 11 12 0 0
BITMAP
3100
3300
3300
3300
3300
3300
F3E0
73C0
3380
1F00
0E00
0400
ENDCHAR
STARTCHAR E637
ENCODING 58935
SWIDTH 660 0
DWIDTH 11 0
BBX 11 4 0 4
BITMAP
4D20
A960
67A0
8DA0
ENDCHAR
STARTCHAR E638
ENCODING 58936
SWIDTH 660 0
DWIDTH 11 0
BBX 11 8 0 2
BITMAP
0440
1CC0
FEC0
FDA0
FDA0
FEC0
1C40
0480
ENDCHAR
STARTCHAR E639
ENCODING 58937
SWIDTH 660 0
DWIDTH 11 0
BBX 11 12 0 0
BITMAP
0100
0FC0
1C60
6840
0980
1F80
1D80
3180
2300
6600
5C00
E000
ENDCHAR
STARTCHAR E63A
ENCODING 58938
SWIDTH 660 0
DWIDTH 11 0
BBX 11 10 0 1
BITMAP
2180
73C0
FBC0
FDA0
FE60
5EC0
5D80
1B00
0E00
0400
ENDCHAR
STARTCHAR E63B
ENCODING 58939
SWIDTH 660 0
DWIDTH 11 0
BBX 11 10 0 1
BITMAP
0E00
1800
0E00
1800
3000
7000
7FC0
9F40
BE20
7FC0
ENDCHAR
STARTCHAR E63C
ENCODING 58940
SWIDTH 660 0
DWIDTH 11 0
BBX 11 6 0 3
BITMAP
4E00
DF00
5000
5000
5FE0
4FE0
ENDCHAR
STARTCHAR E63D
ENCODING 58941
SWIDTH 660 0
DWIDTH 11 0
BBX 11 8 0 2
BITMAP
7F80
FFE0
FFE0
F9C0
3800
8720
FBE0
7800
ENDCHAR
STARTCHAR E63E
ENCODING 58942
SWIDTH 660 0
DWIDTH 11 0
BBX 11 10 0 1
BITMAP
0400
1580
1DC0
0DC0
E400
04E0
F6E0
F6E0
F6E0
E200
ENDCHAR
STARTCHAR E63F
ENCODING 58943
SWIDTH 660 0
DWIDTH 11 0
BBX 10 10 0 1
BITMAP
00C0
00C0
01C0
0380
0300
E700
FE00
7C00
3C00
1800
ENDCHAR
STARTCHAR E640
ENCODING 58944
SWIDTH 660 0
DWIDTH 11 0
BBX 11 10 0 1
BITMAP
FFC0
8060
8060
8060
8060
8060
8060
8060
8060
FFC0
ENDCHAR
STARTCHAR E641
ENCODING 58945
SWIDTH 660 0
DWIDTH 11 0
BBX 11 10 0 1
BITMAP
3F00
6080
4440
8440
8720
8420
8040
4040
6080
1F00
ENDCHAR
STARTCHAR E642
ENCODING 58946
SWIDTH 660 0
DWIDTH 11 0
BBX 11 10 0 1
BITMAP
3F00
5F80
20C0
D8C0
D860
D060
DCC0
6C00
7F80
1F00
ENDCHAR
STARTCHAR E643
ENCODING 58947
SWIDTH 660 0
DWIDTH 11 0
BBX 11 5 0 4
BITMAP
1380
3BC0
7CE0
E640
4000
ENDCHAR
STARTCHAR E644
ENCODING 58948
SWIDTH 660 0
DWIDTH 11 0
BBX 11 11 0 0
BITMAP
0700
0DC0
1840
1060
1060
1840
0CC0
1F00
3000
6000
C000
ENDCHAR
STARTCHAR E645
ENCODING 58949
SWIDTH 660 0
DWIDTH 11 0
BBX 11 8 0 2
BITMAP
0060
00C0
0180
71C0
F3C0
C200
FE00
7C00
ENDCHAR
STARTCHAR E646
ENCODING 58950
SWIDTH 660 0
DWIDTH 11 0
BBX 11 10 0 1
BITMAP
1C00
7E00
7400
E480
CFE0
C480
E080
7600
7E00
1C00
ENDCHAR
STARTCHAR E647
ENCODING 58951
SWIDTH 660 0
DWIDTH 11 0
BBX 11 12 0 0
BITMAP
0C00
3F00
7FC0
FFE0
E5E0
CEE0
DE60
E5E0
FFE0
7FC0
1F00
0C00
ENDCHAR
STARTCHAR E648
ENCODING 58952
SWIDTH 660 0
DWIDTH 11 0
BBX 11 10 0 1
BITMAP
1C00
7E00
74C0
E1E0
C140
C1C0
E180
7600
7E00
1C00
ENDCHAR
STARTCHAR E649
ENCODING 58953
SWIDTH 660 0
DWIDTH 11 0
BBX 11 14 0 -1
BITMAP
0F80
3FE0
7FE0
7820
F000
E000
E000
E000
E000
F000
7820
7FE0
1FE0
0700
ENDCHAR
STARTCHAR E64A
ENCODING 58954
SWIDTH 660 0
DWIDTH 11 0
BBX 11 10 0 1
BITMAP
FFE0
FFE0
C460
FFE0
FFE0
C460
FFE0
C460
FFE0
FFE0
ENDCHAR
STARTCHAR E64B
ENCODING 58955
SWIDTH 660 0
DWIDTH 11 0
BBX 10 10 0 -1
BITMAP
1C00
7E00
6400
E000
EBC0
EF40
E000
7600
3E00
1C00
ENDCHAR
STARTCHAR E64C
ENCODING 58956
SWIDTH 660 0
DWIDTH 11 0
BBX 11 10 0 1
BITMAP
1E00
3F00
5F80
4FC0
C7E0
C3E0
41E0
40E0
2080
1F80
ENDCHAR
STARTCHAR E64D
ENCODING 58957
SWIDTH 660 0
DWIDTH 11 0
BBX 11 11 0 0
BITMAP
0E00
FFE0
FFE0
FFE0
3F00
FFE0
FFE0
7FC0
8020
FFE0
FFE0
ENDCHAR
STARTCHAR E64E
ENCODING 58958
SWIDTH 660 0
DWIDTH 11 0
BBX 11 12 0 0
BITMAP
FFE0
FFE0
0000
0000
FC00
0000
0000
FFE0
0000
0000
FF00
FF00
ENDCHAR
STARTCHAR E64F
ENCODING 58959
SWIDTH 660 0
DWIDTH 11 0
BBX 11 8 0 2
BITMAP
0E00
3F80
F3E0
7BC0
3F80
4080
3F80
1F00
ENDCHAR
STARTCHAR E650
ENCODING 58960
SWIDTH 660 0
DWIDTH 11 0
BBX 10 5 0 4
BITMAP
3880
7AC0
FF80
EF00
FE00
ENDCHAR
STARTCHAR E651
ENCODING 58961
SWIDTH 660 0
DWIDTH 11 0
BBX 11 12 0 0
BITMAP
FC00
FF80
E3C0
E1C0
E0C0
E0E0
E0E0
E0C0
E1C0
E780
FF00
F800
ENDCHAR
STARTCHAR E652
ENCODING 58962
SWIDTH 660 0
DWIDTH 11 0
BBX 11 12 0 -1
BITMAP
1800
3800
3800
3EC0
7FE0
7FC0
FFC0
FF00
FE00
FC00
F800
6000
ENDCHAR
STARTCHAR E653
ENCODING 58963
SWIDTH 660 0
DWIDTH 11 0
BBX 10 16 0 -2
BITMAP
0400
0C00
1C00
1C00
3000
2E00
6F00
6380
71C0
FDC0
FDC0
41C0
7FC0
6780
3F00
0400
ENDCHAR
STARTCHAR E654
ENCODING 58964
SWIDTH 660 0
DWIDTH 11 0
BBX 10 8 0 2
BITMAP
0400
0C00
0A00
1B00
3B00
3F80
7BC0
FFC0
ENDCHAR
STARTCHAR E655
ENCODING 58965
SWIDTH 660 0
DWIDTH 11 0
BBX 10 9 0 2
BITMAP
1F00
3B80
6180
4EC0
DEC0
DEC0
4EC0
6180
3F80
ENDCHAR
STARTCHAR E656
ENCODING 58966
SWIDTH 660 0
DWIDTH 11 0
BBX 9 14 1 -1
BITMAP
0800
1C00
3C00
3E00
7E00
7F00
FF80
7E00
1C00
C100
6600
3C00
1C00
0800
ENDCHAR
STARTCHAR E657
ENCODING 58967
SWIDTH 660 0
DWIDTH 11 0
BBX 11 14 0 -1
BITMAP
2000
2000
7400
7C80
6D80
5BC0
77C0
AFC0
DFC0
BFC0
7FC0
FFE0
3F80
0E00
ENDCHAR
STARTCHAR E658
ENCODING 58968
SWIDTH 660 0
DWIDTH 11 0
BBX 11 10 0 1
BITMAP
1E00
5080
70C0
F840
C0E0
F4C0
F8C0
7BC0
3F80
1F00
ENDCHAR
STARTCHAR E659
ENCODING 58969
SWIDTH 660 0
DWIDTH 11 0
BBX 10 8 0 2
BITMAP
1000
1800
1900
2E80
4E80
7DC0
4640
C600
ENDCHAR
STARTCHAR E65A
ENCODING 58970
SWIDTH 660 0
DWIDTH 11 0
BBX 10 10 0 1
BITMAP
0C00
1E00
3B00
7180
E8C0
69C0
3380
1F00
0E00
0400
ENDCHAR
STARTCHAR E65B
ENCODING 58971
SWIDTH 660 0
DWIDTH 11 0
BBX 11 10 0 2
BITMAP
1F00
7F80
40C0
C0C0
C060
C060
C0C0
73C0
4180
3100
ENDCHAR
STARTCHAR E65C
ENCODING 58972
SWIDTH 660 0
DWIDTH 11 0
BBX 10 12 0 0
BITMAP
0080
6080
6080
60C0
61C0
FFC0
FFC0
FFC0
3F80
1F00
0E00
0400
ENDCHAR
STARTCHAR E65D
ENCODING 58973
SWIDTH 660 0
DWIDTH 11 0
BBX 10 10 0 2
BITMAP
0C00
1600
3B00
7980
FAC0
FAC0
7B80
3B00
1E00
0C00
ENDCHAR
STARTCHAR E65E
ENCODING 58974
SWIDTH 660 0
DWIDTH 11 0
BBX 11 4 0 4
BITMAP
0DC0
F160
1740
1DC0
ENDCHAR
STARTCHAR E65F
ENCODING 58975
SWIDTH 660 0
DWIDTH 11 0
BBX 10 10 0 1
BITMAP
1B00
1F00
FFC0
FFC0
4F40
7F40
7FC0
57C0
7FC0
3F00
ENDCHAR
STARTCHAR E660
ENCODING 58976
SWIDTH 660 0
DWIDTH 11 0
BBX 11 8 0 2
BITMAP
00C0
1C20
3F60
77C0
FF80
FF00
FF00
9300
ENDCHAR
STARTCHAR E661
ENCODING 58977
SWIDTH 660 0
DWIDTH 11 0
BBX 10 6 0 3
BITMAP
3F80
1F00
CE40
6480
4480
0C00
ENDCHAR
STARTCHAR E662
ENCODING 58978
SWIDTH 660 0
DWIDTH 11 0
BBX 11 12 0 0
BITMAP
0C00
0E00
3D40
D2E0
9140
A140
A0C0
C040
FFE0
1100
0E00
0C00
ENDCHAR
STARTCHAR E663
ENCODING 58979
SWIDTH 660 0
DWIDTH 11 0
BBX 10 14 0 -1
BITMAP
0800
1800
3800
7800
F000
EBC0
DB40
BAC0
79C0
03C0
F3C0
E380
C300
8200
ENDCHAR
STARTCHAR E664
ENCODING 58980
SWIDTH 660 0
DWIDTH 11 0
BBX 11 14 0 -1
BITMAP
C000
E080
61C0
63C0
3700
3F00
1C80
3840
3C60
3BC0
3800
7000
7000
3000
ENDCHAR
STARTCHAR E665
ENCODING 58981
SWIDTH 660 0
DWIDTH 11 0
BBX 11 10 0 1
BITMAP
DFE0
DFE0
1FE0
0000
DFE0
DFE0
0000
1FE0
DFE0
DFE0
ENDCHAR
STARTCHAR E666
ENCODING 58982
SWIDTH 660 0
DWIDTH 11 0
BBX 11 10 0 1
BITMAP
FBE0
8420
8E60
9F40
7FC0
7FC0
9F40
8E60
8420
FBE0
ENDCHAR
STARTCHAR E667
ENCODING 58983
SWIDTH 660 0
DWIDTH 11 0
BBX 10 10 0 1
BITMAP
1F00
3F80
7F80
61C0
E0C0
E0C0
71C0
7F80
3F80
1F00
ENDCHAR
STARTCHAR E668
ENCODING 58984
SWIDTH 660 0
DWIDTH 11 0
BBX 10 8 0 2
BITMAP
0080
1F00
7280
DC40
9840
7080
2F00
4000
ENDCHAR
STARTCHAR E669
ENCODING 58985
SWIDTH 660 0
DWIDTH 11 0
BBX 11 10 0 1
BITMAP
FFE0
FFE0
E6E0
E7E0
EEE0
E2E0
DAE0
FFE0
FFE0
FFE0
ENDCHAR
STARTCHAR E66A
ENCODING 58986
SWIDTH 660 0
DWIDTH 11 0
BBX 11 10 0 1
BITMAP
3F00
4080
4C40
8040
8C20
8420
8440
4440
6880
1F00
ENDCHAR
STARTCHAR E66B
ENCODING 58987
SWIDTH 660 0
DWIDTH 11 0
BBX 11 10 0 1
BITMAP
3FC0
60C0
40C0
8E40
9E20
9E20
8E40
4040
6080
1F00
ENDCHAR
STARTCHAR E66C
ENCODING 58988
SWIDTH 660 0
DWIDTH 11 0
BBX 11 10 0 2
BITMAP
0200
0340
0140
1CC0
7FE0
7FE0
7FA0
FFE0
7F40
7F00
ENDCHAR
STARTCHAR E66D
ENCODING 58989
SWIDTH 660 0
DWIDTH 11 0
BBX 10 16 0 -2
BITMAP
01C0
01C0
01C0
01C0
01C0
01C0
01C0
01C0
01C0
01C0
01C0
01C0
73C0
FF80
7F00
0C00
ENDCHAR
STARTCHAR E66E
ENCODING 58990
SWIDTH 660 0
DWIDTH 11 0
BBX 9 16 1 -2
BITMAP
1800
6600
5200
C100
8500
8600
4200
5200
FF00
FD00
F600
FF80
E780
6400
2200
1C00
ENDCHAR
STARTCHAR E66F
ENCODING 58991
SWIDTH 660 0
DWIDTH 11 0
BBX 11 10 0 1
BITMAP
0060
FFC0
7F00
3F80
2200
6E80
7F80
6D80
7F80
6D80
ENDCHAR
STARTCHAR E670
ENCODING 58992
SWIDTH 660 0
DWIDTH 11 0
BBX 11 11 0 1
BITMAP
0800
3C00
3E80
7E80
66C0
5CC0
CDC0
EDC0
EDC0
CDC0
7DE0
ENDCHAR
STARTCHAR E671
ENCODING 58993
SWIDTH 660 0
DWIDTH 11 0
BBX 11 10 0 1
BITMAP
7400
7680
7700
7780
7780
7FC0
7FC0
6000
FFE0
6000
ENDCHAR
STARTCHAR E672
ENCODING 58994
SWIDTH 660 0
DWIDTH 11 0
BBX 11 12 0 1
BITMAP
1E00
3F00
3180
3180
3180
FFE0
FFE0
FFE0
FFE0
FFE0
FFE0
FFE0
ENDCHAR
STARTCHAR E673
ENCODING 58995
SWIDTH 660 0
DWIDTH 11 0
BBX 11 10 0 1
BITMAP
C0E0
E1E0
F3E0
FFE0
DFE0
CEE0
C0E0
C0E0
C0E0
C0E0
ENDCHAR
STARTCHAR E674
ENCODING 58996
SWIDTH 660 0
DWIDTH 11 0
BBX 7 14 2 -1
BITMAP
18
7C
7C
FE
FE
7E
FC
78
38
10
10
10
08
08
ENDCHAR
STARTCHAR E675
ENCODING 58997
SWIDTH 660 0
DWIDTH 11 0
BBX 11 8 0 2
BITMAP
3FC0
4020
5620
9920
9420
53A0
4020
3FC0
ENDCHAR
STARTCHAR E676
ENCODING 58998
SWIDTH 660 0
DWIDTH 11 0
BBX 11 12 0 0
BITMAP
FE00
8500
8480
8380
8080
8300
84C0
8940
8BA0
8940
8840
F780
ENDCHAR
STARTCHAR E677
ENCODING 58999
SWIDTH 660 0
DWIDTH 11 0
BBX 10 8 0 2
BITMAP
0400
7F80
FFC0
4040
8440
7F80
3F80
0C00
ENDCHAR
STARTCHAR E678
ENCODING 59000
SWIDTH 660 0
DWIDTH 11 0
BBX 11 12 0 0
BITMAP
FF80
FF80
C180
C1A0
FFA0
FF80
FFA0
FF80
FFA0
FF80
FF80
FF80
ENDCHAR
STARTCHAR E679
ENCODING 59001
SWIDTH 660 0
DWIDTH 11 0
BBX 10 10 0 1
BITMAP
0E00
1200
1100
3B80
7380
71C0
71C0
61C0
E0C0
60C0
ENDCHAR
STARTCHAR E67A
ENCODING 59002
SWIDTH 660 0
DWIDTH 11 0
BBX 11 10 0 1
BITMAP
7FC0
FFC0
FFC0
8FC0
0640
00C0
87C0
FFC0
DBC0
0020
ENDCHAR
STARTCHAR E67B
ENCODING 59003
SWIDTH 660 0
DWIDTH 11 0
BBX 11 10 0 1
BITMAP
FFC0
8460
FFE0
8460
FFE0
FFE0
CC60
8FE0
CFE0
FFC0
ENDCHAR
STARTCHAR E67C
ENCODING 59004
SWIDTH 660 0
DWIDTH 11 0
BBX 11 9 0 2
BITMAP
4040
8040
A740
B520
8320
8D20
AD40
A740
4040
ENDCHAR
STARTCHAR E67D
ENCODING 59005
SWIDTH 660 0
DWIDTH 11 0
BBX 11 10 0 1
BITMAP
0C00
1400
0C00
0C00
0C00
0A00
1DE0
30C0
E000
C000
ENDCHAR
STARTCHAR E67E
ENCODING 59006
SWIDTH 660 0
DWIDTH 11 0
BBX 11 12 0 0
BITMAP
0300
E780
6F80
7FC0
7FC0
7FE0
1F40
1540
1540
1240
1240
1040
ENDCHAR
STARTCHAR E67F
ENCODING 59007
SWIDTH 660 0
DWIDTH 11 0
BBX 11 10 0 1
BITMAP
FFE0
FFE0
C7E0
DAE0
D5E0
C4E0
DF60
DC60
FFE0
FFE0
ENDCHAR
STARTCHAR E680
ENCODING 59008
SWIDTH 660 0
DWIDTH 11 0
BBX 11 10 0 1
BITMAP
E1C0
9F20
E1C0
0200
0400
0800
1000
E1E0
9F20
E1E0
ENDCHAR
STARTCHAR E681
ENCODING 59009
SWIDTH 660 0
DWIDTH 11 0
BBX 11 10 0 1
BITMAP
FF00
FF00
FF00
0000
1FE0
1FE0
0000
00E0
00E0
00E0
ENDCHAR
STARTCHAR E682
ENCODING 59010
SWIDTH 660 0
DWIDTH 11 0
BBX 11 12 0 0
BITMAP
2180
2100
1F00
7FC0
9E40
8E20
EDA0
C440
6CC0
7F80
3F00
0E00
ENDCHAR
STARTCHAR E683
ENCODING 59011
SWIDTH 660 0
DWIDTH 11 0
BBX 11 10 0 1
BITMAP
8000
E000
F000
3C00
1E00
1E00
7C00
F000
C000
87E0
ENDCHAR
STARTCHAR E684
ENCODING 59012
SWIDTH 660 0
DWIDTH 11 0
BBX 11 12 0 0
BITMAP
0400
0E00
1A00
1900
3900
7880
7080
F040
F040
7020
31C0
3E00
ENDCHAR
STARTCHAR E685
ENCODING 59013
SWIDTH 660 0
DWIDTH 11 0
BBX 11 12 0 0
BITMAP
4000
A1C0
FFC0
8460
B360
9140
CCC0
7F40
4080
3500
1E00
0400
ENDCHAR
STARTCHAR E686
ENCODING 59014
SWIDTH 660 0
DWIDTH 11 0
BBX 10 6 0 3
BITMAP
7F80
EF40
6B40
3F80
2F00
0E00
ENDCHAR
STARTCHAR E687
ENCODING 59015
SWIDTH 660 0
DWIDTH 11 0
BBX 11 10 0 1
BITMAP
FFE0
FFE0
FFE0
FFE0
FFE0
E220
EAE0
E220
EAE0
FFE0
ENDCHAR
STARTCHAR E688
ENCODING 59016
SWIDTH 660 0
DWIDTH 11 0
BBX 11 10 0 1
BITMAP
F3C0
F3E0
F3E0
F3C0
F000
F000
F000
F000
F000
F000
ENDCHAR
STARTCHAR E689
ENCODING 59017
SWIDTH 660 0
DWIDTH 11 0
BBX 10 14 0 -1
BITMAP
FF00
FD80
FBC0
F3C0
F1C0
E0C0
C1C0
C380
8700
8F00
1F80
1F80
3FC0
3FC0
ENDCHAR
STARTCHAR E68A
ENCODING 59018
SWIDTH 660 0
DWIDTH 11 0
BBX 11 8 0 2
BITMAP
3F00
70C0
EFC0
CCE0
CFC0
6F40
1F80
0CC0
ENDCHAR
STARTCHAR E68B
ENCODING 59019
SWIDTH 660 0
DWIDTH 11 0
BBX 10 10 0 1
BITMAP
3E00
2180
7E80
D3C0
9E40
9340
7BC0
71C0
3380
1E00
ENDCHAR
STARTCHAR E68C
ENCODING 59020
SWIDTH 660 0
DWIDTH 11 0
BBX 11 8 0 2
BITMAP
3600
7F80
7FC0
FFE0
FFC0
FFC0
3E00
1800
ENDCHAR
STARTCHAR E68D
ENCODING 59021
SWIDTH 660 0
DWIDTH 11 0
BBX 11 10 0 1
BITMAP
3F00
7F80
7800
FFC0
F000
FFE0
E000
7FC0
7F80
1F00
ENDCHAR
STARTCHAR E68E
ENCODING 59022
SWIDTH 660 0
DWIDTH 11 0
BBX 9 14 1 -1
BITMAP
0380
FF80
FF80
FF00
E000
0780
FF80
FF80
FE00
8080
1F80
FF80
FF80
FC00
ENDCHAR
STARTCHAR E68F
ENCODING 59023
SWIDTH 660 0
DWIDTH 11 0
BBX 10 10 0 1
BITMAP
3E00
6300
C100
8180
8180
C100
6300
3F80
00C0
0040
ENDCHAR
STARTCHAR E690
ENCODING 59024
SWIDTH 660 0
DWIDTH 11 0
BBX 11 10 0 1
BITMAP
3000
BFE0
3000
0180
FDE0
FDC0
0100
0C00
FFE0
0C00
ENDCHAR
STARTCHAR E691
ENCODING 59025
SWIDTH 660 0
DWIDTH 11 0
BBX 8 16 1 -2
BITMAP
08
08
3C
7E
63
63
70
7C
1E
07
C3
E3
7F
3E
18
08
ENDCHAR
STARTCHAR E692
ENCODING 59026
SWIDTH 660 0
DWIDTH 11 0
BBX 11 10 0 1
BITMAP
FFC0
E1E0
C060
C4E0
E1E0
FFE0
FFE0
FFE0
FFE0
FFC0
ENDCHAR
STARTCHAR E693
ENCODING 59027
SWIDTH 660 0
DWIDTH 11 0
BBX 8 16 1 -2
BITMAP
18
7E
FF
FF
FF
FF
7F
7E
3E
3E
00
00
3C
00
3C
38
ENDCHAR
STARTCHAR E694
ENCODING 59028
SWIDTH 660 0
DWIDTH 11 0
BBX 11 10 0 2
BITMAP
3F40
7FC0
7F40
F020
C020
C1A0
C240
4C40
7180
3F00
ENDCHAR
STARTCHAR E695
ENCODING 59029
SWIDTH 660 0
DWIDTH 11 0
BBX 10 9 0 1
BITMAP
71C0
F7C0
61C0
61C0
7180
3180
1300
1E00
0C00
ENDCHAR
STARTCHAR E696
ENCODING 59030
SWIDTH 660 0
DWIDTH 11 0
BBX 11 10 0 2
BITMAP
3F00
7F80
71C0
EDC0
F3E0
F9E0
EDC0
73C0
7F80
1F00
ENDCHAR
STARTCHAR E697
ENCODING 59031
SWIDTH 660 0
DWIDTH 11 0
BBX 11 12 0 0
BITMAP
0F80
18C0
7040
C760
CFC0
D8C0
C240
FE40
98C0
C180
6700
3C00
ENDCHAR
STARTCHAR E698
ENCODING 59032
SWIDTH 660 0
DWIDTH 11 0
BBX 11 10 0 1
BITMAP
7800
FC00
E000
E000
6FE0
0FE0
0FE0
0FE0
0FE0
0FE0
ENDCHAR
STARTCHAR E699
ENCODING 59033
SWIDTH 660 0
DWIDTH 11 0
BBX 10 9 1 2
BITMAP
4200
2100
5100
3980
1F80
0F80
CF80
7FC0
0C40
ENDCHAR
STARTCHAR E69A
ENCODING 59034
SWIDTH 660 0
DWIDTH 11 0
BBX 11 12 0 0
BITMAP
8000
E000
E020
ECE0
6FE0
0FE0
07C0
0F00
0E00
0E00
0600
0200
ENDCHAR
STARTCHAR E69B
ENCODING 59035
SWIDTH 660 0
DWIDTH 11 0
BBX 10 6 0 3
BITMAP
F140
C080
5C80
4D40
1400
1C00
ENDCHAR
STARTCHAR E69C
ENCODING 59036
SWIDTH 660 0
DWIDTH 11 0
BBX 11 10 0 1
BITMAP
FFC0
C060
C060
C160
D660
DC60
C860
C060
C060
FFC0
ENDCHAR
STARTCHAR E69D
ENCODING 59037
SWIDTH 660 0
DWIDTH 11 0
BBX 11 10 0 1
BITMAP
FFE0
FFE0
FFE0
FFE0
C260
F5E0
F4E0
F760
F520
FFE0
ENDCHAR
STARTCHAR E69E
ENCODING 59038
SWIDTH 660 0
DWIDTH 11 0
BBX 11 13 0 0
BITMAP
0040
0DE0
2DC0
2D80
8000
1F00
3F80
7F00
7E00
7800
7180
3B80
1F00
ENDCHAR
STARTCHAR E69F
ENCODING 59039
SWIDTH 660 0
DWIDTH 11 0
BBX 11 10 0 1
BITMAP
3F00
7F80
67C0
E3C0
E0E0
E1E0
E3C0
6FC0
7F80
1F00
ENDCHAR
STARTCHAR E6A0
ENCODING 59040
SWIDTH 660 0
DWIDTH 11 0
BBX 11 9 0 1
BITMAP
D3E0
7AC0
6F80
3D80
3F00
1B00
0E00
0C00
0400
ENDCHAR
STARTCHAR E6A1
ENCODING 59041
SWIDTH 660 0
DWIDTH 11 0
BBX 11 10 0 1
BITMAP
FBE0
FFE0
FFE0
FFE0
FFE0
FFE0
EE60
F2E0
FAA0
FFE0
ENDCHAR
STARTCHAR E6A2
ENCODING 59042
SWIDTH 660 0
DWIDTH 11 0
BBX 11 6 0 3
BITMAP
9580
B540
7540
6DC0
6B40
4A60
ENDCHAR
STARTCHAR E6A3
ENCODING 59043
SWIDTH 660 0
DWIDTH 11 0
BBX 11 11 0 0
BITMAP
0800
1B00
73C0
DEA0
DF60
F560
FB60
FB60
EAA0
7BC0
1B00
ENDCHAR
STARTCHAR E6A4
ENCODING 59044
SWIDTH 660 0
DWIDTH 11 0
BBX 11 10 0 1
BITMAP
0800
1800
1F80
17E0
FC00
6380
7C00
1780
1C80
3880
ENDCHAR
STARTCHAR E6A5
ENCODING 59045
SWIDTH 660 0
DWIDTH 11 0
BBX 11 10 0 1
BITMAP
3C00
FFE0
FFA0
D7A0
D7A0
AFA0
EFA0
FFA0
FC20
3FC0
ENDCHAR
STARTCHAR E6A6
ENCODING 59046
SWIDTH 660 0
DWIDTH 11 0
BBX 11 10 0 1
BITMAP
3C00
FFE0
FEA0
AEA0
CEA0
CC20
AEA0
FEA0
FFE0
1C00
ENDCHAR
STARTCHAR E6A7
ENCODING 59047
SWIDTH 660 0
DWIDTH 11 0
BBX 10 12 0 0
BITMAP
0400
0E00
3E00
3E00
3E00
7C00
7C00
7E00
FE00
FEC0
5F00
1800
ENDCHAR
STARTCHAR E6A8
ENCODING 59048
SWIDTH 660 0
DWIDTH 11 0
BBX 5 16 3 -2
BITMAP
38
38
38
30
70
70
70
70
70
60
60
00
60
E0
E0
40
ENDCHAR
STARTCHAR E6A9
ENCODING 59049
SWIDTH 660 0
DWIDTH 11 0
BBX 11 10 0 1
BITMAP
0040
0180
FF60
C760
C660
CC60
D860
BFE0
6000
8000
ENDCHAR
STARTCHAR E6AA
ENCODING 59050
SWIDTH 660 0
DWIDTH 11 0
BBX 11 12 0 0
BITMAP
F3E0
F3E0
F3E0
FBE0
FBE0
FBE0
FBE0
FFE0
F5E0
F1E0
FFE0
FFE0
ENDCHAR
STARTCHAR E6AB
ENCODING 59051
SWIDTH 660 0
DWIDTH 11 0
BBX 10 10 0 1
BITMAP
1F00
3F80
7F80
5340
F640
8F40
7FC0
3F80
3F80
1F00
ENDCHAR
STARTCHAR E6AC
ENCODING 59052
SWIDTH 660 0
DWIDTH 11 0
BBX 10 10 0 1
BITMAP
F1C0
71C0
73C0
7B80
3B80
3B80
3F00
1D00
1D00
1E00
ENDCHAR
STARTCHAR E6AD
ENCODING 59053
SWIDTH 660 0
DWIDTH 11 0
BBX 11 9 0 2
BITMAP
F800
8800
FFE0
FFE0
FFE0
FFE0
FFE0
FFE0
FFE0
ENDCHAR
STARTCHAR E6AE
ENCODING 59054
SWIDTH 660 0
DWIDTH 11 0
BBX 11 12 0 0
BITMAP
3080
70C0
B8E0
F8E0
DCE0
AEE0
AEE0
A760
A7E0
A3A0
61C0
2180
ENDCHAR
STARTCHAR E6AF
ENCODING 59055
SWIDTH 660 0
DWIDTH 11 0
BBX 11 14 0 -1
BITMAP
3800
3800
3BE0
1BC0
1F80
2180
4040
8040
F3A0
B3A0
B140
8040
4080
3F00
ENDCHAR
STARTCHAR E6B0
ENCODING 59056
SWIDTH 660 0
DWIDTH 11 0
BBX 11 10 0 1
BITMAP
3F00
7880
7D40
AD40
ADA0
DAA0
D2C0
7040
7880
1F00
ENDCHAR
STARTCHAR E6B1
ENCODING 59057
SWIDTH 660 0
DWIDTH 11 0
BBX 10 16 0 -2
BITMAP
2000
7000
8800
0800
0800
0800
0C00
0C00
1C00
1C00
3200
3200
6200
6340
61C0
0080
ENDCHAR
STARTCHAR E6B2
ENCODING 59058
SWIDTH 660 0
DWIDTH 11 0
BBX 11 10 0 1
BITMAP
C0E0
8060
9F60
8460
8460
8460
8460
8460
8460
C0E0
ENDCHAR
STARTCHAR E6B3
ENCODING 59059
SWIDTH 660 0
DWIDTH 11 0
BBX 11 14 0 -1
BITMAP
1F00
3F00
2100
2180
2480
6480
4CC0
4E40
FFC0
E1E0
F9C0
3B80
1E00
0400
ENDCHAR
STARTCHAR E6B4
ENCODING 59060
SWIDTH 660 0
DWIDTH 11 0
BBX 11 12 0 0
BITMAP
7E00
DF80
FF40
F1E0
E1C0
0000
1780
4C80
BF00
F000
E000
6000
ENDCHAR
STARTCHAR E6B5
ENCODING 59061
SWIDTH 660 0
DWIDTH 11 0
BBX 11 11 0 1
BITMAP
0100
0080
80C0
8BC0
FFE0
5FE0
3EC0
1FC0
00C0
03C0
0180
ENDCHAR
STARTCHAR E6B6
ENCODING 59062
SWIDTH 660 0
DWIDTH 11 0
BBX 10 8 0 2
BITMAP
1F80
0400
FB00
00C0
00C0
F300
0400
1F80
ENDCHAR
STARTCHAR E6B7
ENCODING 59063
SWIDTH 660 0
DWIDTH 11 0
BBX 11 12 0 0
BITMAP
0C00
4AC0
3580
FFE0
0800
0A00
0A00
0E00
1A00
3B00
2A80
4A40
ENDCHAR
STARTCHAR E6B8
ENCODING 59064
SWIDTH 660 0
DWIDTH 11 0
BBX 11 10 0 1
BITMAP
FFC0
FFE0
FFE0
FFE0
DB60
B6A0
B260
B9A0
B6A0
FFC0
ENDCHAR
STARTCHAR E6B9
ENCODING 59065
SWIDTH 660 0
DWIDTH 11 0
BBX 11 6 0 3
BITMAP
E800
B000
6000
3800
6800
99E0
ENDCHAR
STARTCHAR E6BA
ENCODING 59066
SWIDTH 660 0
DWIDTH 11 0
BBX 11 10 0 1
BITMAP
03E0
07C0
0FC0
1F80
3F80
7F80
7F80
FF80
E400
FFC0
ENDCHAR
STARTCHAR E6BB
ENCODING 59067
SWIDTH 660 0
DWIDTH 11 0
BBX 11 14 0 -1
BITMAP
0400
0E00
1F00
3F80
3F80
3F80
5F80
7BC0
F5E0
FFC0
FFC0
6F80
3F80
0100
ENDCHAR
STARTCHAR E700
ENCODING 59136
SWIDTH 660 0
DWIDTH 11 0
BBX 11 8 0 3
BITMAP
7FC0
F5C0
01E0
24A0
4CC0
ACC0
6580
0700
ENDCHAR
STARTCHAR E701
ENCODING 59137
SWIDTH 660 0
DWIDTH 11 0
BBX 11 10 0 1
BITMAP
7F80
F3C0
F1C0
E5E0
E4E0
CCE0
C060
C0C0
7FC0
7F80
ENDCHAR
STARTCHAR E702
ENCODING 59138
SWIDTH 660 0
DWIDTH 11 0
BBX 10 10 0 1
BITMAP
0C00
1600
3B00
7980
FAC0
FAC0
7B80
3B00
1E00
0C00
ENDCHAR
STARTCHAR E703
ENCODING 59139
SWIDTH 660 0
DWIDTH 11 0
BBX 11 10 0 1
BITMAP
FFE0
FFC0
FFC0
F1C0
71C0
71C0
7FC0
7F80
7F80
3F80
ENDCHAR
STARTCHAR E704
ENCODING 59140
SWIDTH 660 0
DWIDTH 11 0
BBX 10 10 0 2
BITMAP
E000
9800
8400
4400
4200
4200
3100
00C0
0080
0040
ENDCHAR
STARTCHAR E705
ENCODING 59141
SWIDTH 660 0
DWIDTH 11 0
BBX 11 10 0 1
BITMAP
FFE0
FFE0
EFE0
E6E0
F560
C5E0
DCE0
FFE0
FFE0
FFE0
ENDCHAR
STARTCHAR E706
ENCODING 59142
SWIDTH 660 0
DWIDTH 11 0
BBX 11 12 0 0
BITMAP
7FC0
C060
FFE0
FFE0
7F80
C060
FFE0
FFC0
8E20
FFE0
FFE0
7F80
ENDCHAR
STARTCHAR E707
ENCODING 59143
SWIDTH 660 0
DWIDTH 11 0
BBX 11 8 0 3
BITMAP
73C0
FFC0
2100
3180
FFE0
3580
1F00
0E00
ENDCHAR
STARTCHAR E708
ENCODING 59144
SWIDTH 660 0
DWIDTH 11 0
BBX 11 8 0 1
BITMAP
0300
0780
0F80
1FC0
7F80
FFC0
FFE0
0040
ENDCHAR
STARTCHAR E709
ENCODING 59145
SWIDTH 660 0
DWIDTH 11 0
BBX 11 10 0 1
BITMAP
1F00
7F80
42C0
C0C0
C060
C060
C0C0
73C0
5180
3100
ENDCHAR
STARTCHAR E70A
ENCODING 59146
SWIDTH 660 0
DWIDTH 11 0
BBX 11 10 0 1
BITMAP
3FE0
6020
4E20
9120
A120
A020
9120
4FA0
60E0
1F60
ENDCHAR
STARTCHAR E70B
ENCODING 59147
SWIDTH 660 0
DWIDTH 11 0
BBX 11 10 0 1
BITMAP
3F00
7F80
9140
9B40
DB60
D960
CDC0
A5C0
6E80
3F00
ENDCHAR
STARTCHAR E70C
ENCODING 59148
SWIDTH 660 0
DWIDTH 11 0
BBX 11 10 0 1
BITMAP
01C0
03E0
C7E0
EEE0
BCE0
BCE0
EEE0
C7E0
03E0
0180
ENDCHAR
STARTCHAR E70D
ENCODING 59149
SWIDTH 660 0
DWIDTH 11 0
BBX 8 15 1 -2
BITMAP
04
0B
09
11
12
22
24
3C
5C
38
78
78
F0
F0
E0
ENDCHAR
STARTCHAR E70E
ENCODING 59150
SWIDTH 660 0
DWIDTH 11 0
BBX 11 12 0 0
BITMAP
1C00
1F00
3F80
3F80
FFE0
FFE0
FFE0
FFE0
3F80
3F80
1A00
1A00
ENDCHAR
STARTCHAR E70F
ENCODING 59151
SWIDTH 660 0
DWIDTH 11 0
BBX 11 10 0 1
BITMAP
07E0
F7E0
F7E0
F7E0
F7E0
F7E0
F7E0
F7E0
F7E0
07E0
ENDCHAR
STARTCHAR E710
ENCODING 59152
SWIDTH 660 0
DWIDTH 11 0
BBX 10 12 0 0
BITMAP
0100
0180
0480
0340
19C0
0680
0100
1F00
8140
BF40
8040
FFC0
ENDCHAR
STARTCHAR E711
ENCODING 59153
SWIDTH 660 0
DWIDTH 11 0
BBX 10 13 0 0
BITMAP
0100
0300
0600
0000
7FC0
FFC0
FF80
FF80
FF80
FFC0
7FC0
7FC0
3F80
ENDCHAR
STARTCHAR E712
ENCODING 59154
SWIDTH 660 0
DWIDTH 11 0
BBX 11 12 0 0
BITMAP
0E00
0A00
0A00
0E00
1100
2180
2080
4080
6180
F1C0
F3E0
7F80
ENDCHAR
STARTCHAR E713
ENCODING 59155
SWIDTH 660 0
DWIDTH 11 0
BBX 10 4 0 4
BITMAP
6180
F3C0
7BC0
3F80
ENDCHAR
STARTCHAR E714
ENCODING 59156
SWIDTH 660 0
DWIDTH 11 0
BBX 11 10 0 1
BITMAP
3F00
4080
8040
8040
8020
8020
80C0
A0C0
DD80
3E00
ENDCHAR
STARTCHAR E715
ENCODING 59157
SWIDTH 660 0
DWIDTH 11 0
BBX 11 10 0 1
BITMAP
0F00
7780
20C0
4040
4060
8060
8040
60C0
7B80
1F00
ENDCHAR
STARTCHAR E716
ENCODING 59158
SWIDTH 660 0
DWIDTH 11 0
BBX 11 10 0 1
BITMAP
0E00
3500
64C0
CC60
F3A0
FBA0
8C60
64C0
1700
0E00
ENDCHAR
STARTCHAR E717
ENCODING 59159
SWIDTH 660 0
DWIDTH 11 0
BBX 11 10 0 1
BITMAP
1F00
2900
2180
2080
3180
2300
1200
4200
B6C0
FBE0
ENDCHAR
STARTCHAR E718
ENCODING 59160
SWIDTH 660 0
DWIDTH 11 0
BBX 11 12 0 0
BITMAP
0E00
3700
7FC0
FEE0
FFA0
FFE0
BF60
FFE0
FFC0
7FC0
1700
0C00
ENDCHAR
STARTCHAR E719
ENCODING 59161
SWIDTH 660 0
DWIDTH 11 0
BBX 10 6 0 3
BITMAP
0100
5340
DDC0
1240
1C00
1800
ENDCHAR
STARTCHAR E71A
ENCODING 59162
SWIDTH 660 0
DWIDTH 11 0
BBX 11 12 0 1
BITMAP
0E00
DF00
FF00
FFC0
FBC0
FFE0
FBE0
FFE0
FFE0
FFE0
FFE0
1160
ENDCHAR
STARTCHAR E71B
ENCODING 59163
SWIDTH 660 0
DWIDTH 11 0
BBX 11 10 0 1
BITMAP
FFE0
FFE0
F1E0
E5E0
E9E0
8760
E0E0
F3E0
FFE0
FFE0
ENDCHAR
STARTCHAR E71C
ENCODING 59164
SWIDTH 660 0
DWIDTH 11 0
BBX 11 11 0 0
BITMAP
0400
3F80
FBE0
F3C0
F5C0
E5C0
60C0
4EC0
5F40
3F80
1E00
ENDCHAR
STARTCHAR E71D
ENCODING 59165
SWIDTH 660 0
DWIDTH 11 0
BBX 11 14 0 -1
BITMAP
06E0
06E0
0600
1E00
7EE0
E6E0
C6E0
C6E0
E6E0
7EE0
3EE0
00C0
01C0
0080
ENDCHAR
STARTCHAR E71E
ENCODING 59166
SWIDTH 660 0
DWIDTH 11 0
BBX 11 4 0 4
BITMAP
FFE0
DDA0
D5A0
3A40
ENDCHAR
STARTCHAR E71F
ENCODING 59167
SWIDTH 660 0
DWIDTH 11 0
BBX 11 4 0 4
BITMAP
6000
9760
9520
6000
ENDCHAR
STARTCHAR E720
ENCODING 59168
SWIDTH 660 0
DWIDTH 11 0
BBX 11 12 0 0
BITMAP
0400
3F80
FFE0
F7C0
E0C0
F9C0
F6C0
6FC0
79C0
7F80
1E00
0400
ENDCHAR
STARTCHAR E721
ENCODING 59169
SWIDTH 660 0
DWIDTH 11 0
BBX 11 12 0 0
BITMAP
0A00
3B00
F3C0
E1E0
FBE0
DF60
CC60
8C60
2D80
7FC0
1F00
0400
ENDCHAR
STARTCHAR E722
ENCODING 59170
SWIDTH 660 0
DWIDTH 11 0
BBX 11 14 0 -1
BITMAP
3380
CC40
9540
4E80
7380
5B80
64C0
C4A0
ACA0
F340
9240
5E80
3100
0E00
ENDCHAR
STARTCHAR E723
ENCODING 59171
SWIDTH 660 0
DWIDTH 11 0
BBX 11 10 0 1
BITMAP
3F00
7F80
7BC0
F7C0
F5E0
FDE0
ECC0
6EC0
7F80
1F00
ENDCHAR
STARTCHAR E724
ENCODING 59172
SWIDTH 660 0
DWIDTH 11 0
BBX 11 14 0 -1
BITMAP
3F80
DFC0
CD80
B640
8C40
8040
8040
8020
8040
8040
8040
8080
4080
FF80
ENDCHAR
STARTCHAR E725
ENCODING 59173
SWIDTH 660 0
DWIDTH 11 0
BBX 11 14 0 -1
BITMAP
F000
9000
91C0
6260
6340
61C0
6180
6180
7F80
7F00
7000
9000
9000
F000
ENDCHAR
STARTCHAR E726
ENCODING 59174
SWIDTH 660 0
DWIDTH 11 0
BBX 11 13 0 0
BITMAP
6400
AF80
AF80
64C0
60C0
60C0
60C0
60C0
60C0
60C0
A120
A140
4080
ENDCHAR
STARTCHAR E727
ENCODING 59175
SWIDTH 660 0
DWIDTH 11 0
BBX 11 12 0 0
BITMAP
E000
9000
E000
6000
7000
78C0
6F20
6340
6080
E000
9000
E000
ENDCHAR
STARTCHAR E728
ENCODING 59176
SWIDTH 660 0
DWIDTH 11 0
BBX 11 12 0 0
BITMAP
0200
E700
A7C0
42C0
40C0
40C0
40C0
40C0
48C0
7D20
18C0
1000
ENDCHAR
STARTCHAR E729
ENCODING 59177
SWIDTH 660 0
DWIDTH 11 0
BBX 11 6 0 3
BITMAP
0E00
1B00
F1E0
F1E0
1F00
0E00
ENDCHAR
STARTCHAR E72A
ENCODING 59178
SWIDTH 660 0
DWIDTH 11 0
BBX 10 10 0 1
BITMAP
0C00
1A00
3100
6080
CE40
CC40
6080
3100
1A00
0C00
ENDCHAR
STARTCHAR E72B
ENCODING 59179
SWIDTH 660 0
DWIDTH 11 0
BBX 7 15 2 -2
BITMAP
02
06
0E
1E
1C
2C
38
78
70
70
C0
E0
80
80
80
ENDCHAR
STARTCHAR E72C
ENCODING 59180
SWIDTH 660 0
DWIDTH 11 0
BBX 11 10 0 1
BITMAP
7820
3C60
1EC0
3FC0
7BC0
7F80
FF00
F700
C780
83C0
ENDCHAR
STARTCHAR E72D
ENCODING 59181
SWIDTH 660 0
DWIDTH 11 0
BBX 11 10 0 1
BITMAP
0080
C080
C780
C7C0
E1C0
70C0
7C40
7E60
6040
6000
ENDCHAR
STARTCHAR E72E
ENCODING 59182
SWIDTH 660 0
DWIDTH 11 0
BBX 9 16 1 -2
BITMAP
6000
D000
9000
7300
2480
6480
FB00
9800
9800
FF80
2480
2480
7300
9000
F000
2000
ENDCHAR
STARTCHAR E72F
ENCODING 59183
SWIDTH 660 0
DWIDTH 11 0
BBX 11 10 0 1
BITMAP
0C00
0C60
0BC0
3080
C180
F180
1080
17C0
1800
1000
ENDCHAR
STARTCHAR E730
ENCODING 59184
SWIDTH 660 0
DWIDTH 11 0
BBX 11 10 0 1
BITMAP
1800
0380
6FC0
EFC0
EFE0
AF60
FF40
0080
6FC0
2F80
ENDCHAR
STARTCHAR E731
ENCODING 59185
SWIDTH 660 0
DWIDTH 11 0
BBX 11 10 0 1
BITMAP
1C00
7F00
7F80
E180
C1E0
C1E0
E3E0
7FE0
3FE0
0FE0
ENDCHAR
STARTCHAR E732
ENCODING 59186
SWIDTH 660 0
DWIDTH 11 0
BBX 10 9 0 2
BITMAP
0C00
0C00
1600
1E00
3F00
3300
7380
6180
8040
ENDCHAR
STARTCHAR E733
ENCODING 59187
SWIDTH 660 0
DWIDTH 11 0
BBX 11 5 0 4
BITMAP
73C0
8C40
8420
8A40
7180
ENDCHAR
STARTCHAR E734
ENCODING 59188
SWIDTH 660 0
DWIDTH 11 0
BBX 11 14 0 -1
BITMAP
1E00
6180
AC40
DE40
DF20
B520
E540
9F40
5B80
3F00
3F00
1E00
1600
0A00
ENDCHAR
STARTCHAR E735
ENCODING 59189
SWIDTH 660 0
DWIDTH 11 0
BBX 11 15 0 -2
BITMAP
1E00
1F00
3F00
3B00
3B80
3380
7380
71C0
71C0
E1C0
0020
1100
1F00
0600
0400
ENDCHAR
STARTCHAR E736
ENCODING 59190
SWIDTH 660 0
DWIDTH 11 0
BBX 11 12 0 0
BITMAP
FFE0
FFC0
C040
C040
CFC0
C0C0
7EC0
4EC0
60C0
7BC0
7FC0
0E00
ENDCHAR
STARTCHAR E737
ENCODING 59191
SWIDTH 660 0
DWIDTH 11 0
BBX 10 15 0 -1
BITMAP
01C0
FFC0
FFC0
FF80
F800
03C0
FFC0
FFC0
FF80
E040
0FC0
FFC0
FFC0
FF00
C000
ENDCHAR
STARTCHAR E738
ENCODING 59192
SWIDTH 660 0
DWIDTH 11 0
BBX 11 13 0 0
BITMAP
0200
0400
0B00
1400
1400
0A00
0200
6320
1C40
1E00
1E00
8000
7FC0
ENDCHAR
STARTCHAR E739
ENCODING 59193
SWIDTH 660 0
DWIDTH 11 0
BBX 11 10 0 1
BITMAP
05C0
0F80
1BE0
35C0
6F40
BCC0
BFC0
7F40
CFC0
3FC0
ENDCHAR
STARTCHAR E73A
ENCODING 59194
SWIDTH 660 0
DWIDTH 11 0
BBX 10 16 0 -2
BITMAP
FFC0
FFC0
FFC0
FFC0
FFC0
FFC0
FFC0
F4C0
ECC0
DF40
CF40
FFC0
ECC0
FDC0
FFC0
FFC0
ENDCHAR
STARTCHAR E73B
ENCODING 59195
SWIDTH 660 0
DWIDTH 11 0
BBX 10 10 0 1
BITMAP
03C0
0FC0
1E00
1C00
7C00
3800
3800
7C00
FE00
7C00
ENDCHAR
STARTCHAR E73C
ENCODING 59196
SWIDTH 660 0
DWIDTH 11 0
BBX 11 10 0 1
BITMAP
1F00
1F00
7FC0
FFC0
FEE0
FFE0
DFC0
1800
1F00
1F00
ENDCHAR
STARTCHAR E73D
ENCODING 59197
SWIDTH 660 0
DWIDTH 11 0
BBX 11 6 0 3
BITMAP
1F00
7FC0
DD60
D640
7DC0
1E00
ENDCHAR
STARTCHAR E73E
ENCODING 59198
SWIDTH 660 0
DWIDTH 11 0
BBX 11 6 0 3
BITMAP
FFE0
AD20
BD20
B5A0
A420
FFE0
ENDCHAR
STARTCHAR E73F
ENCODING 59199
SWIDTH 660 0
DWIDTH 11 0
BBX 11 10 0 2
BITMAP
F000
F1C0
D760
D4A0
D2C0
CD80
B380
9C80
5100
3E00
ENDCHAR
STARTCHAR E740
ENCODING 59200
SWIDTH 660 0
DWIDTH 11 0
BBX 11 12 0 0
BITMAP
0C00
3F00
71C0
C060
DA60
DB60
DB60
DB60
DB60
5B40
1F00
0C00
ENDCHAR
STARTCHAR E741
ENCODING 59201
SWIDTH 660 0
DWIDTH 11 0
BBX 9 11 1 1
BITMAP
E000
5000
5000
5C00
4600
2600
2300
1100
0980
0E80
0D00
ENDCHAR
STARTCHAR E742
ENCODING 59202
SWIDTH 660 0
DWIDTH 11 0
BBX 11 12 0 0
BITMAP
0800
0E00
3F00
7F80
7FC0
FFC0
FFE0
E320
C040
6740
3F80
1F00
ENDCHAR
STARTCHAR E743
ENCODING 59203
SWIDTH 660 0
DWIDTH 11 0
BBX 11 10 0 1
BITMAP
3F00
7F80
3FC0
EFC0
DEE0
FEE0
FFC0
7DC0
7F80
1F00
ENDCHAR
STARTCHAR E744
ENCODING 59204
SWIDTH 660 0
DWIDTH 11 0
BBX 11 11 0 0
BITMAP
07C0
1FC0
3FC0
70C0
30E0
7FE0
F000
B9C0
BF80
9F00
6000
ENDCHAR
STARTCHAR E745
ENCODING 59205
SWIDTH 660 0
DWIDTH 11 0
BBX 11 10 0 1
BITMAP
1F00
F080
7040
F040
F060
F4C0
F8C0
7BC0
3F80
1F00
ENDCHAR
STARTCHAR E746
ENCODING 59206
SWIDTH 660 0
DWIDTH 11 0
BBX 11 10 0 1
BITMAP
3F00
7180
60C0
E0C0
E0E0
E0E0
E0C0
61C0
7380
1F00
ENDCHAR
STARTCHAR E747
ENCODING 59207
SWIDTH 660 0
DWIDTH 11 0
BBX 10 8 0 2
BITMAP
7F80
7F80
7DC0
FDC0
7DC0
7DC0
7F80
7F80
ENDCHAR
STARTCHAR E748
ENCODING 59208
SWIDTH 660 0
DWIDTH 11 0
BBX 11 10 0 1
BITMAP
3F00
7F80
7EC0
FDC0
FBE0
F3E0
EFC0
5FC0
7F80
1F00
ENDCHAR
STARTCHAR E749
ENCODING 59209
SWIDTH 660 0
DWIDTH 11 0
BBX 11 12 0 0
BITMAP
FFE0
FFC0
C040
FEC0
FEC0
F0C0
7EC0
4EC0
60C0
7BC0
7FC0
0E00
ENDCHAR
STARTCHAR E74A
ENCODING 59210
SWIDTH 660 0
DWIDTH 11 0
BBX 11 15 0 -1
BITMAP
3F00
2500
0000
FFE0
FFC0
C040
C040
FEC0
F0C0
7EC0
4EC0
64C0
61C0
7FC0
3F80
ENDCHAR
STARTCHAR E74B
ENCODING 59211
SWIDTH 660 0
DWIDTH 11 0
BBX 11 8 0 2
BITMAP
1C00
6200
8400
9900
4F00
3FE0
F800
C000
ENDCHAR
STARTCHAR E74C
ENCODING 59212
SWIDTH 660 0
DWIDTH 11 0
BBX 10 14 0 -1
BITMAP
4EC0
7F80
60C0
9140
8040
F3C0
A340
4080
4080
D240
A1C0
BF40
6180
1E00
ENDCHAR
STARTCHAR E74D
ENCODING 59213
SWIDTH 660 0
DWIDTH 11 0
BBX 11 10 0 1
BITMAP
1800
6580
8F80
8300
85C0
8060
80C0
4700
3E00
0800
ENDCHAR
STARTCHAR E74E
ENCODING 59214
SWIDTH 660 0
DWIDTH 11 0
BBX 11 8 0 2
BITMAP
33C0
3740
3600
3380
31C0
3060
F6C0
E780
ENDCHAR
STARTCHAR E74F
ENCODING 59215
SWIDTH 660 0
DWIDTH 11 0
BBX 7 14 2 -1
BITMAP
08
08
68
E8
28
28
28
28
28
2E
2C
28
20
20
ENDCHAR
STARTCHAR E750
ENCODING 59216
SWIDTH 660 0
DWIDTH 11 0
BBX 10 9 0 1
BITMAP
1400
9200
91C0
8800
CC40
C380
6000
3880
1F00
ENDCHAR
STARTCHAR E751
ENCODING 59217
SWIDTH 660 0
DWIDTH 11 0
BBX 10 8 0 2
BITMAP
0F00
5040
BFC0
7FC0
FFC0
BF80
5F80
1F00
ENDCHAR
STARTCHAR E752
ENCODING 59218
SWIDTH 660 0
DWIDTH 11 0
BBX 11 13 0 -1
BITMAP
0020
C060
F1E0
FF60
DE60
FBE0
F1E0
F1E0
FFE0
CE60
FFE0
F1E0
C060
ENDCHAR
STARTCHAR E753
ENCODING 59219
SWIDTH 660 0
DWIDTH 11 0
BBX 11 10 0 1
BITMAP
3180
E0E0
E0E0
C4C0
CC40
8E40
8000
0000
1F00
1E00
ENDCHAR
STARTCHAR E754
ENCODING 59220
SWIDTH 660 0
DWIDTH 11 0
BBX 11 10 0 1
BITMAP
1F00
1F00
3F00
3F80
3B80
7B80
7FC0
7DC0
F7C0
E3E0
ENDCHAR
STARTCHAR E755
ENCODING 59221
SWIDTH 660 0
DWIDTH 11 0
BBX 11 10 0 1
BITMAP
7FC0
FFC0
FFE0
F6E0
F2E0
F8E0
D860
E060
FFC0
7FC0
ENDCHAR
STARTCHAR E756
ENCODING 59222
SWIDTH 660 0
DWIDTH 11 0
BBX 11 10 0 1
BITMAP
0400
1F00
7CE0
C0E0
C0E0
C0E0
C0E0
38E0
1FC0
1380
ENDCHAR
STARTCHAR E757
ENCODING 59223
SWIDTH 660 0
DWIDTH 11 0
BBX 11 10 0 1
BITMAP
3F00
7F80
7D40
EEC0
EBE0
EBE0
FBC0
7FC0
7F80
1F00
ENDCHAR
STARTCHAR E758
ENCODING 59224
SWIDTH 660 0
DWIDTH 11 0
BBX 10 5 0 4
BITMAP
4040
C040
FD40
F2C0
BA40
ENDCHAR
STARTCHAR E759
ENCODING 59225
SWIDTH 660 0
DWIDTH 11 0
BBX 11 6 0 3
BITMAP
1300
2A20
75C0
7B00
C8C0
3000
ENDCHAR
STARTCHAR E75A
ENCODING 59226
SWIDTH 660 0
DWIDTH 11 0
BBX 11 10 0 1
BITMAP
FFE0
8460
8460
8460
8460
8460
87E0
87E0
FFE0
FFE0
ENDCHAR
STARTCHAR E75B
ENCODING 59227
SWIDTH 660 0
DWIDTH 11 0
BBX 11 14 0 -1
BITMAP
1F00
7F80
9E20
FFE0
FFE0
FFE0
B560
D560
F560
FFE0
FFE0
FFE0
FFC0
1F00
ENDCHAR
STARTCHAR E75C
ENCODING 59228
SWIDTH 660 0
DWIDTH 11 0
BBX 11 10 0 1
BITMAP
07E0
03E0
1FE0
1FE0
0360
FF00
7F00
1D00
1C00
0C00
ENDCHAR
STARTCHAR E75D
ENCODING 59229
SWIDTH 660 0
DWIDTH 11 0
BBX 10 4 0 4
BITMAP
6F80
AE80
F7C0
C800
ENDCHAR
STARTCHAR E75E
ENCODING 59230
SWIDTH 660 0
DWIDTH 11 0
BBX 8 16 1 -2
BITMAP
F7
F7
F7
F7
F7
34
C1
80
36
F7
F7
E7
E3
E3
C3
C1
ENDCHAR
STARTCHAR E75F
ENCODING 59231
SWIDTH 660 0
DWIDTH 11 0
BBX 11 12 0 0
BITMAP
0600
0700
3F80
7FC0
7F00
F600
E400
E1E0
F3C0
7FC0
7B80
1B00
ENDCHAR
STARTCHAR E760
ENCODING 59232
SWIDTH 660 0
DWIDTH 11 0
BBX 11 12 0 0
BITMAP
1E00
2100
C0C0
8060
80E0
83E0
87E0
85E0
87E0
85C0
6700
1E00
ENDCHAR
STARTCHAR E761
ENCODING 59233
SWIDTH 660 0
DWIDTH 11 0
BBX 11 14 0 -1
BITMAP
FC00
FF00
FF00
FF80
FF80
FF80
FF00
FF40
FCC0
01E0
FFC0
FFC0
FF80
FF00
ENDCHAR
STARTCHAR E762
ENCODING 59234
SWIDTH 660 0
DWIDTH 11 0
BBX 11 10 0 1
BITMAP
FFE0
FFE0
8660
B7E0
85A0
B420
B5E0
8460
FFE0
FFC0
ENDCHAR
STARTCHAR E763
ENCODING 59235
SWIDTH 660 0
DWIDTH 11 0
BBX 7 15 2 -1
BITMAP
04
08
10
7E
FE
BC
7C
58
B4
7C
7C
78
78
78
10
ENDCHAR
STARTCHAR E764
ENCODING 59236
SWIDTH 660 0
DWIDTH 11 0
BBX 11 10 0 1
BITMAP
1100
2680
2880
7780
9440
9520
3100
4900
4500
3300
ENDCHAR
STARTCHAR E765
ENCODING 59237
SWIDTH 660 0
DWIDTH 11 0
BBX 11 9 0 2
BITMAP
0160
3FE0
5BC0
A5C0
DFC0
D180
BF00
4100
3E00
ENDCHAR
STARTCHAR E766
ENCODING 59238
SWIDTH 660 0
DWIDTH 11 0
BBX 11 8 0 2
BITMAP
0600
0300
3FC0
1B40
3F60
DB60
8CC0
0780
ENDCHAR
STARTCHAR E767
ENCODING 59239
SWIDTH 660 0
DWIDTH 11 0
BBX 11 14 0 -1
BITMAP
1F00
3480
5080
F140
C1C0
A140
99A0
EFA0
CBC0
C5C0
5B40
52C0
3300
0F00
ENDCHAR
STARTCHAR E768
ENCODING 59240
SWIDTH 660 0
DWIDTH 11 0
BBX 11 11 0 1
BITMAP
0C00
3300
4080
7E40
A940
A920
AD20
AD40
9BC0
4480
3F00
ENDCHAR
STARTCHAR E769
ENCODING 59241
SWIDTH 660 0
DWIDTH 11 0
BBX 11 10 0 1
BITMAP
3F00
7B80
7BC0
FAC0
D960
E960
E940
59C0
7D80
3F00
ENDCHAR
STARTCHAR E76A
ENCODING 59242
SWIDTH 660 0
DWIDTH 11 0
BBX 11 10 0 1
BITMAP
3F00
5F80
26C0
D7C0
DF60
D360
DFC0
6C00
7F80
1F00
ENDCHAR
STARTCHAR E76B
ENCODING 59243
SWIDTH 660 0
DWIDTH 11 0
BBX 11 10 0 1
BITMAP
3F00
6980
FFC0
EFC0
EFE0
BDE0
EF40
7FC0
7E80
1F00
ENDCHAR
STARTCHAR E76C
ENCODING 59244
SWIDTH 660 0
DWIDTH 11 0
BBX 10 14 0 -1
BITMAP
0C00
1E00
3F00
7F80
7F80
7F00
7E00
FE00
FF00
FF80
7FC0
3F80
1F00
0C00
ENDCHAR
STARTCHAR E76D
ENCODING 59245
SWIDTH 660 0
DWIDTH 11 0
BBX 11 9 0 1
BITMAP
0400
3B80
CC60
F3E0
3FA0
CCC0
BB20
ECC0
1F00
ENDCHAR
STARTCHAR E76E
ENCODING 59246
SWIDTH 660 0
DWIDTH 11 0
BBX 11 11 0 1
BITMAP
0100
FFC0
EFE0
F640
FF40
FFC0
6F80
B7E0
7F00
0700
0F00
ENDCHAR
STARTCHAR E76F
ENCODING 59247
SWIDTH 660 0
DWIDTH 11 0
BBX 11 9 0 2
BITMAP
0400
3B00
7780
7FC0
ECC0
EEE0
FFC0
7FC0
7F80
ENDCHAR
STARTCHAR E770
ENCODING 59248
SWIDTH 660 0
DWIDTH 11 0
BBX 11 12 0 0
BITMAP
3F00
6C80
5F40
FDC0
AEE0
AFE0
F540
5FC0
7180
1F00
0000
3F00
ENDCHAR
STARTCHAR E771
ENCODING 59249
SWIDTH 660 0
DWIDTH 11 0
BBX 11 12 0 0
BITMAP
0E00
3F80
7FC0
F1C0
F1E0
F000
E000
F1E0
F1C0
7FC0
3F80
0400
ENDCHAR
STARTCHAR E772
ENCODING 59250
SWIDTH 660 0
DWIDTH 11 0
BBX 11 10 0 1
BITMAP
73E0
F3E0
F9C0
F9C0
F880
7C00
7E00
3F00
3E00
1C00
ENDCHAR
STARTCHAR E773
ENCODING 59251
SWIDTH 660 0
DWIDTH 11 0
BBX 11 14 0 -1
BITMAP
1E00
3E00
2E80
9240
8C20
9E40
BFC0
3F80
BFC0
BFC0
3B80
1F80
4E80
3100
ENDCHAR
STARTCHAR E774
ENCODING 59252
SWIDTH 660 0
DWIDTH 11 0
BBX 11 14 0 -1
BITMAP
3800
3C00
1E00
0E00
1F00
3380
71C0
F8C0
C0E0
C0E0
F8C0
71C0
7380
1F00
ENDCHAR
STARTCHAR E775
ENCODING 59253
SWIDTH 660 0
DWIDTH 11 0
BBX 10 5 0 4
BITMAP
3400
DFC0
6E80
3B80
0180
ENDCHAR
STARTCHAR E776
ENCODING 59254
SWIDTH 660 0
DWIDTH 11 0
BBX 11 12 0 0
BITMAP
0E00
3F00
7FC0
EEE0
E6E0
E2E0
EAE0
ECE0
EEE0
7FC0
1F00
0C00
ENDCHAR
STARTCHAR E777
ENCODING 59255
SWIDTH 660 0
DWIDTH 11 0
BBX 11 8 0 2
BITMAP
D800
7800
2DE0
37E0
36E0
6F60
7980
D180
ENDCHAR
STARTCHAR E778
ENCODING 59256
SWIDTH 660 0
DWIDTH 11 0
BBX 11 5 0 4
BITMAP
FBE0
F7C0
3300
6700
FE00
ENDCHAR
STARTCHAR E779
ENCODING 59257
SWIDTH 660 0
DWIDTH 11 0
BBX 11 10 0 1
BITMAP
73C0
9FA0
BDA0
C2C0
4280
6500
6100
3700
0A00
0600
ENDCHAR
STARTCHAR E77A
ENCODING 59258
SWIDTH 660 0
DWIDTH 11 0
BBX 11 8 0 2
BITMAP
7FC0
FFE0
FFE0
F9C0
3800
8720
FBE0
7800
ENDCHAR
STARTCHAR E77B
ENCODING 59259
SWIDTH 660 0
DWIDTH 11 0
BBX 11 14 0 -1
BITMAP
7FC0
FFE0
CEE0
CCE0
CFE0
C0E0
CEE0
FEE0
FEE0
DEE0
CEE0
DEE0
FFE0
7FC0
ENDCHAR
STARTCHAR E77C
ENCODING 59260
SWIDTH 660 0
DWIDTH 11 0
BBX 11 10 0 1
BITMAP
3F00
7F80
7FC0
EFC0
BFE0
A6E0
FFC0
7FC0
7F80
1F00
ENDCHAR
STARTCHAR E77D
ENCODING 59261
SWIDTH 660 0
DWIDTH 11 0
BBX 10 13 0 0
BITMAP
1F80
60C0
4040
8E40
9040
9040
8880
8700
4000
4000
2000
1000
0C00
ENDCHAR
STARTCHAR E77E
ENCODING 59262
SWIDTH 660 0
DWIDTH 11 0
BBX 11 10 0 1
BITMAP
1F00
7680
55C0
AFA0
5F60
65C0
4A40
7380
3D80
3F00
ENDCHAR
STARTCHAR E77F
ENCODING 59263
SWIDTH 660 0
DWIDTH 11 0
BBX 10 4 0 4
BITMAP
3CC0
6DC0
6F80
C700
ENDCHAR
STARTCHAR E780
ENCODING 59264
SWIDTH 660 0
DWIDTH 11 0
BBX 11 12 0 0
BITMAP
0400
0400
0C00
1C00
3D00
7F80
F7C0
F1E0
F8E0
C0C0
40C0
4080
ENDCHAR
STARTCHAR E781
ENCODING 59265
SWIDTH 660 0
DWIDTH 11 0
BBX 11 10 0 1
BITMAP
FFE0
FFE0
FFE0
FFE0
FB60
FAE0
FA60
FB20
E420
FFE0
ENDCHAR
STARTCHAR E782
ENCODING 59266
SWIDTH 660 0
DWIDTH 11 0
BBX 11 13 0 0
BITMAP
0080
01C0
01C0
F1E0
FDE0
FFC0
7EC0
3FC0
0380
0700
0700
0E00
0600
ENDCHAR
STARTCHAR E783
ENCODING 59267
SWIDTH 660 0
DWIDTH 11 0
BBX 11 13 0 0
BITMAP
0200
2380
D280
E280
A160
CDA0
FEE0
B7C0
BBC0
B1C0
55C0
3A80
3F00
ENDCHAR
STARTCHAR E784
ENCODING 59268
SWIDTH 660 0
DWIDTH 11 0
BBX 11 12 0 0
BITMAP
0400
1F00
73C0
F1E0
F1E0
F0E0
E160
C060
AEE0
6EC0
1F00
0400
ENDCHAR
STARTCHAR E785
ENCODING 59269
SWIDTH 660 0
DWIDTH 11 0
BBX 10 10 0 1
BITMAP
18C0
3DC0
5F80
EF00
7780
3BC0
3DC0
7E80
E700
4200
ENDCHAR
STARTCHAR E786
ENCODING 59270
SWIDTH 660 0
DWIDTH 11 0
BBX 10 8 0 2
BITMAP
1E00
7300
E8C0
D340
5BC0
4680
4400
1C00
ENDCHAR
STARTCHAR E787
ENCODING 59271
SWIDTH 660 0
DWIDTH 11 0
BBX 10 14 0 -1
BITMAP
2000
6000
7400
7C80
6F80
7FC0
5FC0
7FC0
BFC0
FFC0
FFC0
FFC0
3F80
0E00
ENDCHAR
STARTCHAR E788
ENCODING 59272
SWIDTH 660 0
DWIDTH 11 0
BBX 11 10 0 1
BITMAP
3F00
7F80
75C0
EEC0
EFE0
EFE0
EEC0
75C0
7F80
1F00
ENDCHAR
STARTCHAR E789
ENCODING 59273
SWIDTH 660 0
DWIDTH 11 0
BBX 9 5 1 3
BITMAP
0A80
7D80
ED00
1A00
F400
ENDCHAR
STARTCHAR E78A
ENCODING 59274
SWIDTH 660 0
DWIDTH 11 0
BBX 10 10 0 1
BITMAP
0C00
7E80
6F80
7780
8040
F1C0
3F80
7F80
6F80
0400
ENDCHAR
STARTCHAR E78B
ENCODING 59275
SWIDTH 660 0
DWIDTH 11 0
BBX 11 7 0 3
BITMAP
1F80
7FC0
FFE0
7E00
7E00
6E00
6600
ENDCHAR
STARTCHAR E78C
ENCODING 59276
SWIDTH 660 0
DWIDTH 11 0
BBX 11 10 0 1
BITMAP
3F00
7F80
F1C0
E0C0
0CE0
0CE0
E0C0
F3C0
7F80
3F00
ENDCHAR
STARTCHAR E78D
ENCODING 59277
SWIDTH 660 0
DWIDTH 11 0
BBX 11 10 0 1
BITMAP
7F80
FFC0
EBE0
FDE0
FDE0
FDE0
FDE0
EAE0
FFC0
7F80
ENDCHAR
STARTCHAR E78E
ENCODING 59278
SWIDTH 660 0
DWIDTH 11 0
BBX 11 10 0 1
BITMAP
1C80
7FC0
6BC0
7BC0
E980
FF80
FFE0
FFC0
7FC0
1380
ENDCHAR
STARTCHAR E78F
ENCODING 59279
SWIDTH 660 0
DWIDTH 11 0
BBX 5 16 3 -2
BITMAP
20
90
98
F8
F8
F0
E0
E0
E0
E0
E0
E0
E0
A0
A0
40
ENDCHAR
STARTCHAR E790
ENCODING 59280
SWIDTH 660 0
DWIDTH 11 0
BBX 11 10 0 1
BITMAP
3F00
6080
4040
8840
BB20
ADA0
8040
4040
6080
1F00
ENDCHAR
STARTCHAR E791
ENCODING 59281
SWIDTH 660 0
DWIDTH 11 0
BBX 11 10 0 1
BITMAP
0FC0
1EE0
3C20
7FC0
79C0
F1C0
91C0
9EC0
DC40
FF80
ENDCHAR
STARTCHAR E792
ENCODING 59282
SWIDTH 660 0
DWIDTH 11 0
BBX 11 4 0 4
BITMAP
0F00
3F00
7FC0
FEE0
ENDCHAR
STARTCHAR E793
ENCODING 59283
SWIDTH 660 0
DWIDTH 11 0
BBX 11 10 0 1
BITMAP
1B00
2F80
7D80
66C0
E7E0
E7C0
76C0
7D80
3F80
1B00
ENDCHAR
STARTCHAR E794
ENCODING 59284
SWIDTH 660 0
DWIDTH 11 0
BBX 10 10 0 1
BITMAP
0400
0C00
0A00
1E00
1F00
3B00
3F80
6F80
7DC0
FFC0
ENDCHAR
STARTCHAR E795
ENCODING 59285
SWIDTH 660 0
DWIDTH 11 0
BBX 11 10 0 1
BITMAP
FFC0
FFE0
DFE0
CFE0
EFE0
DFE0
FFE0
FFE0
FFE0
7FC0
ENDCHAR
STARTCHAR E796
ENCODING 59286
SWIDTH 660 0
DWIDTH 11 0
BBX 10 10 0 1
BITMAP
3200
3D00
4380
B040
80C0
6180
2180
1B00
0E00
0600
ENDCHAR
STARTCHAR E797
ENCODING 59287
SWIDTH 660 0
DWIDTH 11 0
BBX 11 10 0 1
BITMAP
1E00
2180
4040
8040
F1E0
0E00
0400
0400
0400
0400
ENDCHAR
STARTCHAR E798
ENCODING 59288
SWIDTH 660 0
DWIDTH 11 0
BBX 11 10 0 2
BITMAP
0E00
1F00
3F80
7F40
FFE0
FFE0
7FA0
1FE0
1BC0
0F80
ENDCHAR
STARTCHAR E799
ENCODING 59289
SWIDTH 660 0
DWIDTH 11 0
BBX 11 10 0 1
BITMAP
6180
79E0
7FC0
3F80
0F00
3E00
7F80
FFC0
F3C0
2080
ENDCHAR
STARTCHAR E79A
ENCODING 59290
SWIDTH 660 0
DWIDTH 11 0
BBX 11 10 0 2
BITMAP
3F00
7B00
6040
C000
CC80
CCA0
C000
6040
7F80
1F00
ENDCHAR
STARTCHAR E79B
ENCODING 59291
SWIDTH 660 0
DWIDTH 11 0
BBX 11 10 0 1
BITMAP
C0C0
8060
8DE0
9FE0
8FE0
8FE0
8F20
8E20
C020
C040
ENDCHAR
STARTCHAR E79C
ENCODING 59292
SWIDTH 660 0
DWIDTH 11 0
BBX 11 10 0 1
BITMAP
FFC0
FFE0
9FE0
AFE0
BAE0
B960
8D60
FFE0
FFE0
FFC0
ENDCHAR
STARTCHAR E79D
ENCODING 59293
SWIDTH 660 0
DWIDTH 11 0
BBX 10 10 0 1
BITMAP
0400
0D00
1E00
2F80
F740
4EC0
7780
1F00
0C00
1200
ENDCHAR
STARTCHAR E79E
ENCODING 59294
SWIDTH 660 0
DWIDTH 11 0
BBX 11 10 0 1
BITMAP
1F00
7F80
BFC0
FFC0
FFE0
FFE0
FFC0
7FC0
5F80
3600
ENDCHAR
STARTCHAR E79F
ENCODING 59295
SWIDTH 660 0
DWIDTH 11 0
BBX 11 9 0 1
BITMAP
4000
E000
5FE0
3940
38C0
4F80
C680
AD00
FE00
ENDCHAR
STARTCHAR E7A0
ENCODING 59296
SWIDTH 660 0
DWIDTH 11 0
BBX 11 10 0 1
BITMAP
3F00
7F80
7FC0
DE40
DE60
C060
C0C0
7FC0
7F80
1F00
ENDCHAR
STARTCHAR E7A1
ENCODING 59297
SWIDTH 660 0
DWIDTH 11 0
BBX 11 12 0 0
BITMAP
2C80
3F80
4C40
94C0
B1C0
8C60
FFE0
DFC0
7FC0
7FC0
3B00
2800
ENDCHAR
STARTCHAR E7A2
ENCODING 59298
SWIDTH 660 0
DWIDTH 11 0
BBX 11 7 0 3
BITMAP
3F80
7FC0
3FC0
FFE0
FF60
FF60
FFC0
ENDCHAR
STARTCHAR E7A3
ENCODING 59299
SWIDTH 660 0
DWIDTH 11 0
BBX 11 12 0 0
BITMAP
0C00
3F00
73C0
E0E0
CCE0
CFE0
CFE0
CCE0
E0E0
7FC0
1F00
0C00
ENDCHAR
STARTCHAR E7A4
ENCODING 59300
SWIDTH 660 0
DWIDTH 11 0
BBX 7 14 2 -1
BITMAP
30
38
78
7C
FC
FE
FE
FE
FC
7C
7C
38
10
10
ENDCHAR
STARTCHAR E7A5
ENCODING 59301
SWIDTH 660 0
DWIDTH 11 0
BBX 10 9 1 2
BITMAP
8000
5000
2E00
5580
2A80
5540
2A80
3D00
0600
ENDCHAR
STARTCHAR E7A6
ENCODING 59302
SWIDTH 660 0
DWIDTH 11 0
BBX 10 1 0 6
BITMAP
E540
ENDCHAR
STARTCHAR E7A7
ENCODING 59303
SWIDTH 660 0
DWIDTH 11 0
BBX 10 10 0 1
BITMAP
0C00
1E00
3F00
7380
E9C0
69C0
3380
1F00
0E00
0400
ENDCHAR
STARTCHAR E7A8
ENCODING 59304
SWIDTH 660 0
DWIDTH 11 0
BBX 10 10 0 1
BITMAP
1E00
2580
7EC0
DFC0
9E40
9340
7BC0
40C0
3180
1E00
ENDCHAR
STARTCHAR E7A9
ENCODING 59305
SWIDTH 660 0
DWIDTH 11 0
BBX 11 10 0 1
BITMAP
3F00
40C0
8040
8E40
9E20
9E20
8E40
8040
4080
3F00
ENDCHAR
STARTCHAR E7AA
ENCODING 59306
SWIDTH 660 0
DWIDTH 11 0
BBX 11 10 0 1
BITMAP
FFE0
FFE0
F1E0
EFE0
F3E0
FDE0
FDE0
FBE0
FFE0
FFE0
ENDCHAR
STARTCHAR E7AB
ENCODING 59307
SWIDTH 660 0
DWIDTH 11 0
BBX 10 10 0 1
BITMAP
0400
0C00
0E00
1E00
1100
3D80
3580
60C0
FFC0
FFC0
ENDCHAR
STARTCHAR E7AC
ENCODING 59308
SWIDTH 660 0
DWIDTH 11 0
BBX 10 10 0 1
BITMAP
1E00
3F80
77C0
87C0
87C0
47C0
6FC0
7F80
7F00
0E00
ENDCHAR
STARTCHAR E7AD
ENCODING 59309
SWIDTH 660 0
DWIDTH 11 0
BBX 11 6 0 3
BITMAP
3680
7EC0
AA40
4000
8020
7F80
ENDCHAR
STARTCHAR E7AE
ENCODING 59310
SWIDTH 660 0
DWIDTH 11 0
BBX 11 10 0 2
BITMAP
3F00
7F80
61C0
C0C0
C060
00E0
18C0
D9C0
2780
2700
ENDCHAR
STARTCHAR E7AF
ENCODING 59311
SWIDTH 660 0
DWIDTH 11 0
BBX 11 8 0 2
BITMAP
FFC0
83A0
B860
B860
B9E0
B1E0
87E0
FFC0
ENDCHAR
STARTCHAR E7B0
ENCODING 59312
SWIDTH 660 0
DWIDTH 11 0
BBX 10 6 0 3
BITMAP
1800
7880
FEC0
FF80
FF00
FE00
ENDCHAR
STARTCHAR E7B1
ENCODING 59313
SWIDTH 660 0
DWIDTH 11 0
BBX 11 6 0 3
BITMAP
8E20
8020
8020
8FE0
8F60
8620
ENDCHAR
STARTCHAR E7B2
ENCODING 59314
SWIDTH 660 0
DWIDTH 11 0
BBX 11 12 0 0
BITMAP
0E00
3F00
71C0
C0E0
DEE0
9F20
9F20
DEE0
C0E0
71C0
3F00
0C00
ENDCHAR
STARTCHAR E7B3
ENCODING 59315
SWIDTH 660 0
DWIDTH 11 0
BBX 11 10 0 1
BITMAP
3F00
7F80
5FC0
E0C0
C120
A260
FAC0
5AC0
7380
1F00
ENDCHAR
STARTCHAR E7B4
ENCODING 59316
SWIDTH 660 0
DWIDTH 11 0
BBX 11 10 0 1
BITMAP
FFC0
FFE0
F6E0
E7E0
EAE0
E2E0
DAE0
FFE0
FFE0
FFC0
ENDCHAR
STARTCHAR E7B5
ENCODING 59317
SWIDTH 660 0
DWIDTH 11 0
BBX 11 10 0 1
BITMAP
7900
7F80
EFE0
EFE0
6BE0
FFE0
7FC0
3FC0
7FC0
4700
ENDCHAR
STARTCHAR E7B6
ENCODING 59318
SWIDTH 660 0
DWIDTH 11 0
BBX 10 6 0 3
BITMAP
1B00
3B00
3F00
EFC0
6FC0
6CC0
ENDCHAR
STARTCHAR E7B7
ENCODING 59319
SWIDTH 660 0
DWIDTH 11 0
BBX 11 12 0 0
BITMAP
1F00
3F80
65C0
D7C0
CFE0
FEE0
DE40
F5C0
7FC0
3F80
0F00
0C00
ENDCHAR
STARTCHAR E7B8
ENCODING 59320
SWIDTH 660 0
DWIDTH 11 0
BBX 11 10 0 1
BITMAP
FFC0
FFE0
C7E0
DBE0
DDE0
C660
DC60
FFE0
FFE0
FFC0
ENDCHAR
STARTCHAR E7B9
ENCODING 59321
SWIDTH 660 0
DWIDTH 11 0
BBX 11 10 0 1
BITMAP
3F00
4080
8040
9CC0
A320
A320
9940
4240
4280
3D00
ENDCHAR
STARTCHAR E7BA
ENCODING 59322
SWIDTH 660 0
DWIDTH 11 0
BBX 10 10 0 1
BITMAP
3300
2C80
2C80
7380
9D40
9540
7380
2C80
2480
1B00
ENDCHAR
STARTCHAR E7BB
ENCODING 59323
SWIDTH 660 0
DWIDTH 11 0
BBX 11 9 0 1
BITMAP
0E00
3180
68C0
E0C0
9840
C020
F860
27C0
0100
ENDCHAR
STARTCHAR E7BC
ENCODING 59324
SWIDTH 660 0
DWIDTH 11 0
BBX 11 10 0 1
BITMAP
E780
FBC0
38E0
1CE0
0DC0
0DC0
1CE0
38E0
F3C0
E780
ENDCHAR
STARTCHAR E7BD
ENCODING 59325
SWIDTH 660 0
DWIDTH 11 0
BBX 11 10 0 1
BITMAP
FF00
FFC0
EDC0
FBC0
FAC0
7FE0
7F80
7F80
FF00
3E00
ENDCHAR
STARTCHAR E7BE
ENCODING 59326
SWIDTH 660 0
DWIDTH 11 0
BBX 11 10 0 1
BITMAP
3F00
7FC0
FD60
7B60
6D60
7F60
FF60
FF00
7C00
3800
ENDCHAR
STARTCHAR E7BF
ENCODING 59327
SWIDTH 660 0
DWIDTH 11 0
BBX 11 10 0 1
BITMAP
3F00
CC80
9040
EFC0
CFA0
DFA0
DFC0
BEC0
7F80
1F00
ENDCHAR
STARTCHAR E7C0
ENCODING 59328
SWIDTH 660 0
DWIDTH 11 0
BBX 11 10 0 1
BITMAP
3F00
5780
5FC0
E540
C0A0
C0A0
F0C0
5C40
6C80
1F00
ENDCHAR
STARTCHAR E7C1
ENCODING 59329
SWIDTH 660 0
DWIDTH 11 0
BBX 11 10 0 1
BITMAP
FFE0
FFC0
FFC0
E4C0
9B40
64C0
7FC0
7FC0
3F00
0C00
ENDCHAR
STARTCHAR E7C2
ENCODING 59330
SWIDTH 660 0
DWIDTH 11 0
BBX 11 6 0 3
BITMAP
E5C0
9500
9580
E440
1420
39C0
ENDCHAR
STARTCHAR E7C3
ENCODING 59331
SWIDTH 660 0
DWIDTH 11 0
BBX 11 6 0 3
BITMAP
D000
EFE0
F7C0
FBC0
CDC0
3600
ENDCHAR
STARTCHAR E7C4
ENCODING 59332
SWIDTH 660 0
DWIDTH 11 0
BBX 11 11 0 0
BITMAP
00C0
FFE0
FF40
FFC0
FEC0
FF80
FB00
FD00
FC00
FC00
7C00
ENDCHAR
STARTCHAR E7C5
ENCODING 59333
SWIDTH 660 0
DWIDTH 11 0
BBX 10 10 0 1
BITMAP
7FC0
73C0
7380
7780
FE40
7C40
7880
75C0
76C0
0C00
ENDCHAR
STARTCHAR E7C6
ENCODING 59334
SWIDTH 660 0
DWIDTH 11 0
BBX 11 10 0 1
BITMAP
3F00
7F80
7FC0
FBC0
EBE0
F9E0
FFC0
6DC0
7F80
1F00
ENDCHAR
STARTCHAR E7C7
ENCODING 59335
SWIDTH 660 0
DWIDTH 11 0
BBX 8 16 1 -3
BITMAP
08
08
08
18
1C
1C
2C
3C
3E
3E
7E
7F
5F
7F
FF
08
ENDCHAR
STARTCHAR E7C8
ENCODING 59336
SWIDTH 660 0
DWIDTH 11 0
BBX 11 10 0 1
BITMAP
FFE0
F3E0
DEE0
DEE0
DFE0
DBE0
DFE0
DFE0
FFE0
FFE0
ENDCHAR
STARTCHAR E7C9
ENCODING 59337
SWIDTH 660 0
DWIDTH 11 0
BBX 11 13 0 -1
BITMAP
0400
3F80
7FC0
7FC0
F9C0
F1E0
F1E0
F3C0
F7C0
F780
7F00
3C40
1F00
ENDCHAR
STARTCHAR E7CA
ENCODING 59338
SWIDTH 660 0
DWIDTH 11 0
BBX 10 12 0 0
BITMAP
1F00
3FC0
7FC0
0000
FF00
FF80
FF80
0000
0000
7FC0
3FC0
0F00
ENDCHAR
STARTCHAR E7CB
ENCODING 59339
SWIDTH 660 0
DWIDTH 11 0
BBX 10 12 0 0
BITMAP
0400
0600
0200
6D40
B140
4140
8500
A100
9040
8E40
1180
0C00
ENDCHAR
STARTCHAR E7CC
ENCODING 59340
SWIDTH 660 0
DWIDTH 11 0
BBX 11 14 0 -1
BITMAP
FFE0
FFE0
FFE0
FFE0
ABE0
DAE0
DB60
DA60
D960
FEE0
FFE0
FFE0
FFE0
FFE0
ENDCHAR
STARTCHAR E7CD
ENCODING 59341
SWIDTH 660 0
DWIDTH 11 0
BBX 10 16 0 -2
BITMAP
0400
0C00
1C00
1C00
7E00
5E00
3F00
BF80
7FC0
D7C0
AEC0
7FC0
5740
7B80
3E00
0400
ENDCHAR
STARTCHAR E7CE
ENCODING 59342
SWIDTH 660 0
DWIDTH 11 0
BBX 11 10 0 1
BITMAP
FFE0
FEE0
FE60
FDA0
FBC0
F7C0
EFA0
DF60
BFE0
7FE0
ENDCHAR
STARTCHAR E7CF
ENCODING 59343
SWIDTH 660 0
DWIDTH 11 0
BBX 11 10 0 1
BITMAP
3F00
7F80
70C0
F7C0
FFE0
CFE0
EFC0
79C0
7F80
1F00
ENDCHAR
STARTCHAR E7D0
ENCODING 59344
SWIDTH 660 0
DWIDTH 11 0
BBX 11 10 0 1
BITMAP
3680
7F80
E1C0
CEE0
5F80
DFC0
CEE0
6180
FFC0
3680
ENDCHAR
STARTCHAR E7D1
ENCODING 59345
SWIDTH 660 0
DWIDTH 11 0
BBX 11 8 0 2
BITMAP
0300
0C80
1060
7620
D220
CE60
B380
6C00
ENDCHAR
STARTCHAR E7D2
ENCODING 59346
SWIDTH 660 0
DWIDTH 11 0
BBX 10 10 0 1
BITMAP
3F00
3B80
6180
5E40
DE40
DE40
4E40
6180
3B80
1F00
ENDCHAR
STARTCHAR E7D3
ENCODING 59347
SWIDTH 660 0
DWIDTH 11 0
BBX 10 6 0 4
BITMAP
7240
8A80
8980
F180
8240
7800
ENDCHAR
STARTCHAR E7D4
ENCODING 59348
SWIDTH 660 0
DWIDTH 11 0
BBX 11 10 0 1
BITMAP
FFE0
FE60
FC60
FDE0
FDE0
F060
FDE0
FDE0
FDE0
FDE0
ENDCHAR
STARTCHAR E7D5
ENCODING 59349
SWIDTH 660 0
DWIDTH 11 0
BBX 11 10 0 1
BITMAP
3F00
7B80
7BC0
F3C0
F1E0
E1E0
FBC0
7BC0
7F80
1F00
ENDCHAR
STARTCHAR E7D6
ENCODING 59350
SWIDTH 660 0
DWIDTH 11 0
BBX 9 6 1 3
BITMAP
3F80
7C00
F700
FD00
9E00
3000
ENDCHAR
STARTCHAR E7D7
ENCODING 59351
SWIDTH 660 0
DWIDTH 11 0
BBX 10 11 0 0
BITMAP
8000
C000
F0C0
7980
7D80
3F80
3F00
1F00
1C00
3000
4000
ENDCHAR
STARTCHAR E7D8
ENCODING 59352
SWIDTH 660 0
DWIDTH 11 0
BBX 11 10 0 1
BITMAP
3F00
4480
8440
8C40
8C20
8C20
8840
9840
5880
3F00
ENDCHAR
STARTCHAR E7D9
ENCODING 59353
SWIDTH 660 0
DWIDTH 11 0
BBX 11 10 0 1
BITMAP
3F00
7F80
78C0
FAC0
FBE0
C9E0
DBC0
D7C0
E780
FF00
ENDCHAR
STARTCHAR E7DA
ENCODING 59354
SWIDTH 660 0
DWIDTH 11 0
BBX 10 16 0 -2
BITMAP
3F80
7FC0
FFC0
FFC0
7FC0
3900
7BC0
FFC0
FFC0
7BC0
3800
7800
F800
F800
7800
2000
ENDCHAR
STARTCHAR E7DB
ENCODING 59355
SWIDTH 660 0
DWIDTH 11 0
BBX 11 10 0 1
BITMAP
FFC0
E1E0
E1E0
CFC0
C040
DCC0
D9C0
D360
F0E0
FFE0
ENDCHAR
STARTCHAR E7DC
ENCODING 59356
SWIDTH 660 0
DWIDTH 11 0
BBX 10 10 0 1
BITMAP
4000
6000
9800
F000
9000
5000
E800
3800
1E80
07C0
ENDCHAR
STARTCHAR E7DD
ENCODING 59357
SWIDTH 660 0
DWIDTH 11 0
BBX 11 14 0 -1
BITMAP
03C0
0780
0F00
1E00
3C00
7800
F3E0
67C0
0F80
1F00
0F00
0780
03C0
01E0
ENDCHAR
STARTCHAR E7DE
ENCODING 59358
SWIDTH 660 0
DWIDTH 11 0
BBX 11 10 0 1
BITMAP
FFC0
8060
EF60
ED60
E1E0
EDE0
E5E0
E7E0
83E0
FFC0
ENDCHAR
STARTCHAR E7DF
ENCODING 59359
SWIDTH 660 0
DWIDTH 11 0
BBX 11 12 0 0
BITMAP
0F80
1F80
1FC0
3F00
3F00
7EC0
FFE0
FFC0
FF00
7E80
7F80
7F80
ENDCHAR
STARTCHAR E7E0
ENCODING 59360
SWIDTH 660 0
DWIDTH 11 0
BBX 10 15 0 -2
BITMAP
FFC0
7FC0
3FC0
1FC0
0FC0
F800
FC00
FE00
FF00
FF80
F840
7800
3800
1800
0800
ENDCHAR
STARTCHAR E7E1
ENCODING 59361
SWIDTH 660 0
DWIDTH 11 0
BBX 11 10 0 1
BITMAP
3F00
0000
7F80
FF40
FEE0
FEE0
FDC0
7BC0
7F80
1700
ENDCHAR
STARTCHAR E7E2
ENCODING 59362
SWIDTH 660 0
DWIDTH 11 0
BBX 11 6 0 3
BITMAP
7000
0FC0
7840
4F40
0EC0
FFE0
ENDCHAR
STARTCHAR E7E3
ENCODING 59363
SWIDTH 660 0
DWIDTH 11 0
BBX 11 10 0 1
BITMAP
3F00
6080
5F40
BFC0
DFE0
AE60
9740
4A40
6480
1F00
ENDCHAR
STARTCHAR E7E4
ENCODING 59364
SWIDTH 660 0
DWIDTH 11 0
BBX 11 12 0 0
BITMAP
0E00
3100
40C0
C040
A180
9A00
9E60
A1A0
C620
44C0
3500
0E00
ENDCHAR
STARTCHAR E7E5
ENCODING 59365
SWIDTH 660 0
DWIDTH 11 0
BBX 11 12 0 0
BITMAP
1F00
3D80
73E0
6DC0
FD80
F680
FFC0
CAC0
FD80
5280
7F00
3E00
ENDCHAR
STARTCHAR E7E6
ENCODING 59366
SWIDTH 660 0
DWIDTH 11 0
BBX 11 12 0 0
BITMAP
1800
3E00
7380
FDC0
BBC0
6FE0
5FC0
7F80
FD00
F200
9C00
6000
ENDCHAR
STARTCHAR E7E7
ENCODING 59367
SWIDTH 660 0
DWIDTH 11 0
BBX 10 7 0 2
BITMAP
0080
2180
0380
C700
FF00
3F00
00C0
ENDCHAR
STARTCHAR E7E8
ENCODING 59368
SWIDTH 660 0
DWIDTH 11 0
BBX 10 8 0 2
BITMAP
0400
1F00
7F80
FE40
9CC0
6300
1C00
0800
ENDCHAR
STARTCHAR E7E9
ENCODING 59369
SWIDTH 660 0
DWIDTH 11 0
BBX 11 10 0 1
BITMAP
F000
F000
F000
5000
7DC0
72A0
4CC0
4CC0
3F20
1DC0
ENDCHAR
STARTCHAR E7EA
ENCODING 59370
SWIDTH 660 0
DWIDTH 11 0
BBX 11 10 0 1
BITMAP
1F00
7F80
40C0
C0C0
C000
C0E0
C560
7360
45E0
30C0
ENDCHAR
STARTCHAR E7EB
ENCODING 59371
SWIDTH 660 0
DWIDTH 11 0
BBX 11 10 0 1
BITMAP
4080
60C0
61C0
FFC0
FFE0
FFE0
7FC0
3F80
1E00
0C00
ENDCHAR
STARTCHAR E7EC
ENCODING 59372
SWIDTH 660 0
DWIDTH 11 0
BBX 11 10 0 1
BITMAP
1C00
7C00
F0C0
C3E0
CFE0
CEE0
C0E0
F3C0
7F80
1E00
ENDCHAR
STARTCHAR E7ED
ENCODING 59373
SWIDTH 660 0
DWIDTH 11 0
BBX 10 16 0 -2
BITMAP
8000
8000
8000
9240
9240
9240
9240
9240
9240
1200
1200
1200
1200
1200
1200
1200
ENDCHAR
STARTCHAR E7EE
ENCODING 59374
SWIDTH 660 0
DWIDTH 11 0
BBX 10 10 0 1
BITMAP
1B00
1F00
FFC0
FFC0
4F40
7B40
7FC0
57C0
7FC0
3F00
ENDCHAR
STARTCHAR E7EF
ENCODING 59375
SWIDTH 660 0
DWIDTH 11 0
BBX 11 10 0 1
BITMAP
3E00
3E00
6DC0
DA80
FAC0
7FC0
7FE0
FFC0
7F80
1B80
ENDCHAR
STARTCHAR E7F0
ENCODING 59376
SWIDTH 660 0
DWIDTH 11 0
BBX 11 10 0 1
BITMAP
3F80
7F00
6000
E000
C7E0
C7E0
E0C0
60C0
7FC0
3F00
ENDCHAR
STARTCHAR E7F1
ENCODING 59377
SWIDTH 660 0
DWIDTH 11 0
BBX 11 8 0 2
BITMAP
1F00
3F80
7180
7CC0
C860
C060
FFC0
7FC0
ENDCHAR
STARTCHAR E7F2
ENCODING 59378
SWIDTH 660 0
DWIDTH 11 0
BBX 11 8 0 2
BITMAP
00C0
1C20
3F60
77C0
FF80
FF00
FF00
9300
ENDCHAR
STARTCHAR E7F3
ENCODING 59379
SWIDTH 660 0
DWIDTH 11 0
BBX 11 12 0 0
BITMAP
0400
0680
7F80
7040
2340
64A0
6840
E440
30C0
1F80
1F00
0100
ENDCHAR
STARTCHAR E7F4
ENCODING 59380
SWIDTH 660 0
DWIDTH 11 0
BBX 11 12 0 0
BITMAP
0C00
0E00
3D40
D2E0
9140
A140
C0C0
4040
FFE0
3100
0E00
0C00
ENDCHAR
STARTCHAR E7F5
ENCODING 59381
SWIDTH 660 0
DWIDTH 11 0
BBX 10 4 0 4
BITMAP
4A40
5D80
A280
6040
ENDCHAR
STARTCHAR E7F6
ENCODING 59382
SWIDTH 660 0
DWIDTH 11 0
BBX 11 8 0 2
BITMAP
0700
18C0
61A0
A420
A540
5980
D600
7800
ENDCHAR
STARTCHAR E7F7
ENCODING 59383
SWIDTH 660 0
DWIDTH 11 0
BBX 11 2 0 5
BITMAP
BFE0
F1C0
ENDCHAR
STARTCHAR E7F8
ENCODING 59384
SWIDTH 660 0
DWIDTH 11 0
BBX 11 8 0 2
BITMAP
0E00
3F00
7B80
73C0
7FC0
FFC0
FFE0
1F00
ENDCHAR
STARTCHAR E7F9
ENCODING 59385
SWIDTH 660 0
DWIDTH 11 0
BBX 11 8 0 2
BITMAP
FFE0
FFE0
F560
99E0
B2E0
F460
FFE0
FFE0
ENDCHAR
STARTCHAR E7FA
ENCODING 59386
SWIDTH 660 0
DWIDTH 11 0
BBX 11 10 0 1
BITMAP
F3E0
FFE0
FFE0
7FC0
7F80
7FC0
FFC0
FFE0
FFE0
F3E0
ENDCHAR
STARTCHAR E7FB
ENCODING 59387
SWIDTH 660 0
DWIDTH 11 0
BBX 11 12 0 0
BITMAP
0400
2480
3B80
2080
0000
D4E0
D4A0
0200
2080
3B80
2480
0400
ENDCHAR
STARTCHAR E7FC
ENCODING 59388
SWIDTH 660 0
DWIDTH 11 0
BBX 10 11 0 1
BITMAP
3C00
7E00
7F00
FF00
F080
6080
61C0
01C0
1FC0
1FC0
0F80
ENDCHAR
STARTCHAR E7FD
ENCODING 59389
SWIDTH 660 0
DWIDTH 11 0
BBX 10 15 0 -1
BITMAP
3400
1800
6700
6300
9C80
8080
7B80
5EC0
5FC0
5FC0
5FC0
5EC0
5F00
6100
3E00
ENDCHAR
STARTCHAR E7FE
ENCODING 59390
SWIDTH 660 0
DWIDTH 11 0
BBX 11 12 0 0
BITMAP
0E00
3F00
7FC0
ECE0
ECE0
E0E0
ECE0
ECE0
ECE0
7FC0
3F00
0C00
ENDCHAR
STARTCHAR E7FF
ENCODING 59391
SWIDTH 660 0
DWIDTH 11 0
BBX 10 2 0 5
BITMAP
EB40
E940
ENDCHAR
STARTCHAR E800
ENCODING 59392
SWIDTH 660 0
DWIDTH 11 0
BBX 10 10 0 1
BITMAP
1F00
3CC0
F9C0
F5C0
FFC0
DFC0
73C0
3EC0
7F00
1E00
ENDCHAR
STARTCHAR E801
ENCODING 59393
SWIDTH 660 0
DWIDTH 11 0
BBX 10 10 0 1
BITMAP
1E00
2100
2900
7F80
FFC0
7FC0
3700
1F40
2E80
0E00
ENDCHAR
STARTCHAR E802
ENCODING 59394
SWIDTH 660 0
DWIDTH 11 0
BBX 11 10 0 1
BITMAP
3F00
4E80
8F40
8FC0
BFA0
BFA0
BFC0
9F40
4E80
3F00
ENDCHAR
STARTCHAR E803
ENCODING 59395
SWIDTH 660 0
DWIDTH 11 0
BBX 10 12 0 0
BITMAP
0200
1B00
3A80
7F00
9F00
7980
6B80
7F80
3FC0
7F80
0600
E000
ENDCHAR
STARTCHAR E804
ENCODING 59396
SWIDTH 660 0
DWIDTH 11 0
BBX 11 10 0 1
BITMAP
3FE0
7860
7860
F860
F860
8FE0
C840
48C0
7980
1F00
ENDCHAR
STARTCHAR E805
ENCODING 59397
SWIDTH 660 0
DWIDTH 11 0
BBX 11 10 0 1
BITMAP
3F00
6080
5440
A540
B360
9B60
9A40
5240
6180
1F00
ENDCHAR
STARTCHAR E806
ENCODING 59398
SWIDTH 660 0
DWIDTH 11 0
BBX 11 10 0 1
BITMAP
0E00
1E00
1F00
7FC0
F1E0
F1E0
7FC0
1F00
1E00
0E00
ENDCHAR
STARTCHAR E807
ENCODING 59399
SWIDTH 660 0
DWIDTH 11 0
BBX 10 10 0 1
BITMAP
1FC0
0840
0B40
0680
EB40
AB40
CCC0
B040
8380
7C00
ENDCHAR
STARTCHAR E808
ENCODING 59400
SWIDTH 660 0
DWIDTH 11 0
BBX 11 10 0 1
BITMAP
1C00
7600
E300
FF80
1EC0
1E60
1780
0F00
1E00
1800
ENDCHAR
STARTCHAR E809
ENCODING 59401
SWIDTH 660 0
DWIDTH 11 0
BBX 11 12 0 0
BITMAP
0C00
3F00
77C0
FFA0
F1E0
E1E0
E1E0
F1E0
FEE0
77C0
1F00
0C00
ENDCHAR
STARTCHAR E80A
ENCODING 59402
SWIDTH 660 0
DWIDTH 11 0
BBX 11 10 0 1
BITMAP
FFE0
7FE0
7FE0
F1E0
F1E0
F1E0
F1E0
FF80
FFC0
FFC0
ENDCHAR
STARTCHAR E80B
ENCODING 59403
SWIDTH 660 0
DWIDTH 11 0
BBX 11 10 0 1
BITMAP
3F00
7F80
6340
D340
F160
F160
F3C0
79C0
7F80
2F00
ENDCHAR
STARTCHAR E80C
ENCODING 59404
SWIDTH 660 0
DWIDTH 11 0
BBX 11 12 0 1
BITMAP
0E00
1700
6580
C440
CE60
FFA0
FFA0
CE60
C440
2580
1700
0E00
ENDCHAR
STARTCHAR E80D
ENCODING 59405
SWIDTH 660 0
DWIDTH 11 0
BBX 11 10 0 1
BITMAP
0E00
1F00
1F00
1E00
0E00
71C0
FBC0
FBE0
FBC0
7180
ENDCHAR
STARTCHAR E80E
ENCODING 59406
SWIDTH 660 0
DWIDTH 11 0
BBX 11 10 0 0
BITMAP
3F00
6180
6FC0
EFC0
E1E0
FCE0
FCC0
69C0
7F80
1F00
ENDCHAR
STARTCHAR E80F
ENCODING 59407
SWIDTH 660 0
DWIDTH 11 0
BBX 10 14 0 -1
BITMAP
0040
9F40
3F80
4040
0000
0000
0000
0000
0000
4040
3F80
1F00
C000
4000
ENDCHAR
STARTCHAR E810
ENCODING 59408
SWIDTH 660 0
DWIDTH 11 0
BBX 11 8 0 2
BITMAP
FFE0
F7E0
FBE0
FBE0
FFE0
ED60
FF60
FFE0
ENDCHAR
STARTCHAR E811
ENCODING 59409
SWIDTH 660 0
DWIDTH 11 0
BBX 11 8 0 2
BITMAP
FFE0
FBE0
FBE0
FBE0
FFE0
E4E0
DE60
FFE0
ENDCHAR
STARTCHAR E812
ENCODING 59410
SWIDTH 660 0
DWIDTH 11 0
BBX 10 10 0 1
BITMAP
0080
0180
0180
1B80
1F80
3FC0
3DC0
76C0
7DC0
FFC0
ENDCHAR
STARTCHAR E813
ENCODING 59411
SWIDTH 660 0
DWIDTH 11 0
BBX 9 16 1 -2
BITMAP
C000
C000
C000
C000
C000
C000
C700
CE00
DC00
F800
F800
FC00
CC00
C600
C700
C380
ENDCHAR
STARTCHAR E814
ENCODING 59412
SWIDTH 660 0
DWIDTH 11 0
BBX 11 10 0 1
BITMAP
3F00
7B80
73C0
F1C0
F3E0
FDE0
E5C0
4EC0
7F80
1F00
ENDCHAR
STARTCHAR E815
ENCODING 59413
SWIDTH 660 0
DWIDTH 11 0
BBX 10 10 0 1
BITMAP
0DC0
0D80
0F80
0F00
8F00
6F00
7780
5580
15C0
04C0
ENDCHAR
STARTCHAR E816
ENCODING 59414
SWIDTH 660 0
DWIDTH 11 0
BBX 11 10 0 1
BITMAP
3F00
7F80
6FC0
FFC0
D3A0
D3A0
FFC0
7D40
7E80
1F00
ENDCHAR
STARTCHAR E817
ENCODING 59415
SWIDTH 660 0
DWIDTH 11 0
BBX 11 10 0 1
BITMAP
FFE0
FFE0
EDE0
EBE0
E3E0
EBE0
EDE0
ECE0
FFE0
FFE0
ENDCHAR
STARTCHAR E818
ENCODING 59416
SWIDTH 660 0
DWIDTH 11 0
BBX 10 14 0 -1
BITMAP
FFC0
FF80
FF80
FF00
FE00
FC00
F800
F200
E700
EF00
DF80
BFC0
3FC0
7FC0
ENDCHAR
STARTCHAR E819
ENCODING 59417
SWIDTH 660 0
DWIDTH 11 0
BBX 11 10 0 1
BITMAP
0C00
2D00
7F80
1700
EAC0
FBE0
1700
7F80
2D00
0C00
ENDCHAR
STARTCHAR E81A
ENCODING 59418
SWIDTH 660 0
DWIDTH 11 0
BBX 11 2 0 5
BITMAP
C140
7FE0
ENDCHAR
STARTCHAR E81B
ENCODING 59419
SWIDTH 660 0
DWIDTH 11 0
BBX 10 10 0 1
BITMAP
FFC0
FF80
FF00
FE00
FC00
FC00
FE00
FF00
FF80
FFC0
ENDCHAR
STARTCHAR E81C
ENCODING 59420
SWIDTH 660 0
DWIDTH 11 0
BBX 10 10 0 1
BITMAP
1000
3800
7C00
EE00
6F00
2F80
0FC0
0FC0
0780
0300
ENDCHAR
STARTCHAR E81D
ENCODING 59421
SWIDTH 660 0
DWIDTH 11 0
BBX 11 10 0 1
BITMAP
0E00
3F80
73C0
6AC0
F2C0
C0C0
F6E0
71C0
2F80
3F00
ENDCHAR
STARTCHAR E81E
ENCODING 59422
SWIDTH 660 0
DWIDTH 11 0
BBX 10 6 0 2
BITMAP
3800
FE00
3F80
3F40
FC00
3000
ENDCHAR
STARTCHAR E81F
ENCODING 59423
SWIDTH 660 0
DWIDTH 11 0
BBX 10 4 0 4
BITMAP
CC80
AEC0
CD40
0700
ENDCHAR
STARTCHAR E820
ENCODING 59424
SWIDTH 660 0
DWIDTH 11 0
BBX 11 10 0 1
BITMAP
FFE0
DFE0
DFE0
FFE0
D060
D260
D260
D260
D260
FFE0
ENDCHAR
STARTCHAR E821
ENCODING 59425
SWIDTH 660 0
DWIDTH 11 0
BBX 11 14 0 -1
BITMAP
7F80
FFE0
FFC0
3F80
0060
03E0
3FC0
7F20
F0E0
8FC0
7F80
FC60
C3C0
3F80
ENDCHAR
STARTCHAR E822
ENCODING 59426
SWIDTH 660 0
DWIDTH 11 0
BBX 11 12 0 0
BITMAP
1F00
7380
69C0
D8C0
C0E0
E1E0
F3C0
FFC0
2D80
2D80
0C00
0C00
ENDCHAR
STARTCHAR E823
ENCODING 59427
SWIDTH 660 0
DWIDTH 11 0
BBX 11 6 0 3
BITMAP
6DC0
E4C0
FFE0
8420
0E00
0B00
ENDCHAR
STARTCHAR E824
ENCODING 59428
SWIDTH 660 0
DWIDTH 11 0
BBX 11 10 0 1
BITMAP
8000
8000
83C0
8240
8420
8420
8240
F980
0000
FFE0
ENDCHAR
STARTCHAR E825
ENCODING 59429
SWIDTH 660 0
DWIDTH 11 0
BBX 11 12 0 0
BITMAP
E000
F000
F800
F800
F800
F800
F800
FBE0
FBE0
FBE0
7BE0
3BE0
ENDCHAR
STARTCHAR E826
ENCODING 59430
SWIDTH 660 0
DWIDTH 11 0
BBX 10 9 1 1
BITMAP
4180
3D80
7B00
F900
FF40
FF40
7B00
7E00
BC00
ENDCHAR
STARTCHAR E827
ENCODING 59431
SWIDTH 660 0
DWIDTH 11 0
BBX 7 15 2 -1
BITMAP
66
BA
CC
32
CC
32
CC
28
28
7C
18
28
30
70
10
ENDCHAR
STARTCHAR E828
ENCODING 59432
SWIDTH 660 0
DWIDTH 11 0
BBX 10 6 0 4
BITMAP
00C0
0180
0180
0F80
3F00
C200
ENDCHAR
STARTCHAR E829
ENCODING 59433
SWIDTH 660 0
DWIDTH 11 0
BBX 11 8 0 2
BITMAP
8160
E740
BD00
8160
8760
0C60
0D80
0300
ENDCHAR
STARTCHAR E82A
ENCODING 59434
SWIDTH 660 0
DWIDTH 11 0
BBX 10 10 0 1
BITMAP
0100
0300
0F80
1780
3780
CFC0
5FC0
3E40
0C00
0800
ENDCHAR
STARTCHAR E82B
ENCODING 59435
SWIDTH 660 0
DWIDTH 11 0
BBX 11 10 0 1
BITMAP
3F00
FF80
DFC0
EFC0
F7A0
CFE0
EFC0
F5C0
6A80
3F00
ENDCHAR
STARTCHAR E82C
ENCODING 59436
SWIDTH 660 0
DWIDTH 11 0
BBX 11 14 0 -1
BITMAP
C040
C0E0
C1C0
E3C0
E780
E700
AB00
6E00
7E00
7800
3800
2000
6000
4000
ENDCHAR
STARTCHAR E82D
ENCODING 59437
SWIDTH 660 0
DWIDTH 11 0
BBX 11 10 0 1
BITMAP
E1E0
F1E0
F3E0
FBE0
FBE0
FFE0
EEA0
EEE0
E0E0
E0E0
ENDCHAR
STARTCHAR E82E
ENCODING 59438
SWIDTH 660 0
DWIDTH 11 0
BBX 10 12 0 0
BITMAP
1000
6800
3E00
1F80
1740
3980
3600
7600
BC00
EC00
7400
1800
ENDCHAR
STARTCHAR E82F
ENCODING 59439
SWIDTH 660 0
DWIDTH 11 0
BBX 11 10 0 1
BITMAP
FFE0
E7E0
E7E0
E5E0
A5E0
A520
A520
A520
FFE0
FFE0
ENDCHAR
STARTCHAR E830
ENCODING 59440
SWIDTH 660 0
DWIDTH 11 0
BBX 11 10 0 1
BITMAP
3F80
CA40
9240
9E20
B340
CCC0
3F80
2080
2100
1E00
ENDCHAR
STARTCHAR E831
ENCODING 59441
SWIDTH 660 0
DWIDTH 11 0
BBX 11 10 0 1
BITMAP
FFE0
FFE0
DE60
FEE0
F6E0
FEE0
FAE0
DE60
FFE0
FFE0
ENDCHAR
STARTCHAR E832
ENCODING 59442
SWIDTH 660 0
DWIDTH 11 0
BBX 11 12 0 0
BITMAP
0E00
3D00
7FC0
FFE0
8C60
FFE0
DAE0
FFE0
FFE0
5FC0
3D00
0E00
ENDCHAR
STARTCHAR E833
ENCODING 59443
SWIDTH 660 0
DWIDTH 11 0
BBX 11 10 0 2
BITMAP
67E0
77C0
7F80
7F80
7C00
0F80
3F80
7D80
7F80
8080
ENDCHAR
STARTCHAR E834
ENCODING 59444
SWIDTH 660 0
DWIDTH 11 0
BBX 11 10 0 1
BITMAP
0300
0300
0400
0C00
0E00
DE00
E2C0
41E0
01E0
01C0
ENDCHAR
STARTCHAR E835
ENCODING 59445
SWIDTH 660 0
DWIDTH 11 0
BBX 9 4 1 4
BITMAP
7F00
FF80
1600
1000
ENDCHAR
STARTCHAR E836
ENCODING 59446
SWIDTH 660 0
DWIDTH 11 0
BBX 11 8 0 2
BITMAP
0200
3C00
FFC0
BE60
B660
B660
3660
3660
ENDCHAR
STARTCHAR E837
ENCODING 59447
SWIDTH 660 0
DWIDTH 11 0
BBX 11 12 0 0
BITMAP
CD80
EFC0
FF80
FFC0
FFC0
FFC0
FF60
FBC0
FBE0
FFE0
FFE0
FF80
ENDCHAR
STARTCHAR E838
ENCODING 59448
SWIDTH 660 0
DWIDTH 11 0
BBX 10 16 0 -2
BITMAP
0300
77C0
BFC0
0000
1040
1040
10C0
10C0
10C0
0000
1040
0040
00C0
00C0
00C0
00C0
ENDCHAR
STARTCHAR E839
ENCODING 59449
SWIDTH 660 0
DWIDTH 11 0
BBX 11 10 0 1
BITMAP
0780
0CC0
0840
4860
C860
E860
1860
3800
C000
C000
ENDCHAR
STARTCHAR E83A
ENCODING 59450
SWIDTH 660 0
DWIDTH 11 0
BBX 11 12 0 1
BITMAP
2080
70C0
F8E0
B8E0
DCE0
BEE0
AEE0
A7E0
A7E0
A3A0
A1C0
6180
ENDCHAR
STARTCHAR E83B
ENCODING 59451
SWIDTH 660 0
DWIDTH 11 0
BBX 11 10 0 1
BITMAP
0100
3F00
FF40
FEC0
1FC0
07E0
07C0
3F80
1B80
0200
ENDCHAR
STARTCHAR E83C
ENCODING 59452
SWIDTH 660 0
DWIDTH 11 0
BBX 10 10 0 1
BITMAP
0400
0400
3400
0C00
0A00
CAC0
0000
2400
0400
0400
ENDCHAR
STARTCHAR E83D
ENCODING 59453
SWIDTH 660 0
DWIDTH 11 0
BBX 11 12 0 0
BITMAP
0040
00E0
07C0
1E80
9F80
5F80
F1E0
4EC0
0180
1F80
0F80
0100
ENDCHAR
STARTCHAR E83E
ENCODING 59454
SWIDTH 660 0
DWIDTH 11 0
BBX 11 10 0 1
BITMAP
3F00
7F80
7FC0
E7C0
EFE0
EBE0
EDC0
7EC0
7F80
1F00
ENDCHAR
STARTCHAR E83F
ENCODING 59455
SWIDTH 660 0
DWIDTH 11 0
BBX 11 10 0 1
BITMAP
3180
E0E0
FEE0
DBC0
D140
9140
8E00
0000
1F00
1E00
ENDCHAR
STARTCHAR E840
ENCODING 59456
SWIDTH 660 0
DWIDTH 11 0
BBX 11 10 0 1
BITMAP
3F00
7F80
DFC0
DFC0
DFE0
EFE0
FFC0
BFC0
5F80
3F00
ENDCHAR
STARTCHAR E841
ENCODING 59457
SWIDTH 660 0
DWIDTH 11 0
BBX 10 8 0 2
BITMAP
0400
7F80
FFC0
4040
8440
7F80
3F80
0C00
ENDCHAR
STARTCHAR E842
ENCODING 59458
SWIDTH 660 0
DWIDTH 11 0
BBX 11 9 0 1
BITMAP
0400
2F80
FCE0
FF60
9FE0
EFE0
CFE0
FFC0
1F00
ENDCHAR
STARTCHAR E843
ENCODING 59459
SWIDTH 660 0
DWIDTH 11 0
BBX 10 10 0 1
BITMAP
0500
1700
7E00
1180
E1C0
2100
5100
5F80
1900
0500
ENDCHAR
STARTCHAR E844
ENCODING 59460
SWIDTH 660 0
DWIDTH 11 0
BBX 11 12 0 0
BITMAP
0C00
3F00
7FC0
D360
C0E0
C460
CC60
CC60
CE60
7FC0
1F00
0C00
ENDCHAR
STARTCHAR E845
ENCODING 59461
SWIDTH 660 0
DWIDTH 11 0
BBX 11 12 0 0
BITMAP
0C00
3F00
7FC0
FFE0
FEE0
FDE0
F7E0
DFE0
FFE0
7FC0
1F00
0C00
ENDCHAR
STARTCHAR E846
ENCODING 59462
SWIDTH 660 0
DWIDTH 11 0
BBX 11 12 0 0
BITMAP
0C00
3F00
7FC0
FCE0
FCE0
E0E0
E0E0
E7E0
EFE0
7FC0
1F00
0C00
ENDCHAR
STARTCHAR E847
ENCODING 59463
SWIDTH 660 0
DWIDTH 11 0
BBX 11 10 0 2
BITMAP
3800
7F80
7FC0
D840
D060
C660
CE40
7EC0
7780
1700
ENDCHAR
STARTCHAR E848
ENCODING 59464
SWIDTH 660 0
DWIDTH 11 0
BBX 11 11 0 1
BITMAP
0300
FC80
BFC0
83A0
9EA0
92A0
92A0
94A0
96A0
9FA0
7FC0
ENDCHAR
STARTCHAR E849
ENCODING 59465
SWIDTH 660 0
DWIDTH 11 0
BBX 11 10 0 1
BITMAP
C000
0000
1FC0
27C0
27E0
3FE0
3C60
3C20
3C40
1FC0
ENDCHAR
STARTCHAR E84A
ENCODING 59466
SWIDTH 660 0
DWIDTH 11 0
BBX 11 11 0 0
BITMAP
0400
0E00
73C0
AC20
CE60
D360
FB00
BA60
B960
1B40
1B00
ENDCHAR
STARTCHAR E84B
ENCODING 59467
SWIDTH 660 0
DWIDTH 11 0
BBX 11 8 0 2
BITMAP
0800
1600
2700
2680
4A80
4940
9140
FFE0
ENDCHAR
STARTCHAR E84C
ENCODING 59468
SWIDTH 660 0
DWIDTH 11 0
BBX 11 10 0 1
BITMAP
3F00
7E80
7FC0
FBC0
F3E0
F1E0
D5C0
6FC0
7F80
3F00
ENDCHAR
STARTCHAR E84D
ENCODING 59469
SWIDTH 660 0
DWIDTH 11 0
BBX 11 10 0 1
BITMAP
3F00
4080
8040
C040
F9A0
F920
8040
8040
4080
3F00
ENDCHAR
STARTCHAR E84E
ENCODING 59470
SWIDTH 660 0
DWIDTH 11 0
BBX 11 10 0 1
BITMAP
7FC0
FFE0
FFE0
AFE0
0460
01E0
07E0
FFE0
DBE0
1820
ENDCHAR
STARTCHAR E84F
ENCODING 59471
SWIDTH 660 0
DWIDTH 11 0
BBX 10 6 0 3
BITMAP
7F80
7F80
7F80
C1C0
C940
FFC0
ENDCHAR
STARTCHAR E850
ENCODING 59472
SWIDTH 660 0
DWIDTH 11 0
BBX 10 9 0 2
BITMAP
4000
8040
9E40
9B40
B140
B140
9F40
8E40
0040
ENDCHAR
STARTCHAR E851
ENCODING 59473
SWIDTH 660 0
DWIDTH 11 0
BBX 10 6 0 3
BITMAP
0600
0200
DAC0
EB40
4300
0200
ENDCHAR
STARTCHAR E852
ENCODING 59474
SWIDTH 660 0
DWIDTH 11 0
BBX 11 10 0 1
BITMAP
00E0
3EC0
7F00
FE80
ED80
FC00
EF80
FD80
7E00
3E00
ENDCHAR
STARTCHAR E853
ENCODING 59475
SWIDTH 660 0
DWIDTH 11 0
BBX 11 4 0 4
BITMAP
3700
0080
FF40
FFE0
ENDCHAR
STARTCHAR E854
ENCODING 59476
SWIDTH 660 0
DWIDTH 11 0
BBX 11 10 0 1
BITMAP
0E00
1F00
1300
1B00
0200
7240
C240
CA60
FBC0
7180
ENDCHAR
STARTCHAR E855
ENCODING 59477
SWIDTH 660 0
DWIDTH 11 0
BBX 11 4 0 4
BITMAP
7E00
E380
FA80
7F20
ENDCHAR
STARTCHAR E856
ENCODING 59478
SWIDTH 660 0
DWIDTH 11 0
BBX 9 10 0 1
BITMAP
FF80
FF80
FF80
0000
C180
C180
0000
FF80
FF80
7F00
ENDCHAR
STARTCHAR E857
ENCODING 59479
SWIDTH 660 0
DWIDTH 11 0
BBX 10 6 0 3
BITMAP
1E00
7FC0
FFC0
FA00
E000
4000
ENDCHAR
STARTCHAR E858
ENCODING 59480
SWIDTH 660 0
DWIDTH 11 0
BBX 9 10 1 1
BITMAP
0200
0300
0D80
1E80
0E00
3400
7A00
6400
8000
8000
ENDCHAR
STARTCHAR E859
ENCODING 59481
SWIDTH 660 0
DWIDTH 11 0
BBX 11 2 0 5
BITMAP
F240
F6E0
ENDCHAR
STARTCHAR E85A
ENCODING 59482
SWIDTH 660 0
DWIDTH 11 0
BBX 7 15 2 -2
BITMAP
10
7C
C6
00
30
7C
FE
FE
FE
FE
7C
10
02
CE
78
ENDCHAR
STARTCHAR E85B
ENCODING 59483
SWIDTH 660 0
DWIDTH 11 0
BBX 11 5 0 4
BITMAP
1800
1000
E940
BB60
C100
ENDCHAR
STARTCHAR E85C
ENCODING 59484
SWIDTH 660 0
DWIDTH 11 0
BBX 9 14 1 -1
BITMAP
3000
3800
DE00
F700
FF80
FF80
FF80
FF80
FF80
FF80
FB80
F800
7800
1800
ENDCHAR
STARTCHAR E85D
ENCODING 59485
SWIDTH 660 0
DWIDTH 11 0
BBX 9 16 1 -2
BITMAP
0180
3180
3180
3180
B580
8580
B580
8580
B180
B580
B180
B580
8400
8400
8400
8000
ENDCHAR
STARTCHAR E85E
ENCODING 59486
SWIDTH 660 0
DWIDTH 11 0
BBX 11 10 0 1
BITMAP
FFC0
FF00
FF60
8220
8420
BAE0
B2E0
04E0
3FE0
7FE0
ENDCHAR
STARTCHAR E85F
ENCODING 59487
SWIDTH 660 0
DWIDTH 11 0
BBX 10 10 0 2
BITMAP
0200
06C0
0F40
1F80
1E00
5500
9C00
0600
0B00
0E00
ENDCHAR
STARTCHAR E860
ENCODING 59488
SWIDTH 660 0
DWIDTH 11 0
BBX 8 7 1 2
BITMAP
C0
E0
FB
E4
53
5A
30
ENDCHAR
STARTCHAR E861
ENCODING 59489
SWIDTH 660 0
DWIDTH 11 0
BBX 11 2 0 5
BITMAP
B7A0
97A0
ENDCHAR
STARTCHAR E862
ENCODING 59490
SWIDTH 660 0
DWIDTH 11 0
BBX 10 10 0 1
BITMAP
7F00
C080
FFC0
F9C0
FDC0
7F80
7FC0
7FC0
1FC0
0F00
ENDCHAR
STARTCHAR E863
ENCODING 59491
SWIDTH 660 0
DWIDTH 11 0
BBX 11 8 0 2
BITMAP
0800
0E00
FFE0
BFC0
7FC0
58C0
3F80
0700
ENDCHAR
STARTCHAR E864
ENCODING 59492
SWIDTH 660 0
DWIDTH 11 0
BBX 11 10 0 1
BITMAP
FFE0
FFE0
DFE0
FFE0
F760
D560
D560
D560
FFE0
FFE0
ENDCHAR
STARTCHAR E865
ENCODING 59493
SWIDTH 660 0
DWIDTH 11 0
BBX 11 10 0 1
BITMAP
EFE0
EFE0
EFE0
0FE0
0FE0
0FE0
0FE0
EFE0
EFE0
EFE0
ENDCHAR
STARTCHAR E866
ENCODING 59494
SWIDTH 660 0
DWIDTH 11 0
BBX 11 10 0 1
BITMAP
3F00
5E80
A240
BF20
BD40
AF40
BDC0
8F40
4280
3F00
ENDCHAR
STARTCHAR E867
ENCODING 59495
SWIDTH 660 0
DWIDTH 11 0
BBX 11 13 0 -1
BITMAP
FFE0
FFE0
FFC0
FFC0
FFC0
FF80
FD80
FE00
FF00
FF80
FF80
7F00
3C00
ENDCHAR
STARTCHAR E868
ENCODING 59496
SWIDTH 660 0
DWIDTH 11 0
BBX 11 10 0 1
BITMAP
3F00
7F80
47C0
FBC0
FCE0
C760
FB40
7CC0
7F80
1F00
ENDCHAR
STARTCHAR E869
ENCODING 59497
SWIDTH 660 0
DWIDTH 11 0
BBX 11 14 0 -1
BITMAP
0600
1D00
FFE0
1A00
7A00
6200
7A00
FA00
FA00
5C00
7E00
FE00
FE00
3E00
ENDCHAR
STARTCHAR E86A
ENCODING 59498
SWIDTH 660 0
DWIDTH 11 0
BBX 11 10 0 1
BITMAP
3F00
5AC0
A240
BF40
91A0
21A0
3340
4C40
4080
3F00
ENDCHAR
STARTCHAR E86B
ENCODING 59499
SWIDTH 660 0
DWIDTH 11 0
BBX 11 10 0 0
BITMAP
3F00
7F80
7FC0
FDC0
FFE0
FBE0
E7C0
5FC0
7F80
1F00
ENDCHAR
STARTCHAR E86C
ENCODING 59500
SWIDTH 660 0
DWIDTH 11 0
BBX 11 8 0 2
BITMAP
3FE0
67C0
77C0
7BC0
73C0
E780
D880
FF80
ENDCHAR
STARTCHAR E86D
ENCODING 59501
SWIDTH 660 0
DWIDTH 11 0
BBX 11 10 0 1
BITMAP
FFE0
FFE0
E7E0
EAE0
E5E0
EDE0
EDE0
FFE0
FFE0
FFE0
ENDCHAR
STARTCHAR E86E
ENCODING 59502
SWIDTH 660 0
DWIDTH 11 0
BBX 11 13 0 0
BITMAP
0400
0C00
0E00
1A00
1900
3900
7980
7880
F0C0
F040
7060
77C0
3C00
ENDCHAR
STARTCHAR E86F
ENCODING 59503
SWIDTH 660 0
DWIDTH 11 0
BBX 11 9 0 1
BITMAP
0300
0380
01C0
0EC0
5CE0
F8C0
7BC0
7380
E200
ENDCHAR
STARTCHAR E870
ENCODING 59504
SWIDTH 660 0
DWIDTH 11 0
BBX 11 10 0 1
BITMAP
3F00
7D80
71C0
E1C0
E1E0
D0E0
E0C0
7FC0
7F80
1F00
ENDCHAR
STARTCHAR E871
ENCODING 59505
SWIDTH 660 0
DWIDTH 11 0
BBX 11 10 0 1
BITMAP
3F00
7180
60C0
DE40
9F60
8060
FFC0
7FC0
7F80
1F00
ENDCHAR
STARTCHAR E872
ENCODING 59506
SWIDTH 660 0
DWIDTH 11 0
BBX 10 10 0 1
BITMAP
3F80
D2C0
AD40
D280
6D80
6D40
C2C0
BD40
4A40
3F80
ENDCHAR
STARTCHAR E873
ENCODING 59507
SWIDTH 660 0
DWIDTH 11 0
BBX 11 12 0 0
BITMAP
0C00
0E00
71C0
2180
CE60
C040
5B40
9A60
C040
5340
1B00
0A00
ENDCHAR
STARTCHAR E874
ENCODING 59508
SWIDTH 660 0
DWIDTH 11 0
BBX 10 16 0 -2
BITMAP
0080
73C0
7F80
7F80
73C0
4080
8040
7FC0
8040
FFC0
8040
C240
9DC0
8040
8040
7FC0
ENDCHAR
STARTCHAR E875
ENCODING 59509
SWIDTH 660 0
DWIDTH 11 0
BBX 10 6 0 3
BITMAP
0080
0E40
4040
8E80
DE00
6000
ENDCHAR
STARTCHAR E876
ENCODING 59510
SWIDTH 660 0
DWIDTH 11 0
BBX 11 10 0 1
BITMAP
07C0
0540
0640
0DE0
0FC0
7C00
9C00
8C00
7800
FC00
ENDCHAR
STARTCHAR E877
ENCODING 59511
SWIDTH 660 0
DWIDTH 11 0
BBX 10 10 0 1
BITMAP
3D00
7F00
6D80
FBC0
F9C0
FFC0
FFC0
FFC0
7FC0
3780
ENDCHAR
STARTCHAR E878
ENCODING 59512
SWIDTH 660 0
DWIDTH 11 0
BBX 11 10 0 1
BITMAP
0100
0780
1DE0
1BE0
3FE0
3FE0
FFE0
EB40
7F80
0800
ENDCHAR
STARTCHAR E879
ENCODING 59513
SWIDTH 660 0
DWIDTH 11 0
BBX 11 4 0 4
BITMAP
0980
BA60
1AC0
0400
ENDCHAR
STARTCHAR E87A
ENCODING 59514
SWIDTH 660 0
DWIDTH 11 0
BBX 11 11 0 1
BITMAP
FFE0
7BC0
7BC0
7BC0
7BC0
7B00
7B00
7800
7800
6000
6000
ENDCHAR
STARTCHAR E87B
ENCODING 59515
SWIDTH 660 0
DWIDTH 11 0
BBX 11 12 0 -1
BITMAP
0800
1800
3300
6000
40C0
C040
8060
8060
C040
40C0
6180
3F00
ENDCHAR
STARTCHAR E87C
ENCODING 59516
SWIDTH 660 0
DWIDTH 11 0
BBX 11 10 0 0
BITMAP
7F80
FFE0
ED80
FE80
6480
7FC0
FFE0
FFC0
FFC0
7F00
ENDCHAR
STARTCHAR E87D
ENCODING 59517
SWIDTH 660 0
DWIDTH 11 0
BBX 11 8 0 2
BITMAP
7FE0
E7E0
DBE0
DBE0
DBE0
C6E0
FFC0
FF80
ENDCHAR
STARTCHAR E87E
ENCODING 59518
SWIDTH 660 0
DWIDTH 11 0
BBX 11 10 0 1
BITMAP
FFC0
8060
8E60
8E60
BFE0
8E60
8A60
8060
8460
FDC0
ENDCHAR
STARTCHAR E87F
ENCODING 59519
SWIDTH 660 0
DWIDTH 11 0
BBX 11 10 0 1
BITMAP
3F00
4C80
AA40
A1C0
A520
B520
B2C0
AE40
4C80
3F00
ENDCHAR
STARTCHAR E880
ENCODING 59520
SWIDTH 660 0
DWIDTH 11 0
BBX 11 11 0 0
BITMAP
1F00
3F80
7780
73C0
F1E0
E1C0
F1C0
7980
3D80
3F00
0380
ENDCHAR
STARTCHAR E881
ENCODING 59521
SWIDTH 660 0
DWIDTH 11 0
BBX 11 8 0 2
BITMAP
3F00
70C0
EFC0
CCE0
CFC0
6F40
1F80
0CC0
ENDCHAR
STARTCHAR E882
ENCODING 59522
SWIDTH 660 0
DWIDTH 11 0
BBX 11 12 0 0
BITMAP
CC00
CC00
CC00
CC00
CC00
FFE0
FFE0
FCE0
FC60
FFE0
FFE0
FFC0
ENDCHAR
STARTCHAR E883
ENCODING 59523
SWIDTH 660 0
DWIDTH 11 0
BBX 11 10 0 1
BITMAP
3F00
7F80
03C0
FEC0
FF60
FF60
FFC0
7FC0
7F80
1F00
ENDCHAR
STARTCHAR E884
ENCODING 59524
SWIDTH 660 0
DWIDTH 11 0
BBX 11 5 0 4
BITMAP
0200
7FE0
FF80
7F80
6100
ENDCHAR
STARTCHAR E885
ENCODING 59525
SWIDTH 660 0
DWIDTH 11 0
BBX 10 8 0 2
BITMAP
0400
0E00
1F00
3E80
7DC0
F9C0
71C0
2080
ENDCHAR
STARTCHAR E886
ENCODING 59526
SWIDTH 660 0
DWIDTH 11 0
BBX 11 10 0 1
BITMAP
3800
27C0
2A40
7A40
93C0
9240
7A20
2A40
27C0
3800
ENDCHAR
STARTCHAR E887
ENCODING 59527
SWIDTH 660 0
DWIDTH 11 0
BBX 11 11 0 0
BITMAP
3F00
7580
BB40
C0C0
A160
A160
C0C0
7340
6D80
1B00
0400
ENDCHAR
STARTCHAR E888
ENCODING 59528
SWIDTH 660 0
DWIDTH 11 0
BBX 11 7 0 3
BITMAP
0400
0E00
0600
3180
3180
C640
CEE0
ENDCHAR
STARTCHAR E889
ENCODING 59529
SWIDTH 660 0
DWIDTH 11 0
BBX 11 14 0 -1
BITMAP
F820
97E0
F7A0
9820
F7A0
FFA0
F020
F7A0
F020
F020
F020
F020
F020
0FC0
ENDCHAR
STARTCHAR E88A
ENCODING 59530
SWIDTH 660 0
DWIDTH 11 0
BBX 11 11 0 1
BITMAP
0400
3F00
7F80
7FC0
FFC0
77E0
FDE0
77C0
7EC0
7B80
3F00
ENDCHAR
STARTCHAR E88B
ENCODING 59531
SWIDTH 660 0
DWIDTH 11 0
BBX 11 10 0 1
BITMAP
FFE0
FFE0
FFE0
FFE0
FFE0
FFE0
FFE0
FFE0
DFE0
FFE0
ENDCHAR
STARTCHAR E88C
ENCODING 59532
SWIDTH 660 0
DWIDTH 11 0
BBX 11 10 0 1
BITMAP
0E00
3100
2100
2E00
2180
6140
9140
9220
8440
7B80
ENDCHAR
STARTCHAR E88D
ENCODING 59533
SWIDTH 660 0
DWIDTH 11 0
BBX 10 16 0 -2
BITMAP
1800
2600
4D80
7FC0
DB80
7F80
BA80
B380
7D00
6E80
DE80
B500
59C0
21C0
1E40
0380
ENDCHAR
STARTCHAR E88E
ENCODING 59534
SWIDTH 660 0
DWIDTH 11 0
BBX 11 12 0 0
BITMAP
F800
F800
F800
F800
07E0
07E0
07E0
07E0
F800
F800
F800
F800
ENDCHAR
STARTCHAR E88F
ENCODING 59535
SWIDTH 660 0
DWIDTH 11 0
BBX 11 10 0 1
BITMAP
3A00
FE00
E980
FAC0
F9C0
7FC0
7FC0
7FC0
7FE0
3B80
ENDCHAR
STARTCHAR E890
ENCODING 59536
SWIDTH 660 0
DWIDTH 11 0
BBX 11 8 0 2
BITMAP
0180
0300
6F80
9E40
70E0
11E0
67E0
DFE0
ENDCHAR
STARTCHAR E891
ENCODING 59537
SWIDTH 660 0
DWIDTH 11 0
BBX 11 10 0 1
BITMAP
3F00
7F80
7FC0
FFC0
FCE0
F860
F200
6700
4F80
1F00
ENDCHAR
STARTCHAR E892
ENCODING 59538
SWIDTH 660 0
DWIDTH 11 0
BBX 11 14 0 -1
BITMAP
FF00
FD80
FBC0
FBC0
F1E0
E0E0
E1C0
C3C0
C700
8F80
9F80
9FC0
BFC0
FFE0
ENDCHAR
STARTCHAR E893
ENCODING 59539
SWIDTH 660 0
DWIDTH 11 0
BBX 11 10 0 1
BITMAP
CCE0
CCC0
0000
0000
CCE0
CCC0
0000
0000
CCC0
CCE0
ENDCHAR
STARTCHAR E894
ENCODING 59540
SWIDTH 660 0
DWIDTH 11 0
BBX 11 10 0 1
BITMAP
3F00
7180
40C0
DF40
9F60
9E60
8C40
44C0
7180
3F00
ENDCHAR
STARTCHAR E895
ENCODING 59541
SWIDTH 660 0
DWIDTH 11 0
BBX 11 10 0 1
BITMAP
3F00
7F80
63C0
F5C0
F3E0
F7E0
F5C0
7FC0
7F80
1F00
ENDCHAR
STARTCHAR E896
ENCODING 59542
SWIDTH 660 0
DWIDTH 11 0
BBX 10 10 0 1
BITMAP
1BC0
FFC0
EAC0
F8C0
FAC0
FFC0
FFC0
FF80
7F00
3F00
ENDCHAR
STARTCHAR E897
ENCODING 59543
SWIDTH 660 0
DWIDTH 11 0
BBX 11 10 0 0
BITMAP
1E00
7F00
7F80
F3C0
E020
E060
60C0
60C0
3DC0
1F00
ENDCHAR
STARTCHAR E898
ENCODING 59544
SWIDTH 660 0
DWIDTH 11 0
BBX 11 8 0 2
BITMAP
3400
7F80
7FC0
F6E0
FBC0
FFC0
3E00
1800
ENDCHAR
STARTCHAR E899
ENCODING 59545
SWIDTH 660 0
DWIDTH 11 0
BBX 11 10 0 1
BITMAP
FFE0
FFE0
E1E0
EFE0
E1E0
F8E0
EEE0
E1E0
FFE0
FFE0
ENDCHAR
STARTCHAR E89A
ENCODING 59546
SWIDTH 660 0
DWIDTH 11 0
BBX 9 15 1 -2
BITMAP
0800
1C00
3C00
3C00
7800
7800
F300
F780
E780
CF00
0F00
1E00
1E00
3C00
3C00
ENDCHAR
STARTCHAR E89B
ENCODING 59547
SWIDTH 660 0
DWIDTH 11 0
BBX 10 6 0 3
BITMAP
0700
0F80
4F80
EF80
F0C0
6F00
ENDCHAR
STARTCHAR E89C
ENCODING 59548
SWIDTH 660 0
DWIDTH 11 0
BBX 11 5 0 4
BITMAP
DA40
7620
DB40
0080
3F00
ENDCHAR
STARTCHAR E89D
ENCODING 59549
SWIDTH 660 0
DWIDTH 11 0
BBX 11 12 0 0
BITMAP
FFC0
FF80
FF20
FB60
FCE0
FFE0
AFE0
9CE0
E860
85E0
FFE0
FFE0
ENDCHAR
STARTCHAR E89E
ENCODING 59550
SWIDTH 660 0
DWIDTH 11 0
BBX 11 10 0 1
BITMAP
3F00
7780
77C0
FA40
F4E0
EDE0
EFC0
6FC0
7F80
1F00
ENDCHAR
STARTCHAR E89F
ENCODING 59551
SWIDTH 660 0
DWIDTH 11 0
BBX 11 10 0 1
BITMAP
0400
0A00
1200
0900
2500
3280
2A80
9640
9520
7740
ENDCHAR
STARTCHAR E8A0
ENCODING 59552
SWIDTH 660 0
DWIDTH 11 0
BBX 11 12 0 0
BITMAP
0E00
3F00
7DC0
F360
F5E0
EFE0
EEE0
E3E0
CFE0
75C0
1F00
0C00
ENDCHAR
STARTCHAR E8A1
ENCODING 59553
SWIDTH 660 0
DWIDTH 11 0
BBX 11 10 0 1
BITMAP
3F00
7800
6000
E380
E3C0
E1E0
E040
7800
7E00
1F00
ENDCHAR
STARTCHAR E8A2
ENCODING 59554
SWIDTH 660 0
DWIDTH 11 0
BBX 11 10 0 1
BITMAP
3F00
7F80
7FC0
C440
DDE0
F560
C640
7FC0
7F80
1F00
ENDCHAR
STARTCHAR E8A3
ENCODING 59555
SWIDTH 660 0
DWIDTH 11 0
BBX 10 9 0 1
BITMAP
3F00
3D80
7F40
8000
DFC0
3E80
2F00
1E00
0400
ENDCHAR
STARTCHAR E8A4
ENCODING 59556
SWIDTH 660 0
DWIDTH 11 0
BBX 11 10 0 1
BITMAP
1B00
1B00
7340
FBE0
72C0
DBC0
DBE0
1800
1B00
1B00
ENDCHAR
STARTCHAR E8A5
ENCODING 59557
SWIDTH 660 0
DWIDTH 11 0
BBX 11 10 0 1
BITMAP
3F00
4080
4040
8640
8C20
8420
8840
5040
6080
1F00
ENDCHAR
STARTCHAR E8A6
ENCODING 59558
SWIDTH 660 0
DWIDTH 11 0
BBX 9 16 1 -2
BITMAP
3E00
7E00
7F00
FF00
FF80
F000
E000
6200
4300
0700
0780
FF80
FF00
7F00
7E00
3E00
ENDCHAR
STARTCHAR E8A7
ENCODING 59559
SWIDTH 660 0
DWIDTH 11 0
BBX 10 10 0 1
BITMAP
1F00
1FC0
3FC0
3FC0
3F00
7F80
7F80
FF00
7F00
1E00
ENDCHAR
STARTCHAR E8A8
ENCODING 59560
SWIDTH 660 0
DWIDTH 11 0
BBX 10 10 0 1
BITMAP
0900
F680
0940
0680
0280
0140
0080
0080
0080
0080
ENDCHAR
STARTCHAR E8A9
ENCODING 59561
SWIDTH 660 0
DWIDTH 11 0
BBX 11 10 0 1
BITMAP
3F00
4480
9640
96C0
AD20
9620
8F40
9540
4E80
3F00
ENDCHAR
STARTCHAR E8AA
ENCODING 59562
SWIDTH 660 0
DWIDTH 11 0
BBX 10 10 0 1
BITMAP
0E00
1900
3F80
6EC0
BF40
9F40
6B80
3F00
1200
0C00
ENDCHAR
STARTCHAR E8AB
ENCODING 59563
SWIDTH 660 0
DWIDTH 11 0
BBX 10 4 0 4
BITMAP
1100
75C0
F9C0
4000
ENDCHAR
STARTCHAR E8AC
ENCODING 59564
SWIDTH 660 0
DWIDTH 11 0
BBX 11 10 0 1
BITMAP
3F40
7FC0
7F40
E040
C020
C120
C240
4C40
7980
3F00
ENDCHAR
STARTCHAR E8AD
ENCODING 59565
SWIDTH 660 0
DWIDTH 11 0
BBX 11 8 0 2
BITMAP
1800
5BC0
56C0
0800
1000
FFE0
7FC0
F7C0
ENDCHAR
STARTCHAR E8AE
ENCODING 59566
SWIDTH 660 0
DWIDTH 11 0
BBX 11 10 0 1
BITMAP
FFC0
FE40
E3C0
C400
C9C0
B200
B100
D0C0
9020
FBC0
ENDCHAR
STARTCHAR E8AF
ENCODING 59567
SWIDTH 660 0
DWIDTH 11 0
BBX 10 4 0 4
BITMAP
5800
ECC0
D400
0E00
ENDCHAR
STARTCHAR E8B0
ENCODING 59568
SWIDTH 660 0
DWIDTH 11 0
BBX 11 10 0 1
BITMAP
FF00
FF80
FF80
FF00
E380
FF80
3FC0
FF20
FFC0
3F80
ENDCHAR
STARTCHAR E8B1
ENCODING 59569
SWIDTH 660 0
DWIDTH 11 0
BBX 10 12 0 0
BITMAP
0AC0
0000
2000
0000
4000
0000
0000
8000
0000
C000
0000
5200
ENDCHAR
STARTCHAR E8B2
ENCODING 59570
SWIDTH 660 0
DWIDTH 11 0
BBX 11 2 0 5
BITMAP
EEE0
FFC0
ENDCHAR
STARTCHAR E8B3
ENCODING 59571
SWIDTH 660 0
DWIDTH 11 0
BBX 11 14 0 -1
BITMAP
0140
FF60
FFE0
E0E0
E4E0
E7E0
E1E0
F8E0
E4E0
E0E0
F1E0
FFE0
FFE0
0040
ENDCHAR
STARTCHAR E8B4
ENCODING 59572
SWIDTH 660 0
DWIDTH 11 0
BBX 10 6 0 3
BITMAP
0400
8C40
6FC0
7FC0
7F80
3F80
ENDCHAR
STARTCHAR E8B5
ENCODING 59573
SWIDTH 660 0
DWIDTH 11 0
BBX 11 8 0 2
BITMAP
FF80
F3E0
8FE0
1000
0F00
FE60
E3E0
7FE0
ENDCHAR
STARTCHAR E8B6
ENCODING 59574
SWIDTH 660 0
DWIDTH 11 0
BBX 11 10 0 2
BITMAP
0800
1800
3800
7FC0
7C20
FC40
7C80
0500
0500
0600
ENDCHAR
STARTCHAR E8B7
ENCODING 59575
SWIDTH 660 0
DWIDTH 11 0
BBX 11 12 0 0
BITMAP
0F80
18C0
7040
C760
CFC0
D8C0
C240
FE40
98C0
C180
4700
7C00
ENDCHAR
STARTCHAR E8B8
ENCODING 59576
SWIDTH 660 0
DWIDTH 11 0
BBX 11 10 0 1
BITMAP
3F00
7F80
6EC0
FEC0
DEE0
FEE0
FEC0
6EC0
7F80
1F00
ENDCHAR
STARTCHAR E8B9
ENCODING 59577
SWIDTH 660 0
DWIDTH 11 0
BBX 11 10 0 1
BITMAP
3C00
7780
7FC0
FFC0
F7E0
FDE0
FDC0
7DC0
7B80
0F00
ENDCHAR
STARTCHAR E8BA
ENCODING 59578
SWIDTH 660 0
DWIDTH 11 0
BBX 10 6 0 3
BITMAP
1E00
0740
03C0
7000
BD00
1E00
ENDCHAR
STARTCHAR E8BB
ENCODING 59579
SWIDTH 660 0
DWIDTH 11 0
BBX 11 12 0 0
BITMAP
0F00
19C0
3040
0660
6660
4040
C8C0
9980
8800
C100
7700
3C00
ENDCHAR
STARTCHAR E8BC
ENCODING 59580
SWIDTH 660 0
DWIDTH 11 0
BBX 11 12 0 0
BITMAP
0C00
3B00
7BC0
FBE0
DB60
1B00
1B80
1B80
1B00
1B00
1B00
0800
ENDCHAR
STARTCHAR E8BD
ENCODING 59581
SWIDTH 660 0
DWIDTH 11 0
BBX 11 12 0 0
BITMAP
8000
E000
E820
ECE0
6FE0
0FE0
0780
0D00
0E00
0E00
0E00
0200
ENDCHAR
STARTCHAR E8BE
ENCODING 59582
SWIDTH 660 0
DWIDTH 11 0
BBX 10 6 0 3
BITMAP
F140
5F80
5080
0D40
1200
1E00
ENDCHAR
STARTCHAR E8BF
ENCODING 59583
SWIDTH 660 0
DWIDTH 11 0
BBX 10 8 0 2
BITMAP
1C00
2B00
2D00
5680
1980
7C40
8FC0
F3C0
ENDCHAR
STARTCHAR E8C0
ENCODING 59584
SWIDTH 660 0
DWIDTH 11 0
BBX 11 12 0 0
BITMAP
7FC0
FFC0
F1E0
FDE0
FDE0
F5E0
FBE0
FFE0
FFE0
66E0
69E0
7FE0
ENDCHAR
STARTCHAR E8C1
ENCODING 59585
SWIDTH 660 0
DWIDTH 11 0
BBX 10 10 0 1
BITMAP
E000
FE00
77C0
9D40
FE80
7500
7A00
2C00
5800
3000
ENDCHAR
STARTCHAR E8C2
ENCODING 59586
SWIDTH 660 0
DWIDTH 11 0
BBX 11 10 0 1
BITMAP
7B80
BFC0
DF40
BF40
7BC0
7DC0
E0C0
D3E0
E1C0
7F80
ENDCHAR
STARTCHAR E8C3
ENCODING 59587
SWIDTH 660 0
DWIDTH 11 0
BBX 11 8 0 2
BITMAP
0440
07C0
77C0
9FC0
7F80
7F00
9180
0060
ENDCHAR
STARTCHAR E8C4
ENCODING 59588
SWIDTH 660 0
DWIDTH 11 0
BBX 11 6 0 3
BITMAP
0840
7EC0
BBE0
7F00
7F00
6C00
ENDCHAR
STARTCHAR E8C5
ENCODING 59589
SWIDTH 660 0
DWIDTH 11 0
BBX 11 14 0 -1
BITMAP
7FC0
7FC0
2200
2200
3F80
7FC0
FFE0
FFC0
7FC0
3F80
3F00
3F00
3F00
3F00
ENDCHAR
STARTCHAR E8C6
ENCODING 59590
SWIDTH 660 0
DWIDTH 11 0
BBX 10 6 0 3
BITMAP
1E00
0E00
F1C0
F140
0E00
1A00
ENDCHAR
STARTCHAR E8C7
ENCODING 59591
SWIDTH 660 0
DWIDTH 11 0
BBX 11 10 0 1
BITMAP
0400
1C00
2380
C660
60C0
7B80
CC60
6180
1B00
0400
ENDCHAR
STARTCHAR E8C8
ENCODING 59592
SWIDTH 660 0
DWIDTH 11 0
BBX 11 10 0 1
BITMAP
7FC0
FBC0
F5E0
DD60
FF60
FD60
F6E0
CC60
FBC0
7F80
ENDCHAR
STARTCHAR E8C9
ENCODING 59593
SWIDTH 660 0
DWIDTH 11 0
BBX 10 10 0 1
BITMAP
F0C0
4880
2900
1600
1200
0A00
1500
2480
2280
C1C0
ENDCHAR
STARTCHAR E8CA
ENCODING 59594
SWIDTH 660 0
DWIDTH 11 0
BBX 11 10 0 1
BITMAP
FFE0
FFE0
FFE0
FFE0
FFE0
F6E0
F660
F720
F420
FFE0
ENDCHAR
STARTCHAR E8CB
ENCODING 59595
SWIDTH 660 0
DWIDTH 11 0
BBX 11 12 0 1
BITMAP
0E00
0780
6180
7980
DF00
D100
DB00
FB00
BB20
BBE0
2B80
0A00
ENDCHAR
STARTCHAR E8CC
ENCODING 59596
SWIDTH 660 0
DWIDTH 11 0
BBX 11 12 0 0
BITMAP
F1E0
0000
E1C0
E1C0
F1E0
F1E0
F1E0
F1E0
F1C0
73C0
3F80
0E00
ENDCHAR
STARTCHAR E8CD
ENCODING 59597
SWIDTH 660 0
DWIDTH 11 0
BBX 11 10 0 1
BITMAP
3F00
4080
9140
BA40
9A20
9A20
9B40
9E40
4080
3F00
ENDCHAR
STARTCHAR E8CE
ENCODING 59598
SWIDTH 660 0
DWIDTH 11 0
BBX 11 3 0 5
BITMAP
02A0
F520
EBE0
ENDCHAR
STARTCHAR E8CF
ENCODING 59599
SWIDTH 660 0
DWIDTH 11 0
BBX 10 9 0 1
BITMAP
0C00
FEC0
73C0
3F80
3F00
1B00
1F00
1E00
0400
ENDCHAR
STARTCHAR E8D0
ENCODING 59600
SWIDTH 660 0
DWIDTH 11 0
BBX 11 11 0 1
BITMAP
4000
E1E0
F1E0
F3C0
7BC0
7B80
3F80
3F00
1F00
1F00
0E00
ENDCHAR
STARTCHAR E8D1
ENCODING 59601
SWIDTH 660 0
DWIDTH 11 0
BBX 10 12 0 0
BITMAP
1C40
6C40
4C40
CC80
8C80
4C80
0D00
0D00
0D00
0E00
0E00
0C00
ENDCHAR
STARTCHAR E8D2
ENCODING 59602
SWIDTH 660 0
DWIDTH 11 0
BBX 10 10 0 1
BITMAP
FFC0
7FC0
7D80
3F80
3B00
1F00
1E00
0E00
0C00
0400
ENDCHAR
STARTCHAR E8D3
ENCODING 59603
SWIDTH 660 0
DWIDTH 11 0
BBX 11 9 0 2
BITMAP
0400
0E00
1E00
1F00
3F00
3F80
7F80
7FC0
FFE0
ENDCHAR
STARTCHAR E8D4
ENCODING 59604
SWIDTH 660 0
DWIDTH 11 0
BBX 11 10 0 1
BITMAP
FFC0
FFE0
31A0
B420
A660
86E0
CD20
D5A0
F7E0
FFC0
ENDCHAR
STARTCHAR E8D5
ENCODING 59605
SWIDTH 660 0
DWIDTH 11 0
BBX 11 10 0 1
BITMAP
3F00
7F80
7FC0
DDC0
D5E0
F560
EDC0
7FC0
7F80
1F00
ENDCHAR
STARTCHAR E8D6
ENCODING 59606
SWIDTH 660 0
DWIDTH 11 0
BBX 10 9 0 1
BITMAP
00C0
0F80
EF80
EF00
6E00
6C00
3C00
3800
3000
ENDCHAR
STARTCHAR E8D7
ENCODING 59607
SWIDTH 660 0
DWIDTH 11 0
BBX 10 10 0 1
BITMAP
0F00
FFC0
7FC0
7F80
3F80
1F00
1F00
0E00
0C00
0400
ENDCHAR
STARTCHAR E8D8
ENCODING 59608
SWIDTH 660 0
DWIDTH 11 0
BBX 10 9 0 1
BITMAP
C040
6140
6180
2100
3500
1300
1E00
0E00
0C00
ENDCHAR
STARTCHAR E8D9
ENCODING 59609
SWIDTH 660 0
DWIDTH 11 0
BBX 11 9 0 2
BITMAP
0400
0E00
0F00
8660
44C0
2580
1300
0E00
0400
ENDCHAR
STARTCHAR E8DA
ENCODING 59610
SWIDTH 660 0
DWIDTH 11 0
BBX 11 10 0 1
BITMAP
01C0
07E0
4FE0
FEE0
78E0
78E0
FEE0
07E0
03E0
0180
ENDCHAR
STARTCHAR E8DB
ENCODING 59611
SWIDTH 660 0
DWIDTH 11 0
BBX 11 10 0 1
BITMAP
F3C0
FC20
C020
FFA0
E0A0
E0A0
E0A0
A0A0
90A0
FFC0
ENDCHAR
STARTCHAR E8DC
ENCODING 59612
SWIDTH 660 0
DWIDTH 11 0
BBX 11 9 0 1
BITMAP
F3E0
9B40
9E80
4E80
4D00
2500
1200
1400
0C00
ENDCHAR
STARTCHAR E8DD
ENCODING 59613
SWIDTH 660 0
DWIDTH 11 0
BBX 11 10 0 1
BITMAP
7FC0
7FC0
7FC0
FEC0
FFC0
FFC0
FDC0
FFC0
FFC0
FFE0
ENDCHAR
STARTCHAR E8DE
ENCODING 59614
SWIDTH 660 0
DWIDTH 11 0
BBX 11 9 0 1
BITMAP
FDE0
7BC0
7780
3780
2F00
0F00
0E00
0C00
0400
ENDCHAR
STARTCHAR E8DF
ENCODING 59615
SWIDTH 660 0
DWIDTH 11 0
BBX 11 12 0 0
BITMAP
C0E0
C0E0
C0E0
C0E0
C0E0
C0E0
E0E0
F1C0
7B80
3C00
1C00
0C00
ENDCHAR
STARTCHAR E8E0
ENCODING 59616
SWIDTH 660 0
DWIDTH 11 0
BBX 11 10 0 1
BITMAP
F3E0
FFE0
FFE0
FFE0
FFE0
D660
F660
EE60
EBE0
FFE0
ENDCHAR
STARTCHAR E8E1
ENCODING 59617
SWIDTH 660 0
DWIDTH 11 0
BBX 11 10 0 1
BITMAP
FFE0
FFE0
FFE0
EAE0
EAE0
E1E0
E9E0
FFE0
FFE0
FFE0
ENDCHAR
STARTCHAR E8E2
ENCODING 59618
SWIDTH 660 0
DWIDTH 11 0
BBX 11 8 0 2
BITMAP
8E40
DE40
DB60
DB60
DA40
4AC0
7F80
3F00
ENDCHAR
STARTCHAR E8E3
ENCODING 59619
SWIDTH 660 0
DWIDTH 11 0
BBX 11 12 0 0
BITMAP
0C00
1F00
73C0
DEA0
DF60
F560
FF60
FF60
EEA0
7BC0
1F00
0C00
ENDCHAR
STARTCHAR E8E4
ENCODING 59620
SWIDTH 660 0
DWIDTH 11 0
BBX 11 10 0 1
BITMAP
7780
FFC0
FDC0
F5C0
7680
7FC0
7FE0
7F80
7F00
1E00
ENDCHAR
STARTCHAR E8E5
ENCODING 59621
SWIDTH 660 0
DWIDTH 11 0
BBX 11 10 0 1
BITMAP
FBE0
FBE0
FBE0
FBE0
FBE0
FBE0
FBE0
FBE0
FBE0
FBE0
ENDCHAR
STARTCHAR E8E6
ENCODING 59622
SWIDTH 660 0
DWIDTH 11 0
BBX 11 6 0 3
BITMAP
FFE0
D920
8BA0
A920
BFC0
4200
ENDCHAR
STARTCHAR E8E7
ENCODING 59623
SWIDTH 660 0
DWIDTH 11 0
BBX 10 10 0 1
BITMAP
3F00
3F80
7F80
75C0
F5C0
F5C0
6DC0
7F80
3F80
1F00
ENDCHAR
STARTCHAR E8E8
ENCODING 59624
SWIDTH 660 0
DWIDTH 11 0
BBX 10 10 0 2
BITMAP
7F80
FFC0
FD80
F680
FB80
FD80
C680
FF80
FF80
7F00
ENDCHAR
STARTCHAR E8E9
ENCODING 59625
SWIDTH 660 0
DWIDTH 11 0
BBX 11 10 0 1
BITMAP
FFC0
FFE0
DB60
D660
ED60
D560
D460
FFE0
FFE0
FFC0
ENDCHAR
STARTCHAR E8EA
ENCODING 59626
SWIDTH 660 0
DWIDTH 11 0
BBX 9 4 0 4
BITMAP
4080
5900
6F00
B700
ENDCHAR
STARTCHAR E8EB
ENCODING 59627
SWIDTH 660 0
DWIDTH 11 0
BBX 11 10 0 1
BITMAP
DC00
5600
2A00
2F00
3100
2700
3700
3B00
2B00
23E0
ENDCHAR
STARTCHAR E8EC
ENCODING 59628
SWIDTH 660 0
DWIDTH 11 0
BBX 11 10 0 1
BITMAP
3F00
7B80
75C0
EFC0
EDE0
FDE0
DEC0
7FC0
7F80
1F00
ENDCHAR
STARTCHAR E8ED
ENCODING 59629
SWIDTH 660 0
DWIDTH 11 0
BBX 11 10 0 1
BITMAP
F1E0
F1E0
F1E0
71C0
0100
0200
0E00
0E00
0E00
0E00
ENDCHAR
STARTCHAR E8EE
ENCODING 59630
SWIDTH 660 0
DWIDTH 11 0
BBX 10 10 0 1
BITMAP
8000
8EC0
5F40
5E80
4000
03C0
6FC0
7580
E800
4000
ENDCHAR
STARTCHAR E8EF
ENCODING 59631
SWIDTH 660 0
DWIDTH 11 0
BBX 11 10 0 1
BITMAP
0040
0180
FF60
C760
C660
CC60
D860
BFE0
6000
8000
ENDCHAR
STARTCHAR EA60
ENCODING 60000
SWIDTH 660 0
DWIDTH 11 0
BBX 10 10 0 1
BITMAP
0400
0400
0400
0400
0400
FFC0
0400
0400
0400
0400
ENDCHAR
STARTCHAR EA61
ENCODING 60001
SWIDTH 660 0
DWIDTH 11 0
BBX 7 9 1 2
BITMAP
3C
42
82
82
42
44
3C
28
18
ENDCHAR
STARTCHAR EA62
ENCODING 60002
SWIDTH 660 0
DWIDTH 11 0
BBX 10 15 0 -2
BITMAP
7F80
C040
8040
8040
8040
8040
8040
8040
8040
8040
FFC0
8000
9800
7FC0
3800
ENDCHAR
STARTCHAR EA63
ENCODING 60003
SWIDTH 660 0
DWIDTH 11 0
BBX 11 12 0 0
BITMAP
71C0
93E0
93E0
71C0
2080
2080
1F00
0400
0E00
1200
1200
0E00
ENDCHAR
STARTCHAR EA64
ENCODING 60004
SWIDTH 660 0
DWIDTH 11 0
BBX 11 10 0 1
BITMAP
E600
9700
B480
4080
4080
4080
4080
B140
9120
E1C0
ENDCHAR
STARTCHAR EA65
ENCODING 60005
SWIDTH 660 0
DWIDTH 11 0
BBX 11 8 0 2
BITMAP
FFC0
8020
DAA0
8020
9520
BFA0
8020
7FC0
ENDCHAR
STARTCHAR EA66
ENCODING 60006
SWIDTH 660 0
DWIDTH 11 0
BBX 11 10 0 1
BITMAP
0FC0
1820
31A0
6020
C020
8040
8080
4100
2200
1C00
ENDCHAR
STARTCHAR EA67
ENCODING 60007
SWIDTH 660 0
DWIDTH 11 0
BBX 7 16 2 -2
BITMAP
30
68
44
4C
FC
82
82
82
82
82
C6
54
54
54
7C
38
ENDCHAR
STARTCHAR EA68
ENCODING 60008
SWIDTH 660 0
DWIDTH 11 0
BBX 11 14 0 -1
BITMAP
7000
9000
9000
F1C0
2220
2240
21C0
2180
3F00
2000
F000
9000
9000
7000
ENDCHAR
STARTCHAR EA69
ENCODING 60009
SWIDTH 660 0
DWIDTH 11 0
BBX 11 10 0 1
BITMAP
1F00
E4E0
8420
B120
BFA0
A120
9020
8420
8E20
F1E0
ENDCHAR
STARTCHAR EA6A
ENCODING 60010
SWIDTH 660 0
DWIDTH 11 0
BBX 10 10 0 1
BITMAP
0400
0A00
1200
F1C0
8040
4080
2100
2080
2E80
3180
ENDCHAR
STARTCHAR EA6B
ENCODING 60011
SWIDTH 660 0
DWIDTH 11 0
BBX 11 10 0 1
BITMAP
7FC0
8020
8020
8020
8020
8020
8040
6780
2800
3000
ENDCHAR
STARTCHAR EA6C
ENCODING 60012
SWIDTH 660 0
DWIDTH 11 0
BBX 11 10 0 1
BITMAP
0C00
0A00
1200
1500
2500
2480
4080
8440
8020
FFC0
ENDCHAR
STARTCHAR EA6D
ENCODING 60013
SWIDTH 660 0
DWIDTH 11 0
BBX 10 10 0 1
BITMAP
3E00
4100
8080
8080
8080
8080
4100
6300
1C80
0040
ENDCHAR
STARTCHAR EA6E
ENCODING 60014
SWIDTH 660 0
DWIDTH 11 0
BBX 10 12 0 0
BITMAP
7E00
8000
8000
8100
8080
9FC0
8040
8080
8100
8000
8000
7E00
ENDCHAR
STARTCHAR EA6F
ENCODING 60015
SWIDTH 660 0
DWIDTH 11 0
BBX 10 10 0 1
BITMAP
FC00
8000
8200
8400
8800
8FC0
8400
8200
8000
FC00
ENDCHAR
STARTCHAR EA70
ENCODING 60016
SWIDTH 660 0
DWIDTH 11 0
BBX 11 7 0 3
BITMAP
0C00
3380
40C0
8E40
9220
1100
1E00
ENDCHAR
STARTCHAR EA71
ENCODING 60017
SWIDTH 660 0
DWIDTH 11 0
BBX 11 10 0 1
BITMAP
3F00
7F80
7FC0
FFC0
FFE0
FFE0
FFC0
7FC0
7F80
1F00
ENDCHAR
STARTCHAR EA72
ENCODING 60018
SWIDTH 660 0
DWIDTH 11 0
BBX 11 10 0 1
BITMAP
FFC0
8060
8060
8060
8060
8060
8060
8060
8060
FFC0
ENDCHAR
STARTCHAR EA73
ENCODING 60019
SWIDTH 660 0
DWIDTH 11 0
BBX 11 10 0 1
BITMAP
01C0
0220
0540
08C0
1180
2300
4600
8C00
9800
E000
ENDCHAR
STARTCHAR EA74
ENCODING 60020
SWIDTH 660 0
DWIDTH 11 0
BBX 11 10 0 1
BITMAP
3F00
4080
8040
8440
8420
8420
8440
4040
4080
3F00
ENDCHAR
STARTCHAR EA75
ENCODING 60021
SWIDTH 660 0
DWIDTH 11 0
BBX 11 12 0 0
BITMAP
0E00
1100
1100
1100
7FC0
8020
8020
8C20
8420
8020
8020
FFC0
ENDCHAR
STARTCHAR EA76
ENCODING 60022
SWIDTH 660 0
DWIDTH 11 0
BBX 11 10 0 1
BITMAP
C060
60C0
3180
1B00
0E00
0E00
1B00
3180
60C0
C060
ENDCHAR
STARTCHAR EA77
ENCODING 60023
SWIDTH 660 0
DWIDTH 11 0
BBX 11 14 0 -1
BITMAP
0800
0400
3C00
4880
4040
8040
8020
8020
8040
4040
6480
0F00
0C00
0400
ENDCHAR
STARTCHAR EA78
ENCODING 60024
SWIDTH 660 0
DWIDTH 11 0
BBX 11 10 0 1
BITMAP
FFC0
8040
8040
8040
8040
8080
8080
7E80
11A0
3CC0
ENDCHAR
STARTCHAR EA79
ENCODING 60025
SWIDTH 660 0
DWIDTH 11 0
BBX 11 12 0 0
BITMAP
7F80
2100
2100
2100
2100
2100
2100
2080
7FC0
8040
8020
FFC0
ENDCHAR
STARTCHAR EA7A
ENCODING 60026
SWIDTH 660 0
DWIDTH 11 0
BBX 11 10 0 1
BITMAP
FFC0
8020
8020
8020
8020
8020
8020
FFC0
1100
3F80
ENDCHAR
STARTCHAR EA7B
ENCODING 60027
SWIDTH 660 0
DWIDTH 11 0
BBX 11 14 0 -1
BITMAP
FF00
8580
84C0
8440
83E0
8060
8060
8060
8060
8060
8060
8060
8060
FFC0
ENDCHAR
STARTCHAR EA7C
ENCODING 60028
SWIDTH 660 0
DWIDTH 11 0
BBX 11 2 0 5
BITMAP
CC60
CC40
ENDCHAR
STARTCHAR EA7D
ENCODING 60029
SWIDTH 660 0
DWIDTH 11 0
BBX 9 7 1 2
BITMAP
2000
4000
FC00
4300
2100
0080
0080
ENDCHAR
STARTCHAR EA7E
ENCODING 60030
SWIDTH 660 0
DWIDTH 11 0
BBX 11 9 0 2
BITMAP
0400
6AC0
6B40
0480
DEC0
9120
9120
9140
7EC0
ENDCHAR
STARTCHAR EA7F
ENCODING 60031
SWIDTH 660 0
DWIDTH 11 0
BBX 11 12 0 0
BITMAP
FC00
8A00
8900
8F00
8000
8780
8FC0
9FC0
9060
9FC0
EFC0
0780
ENDCHAR
STARTCHAR EA80
ENCODING 60032
SWIDTH 660 0
DWIDTH 11 0
BBX 11 10 0 1
BITMAP
F000
8F80
8840
F100
87C0
8EC0
8860
8EC0
66C0
0380
ENDCHAR
STARTCHAR EA81
ENCODING 60033
SWIDTH 660 0
DWIDTH 11 0
BBX 10 12 0 0
BITMAP
0E00
FFC0
4040
4040
4240
5280
5280
5280
5280
4280
4080
3F00
ENDCHAR
STARTCHAR EA82
ENCODING 60034
SWIDTH 660 0
DWIDTH 11 0
BBX 11 10 0 1
BITMAP
BF00
E080
F840
0840
0820
8E20
8040
4040
6080
1F00
ENDCHAR
STARTCHAR EA83
ENCODING 60035
SWIDTH 660 0
DWIDTH 11 0
BBX 11 9 0 2
BITMAP
7000
8800
87C0
F820
8020
8020
8020
8020
FFC0
ENDCHAR
STARTCHAR EA84
ENCODING 60036
SWIDTH 660 0
DWIDTH 11 0
BBX 11 10 0 1
BITMAP
3F00
4080
9140
9F40
BF20
BF20
9E40
6C40
7C80
1F00
ENDCHAR
STARTCHAR EA85
ENCODING 60037
SWIDTH 660 0
DWIDTH 11 0
BBX 11 10 0 1
BITMAP
FFC0
8020
8020
A020
9020
9020
B020
A7A0
8020
FFC0
ENDCHAR
STARTCHAR EA86
ENCODING 60038
SWIDTH 660 0
DWIDTH 11 0
BBX 11 14 0 -1
BITMAP
3F80
2100
4100
4100
43E0
C040
8080
F100
2300
2200
2400
6800
5000
7000
ENDCHAR
STARTCHAR EA87
ENCODING 60039
SWIDTH 660 0
DWIDTH 11 0
BBX 11 10 0 1
BITMAP
3F00
4080
8040
9240
8C20
8C20
9240
4040
4080
3F00
ENDCHAR
STARTCHAR EA88
ENCODING 60040
SWIDTH 660 0
DWIDTH 11 0
BBX 11 10 0 1
BITMAP
C0E0
8020
8420
BBA0
AEA0
A8A0
B720
8820
8020
C0C0
ENDCHAR
STARTCHAR EA8A
ENCODING 60042
SWIDTH 660 0
DWIDTH 11 0
BBX 11 12 0 0
BITMAP
E0C0
8060
8060
8060
8060
8060
8060
8060
8060
8060
8060
E0C0
ENDCHAR
STARTCHAR EA8B
ENCODING 60043
SWIDTH 660 0
DWIDTH 11 0
BBX 10 10 0 1
BITMAP
6080
4040
4040
4040
C040
4040
4040
4040
4040
6080
ENDCHAR
STARTCHAR EA8C
ENCODING 60044
SWIDTH 660 0
DWIDTH 11 0
BBX 11 10 0 1
BITMAP
1F00
E0C0
8020
9B20
8420
8420
8420
8020
60C0
1F00
ENDCHAR
STARTCHAR EA8F
ENCODING 60047
SWIDTH 660 0
DWIDTH 11 0
BBX 11 8 0 2
BITMAP
7FC0
F820
E920
D8A0
DBA0
E920
F840
7FC0
ENDCHAR
STARTCHAR EA90
ENCODING 60048
SWIDTH 660 0
DWIDTH 11 0
BBX 10 10 0 1
BITMAP
1100
1100
1100
FFC0
1100
1100
FFC0
1100
1100
1100
ENDCHAR
STARTCHAR EA91
ENCODING 60049
SWIDTH 660 0
DWIDTH 11 0
BBX 11 9 0 2
BITMAP
FFC0
8020
8020
FFE0
0000
0000
F1E0
9120
F1E0
ENDCHAR
STARTCHAR EA92
ENCODING 60050
SWIDTH 660 0
DWIDTH 11 0
BBX 10 8 0 2
BITMAP
3F00
2400
0400
4480
8440
8440
4480
0C00
ENDCHAR
STARTCHAR EA93
ENCODING 60051
SWIDTH 660 0
DWIDTH 11 0
BBX 11 5 0 4
BITMAP
0800
4800
2EE0
EA80
EEC0
ENDCHAR
STARTCHAR EA94
ENCODING 60052
SWIDTH 660 0
DWIDTH 11 0
BBX 11 12 0 0
BITMAP
1000
3B00
CA80
9240
81E0
2020
2020
2020
2020
2020
2020
1FC0
ENDCHAR
STARTCHAR EA95
ENCODING 60053
SWIDTH 660 0
DWIDTH 11 0
BBX 11 9 0 2
BITMAP
0FC0
0820
0FA0
03A0
FC20
82C0
BA00
BA00
FE00
ENDCHAR
STARTCHAR EA96
ENCODING 60054
SWIDTH 660 0
DWIDTH 11 0
BBX 7 16 2 -2
BITMAP
7C
FE
82
82
E2
82
82
F2
F2
82
E2
E2
82
82
FE
7C
ENDCHAR
STARTCHAR EA97
ENCODING 60055
SWIDTH 660 0
DWIDTH 11 0
BBX 11 10 0 1
BITMAP
0780
0840
0820
1020
7C40
FEC0
FE00
FE00
FC00
7C00
ENDCHAR
STARTCHAR EA98
ENCODING 60056
SWIDTH 660 0
DWIDTH 11 0
BBX 11 10 0 1
BITMAP
7FC0
8020
8020
7FC0
4040
4E40
4040
4040
4040
3F80
ENDCHAR
STARTCHAR EA99
ENCODING 60057
SWIDTH 660 0
DWIDTH 11 0
BBX 11 5 0 3
BITMAP
2080
4040
FFE0
40C0
2080
ENDCHAR
STARTCHAR EA9A
ENCODING 60058
SWIDTH 660 0
DWIDTH 11 0
BBX 8 9 2 2
BITMAP
10
10
10
10
10
91
52
34
18
ENDCHAR
STARTCHAR EA9B
ENCODING 60059
SWIDTH 660 0
DWIDTH 11 0
BBX 9 8 1 1
BITMAP
1000
2000
4000
8000
FF80
4000
2000
1000
ENDCHAR
STARTCHAR EA9C
ENCODING 60060
SWIDTH 660 0
DWIDTH 11 0
BBX 9 8 1 2
BITMAP
0800
0400
0200
0100
FF80
0100
0200
0400
ENDCHAR
STARTCHAR EA9D
ENCODING 60061
SWIDTH 660 0
DWIDTH 11 0
BBX 4 5 3 4
BITMAP
40
40
40
D0
60
ENDCHAR
STARTCHAR EA9E
ENCODING 60062
SWIDTH 660 0
DWIDTH 11 0
BBX 6 3 2 5
BITMAP
40
FC
40
ENDCHAR
STARTCHAR EA9F
ENCODING 60063
SWIDTH 660 0
DWIDTH 11 0
BBX 6 3 2 5
BITMAP
08
FC
08
ENDCHAR
STARTCHAR EAA0
ENCODING 60064
SWIDTH 660 0
DWIDTH 11 0
BBX 4 5 3 4
BITMAP
60
D0
40
40
40
ENDCHAR
STARTCHAR EAA1
ENCODING 60065
SWIDTH 660 0
DWIDTH 11 0
BBX 8 9 2 2
BITMAP
10
38
74
92
11
10
10
10
10
ENDCHAR
STARTCHAR EAA2
ENCODING 60066
SWIDTH 660 0
DWIDTH 11 0
BBX 9 10 1 1
BITMAP
3E00
4100
8100
8100
8100
8100
8100
8080
FF80
1C00
ENDCHAR
STARTCHAR EAA3
ENCODING 60067
SWIDTH 660 0
DWIDTH 11 0
BBX 10 16 0 -2
BITMAP
7E00
FF00
FF80
E180
E1C0
E1C0
E380
FF80
FF80
E1C0
E1C0
E0C0
E1C0
FFC0
FF80
7C00
ENDCHAR
STARTCHAR EAA4
ENCODING 60068
SWIDTH 660 0
DWIDTH 11 0
BBX 11 10 0 1
BITMAP
73C0
8C20
8420
8420
8420
8420
8420
8420
8420
7BC0
ENDCHAR
STARTCHAR EAA5
ENCODING 60069
SWIDTH 660 0
DWIDTH 11 0
BBX 11 12 0 0
BITMAP
FFC0
8060
8060
8060
8060
8060
8060
8060
8C60
9B60
E1E0
C060
ENDCHAR
STARTCHAR EAA6
ENCODING 60070
SWIDTH 660 0
DWIDTH 11 0
BBX 11 10 0 1
BITMAP
3F00
6180
5EC0
CE40
8060
8060
DE40
4EC0
7180
1F00
ENDCHAR
STARTCHAR EAA7
ENCODING 60071
SWIDTH 660 0
DWIDTH 11 0
BBX 11 10 0 1
BITMAP
3F00
7F80
60C0
E0C0
FFE0
FFE0
E0C0
60C0
7F80
1F00
ENDCHAR
STARTCHAR EAA8
ENCODING 60072
SWIDTH 660 0
DWIDTH 11 0
BBX 11 10 0 1
BITMAP
1F00
2180
6080
4040
8060
C040
40C0
6080
3F80
1F00
ENDCHAR
STARTCHAR EAA9
ENCODING 60073
SWIDTH 660 0
DWIDTH 11 0
BBX 11 10 0 1
BITMAP
1F00
3F80
7F80
7FC0
FFE0
FFC0
7FC0
7F80
3F80
1F00
ENDCHAR
STARTCHAR EAAA
ENCODING 60074
SWIDTH 660 0
DWIDTH 11 0
BBX 10 10 0 1
BITMAP
0C00
1A00
3100
6080
C040
C040
6080
3100
1A00
0C00
ENDCHAR
STARTCHAR EAAB
ENCODING 60075
SWIDTH 660 0
DWIDTH 11 0
BBX 10 10 0 1
BITMAP
0C00
1E00
3F00
7F80
FFC0
FFC0
7F80
3F00
1E00
0C00
ENDCHAR
STARTCHAR EAAC
ENCODING 60076
SWIDTH 660 0
DWIDTH 11 0
BBX 11 10 0 1
BITMAP
1F00
1100
FFC0
8020
8020
8460
FFA0
8020
8020
FFC0
ENDCHAR
STARTCHAR EAAD
ENCODING 60077
SWIDTH 660 0
DWIDTH 11 0
BBX 11 8 0 2
BITMAP
4080
8140
A140
A4A0
A4A0
A140
4040
4080
ENDCHAR
STARTCHAR EAAE
ENCODING 60078
SWIDTH 660 0
DWIDTH 11 0
BBX 11 10 0 1
BITMAP
7FC0
8020
FFE0
8020
8020
8020
8020
8020
8020
7FC0
ENDCHAR
STARTCHAR EAAF
ENCODING 60079
SWIDTH 660 0
DWIDTH 11 0
BBX 11 10 0 1
BITMAP
0E00
5140
7F80
4080
4080
C0E0
4080
2080
3180
4EC0
ENDCHAR
STARTCHAR EAB0
ENCODING 60080
SWIDTH 660 0
DWIDTH 11 0
BBX 11 10 0 1
BITMAP
7FC0
8020
FFE0
8020
B520
B520
8020
B420
8020
7FC0
ENDCHAR
STARTCHAR EAB1
ENCODING 60081
SWIDTH 660 0
DWIDTH 11 0
BBX 11 8 0 2
BITMAP
2000
3000
3000
51C0
48E0
7920
8A20
85E0
ENDCHAR
STARTCHAR EAB2
ENCODING 60082
SWIDTH 660 0
DWIDTH 11 0
BBX 11 8 0 2
BITMAP
0020
0040
0080
0100
8200
4C00
3800
1000
ENDCHAR
STARTCHAR EAB3
ENCODING 60083
SWIDTH 660 0
DWIDTH 11 0
BBX 11 9 0 1
BITMAP
2000
CFE0
4000
0000
2000
CFC0
0000
2000
CFE0
ENDCHAR
STARTCHAR EAB4
ENCODING 60084
SWIDTH 660 0
DWIDTH 11 0
BBX 11 6 0 3
BITMAP
8060
40C0
2180
1300
0E00
0400
ENDCHAR
STARTCHAR EAB5
ENCODING 60085
SWIDTH 660 0
DWIDTH 11 0
BBX 5 10 2 1
BITMAP
08
10
20
40
80
80
40
20
10
08
ENDCHAR
STARTCHAR EAB6
ENCODING 60086
SWIDTH 660 0
DWIDTH 11 0
BBX 6 10 3 1
BITMAP
C0
60
30
18
0C
0C
18
30
60
C0
ENDCHAR
STARTCHAR EAB7
ENCODING 60087
SWIDTH 660 0
DWIDTH 11 0
BBX 11 6 0 4
BITMAP
0400
0E00
1300
2180
40C0
8060
ENDCHAR
STARTCHAR EAB8
ENCODING 60088
SWIDTH 660 0
DWIDTH 11 0
BBX 10 10 0 1
BITMAP
C040
6080
3100
1A00
0C00
0E00
1300
2180
4080
8040
ENDCHAR
STARTCHAR EAB9
ENCODING 60089
SWIDTH 660 0
DWIDTH 11 0
BBX 11 10 0 1
BITMAP
FFC0
8020
8020
8020
8020
8020
8020
8020
8020
7FC0
ENDCHAR
STARTCHAR EABA
ENCODING 60090
SWIDTH 660 0
DWIDTH 11 0
BBX 10 1 0 6
BITMAP
FFC0
ENDCHAR
STARTCHAR EABB
ENCODING 60091
SWIDTH 660 0
DWIDTH 11 0
BBX 11 10 0 1
BITMAP
3FC0
0040
FF60
8160
8160
8160
8160
8140
8100
FF00
ENDCHAR
STARTCHAR EABC
ENCODING 60092
SWIDTH 660 0
DWIDTH 11 0
BBX 11 10 0 1
BITMAP
3F00
7B80
60C0
C0C0
C060
C060
C0C0
60C0
7F80
1F00
ENDCHAR
STARTCHAR EABD
ENCODING 60093
SWIDTH 660 0
DWIDTH 11 0
BBX 11 10 0 1
BITMAP
3F00
4080
8140
8240
8420
8820
9040
6040
4080
3F00
ENDCHAR
STARTCHAR EABE
ENCODING 60094
SWIDTH 660 0
DWIDTH 11 0
BBX 11 10 0 1
BITMAP
FFC0
9020
9020
B7E0
B220
8020
8F20
9320
9020
FFC0
ENDCHAR
STARTCHAR EABF
ENCODING 60095
SWIDTH 660 0
DWIDTH 11 0
BBX 11 9 0 2
BITMAP
8000
5000
27E0
5000
8FE0
0000
3FC0
0000
3FC0
ENDCHAR
STARTCHAR EAC0
ENCODING 60096
SWIDTH 660 0
DWIDTH 11 0
BBX 10 12 0 0
BITMAP
3C00
FF00
8100
8100
8100
8100
8C80
9680
8480
8480
F5C0
0080
ENDCHAR
STARTCHAR EAC1
ENCODING 60097
SWIDTH 660 0
DWIDTH 11 0
BBX 11 10 0 1
BITMAP
FF80
8080
A2A0
94A0
88A0
94A0
80A0
80A0
7F40
3F80
ENDCHAR
STARTCHAR EAC2
ENCODING 60098
SWIDTH 660 0
DWIDTH 11 0
BBX 11 10 0 1
BITMAP
0C00
1200
2000
6380
86C0
8EC0
8C60
6EC0
07C0
0100
ENDCHAR
STARTCHAR EAC3
ENCODING 60099
SWIDTH 660 0
DWIDTH 11 0
BBX 11 10 0 1
BITMAP
0C00
1200
2000
6380
87C0
8CC0
8F60
6EC0
07C0
0100
ENDCHAR
STARTCHAR EAC4
ENCODING 60100
SWIDTH 660 0
DWIDTH 11 0
BBX 10 8 0 2
BITMAP
0200
0200
4480
8440
8840
4880
1000
1000
ENDCHAR
STARTCHAR EAC5
ENCODING 60101
SWIDTH 660 0
DWIDTH 11 0
BBX 11 10 0 1
BITMAP
FF80
8080
80A0
80A0
9CA0
80A0
80A0
80A0
7F40
3F80
ENDCHAR
STARTCHAR EAC6
ENCODING 60102
SWIDTH 660 0
DWIDTH 11 0
BBX 11 10 0 1
BITMAP
3F00
7880
7840
F840
F820
F820
F840
7840
7880
1F00
ENDCHAR
STARTCHAR EAC7
ENCODING 60103
SWIDTH 660 0
DWIDTH 11 0
BBX 11 10 0 1
BITMAP
FF80
8080
8080
8080
87E0
8820
4820
3820
07C0
0080
ENDCHAR
STARTCHAR EAC9
ENCODING 60105
SWIDTH 660 0
DWIDTH 11 0
BBX 11 8 0 2
BITMAP
7FC0
8020
FFE0
8020
8020
81A0
8040
7FC0
ENDCHAR
STARTCHAR EACC
ENCODING 60108
SWIDTH 660 0
DWIDTH 11 0
BBX 11 2 0 5
BITMAP
FFE0
FFC0
ENDCHAR
STARTCHAR EACD
ENCODING 60109
SWIDTH 660 0
DWIDTH 11 0
BBX 11 10 0 1
BITMAP
3F00
6480
5940
A340
A6A0
A4A0
A1C0
4140
6080
1F00
ENDCHAR
STARTCHAR EACE
ENCODING 60110
SWIDTH 660 0
DWIDTH 11 0
BBX 11 14 0 -1
BITMAP
7F80
C040
8060
E0E0
9F60
8060
8060
8060
8060
8060
8060
8060
C040
7F80
ENDCHAR
STARTCHAR EACF
ENCODING 60111
SWIDTH 660 0
DWIDTH 11 0
BBX 10 10 0 1
BITMAP
9800
9C00
9B00
9980
9840
98C0
9980
9B00
9C00
9800
ENDCHAR
STARTCHAR EAD0
ENCODING 60112
SWIDTH 660 0
DWIDTH 11 0
BBX 10 10 0 1
BITMAP
0040
0780
0480
0240
0980
7000
4C00
4400
7800
8000
ENDCHAR
STARTCHAR EAD1
ENCODING 60113
SWIDTH 660 0
DWIDTH 11 0
BBX 10 16 0 -2
BITMAP
4040
C0C0
C0C0
C0C0
C0C0
C0C0
C0C0
C0C0
C0C0
C0C0
C0C0
C0C0
C0C0
C0C0
C0C0
0040
ENDCHAR
STARTCHAR EAD2
ENCODING 60114
SWIDTH 660 0
DWIDTH 11 0
BBX 11 10 0 1
BITMAP
BF00
E180
C0C0
F040
0060
0060
C040
40C0
7180
1F00
ENDCHAR
STARTCHAR EAD3
ENCODING 60115
SWIDTH 660 0
DWIDTH 11 0
BBX 11 12 0 0
BITMAP
4000
F000
9C00
8700
81C0
80E0
80C0
8380
8700
9C00
F000
4000
ENDCHAR
STARTCHAR EAD4
ENCODING 60116
SWIDTH 660 0
DWIDTH 11 0
BBX 7 12 2 0
BITMAP
10
10
10
92
D6
7C
38
10
00
38
38
38
ENDCHAR
STARTCHAR EAD5
ENCODING 60117
SWIDTH 660 0
DWIDTH 11 0
BBX 8 12 1 0
BITMAP
18
3C
6E
CB
08
08
08
08
00
1C
3C
1C
ENDCHAR
STARTCHAR EAD6
ENCODING 60118
SWIDTH 660 0
DWIDTH 11 0
BBX 11 11 0 0
BITMAP
3F60
61E0
40E0
C3E0
8000
0000
0000
0000
0E00
1E00
0E00
ENDCHAR
STARTCHAR EAD7
ENCODING 60119
SWIDTH 660 0
DWIDTH 11 0
BBX 11 10 0 1
BITMAP
FFE0
8060
8060
8060
8060
8060
8060
8060
8060
FFC0
ENDCHAR
STARTCHAR EAD8
ENCODING 60120
SWIDTH 660 0
DWIDTH 11 0
BBX 11 10 0 1
BITMAP
0E00
5140
7F80
4080
4A80
C4E0
4A80
2080
3180
4EC0
ENDCHAR
STARTCHAR EAD9
ENCODING 60121
SWIDTH 660 0
DWIDTH 11 0
BBX 11 8 0 2
BITMAP
7E00
81E0
8120
8120
8120
81A0
8240
7E00
ENDCHAR
STARTCHAR EADA
ENCODING 60122
SWIDTH 660 0
DWIDTH 11 0
BBX 11 10 0 1
BITMAP
1E00
1100
E0C0
9E20
9120
9120
9120
8E20
8020
7FC0
ENDCHAR
STARTCHAR EADB
ENCODING 60123
SWIDTH 660 0
DWIDTH 11 0
BBX 9 16 1 -2
BITMAP
7F00
C180
8080
8080
8080
8080
8080
8080
8080
8080
8080
8080
9C80
8080
FF00
3E00
ENDCHAR
STARTCHAR EADC
ENCODING 60124
SWIDTH 660 0
DWIDTH 11 0
BBX 11 10 0 1
BITMAP
FFC0
8020
8420
8420
9F20
8420
8420
8420
8020
FFC0
ENDCHAR
STARTCHAR EADD
ENCODING 60125
SWIDTH 660 0
DWIDTH 11 0
BBX 11 10 0 1
BITMAP
FFC0
8020
8120
8220
8420
8820
9020
A020
8020
FFC0
ENDCHAR
STARTCHAR EADE
ENCODING 60126
SWIDTH 660 0
DWIDTH 11 0
BBX 11 10 0 1
BITMAP
FFC0
8020
8E20
9F20
BF20
9F20
9F20
8E20
8020
FFC0
ENDCHAR
STARTCHAR EADF
ENCODING 60127
SWIDTH 660 0
DWIDTH 11 0
BBX 11 10 0 1
BITMAP
FFC0
8020
8020
8020
9F20
8020
8020
8020
8020
FFC0
ENDCHAR
STARTCHAR EAE0
ENCODING 60128
SWIDTH 660 0
DWIDTH 11 0
BBX 11 10 0 1
BITMAP
FFC0
8020
8020
8220
9F20
8120
8220
8020
8020
FFC0
ENDCHAR
STARTCHAR EAE1
ENCODING 60129
SWIDTH 660 0
DWIDTH 11 0
BBX 11 9 0 2
BITMAP
71C0
8A20
8A20
FA20
8A20
8BE0
8A20
8A20
FBE0
ENDCHAR
STARTCHAR EAE2
ENCODING 60130
SWIDTH 660 0
DWIDTH 11 0
BBX 11 12 0 0
BITMAP
8700
88C0
9040
A020
C020
FC40
00C0
0180
0300
0600
0C00
0800
ENDCHAR
STARTCHAR EAE3
ENCODING 60131
SWIDTH 660 0
DWIDTH 11 0
BBX 11 10 0 1
BITMAP
F800
F800
8800
8FC0
8FE0
8820
7020
1020
1020
1FC0
ENDCHAR
STARTCHAR EAE4
ENCODING 60132
SWIDTH 660 0
DWIDTH 11 0
BBX 11 10 0 1
BITMAP
7B80
EC40
85E0
EC20
EC20
7820
8020
8020
8020
7FC0
ENDCHAR
STARTCHAR EAE5
ENCODING 60133
SWIDTH 660 0
DWIDTH 11 0
BBX 11 10 0 1
BITMAP
1C00
5380
A080
8C00
5780
C7C0
8FE0
6FE0
0FC0
07C0
ENDCHAR
STARTCHAR EAE6
ENCODING 60134
SWIDTH 660 0
DWIDTH 11 0
BBX 11 10 0 1
BITMAP
FB80
8440
8820
8440
8A80
FFC0
8840
8840
8840
FFC0
ENDCHAR
STARTCHAR EAE7
ENCODING 60135
SWIDTH 660 0
DWIDTH 11 0
BBX 10 10 0 1
BITMAP
8000
4000
2F00
3080
4840
1440
1200
0F00
0080
0040
ENDCHAR
STARTCHAR EAE8
ENCODING 60136
SWIDTH 660 0
DWIDTH 11 0
BBX 11 14 0 -1
BITMAP
FF00
8580
84C0
8440
83E0
8060
8060
B960
AB60
A960
A960
B960
8060
FFC0
ENDCHAR
STARTCHAR EAE9
ENCODING 60137
SWIDTH 660 0
DWIDTH 11 0
BBX 11 12 0 0
BITMAP
1F00
2280
2240
21E0
2020
2020
2020
0020
4420
8220
4620
05C0
ENDCHAR
STARTCHAR EAEA
ENCODING 60138
SWIDTH 660 0
DWIDTH 11 0
BBX 11 12 0 0
BITMAP
1F00
2280
2240
21E0
0020
FE20
FE20
FE20
EE20
D620
BAC0
7C00
ENDCHAR
STARTCHAR EAEB
ENCODING 60139
SWIDTH 660 0
DWIDTH 11 0
BBX 11 10 0 1
BITMAP
3E00
4500
4480
4380
FFC0
8020
F7A0
BAA0
8420
FFE0
ENDCHAR
STARTCHAR EAEC
ENCODING 60140
SWIDTH 660 0
DWIDTH 11 0
BBX 11 10 0 1
BITMAP
7000
8800
9780
E080
80A0
80A0
80A0
7F40
00C0
3F00
ENDCHAR
STARTCHAR EAED
ENCODING 60141
SWIDTH 660 0
DWIDTH 11 0
BBX 11 10 0 1
BITMAP
7800
8780
8840
7020
7820
FC20
EC20
DC40
FD80
F800
ENDCHAR
STARTCHAR EAEE
ENCODING 60142
SWIDTH 660 0
DWIDTH 11 0
BBX 11 12 0 0
BITMAP
1F00
2280
2240
21E0
2020
0020
FC20
C620
E620
D620
FFC0
FC00
ENDCHAR
STARTCHAR EAEF
ENCODING 60143
SWIDTH 660 0
DWIDTH 11 0
BBX 11 9 0 2
BITMAP
7000
8800
87C0
FB20
8320
8120
8320
8320
FFC0
ENDCHAR
STARTCHAR EAF0
ENCODING 60144
SWIDTH 660 0
DWIDTH 11 0
BBX 11 13 0 0
BITMAP
1E00
2300
4280
C240
C3E0
C020
C020
C020
C020
C020
C020
BFC0
7F00
ENDCHAR
STARTCHAR EAF1
ENCODING 60145
SWIDTH 660 0
DWIDTH 11 0
BBX 11 10 0 1
BITMAP
FFC0
8020
C040
6080
2100
1200
0A00
0A00
0A00
0E00
ENDCHAR
STARTCHAR EAF2
ENCODING 60146
SWIDTH 660 0
DWIDTH 11 0
BBX 11 14 0 -1
BITMAP
0600
1A00
1300
1100
1080
5880
B040
A040
8020
8020
8040
4040
2080
1F00
ENDCHAR
STARTCHAR EAF3
ENCODING 60147
SWIDTH 660 0
DWIDTH 11 0
BBX 11 10 0 1
BITMAP
8060
40C0
2180
1300
8E20
4440
2080
1100
0A00
0400
ENDCHAR
STARTCHAR EAF4
ENCODING 60148
SWIDTH 660 0
DWIDTH 11 0
BBX 11 10 0 1
BITMAP
0C00
1A00
3100
6080
C440
8E20
1300
2180
40C0
8060
ENDCHAR
STARTCHAR EAF5
ENCODING 60149
SWIDTH 660 0
DWIDTH 11 0
BBX 11 14 0 -1
BITMAP
C060
60C0
3180
1B00
0E00
0400
0000
0000
0400
0E00
1B00
3180
60C0
C060
ENDCHAR
STARTCHAR EAF6
ENCODING 60150
SWIDTH 660 0
DWIDTH 11 0
BBX 11 10 0 1
BITMAP
7000
8F80
8840
F000
87C0
8FC0
8F60
8CE0
67C0
0380
ENDCHAR
STARTCHAR EAF7
ENCODING 60151
SWIDTH 660 0
DWIDTH 11 0
BBX 11 10 0 1
BITMAP
6000
9000
8F80
9F80
E040
C020
8040
8040
8080
7F00
ENDCHAR
STARTCHAR EAF8
ENCODING 60152
SWIDTH 660 0
DWIDTH 11 0
BBX 11 12 0 0
BITMAP
0C00
0A00
52C0
A140
8460
4A80
4A40
8420
8140
72C0
0A00
0400
ENDCHAR
STARTCHAR EAF9
ENCODING 60153
SWIDTH 660 0
DWIDTH 11 0
BBX 11 10 0 1
BITMAP
1F00
2500
FFE0
8420
FFE0
4440
4440
4440
4440
7FC0
ENDCHAR
STARTCHAR EAFA
ENCODING 60154
SWIDTH 660 0
DWIDTH 11 0
BBX 11 12 0 0
BITMAP
3F00
2280
2240
03E0
3020
4820
4820
FC20
FC20
CC20
FC20
FDC0
ENDCHAR
STARTCHAR EAFB
ENCODING 60155
SWIDTH 660 0
DWIDTH 11 0
BBX 11 12 0 0
BITMAP
1F00
2280
2240
21E0
2020
2020
2020
0020
4420
8220
4620
05C0
ENDCHAR
STARTCHAR EAFC
ENCODING 60156
SWIDTH 660 0
DWIDTH 11 0
BBX 7 15 2 -2
BITMAP
10
10
10
10
38
CC
82
82
82
82
CC
38
10
10
10
ENDCHAR
STARTCHAR EAFD
ENCODING 60157
SWIDTH 660 0
DWIDTH 11 0
BBX 11 10 0 1
BITMAP
E600
9700
B480
4080
4080
4080
4080
4940
3D20
09C0
ENDCHAR
STARTCHAR EAFE
ENCODING 60158
SWIDTH 660 0
DWIDTH 11 0
BBX 11 12 0 0
BITMAP
7000
9000
9000
7000
21C0
3240
2E20
2340
7080
9000
9000
7000
ENDCHAR
STARTCHAR EAFF
ENCODING 60159
SWIDTH 660 0
DWIDTH 11 0
BBX 11 10 0 1
BITMAP
FF80
8080
8000
BFC0
8380
BBE0
7BC0
0180
0300
0300
ENDCHAR
STARTCHAR EB00
ENCODING 60160
SWIDTH 660 0
DWIDTH 11 0
BBX 11 12 0 0
BITMAP
20C0
5F40
4040
4040
8020
4020
4040
3180
9100
5100
3100
0100
ENDCHAR
STARTCHAR EB01
ENCODING 60161
SWIDTH 660 0
DWIDTH 11 0
BBX 11 10 0 1
BITMAP
3F00
5280
9240
FFC0
9120
9120
F1C0
5E40
5280
3F00
ENDCHAR
STARTCHAR EB02
ENCODING 60162
SWIDTH 660 0
DWIDTH 11 0
BBX 11 4 0 4
BITMAP
FFE0
0000
0000
FFE0
ENDCHAR
STARTCHAR EB03
ENCODING 60163
SWIDTH 660 0
DWIDTH 11 0
BBX 11 10 0 1
BITMAP
01E0
0120
0120
0F20
EB20
AB20
AB20
AB20
AB20
EEE0
ENDCHAR
STARTCHAR EB04
ENCODING 60164
SWIDTH 660 0
DWIDTH 11 0
BBX 9 16 1 -2
BITMAP
4100
E380
E380
0000
0000
0000
4100
E380
E380
0000
0000
0000
0100
E380
E380
4100
ENDCHAR
STARTCHAR EB05
ENCODING 60165
SWIDTH 660 0
DWIDTH 11 0
BBX 11 9 0 1
BITMAP
3180
4E40
8040
8020
8040
4080
2100
1200
0C00
ENDCHAR
STARTCHAR EB06
ENCODING 60166
SWIDTH 660 0
DWIDTH 11 0
BBX 11 12 0 0
BITMAP
0400
1A00
3100
6080
C040
8020
8020
8E20
9220
9220
9220
71C0
ENDCHAR
STARTCHAR EB07
ENCODING 60167
SWIDTH 660 0
DWIDTH 11 0
BBX 10 9 0 2
BITMAP
0380
9240
9240
F3C0
9240
9240
9240
0000
FFC0
ENDCHAR
STARTCHAR EB08
ENCODING 60168
SWIDTH 660 0
DWIDTH 11 0
BBX 11 12 0 0
BITMAP
0C00
0400
0400
7BC0
4040
D060
4040
5E40
4040
7780
1400
0800
ENDCHAR
STARTCHAR EB09
ENCODING 60169
SWIDTH 660 0
DWIDTH 11 0
BBX 11 10 0 1
BITMAP
FFC0
8020
8020
8020
8020
F1E0
9220
8C20
8020
FFC0
ENDCHAR
STARTCHAR EB0B
ENCODING 60171
SWIDTH 660 0
DWIDTH 11 0
BBX 11 10 0 1
BITMAP
BF00
C080
8040
6040
0420
8400
80C0
4060
40A0
3F00
ENDCHAR
STARTCHAR EB0C
ENCODING 60172
SWIDTH 660 0
DWIDTH 11 0
BBX 11 10 0 1
BITMAP
3F00
4080
8040
8040
8420
8420
8040
4040
4080
3F00
ENDCHAR
STARTCHAR EB0D
ENCODING 60173
SWIDTH 660 0
DWIDTH 11 0
BBX 11 12 0 0
BITMAP
0FE0
0100
0200
0200
0400
0400
0400
0800
0800
0800
1000
FE00
ENDCHAR
STARTCHAR EB0E
ENCODING 60174
SWIDTH 660 0
DWIDTH 11 0
BBX 10 10 0 1
BITMAP
1100
EAC0
8440
E040
2180
2100
2100
2100
2100
3F00
ENDCHAR
STARTCHAR EB0F
ENCODING 60175
SWIDTH 660 0
DWIDTH 11 0
BBX 10 10 0 1
BITMAP
6080
4040
4040
4040
C040
4040
4040
4040
4040
6080
ENDCHAR
STARTCHAR EB10
ENCODING 60176
SWIDTH 660 0
DWIDTH 11 0
BBX 3 16 4 -2
BITMAP
40
E0
E0
00
00
00
40
E0
E0
00
00
00
40
E0
E0
40
ENDCHAR
STARTCHAR EB11
ENCODING 60177
SWIDTH 660 0
DWIDTH 11 0
BBX 11 10 0 1
BITMAP
0780
0840
0920
0820
1840
30C0
6F00
C800
B000
E000
ENDCHAR
STARTCHAR EB12
ENCODING 60178
SWIDTH 660 0
DWIDTH 11 0
BBX 11 10 0 1
BITMAP
FFC0
6480
6540
9540
F5E0
9540
6480
3F00
4080
3F80
ENDCHAR
STARTCHAR EB13
ENCODING 60179
SWIDTH 660 0
DWIDTH 11 0
BBX 11 10 0 1
BITMAP
7800
8400
8200
8100
87C0
4EC0
6860
4CE0
3540
0780
ENDCHAR
STARTCHAR EB14
ENCODING 60180
SWIDTH 660 0
DWIDTH 11 0
BBX 11 10 0 1
BITMAP
F1E0
80A0
8120
8220
8000
8000
8020
8020
8020
FFC0
ENDCHAR
STARTCHAR EB15
ENCODING 60181
SWIDTH 660 0
DWIDTH 11 0
BBX 11 6 0 3
BITMAP
7380
8040
9F20
8020
8040
7380
ENDCHAR
STARTCHAR EB16
ENCODING 60182
SWIDTH 660 0
DWIDTH 11 0
BBX 11 12 0 0
BITMAP
4000
C000
47C0
0000
C000
2FE0
C000
E000
4000
A7C0
6000
E000
ENDCHAR
STARTCHAR EB17
ENCODING 60183
SWIDTH 660 0
DWIDTH 11 0
BBX 11 8 0 2
BITMAP
DFE0
0000
0000
8000
8FC0
0000
0000
DFE0
ENDCHAR
STARTCHAR EB18
ENCODING 60184
SWIDTH 660 0
DWIDTH 11 0
BBX 11 10 0 1
BITMAP
0100
F280
8C40
9020
A6C0
A900
B000
A080
8080
7F00
ENDCHAR
STARTCHAR EB19
ENCODING 60185
SWIDTH 660 0
DWIDTH 11 0
BBX 11 6 0 3
BITMAP
1E00
2180
4040
8040
8020
8020
ENDCHAR
STARTCHAR EB1A
ENCODING 60186
SWIDTH 660 0
DWIDTH 11 0
BBX 11 12 0 0
BITMAP
1F00
6080
4040
8E40
9220
9220
8E40
4040
4080
2180
1300
0E00
ENDCHAR
STARTCHAR EB1B
ENCODING 60187
SWIDTH 660 0
DWIDTH 11 0
BBX 11 10 0 1
BITMAP
0400
1B00
60C0
8020
C0E0
B320
8C20
8020
8020
7FC0
ENDCHAR
STARTCHAR EB1C
ENCODING 60188
SWIDTH 660 0
DWIDTH 11 0
BBX 11 8 0 2
BITMAP
7FC0
8020
C060
B1A0
8E20
8020
8020
7FC0
ENDCHAR
STARTCHAR EB1D
ENCODING 60189
SWIDTH 660 0
DWIDTH 11 0
BBX 11 6 0 4
BITMAP
8480
CC80
B480
8480
85A0
84C0
ENDCHAR
STARTCHAR EB1E
ENCODING 60190
SWIDTH 660 0
DWIDTH 11 0
BBX 11 10 0 1
BITMAP
00C0
0720
3820
C020
8020
8020
7020
2E20
23E0
1C00
ENDCHAR
STARTCHAR EB1F
ENCODING 60191
SWIDTH 660 0
DWIDTH 11 0
BBX 11 10 0 1
BITMAP
3F00
6080
4C40
9A40
9220
9120
9B40
4480
6000
1E00
ENDCHAR
STARTCHAR EB20
ENCODING 60192
SWIDTH 660 0
DWIDTH 11 0
BBX 11 12 0 0
BITMAP
1C00
1400
7F00
80C0
8060
8040
FF80
1400
1400
1400
1400
1C00
ENDCHAR
STARTCHAR EB21
ENCODING 60193
SWIDTH 660 0
DWIDTH 11 0
BBX 11 10 0 1
BITMAP
0C00
1300
6080
8060
C0C0
B180
CE80
4080
3100
0E00
ENDCHAR
STARTCHAR EB22
ENCODING 60194
SWIDTH 660 0
DWIDTH 11 0
BBX 10 10 0 1
BITMAP
0C00
1600
0400
4080
8040
E1C0
4480
0400
1600
0C00
ENDCHAR
STARTCHAR EB23
ENCODING 60195
SWIDTH 660 0
DWIDTH 11 0
BBX 11 10 0 1
BITMAP
FF80
8080
FFA0
80A0
80A0
80A0
80A0
80A0
7F40
3F80
ENDCHAR
STARTCHAR EB24
ENCODING 60196
SWIDTH 660 0
DWIDTH 11 0
BBX 11 10 0 1
BITMAP
0400
0C00
7400
8520
84C0
84C0
8520
7400
0C00
0400
ENDCHAR
STARTCHAR EB25
ENCODING 60197
SWIDTH 660 0
DWIDTH 11 0
BBX 11 9 0 2
BITMAP
0100
2000
4380
F7C0
4FC0
2F20
0E40
0440
0380
ENDCHAR
STARTCHAR EB26
ENCODING 60198
SWIDTH 660 0
DWIDTH 11 0
BBX 11 10 0 1
BITMAP
FFC0
8020
8020
8020
8020
83E0
8440
8480
8500
7E00
ENDCHAR
STARTCHAR EB27
ENCODING 60199
SWIDTH 660 0
DWIDTH 11 0
BBX 11 8 0 2
BITMAP
7FC0
7FC0
FFC0
FFE0
D260
9340
5040
3F80
ENDCHAR
STARTCHAR EB28
ENCODING 60200
SWIDTH 660 0
DWIDTH 11 0
BBX 11 10 0 1
BITMAP
3FC0
4420
4420
0420
7420
8C20
8C20
9420
6C40
0780
ENDCHAR
STARTCHAR EB29
ENCODING 60201
SWIDTH 660 0
DWIDTH 11 0
BBX 11 10 0 1
BITMAP
1F00
E0C0
C0E0
BB20
A420
8420
A420
8420
64C0
1F00
ENDCHAR
STARTCHAR EB2A
ENCODING 60202
SWIDTH 660 0
DWIDTH 11 0
BBX 11 10 0 1
BITMAP
0400
0C00
1200
2100
4080
FF80
C300
46C0
2D20
18C0
ENDCHAR
STARTCHAR EB2B
ENCODING 60203
SWIDTH 660 0
DWIDTH 11 0
BBX 11 6 0 3
BITMAP
11E0
1E20
1020
F020
1620
09E0
ENDCHAR
STARTCHAR EB2C
ENCODING 60204
SWIDTH 660 0
DWIDTH 11 0
BBX 11 12 0 0
BITMAP
C000
B000
8C00
8300
80C0
8060
8040
8180
8300
8C00
B000
4000
ENDCHAR
STARTCHAR EB2D
ENCODING 60205
SWIDTH 660 0
DWIDTH 11 0
BBX 9 15 1 -2
BITMAP
2000
2600
2600
2600
FF80
8080
8080
8080
8080
8100
4300
3E00
0800
0800
0800
ENDCHAR
STARTCHAR EB2E
ENCODING 60206
SWIDTH 660 0
DWIDTH 11 0
BBX 11 8 0 2
BITMAP
2380
2240
5240
53C0
5240
AA20
8A40
8380
ENDCHAR
STARTCHAR EB2F
ENCODING 60207
SWIDTH 660 0
DWIDTH 11 0
BBX 11 9 0 2
BITMAP
7F80
8040
BFA0
BFA0
8020
B7A0
B4A0
87A0
FFC0
ENDCHAR
STARTCHAR EB30
ENCODING 60208
SWIDTH 660 0
DWIDTH 11 0
BBX 11 10 0 1
BITMAP
7FC0
8020
FFE0
8020
8020
8020
8020
8020
8020
7FC0
ENDCHAR
STARTCHAR EB31
ENCODING 60209
SWIDTH 660 0
DWIDTH 11 0
BBX 11 9 0 2
BITMAP
1000
1000
1100
2900
2A80
CAE0
0A00
0600
0400
ENDCHAR
STARTCHAR EB32
ENCODING 60210
SWIDTH 660 0
DWIDTH 11 0
BBX 11 10 0 1
BITMAP
3F00
4080
8E40
9240
8220
8420
8440
4440
4080
3F00
ENDCHAR
STARTCHAR EB33
ENCODING 60211
SWIDTH 660 0
DWIDTH 11 0
BBX 11 10 0 1
BITMAP
F1C0
F3E0
F3E0
F3E0
1040
1040
2040
2080
4180
0100
ENDCHAR
STARTCHAR EB34
ENCODING 60212
SWIDTH 660 0
DWIDTH 11 0
BBX 11 11 0 0
BITMAP
0080
4040
A140
ACA0
AAA0
ACC0
8A40
5280
1100
1F00
2100
ENDCHAR
STARTCHAR EB35
ENCODING 60213
SWIDTH 660 0
DWIDTH 11 0
BBX 11 10 0 1
BITMAP
3E00
4100
8080
9480
8000
83C0
5BC0
6420
1FC0
03C0
ENDCHAR
STARTCHAR EB36
ENCODING 60214
SWIDTH 660 0
DWIDTH 11 0
BBX 11 12 0 0
BITMAP
27C0
1420
F5A0
A7A0
0420
FDA0
87C0
B400
F400
B400
8400
F800
ENDCHAR
STARTCHAR EB37
ENCODING 60215
SWIDTH 660 0
DWIDTH 11 0
BBX 11 10 0 1
BITMAP
3F40
40C0
41C0
8000
8000
8020
8040
4040
6080
1F00
ENDCHAR
STARTCHAR EB38
ENCODING 60216
SWIDTH 660 0
DWIDTH 11 0
BBX 11 13 0 0
BITMAP
0200
0200
0A80
0700
3FE0
0700
0A80
0200
0200
0000
0000
C000
C000
ENDCHAR
STARTCHAR EB39
ENCODING 60217
SWIDTH 660 0
DWIDTH 11 0
BBX 11 10 0 1
BITMAP
FF00
8080
8080
8000
8380
8740
8560
66E0
75C0
0380
ENDCHAR
STARTCHAR EB3A
ENCODING 60218
SWIDTH 660 0
DWIDTH 11 0
BBX 11 14 0 -1
BITMAP
0060
00C0
0180
0300
8600
C200
6100
3080
0840
0800
1000
2000
4000
8000
ENDCHAR
STARTCHAR EB3B
ENCODING 60219
SWIDTH 660 0
DWIDTH 11 0
BBX 10 1 0 6
BITMAP
FFC0
ENDCHAR
STARTCHAR EB3C
ENCODING 60220
SWIDTH 660 0
DWIDTH 11 0
BBX 11 10 0 1
BITMAP
0280
02C0
66A0
E2C0
5F00
0080
7F80
6F80
6F00
7F00
ENDCHAR
STARTCHAR EB3D
ENCODING 60221
SWIDTH 660 0
DWIDTH 11 0
BBX 11 14 0 -1
BITMAP
0100
0100
1DC0
1120
5940
3180
0000
FC00
EC00
DC00
BC00
DC00
EC00
FC00
ENDCHAR
STARTCHAR EB3E
ENCODING 60222
SWIDTH 660 0
DWIDTH 11 0
BBX 9 15 1 -2
BITMAP
0800
4B00
8880
8880
AA80
9C80
8880
8080
8080
8080
8080
FF80
8000
F000
7F80
ENDCHAR
STARTCHAR EB3F
ENCODING 60223
SWIDTH 660 0
DWIDTH 11 0
BBX 10 14 0 -1
BITMAP
0C00
1E00
3500
2C00
1E00
3500
0400
0400
0000
0C00
1A00
F1C0
1100
0E00
ENDCHAR
STARTCHAR EB40
ENCODING 60224
SWIDTH 660 0
DWIDTH 11 0
BBX 11 14 0 -1
BITMAP
0400
0400
0400
0400
0400
3500
1E00
0C00
0000
0C00
1A00
F1E0
1100
0E00
ENDCHAR
STARTCHAR EB41
ENCODING 60225
SWIDTH 660 0
DWIDTH 11 0
BBX 10 14 0 -1
BITMAP
0C00
1E00
3500
2400
0400
0400
0400
0400
0000
0C00
1A00
F1C0
1100
0E00
ENDCHAR
STARTCHAR EB42
ENCODING 60226
SWIDTH 660 0
DWIDTH 11 0
BBX 11 10 0 1
BITMAP
7FC0
8020
8420
8420
8020
8420
8040
6780
2800
3000
ENDCHAR
STARTCHAR EB43
ENCODING 60227
SWIDTH 660 0
DWIDTH 11 0
BBX 8 10 1 1
BITMAP
7C
82
81
89
9D
89
81
9D
81
7F
ENDCHAR
STARTCHAR EB44
ENCODING 60228
SWIDTH 660 0
DWIDTH 11 0
BBX 11 10 0 1
BITMAP
07C0
1840
7A20
7540
2740
3080
7980
BE80
5300
A000
ENDCHAR
STARTCHAR EB45
ENCODING 60229
SWIDTH 660 0
DWIDTH 11 0
BBX 11 10 0 1
BITMAP
7000
8F00
8080
07C0
7820
B440
FC40
BC80
8500
7800
ENDCHAR
STARTCHAR EB46
ENCODING 60230
SWIDTH 660 0
DWIDTH 11 0
BBX 11 10 0 1
BITMAP
7800
8780
0840
0020
7820
B420
FC20
BC40
8580
7800
ENDCHAR
STARTCHAR EB47
ENCODING 60231
SWIDTH 660 0
DWIDTH 11 0
BBX 11 10 0 1
BITMAP
FFC0
8020
B820
8420
8220
9920
8520
A520
8020
FFC0
ENDCHAR
STARTCHAR EB48
ENCODING 60232
SWIDTH 660 0
DWIDTH 11 0
BBX 11 10 0 1
BITMAP
7F80
5240
9240
FFE0
5240
3280
2B00
1A00
0E00
0400
ENDCHAR
STARTCHAR EB49
ENCODING 60233
SWIDTH 660 0
DWIDTH 11 0
BBX 11 10 0 1
BITMAP
FF00
9C80
8080
80A0
BEA0
A2A0
A2A0
A2A0
7F40
3FC0
ENDCHAR
STARTCHAR EB4A
ENCODING 60234
SWIDTH 660 0
DWIDTH 11 0
BBX 11 10 0 1
BITMAP
FF80
9440
8840
8040
8000
BEE0
A1C0
A380
A700
7600
ENDCHAR
STARTCHAR EB4B
ENCODING 60235
SWIDTH 660 0
DWIDTH 11 0
BBX 11 10 0 1
BITMAP
FF80
9240
8C20
8020
8020
BF20
A120
A120
A120
FFC0
ENDCHAR
STARTCHAR EB4C
ENCODING 60236
SWIDTH 660 0
DWIDTH 11 0
BBX 11 10 0 1
BITMAP
E1C0
8020
8020
0000
0000
0000
0000
8020
8020
E1C0
ENDCHAR
STARTCHAR EB4D
ENCODING 60237
SWIDTH 660 0
DWIDTH 11 0
BBX 11 10 0 1
BITMAP
1100
1100
E1E0
0000
0000
0000
0000
E1C0
1100
1100
ENDCHAR
STARTCHAR EB4E
ENCODING 60238
SWIDTH 660 0
DWIDTH 11 0
BBX 11 10 0 1
BITMAP
1E00
2100
4100
1100
6D00
8B00
9280
A240
C420
7800
ENDCHAR
STARTCHAR EB50
ENCODING 60240
SWIDTH 660 0
DWIDTH 11 0
BBX 11 12 0 0
BITMAP
FFC0
8020
80A0
8020
FFC0
8020
8020
FFC0
8020
80A0
8020
7FC0
ENDCHAR
STARTCHAR EB51
ENCODING 60241
SWIDTH 660 0
DWIDTH 11 0
BBX 11 12 0 0
BITMAP
0C00
0A00
52C0
A140
8460
4A80
4A40
8420
8140
72C0
0A00
0400
ENDCHAR
STARTCHAR EB52
ENCODING 60242
SWIDTH 660 0
DWIDTH 11 0
BBX 10 10 0 1
BITMAP
0300
FCC0
0480
0300
0000
0000
1000
2800
6FC0
1000
ENDCHAR
STARTCHAR EB53
ENCODING 60243
SWIDTH 660 0
DWIDTH 11 0
BBX 11 12 0 0
BITMAP
0400
1B00
E0E0
8020
8420
8C20
8440
4440
40C0
2180
1A00
0400
ENDCHAR
STARTCHAR EB54
ENCODING 60244
SWIDTH 660 0
DWIDTH 11 0
BBX 11 10 0 1
BITMAP
3F00
4080
4040
9240
9220
8020
9140
5E40
6080
1F00
ENDCHAR
STARTCHAR EB55
ENCODING 60245
SWIDTH 660 0
DWIDTH 11 0
BBX 11 10 0 1
BITMAP
4FC0
4820
4E20
5F20
4120
5940
4700
4100
D700
6000
ENDCHAR
STARTCHAR EB56
ENCODING 60246
SWIDTH 660 0
DWIDTH 11 0
BBX 11 10 0 1
BITMAP
FFC0
8420
8420
8420
8420
8420
8420
8420
8420
FFC0
ENDCHAR
STARTCHAR EB57
ENCODING 60247
SWIDTH 660 0
DWIDTH 11 0
BBX 11 10 0 1
BITMAP
FFC0
8020
8020
8020
8020
FFE0
8020
8020
8020
FFC0
ENDCHAR
STARTCHAR EB58
ENCODING 60248
SWIDTH 660 0
DWIDTH 11 0
BBX 11 10 0 1
BITMAP
3380
7C40
A420
84E0
6100
C080
F080
2080
6180
7F00
ENDCHAR
STARTCHAR EB59
ENCODING 60249
SWIDTH 660 0
DWIDTH 11 0
BBX 10 10 0 1
BITMAP
0400
0E00
0E00
FFC0
FFC0
7F80
3F00
3F80
3F80
3180
ENDCHAR
STARTCHAR EB5A
ENCODING 60250
SWIDTH 660 0
DWIDTH 11 0
BBX 10 10 0 1
BITMAP
0400
0A00
0A00
F9C0
F840
7880
3900
3880
3E80
3180
ENDCHAR
STARTCHAR EB5B
ENCODING 60251
SWIDTH 660 0
DWIDTH 11 0
BBX 10 10 0 1
BITMAP
1000
2800
4800
9FC0
6540
0480
0400
07C0
0140
0080
ENDCHAR
STARTCHAR EB5C
ENCODING 60252
SWIDTH 660 0
DWIDTH 11 0
BBX 11 10 0 1
BITMAP
3F00
4480
B540
8040
80A0
B8A0
4940
0940
0440
0780
ENDCHAR
STARTCHAR EB5D
ENCODING 60253
SWIDTH 660 0
DWIDTH 11 0
BBX 11 10 0 1
BITMAP
FFC0
8020
8020
9F20
8020
8020
9F20
8020
8020
7FC0
ENDCHAR
STARTCHAR EB5E
ENCODING 60254
SWIDTH 660 0
DWIDTH 11 0
BBX 11 9 0 2
BITMAP
0FC0
0820
0FA0
03A0
FC20
FEC0
C600
FE00
FE00
ENDCHAR
STARTCHAR EB5F
ENCODING 60255
SWIDTH 660 0
DWIDTH 11 0
BBX 11 8 0 2
BITMAP
0F00
30C0
C120
B620
8820
8840
C180
3E00
ENDCHAR
STARTCHAR EB60
ENCODING 60256
SWIDTH 660 0
DWIDTH 11 0
BBX 11 14 0 -1
BITMAP
FF00
8580
84C0
8440
83E0
8060
8060
8060
8060
8060
8060
8060
8060
FFC0
ENDCHAR
STARTCHAR EB61
ENCODING 60257
SWIDTH 660 0
DWIDTH 11 0
BBX 11 6 0 3
BITMAP
0180
4240
A420
BC20
4240
0180
ENDCHAR
STARTCHAR EB62
ENCODING 60258
SWIDTH 660 0
DWIDTH 11 0
BBX 11 12 0 0
BITMAP
FE00
8200
82E0
FE00
0000
0000
7CC0
0000
F7E0
0000
0000
FE00
ENDCHAR
STARTCHAR EB63
ENCODING 60259
SWIDTH 660 0
DWIDTH 11 0
BBX 11 8 0 2
BITMAP
2180
5240
4020
9F20
2140
2100
2100
3F00
ENDCHAR
STARTCHAR EB64
ENCODING 60260
SWIDTH 660 0
DWIDTH 11 0
BBX 11 10 0 2
BITMAP
2000
F3E0
2000
2000
0000
0000
9080
61C0
6000
9080
ENDCHAR
STARTCHAR EB65
ENCODING 60261
SWIDTH 660 0
DWIDTH 11 0
BBX 11 10 0 1
BITMAP
0780
0900
0960
08A0
1840
1380
2400
4800
9000
E000
ENDCHAR
STARTCHAR EB66
ENCODING 60262
SWIDTH 660 0
DWIDTH 11 0
BBX 11 12 0 0
BITMAP
FFC0
8060
8060
8060
8060
8060
8060
8060
8060
8060
0000
EEE0
ENDCHAR
STARTCHAR EB67
ENCODING 60263
SWIDTH 660 0
DWIDTH 11 0
BBX 11 9 0 2
BITMAP
2000
EFE0
4000
0000
2000
CFC0
0000
2000
CFE0
ENDCHAR
STARTCHAR EB68
ENCODING 60264
SWIDTH 660 0
DWIDTH 11 0
BBX 11 12 0 0
BITMAP
0180
0680
0C40
3240
2220
D1C0
9600
6E00
1500
1500
2480
0400
ENDCHAR
STARTCHAR EB69
ENCODING 60265
SWIDTH 660 0
DWIDTH 11 0
BBX 10 8 0 2
BITMAP
0100
0300
0280
2480
6480
6740
7840
8840
ENDCHAR
STARTCHAR EB6A
ENCODING 60266
SWIDTH 660 0
DWIDTH 11 0
BBX 11 8 0 2
BITMAP
FFE0
0000
0000
FFC0
0000
0000
0000
FFE0
ENDCHAR
STARTCHAR EB6B
ENCODING 60267
SWIDTH 660 0
DWIDTH 11 0
BBX 11 10 0 1
BITMAP
7FC0
4120
8120
8120
8120
8120
73C0
1200
1400
1C00
ENDCHAR
STARTCHAR EB6C
ENCODING 60268
SWIDTH 660 0
DWIDTH 11 0
BBX 11 10 0 1
BITMAP
0700
0900
0900
71C0
A020
A020
A040
A040
A040
FF80
ENDCHAR
STARTCHAR EB6D
ENCODING 60269
SWIDTH 660 0
DWIDTH 11 0
BBX 11 12 0 0
BITMAP
51C0
D940
B540
8540
C940
5140
51E0
5220
5220
5220
5140
2080
ENDCHAR
STARTCHAR EB6E
ENCODING 60270
SWIDTH 660 0
DWIDTH 11 0
BBX 11 8 0 2
BITMAP
FFC0
FFE0
7FC0
7F80
3F80
1F00
1E00
0C00
ENDCHAR
STARTCHAR EB6F
ENCODING 60271
SWIDTH 660 0
DWIDTH 11 0
BBX 8 10 1 1
BITMAP
07
0F
3F
7F
FF
FF
7F
1F
0F
03
ENDCHAR
STARTCHAR EB70
ENCODING 60272
SWIDTH 660 0
DWIDTH 11 0
BBX 7 10 3 1
BITMAP
E0
F0
F8
FE
FE
FE
FE
F8
F0
C0
ENDCHAR
STARTCHAR EB71
ENCODING 60273
SWIDTH 660 0
DWIDTH 11 0
BBX 11 8 0 2
BITMAP
0E00
1E00
1F00
3F80
7F80
7FC0
FFE0
FFC0
ENDCHAR
STARTCHAR EB72
ENCODING 60274
SWIDTH 660 0
DWIDTH 11 0
BBX 10 10 0 1
BITMAP
F0C0
5080
2900
1600
1200
0A00
1500
2480
4280
C1C0
ENDCHAR
STARTCHAR EB73
ENCODING 60275
SWIDTH 660 0
DWIDTH 11 0
BBX 9 15 1 -2
BITMAP
0800
1C00
3600
6300
C180
8080
0000
0000
0000
0000
8080
C100
6200
3600
1C00
ENDCHAR
STARTCHAR EB74
ENCODING 60276
SWIDTH 660 0
DWIDTH 11 0
BBX 11 10 0 1
BITMAP
01C0
0220
0220
7F00
8080
8080
8880
8080
8080
FF80
ENDCHAR
STARTCHAR EB75
ENCODING 60277
SWIDTH 660 0
DWIDTH 11 0
BBX 11 10 0 1
BITMAP
0400
0C80
7540
84C0
84A0
84A0
8540
7540
0C80
0400
ENDCHAR
STARTCHAR EB76
ENCODING 60278
SWIDTH 660 0
DWIDTH 11 0
BBX 11 10 0 1
BITMAP
3F00
2080
CC40
8A20
8240
8440
8420
C4C0
2100
3F00
ENDCHAR
STARTCHAR EB77
ENCODING 60279
SWIDTH 660 0
DWIDTH 11 0
BBX 11 10 0 1
BITMAP
3F00
2100
C0C0
8120
8240
9440
8820
C0C0
2100
3F00
ENDCHAR
STARTCHAR EB78
ENCODING 60280
SWIDTH 660 0
DWIDTH 11 0
BBX 11 10 0 1
BITMAP
FF80
8080
FFA0
80A0
80A0
80A0
80A0
80A0
7F40
3F80
ENDCHAR
STARTCHAR EB79
ENCODING 60281
SWIDTH 660 0
DWIDTH 11 0
BBX 11 10 0 1
BITMAP
FFC0
8040
8040
8040
8380
87C0
8F60
7CE0
17C0
3780
ENDCHAR
STARTCHAR EB7A
ENCODING 60282
SWIDTH 660 0
DWIDTH 11 0
BBX 11 10 0 1
BITMAP
FFC0
8040
8040
8040
8380
8440
8820
7820
1840
3780
ENDCHAR
STARTCHAR EB7B
ENCODING 60283
SWIDTH 660 0
DWIDTH 11 0
BBX 11 10 0 1
BITMAP
FFC0
8040
8040
8040
8780
87C0
8C60
7C60
17C0
3780
ENDCHAR
STARTCHAR EB7C
ENCODING 60284
SWIDTH 660 0
DWIDTH 11 0
BBX 10 16 0 -2
BITMAP
3E00
2100
2100
2100
7F80
C080
C0C0
C0C0
C0C0
C080
C080
7F80
2100
2100
3F00
1E00
ENDCHAR
STARTCHAR EB7D
ENCODING 60285
SWIDTH 660 0
DWIDTH 11 0
BBX 10 15 0 -2
BITMAP
0FC0
7FC0
4280
C280
8280
8280
C280
6280
3E80
0280
0280
0280
0280
0280
0280
ENDCHAR
STARTCHAR EB7E
ENCODING 60286
SWIDTH 660 0
DWIDTH 11 0
BBX 11 8 0 2
BITMAP
0200
0200
3300
3A80
4A80
5A80
2100
FFE0
ENDCHAR
STARTCHAR EB7F
ENCODING 60287
SWIDTH 660 0
DWIDTH 11 0
BBX 11 10 0 1
BITMAP
7FC0
8020
FFE0
8020
8020
8020
8020
8020
8020
7FC0
ENDCHAR
STARTCHAR EB80
ENCODING 60288
SWIDTH 660 0
DWIDTH 11 0
BBX 11 12 0 0
BITMAP
0800
6C00
2A00
EA60
EE20
0020
0020
0020
6220
87C0
4600
2200
ENDCHAR
STARTCHAR EB81
ENCODING 60289
SWIDTH 660 0
DWIDTH 11 0
BBX 10 10 0 1
BITMAP
3E00
4100
8880
8880
9C80
8880
4100
6300
1C80
0040
ENDCHAR
STARTCHAR EB82
ENCODING 60290
SWIDTH 660 0
DWIDTH 11 0
BBX 10 10 0 1
BITMAP
3E00
4100
8080
8080
9C80
8080
4100
6300
1C80
0040
ENDCHAR
STARTCHAR EB83
ENCODING 60291
SWIDTH 660 0
DWIDTH 11 0
BBX 11 8 0 2
BITMAP
FFE0
0000
0000
3F00
0000
0000
0000
0E00
ENDCHAR
STARTCHAR EB84
ENCODING 60292
SWIDTH 660 0
DWIDTH 11 0
BBX 11 9 0 2
BITMAP
FF00
0000
0000
FFE0
0000
0000
FE00
0000
FF00
ENDCHAR
STARTCHAR EB85
ENCODING 60293
SWIDTH 660 0
DWIDTH 11 0
BBX 10 8 0 2
BITMAP
FF00
0000
0000
FFC0
0000
0000
0000
FE00
ENDCHAR
STARTCHAR EB86
ENCODING 60294
SWIDTH 660 0
DWIDTH 11 0
BBX 11 8 0 2
BITMAP
FFC0
1000
1FE0
1000
1000
1FE0
1000
1FC0
ENDCHAR
STARTCHAR EB87
ENCODING 60295
SWIDTH 660 0
DWIDTH 11 0
BBX 10 10 0 1
BITMAP
0400
0C00
0A00
1200
1100
2180
6080
40C0
FFC0
FFC0
ENDCHAR
STARTCHAR EB88
ENCODING 60296
SWIDTH 660 0
DWIDTH 11 0
BBX 10 10 0 1
BITMAP
0400
0C00
0E00
1E00
1F00
3F80
7F80
7FC0
FFC0
FFC0
ENDCHAR
STARTCHAR EB89
ENCODING 60297
SWIDTH 660 0
DWIDTH 11 0
BBX 11 10 0 1
BITMAP
FE00
8100
8080
9840
9C20
9C60
88C0
8180
8300
FE00
ENDCHAR
STARTCHAR EB8A
ENCODING 60298
SWIDTH 660 0
DWIDTH 11 0
BBX 3 4 3 4
BITMAP
C0
E0
E0
40
ENDCHAR
STARTCHAR EB8B
ENCODING 60299
SWIDTH 660 0
DWIDTH 11 0
BBX 11 10 0 1
BITMAP
FE00
8100
8080
8040
8020
8060
80C0
8180
8300
FE00
ENDCHAR
STARTCHAR EB8C
ENCODING 60300
SWIDTH 660 0
DWIDTH 11 0
BBX 11 10 0 1
BITMAP
3F00
7B80
7BC0
FBC0
FBE0
FBE0
FFC0
7BC0
7380
1F00
ENDCHAR
STARTCHAR EB8D
ENCODING 60301
SWIDTH 660 0
DWIDTH 11 0
BBX 11 5 0 4
BITMAP
0800
4800
2EE0
EA80
EEC0
ENDCHAR
STARTCHAR EB8E
ENCODING 60302
SWIDTH 660 0
DWIDTH 11 0
BBX 11 10 0 1
BITMAP
0260
0E60
1A60
6260
C260
C260
3260
1A60
0E60
0260
ENDCHAR
STARTCHAR EB8F
ENCODING 60303
SWIDTH 660 0
DWIDTH 11 0
BBX 11 12 0 0
BITMAP
9E00
BF80
E0C0
F040
F060
0000
0000
0000
0C00
0E00
0E00
0C00
ENDCHAR
STARTCHAR EB90
ENCODING 60304
SWIDTH 660 0
DWIDTH 11 0
BBX 11 10 0 1
BITMAP
FFC0
0000
0000
FFC0
0000
03C0
FB20
0020
0240
0180
ENDCHAR
STARTCHAR EB91
ENCODING 60305
SWIDTH 660 0
DWIDTH 11 0
BBX 11 10 0 1
BITMAP
3800
2600
2180
2040
3020
CCC0
7B00
C400
4800
FC00
ENDCHAR
STARTCHAR EB92
ENCODING 60306
SWIDTH 660 0
DWIDTH 11 0
BBX 10 10 0 1
BITMAP
7040
9280
8B00
93C0
9000
5000
4F00
2100
1100
0F00
ENDCHAR
STARTCHAR EB93
ENCODING 60307
SWIDTH 660 0
DWIDTH 11 0
BBX 11 10 0 1
BITMAP
71E0
98A0
8920
9200
9000
5000
4F00
2100
1100
0F00
ENDCHAR
STARTCHAR EB94
ENCODING 60308
SWIDTH 660 0
DWIDTH 11 0
BBX 11 8 0 2
BITMAP
FFE0
0000
0000
FFC0
0000
0000
0000
FFE0
ENDCHAR
STARTCHAR EB95
ENCODING 60309
SWIDTH 660 0
DWIDTH 11 0
BBX 11 10 0 1
BITMAP
FF80
8080
88A0
88A0
9CA0
88A0
80A0
80A0
7F40
3F80
ENDCHAR
STARTCHAR EB96
ENCODING 60310
SWIDTH 660 0
DWIDTH 11 0
BBX 11 10 0 1
BITMAP
07C0
0420
3420
4BC0
3200
0000
FC00
8400
8400
7800
ENDCHAR
STARTCHAR EB97
ENCODING 60311
SWIDTH 660 0
DWIDTH 11 0
BBX 11 10 0 1
BITMAP
6000
41E0
5F20
5920
81C0
81C0
5920
5720
49E0
6000
ENDCHAR
STARTCHAR EB98
ENCODING 60312
SWIDTH 660 0
DWIDTH 11 0
BBX 11 10 0 1
BITMAP
4000
E1E0
5F20
5920
01C0
01C0
5D20
5F20
E1E0
4000
ENDCHAR
STARTCHAR EB99
ENCODING 60313
SWIDTH 660 0
DWIDTH 11 0
BBX 11 10 0 1
BITMAP
3F00
4080
8E40
8E40
8020
9F20
9F40
5E40
4080
3F00
ENDCHAR
STARTCHAR EB9A
ENCODING 60314
SWIDTH 660 0
DWIDTH 11 0
BBX 10 10 1 1
BITMAP
3B80
47C0
87C0
8380
8000
8100
8100
8080
FF80
1C00
ENDCHAR
STARTCHAR EB9B
ENCODING 60315
SWIDTH 660 0
DWIDTH 11 0
BBX 11 10 0 1
BITMAP
FFC0
8040
8040
A040
9040
97A0
A3C0
8440
8440
77C0
ENDCHAR
STARTCHAR EB9C
ENCODING 60316
SWIDTH 660 0
DWIDTH 11 0
BBX 11 10 0 1
BITMAP
4800
D800
DB00
DA80
DA80
D980
D940
D8C0
D8A0
0040
ENDCHAR
STARTCHAR EB9D
ENCODING 60317
SWIDTH 660 0
DWIDTH 11 0
BBX 11 14 0 -1
BITMAP
2480
FFC0
8020
8020
9F20
8020
8020
9F20
8020
8020
8BC0
8280
8300
FE00
ENDCHAR
STARTCHAR EB9E
ENCODING 60318
SWIDTH 660 0
DWIDTH 11 0
BBX 11 12 0 0
BITMAP
3000
4C00
4200
C180
C040
C020
C0C0
C300
CC80
B300
4C00
3000
ENDCHAR
STARTCHAR EB9F
ENCODING 60319
SWIDTH 660 0
DWIDTH 11 0
BBX 10 11 0 1
BITMAP
8C00
5400
6080
5040
4840
4440
4240
4100
2580
0A40
0400
ENDCHAR
STARTCHAR EBA0
ENCODING 60320
SWIDTH 660 0
DWIDTH 11 0
BBX 11 10 0 1
BITMAP
0700
0980
08C0
1040
7060
4080
2300
3400
4C00
8400
ENDCHAR
STARTCHAR EBA1
ENCODING 60321
SWIDTH 660 0
DWIDTH 11 0
BBX 11 10 0 1
BITMAP
1F00
7F80
42C0
C0C0
C060
C060
C0C0
73C0
4180
3100
ENDCHAR
STARTCHAR EBA2
ENCODING 60322
SWIDTH 660 0
DWIDTH 11 0
BBX 11 10 0 1
BITMAP
FFC0
8040
FF80
8080
8160
8720
8FC0
8F00
9100
6E00
ENDCHAR
STARTCHAR EBA3
ENCODING 60323
SWIDTH 660 0
DWIDTH 11 0
BBX 11 12 0 0
BITMAP
1F00
2100
2100
2D00
2100
2100
2D00
2100
65C0
5F40
8040
FFE0
ENDCHAR
STARTCHAR EBA4
ENCODING 60324
SWIDTH 660 0
DWIDTH 11 0
BBX 11 10 0 1
BITMAP
3F00
4080
8040
8140
8220
9420
8840
4040
4080
3F00
ENDCHAR
STARTCHAR EBA5
ENCODING 60325
SWIDTH 660 0
DWIDTH 11 0
BBX 11 10 0 1
BITMAP
3F00
4080
8040
9F40
9F20
9F20
9F40
4040
4080
3F00
ENDCHAR
STARTCHAR EBA6
ENCODING 60326
SWIDTH 660 0
DWIDTH 11 0
BBX 11 10 0 1
BITMAP
3F00
4080
8040
8840
8E20
8E20
8840
4040
4080
3F00
ENDCHAR
STARTCHAR EBA7
ENCODING 60327
SWIDTH 660 0
DWIDTH 11 0
BBX 11 10 0 1
BITMAP
3F00
4080
8E40
9F40
BF20
BF20
9F40
4E40
4080
3F00
ENDCHAR
STARTCHAR EBA8
ENCODING 60328
SWIDTH 660 0
DWIDTH 11 0
BBX 11 10 0 1
BITMAP
3800
2600
2180
2040
3020
CCC0
7B00
C400
4800
FC00
ENDCHAR
STARTCHAR EBA9
ENCODING 60329
SWIDTH 660 0
DWIDTH 11 0
BBX 11 10 0 1
BITMAP
FFC0
8040
8040
8040
8380
8740
8EE0
7D60
15C0
3780
ENDCHAR
STARTCHAR EBAA
ENCODING 60330
SWIDTH 660 0
DWIDTH 11 0
BBX 11 8 0 2
BITMAP
0E00
1100
2100
60C0
8040
8020
8040
7F80
ENDCHAR
STARTCHAR EBAB
ENCODING 60331
SWIDTH 660 0
DWIDTH 11 0
BBX 10 14 0 -1
BITMAP
1800
2C00
4A00
8900
0800
0800
0800
0800
0800
0C00
0BC0
0800
0800
0800
ENDCHAR
STARTCHAR EBAC
ENCODING 60332
SWIDTH 660 0
DWIDTH 11 0
BBX 10 6 0 3
BITMAP
8100
8080
8040
9FC0
8080
8100
ENDCHAR
STARTCHAR EBAD
ENCODING 60333
SWIDTH 660 0
DWIDTH 11 0
BBX 11 11 0 1
BITMAP
4000
8000
FFC0
0000
3FE0
2DA0
2DA0
2DA0
2D40
2F00
3800
ENDCHAR
STARTCHAR EBAE
ENCODING 60334
SWIDTH 660 0
DWIDTH 11 0
BBX 11 10 0 1
BITMAP
3F00
6080
4C40
9340
9120
9120
9120
F1E0
9120
F1E0
ENDCHAR
STARTCHAR EBAF
ENCODING 60335
SWIDTH 660 0
DWIDTH 11 0
BBX 11 12 0 0
BITMAP
7F00
8080
BE80
FEA0
8080
80A0
80A0
8080
80A0
8080
8080
7F00
ENDCHAR
STARTCHAR EBB0
ENCODING 60336
SWIDTH 660 0
DWIDTH 11 0
BBX 11 12 0 0
BITMAP
3820
4620
8320
81A0
80E0
87E0
4000
2000
1000
0800
0400
0200
ENDCHAR
STARTCHAR EBB1
ENCODING 60337
SWIDTH 660 0
DWIDTH 11 0
BBX 10 6 0 3
BITMAP
0140
0280
0500
AA00
5400
2800
ENDCHAR
STARTCHAR EBB2
ENCODING 60338
SWIDTH 660 0
DWIDTH 11 0
BBX 11 10 0 1
BITMAP
0E00
0900
1080
1040
E0C0
4180
23C0
73E0
CBE0
03C0
ENDCHAR
STARTCHAR EBB3
ENCODING 60339
SWIDTH 660 0
DWIDTH 11 0
BBX 11 10 0 1
BITMAP
3F00
7F80
7FC0
FEC0
FDE0
EBE0
F7C0
7FC0
7F80
1F00
ENDCHAR
STARTCHAR EBB4
ENCODING 60340
SWIDTH 660 0
DWIDTH 11 0
BBX 11 10 0 1
BITMAP
3F00
7F80
7FC0
FFC0
FFE0
FFE0
FFC0
7FC0
7F80
3F00
ENDCHAR
STARTCHAR EBB5
ENCODING 60341
SWIDTH 660 0
DWIDTH 11 0
BBX 11 10 0 1
BITMAP
3F00
4080
8040
8040
8020
8020
8040
4040
4080
3F00
ENDCHAR
STARTCHAR EBB6
ENCODING 60342
SWIDTH 660 0
DWIDTH 11 0
BBX 11 10 0 1
BITMAP
E000
A000
E000
00E0
E520
AEE0
4520
E0C0
A000
E000
ENDCHAR
STARTCHAR EBB7
ENCODING 60343
SWIDTH 660 0
DWIDTH 11 0
BBX 11 10 0 1
BITMAP
FFC0
9120
9120
FFE0
9120
9120
FFE0
9120
9120
FFC0
ENDCHAR
STARTCHAR EBB8
ENCODING 60344
SWIDTH 660 0
DWIDTH 11 0
BBX 11 10 0 1
BITMAP
7FC0
8020
FFE0
8020
8120
AD20
AF20
A120
8020
7FC0
ENDCHAR
STARTCHAR EBB9
ENCODING 60345
SWIDTH 660 0
DWIDTH 11 0
BBX 11 12 0 0
BITMAP
0E00
1200
1200
0E00
0400
3F80
2080
2080
71C0
9220
9220
71C0
ENDCHAR
STARTCHAR EBBA
ENCODING 60346
SWIDTH 660 0
DWIDTH 11 0
BBX 11 12 0 0
BITMAP
1E00
1200
1200
1E00
0A00
1200
1100
2080
D360
9220
9220
F1C0
ENDCHAR
STARTCHAR EBBB
ENCODING 60347
SWIDTH 660 0
DWIDTH 11 0
BBX 11 12 0 0
BITMAP
F1C0
9220
9220
F1E0
2080
1100
1200
0A00
1600
1200
1200
0E00
ENDCHAR
STARTCHAR EBBC
ENCODING 60348
SWIDTH 660 0
DWIDTH 11 0
BBX 11 10 0 1
BITMAP
E400
9F00
E500
4000
4380
46C0
6EE0
9EE0
A6C0
4780
ENDCHAR
STARTCHAR EBBD
ENCODING 60349
SWIDTH 660 0
DWIDTH 11 0
BBX 10 12 0 0
BITMAP
C000
B000
8C00
8200
8180
8000
8080
8DC0
9080
E080
0080
0080
ENDCHAR
STARTCHAR EBBE
ENCODING 60350
SWIDTH 660 0
DWIDTH 11 0
BBX 11 12 0 0
BITMAP
C000
B000
8C00
8200
8180
8000
8280
8C80
9080
E0A0
01C0
0080
ENDCHAR
STARTCHAR EBBF
ENCODING 60351
SWIDTH 660 0
DWIDTH 11 0
BBX 11 10 0 1
BITMAP
D900
8000
0F00
9080
90A0
9680
90A0
1080
90A0
9F80
ENDCHAR
STARTCHAR EBC0
ENCODING 60352
SWIDTH 660 0
DWIDTH 11 0
BBX 11 10 0 1
BITMAP
3800
2600
2180
2040
0020
F0C0
CB00
0800
0800
7800
ENDCHAR
STARTCHAR EBC1
ENCODING 60353
SWIDTH 660 0
DWIDTH 11 0
BBX 11 12 0 0
BITMAP
0C00
7380
8060
8020
8120
8220
9C20
8840
4040
4080
3100
0E00
ENDCHAR
STARTCHAR EBC2
ENCODING 60354
SWIDTH 660 0
DWIDTH 11 0
BBX 11 12 0 0
BITMAP
0C00
3380
C060
8020
8220
8C20
8C20
8240
4040
4080
3100
0E00
ENDCHAR
STARTCHAR EBC3
ENCODING 60355
SWIDTH 660 0
DWIDTH 11 0
BBX 11 12 0 0
BITMAP
0C00
3380
C060
8420
8A20
8220
8420
8040
4440
4080
3100
0E00
ENDCHAR
STARTCHAR EBC4
ENCODING 60356
SWIDTH 660 0
DWIDTH 11 0
BBX 11 10 0 1
BITMAP
FFC0
8020
FFE0
8020
9220
A520
A520
B020
8020
FFC0
ENDCHAR
STARTCHAR EBC5
ENCODING 60357
SWIDTH 660 0
DWIDTH 11 0
BBX 10 14 0 -1
BITMAP
0800
1F80
60C0
4040
8E40
9040
9040
8880
8500
4200
4000
2000
1000
0C00
ENDCHAR
STARTCHAR EBC6
ENCODING 60358
SWIDTH 660 0
DWIDTH 11 0
BBX 11 12 0 1
BITMAP
0E00
0E00
0D00
1300
1D00
2180
2080
60C0
61C0
9240
9220
FFC0
ENDCHAR
STARTCHAR EBC7
ENCODING 60359
SWIDTH 660 0
DWIDTH 11 0
BBX 11 10 0 1
BITMAP
3FC0
4020
4020
4040
9040
8840
B740
8040
8080
7F00
ENDCHAR
STARTCHAR EBC8
ENCODING 60360
SWIDTH 660 0
DWIDTH 11 0
BBX 11 10 0 1
BITMAP
FFE0
FFE0
FFE0
FFE0
F800
FFE0
FFE0
FFE0
FFE0
FFE0
ENDCHAR
STARTCHAR EBC9
ENCODING 60361
SWIDTH 660 0
DWIDTH 11 0
BBX 11 10 0 1
BITMAP
0D80
3B80
6180
4040
E060
E060
0040
23C0
3B80
0F00
ENDCHAR
STARTCHAR EBCA
ENCODING 60362
SWIDTH 660 0
DWIDTH 11 0
BBX 11 12 0 0
BITMAP
1E00
2100
C0C0
8060
80E0
83E0
87E0
85E0
87E0
85C0
6700
1E00
ENDCHAR
STARTCHAR EBCB
ENCODING 60363
SWIDTH 660 0
DWIDTH 11 0
BBX 9 10 1 1
BITMAP
0200
0100
FF80
0100
0200
0000
4000
FF80
C000
4000
ENDCHAR
STARTCHAR EBCC
ENCODING 60364
SWIDTH 660 0
DWIDTH 11 0
BBX 11 14 0 -1
BITMAP
3F00
4000
9FC0
A060
A020
A020
A020
A020
A020
A020
A020
2020
2040
1FC0
ENDCHAR
STARTCHAR EBCD
ENCODING 60365
SWIDTH 660 0
DWIDTH 11 0
BBX 11 14 0 -1
BITMAP
3000
4800
4800
7800
8400
8000
8F80
9DC0
DDC0
5060
5DE0
5DC0
2F80
0200
ENDCHAR
STARTCHAR EBCE
ENCODING 60366
SWIDTH 660 0
DWIDTH 11 0
BBX 11 10 0 1
BITMAP
FFC0
FFE0
FFC0
7F80
3F00
1E00
0E00
0E00
0E00
0E00
ENDCHAR
STARTCHAR EBCF
ENCODING 60367
SWIDTH 660 0
DWIDTH 11 0
BBX 11 10 0 1
BITMAP
00E0
0040
6300
0500
0B00
1200
2400
4980
9000
E000
ENDCHAR
STARTCHAR EBD0
ENCODING 60368
SWIDTH 660 0
DWIDTH 11 0
BBX 10 8 0 2
BITMAP
7800
DC00
C5C0
CC00
FC00
79C0
0000
7FC0
ENDCHAR
STARTCHAR EBD1
ENCODING 60369
SWIDTH 660 0
DWIDTH 11 0
BBX 11 10 0 1
BITMAP
FFC0
8020
8020
8020
8020
8620
8520
7C80
0700
0400
ENDCHAR
STARTCHAR EBD2
ENCODING 60370
SWIDTH 660 0
DWIDTH 11 0
BBX 11 12 0 0
BITMAP
0C00
1B00
6080
8060
C0C0
3100
CE40
3180
9E40
6180
1A00
0400
ENDCHAR
STARTCHAR EBD3
ENCODING 60371
SWIDTH 660 0
DWIDTH 11 0
BBX 11 12 0 0
BITMAP
0800
3600
4100
8080
6300
9480
6B00
9DC0
63C0
1BE0
03C0
0080
ENDCHAR
STARTCHAR EBD4
ENCODING 60372
SWIDTH 660 0
DWIDTH 11 0
BBX 11 12 0 0
BITMAP
0800
3600
4100
8080
6300
9480
6B00
9DC0
63C0
1A60
03C0
0080
ENDCHAR
STARTCHAR EBD5
ENCODING 60373
SWIDTH 660 0
DWIDTH 11 0
BBX 10 10 0 1
BITMAP
3F00
4080
9080
9C40
9440
8A40
8680
4080
2100
1E00
ENDCHAR
STARTCHAR EBD6
ENCODING 60374
SWIDTH 660 0
DWIDTH 11 0
BBX 11 10 0 1
BITMAP
3F00
4080
9080
9C40
9440
8A00
85C0
43E0
23E0
19C0
ENDCHAR
STARTCHAR EBD7
ENCODING 60375
SWIDTH 660 0
DWIDTH 11 0
BBX 11 10 0 1
BITMAP
3F00
4080
9080
9C40
9440
8A00
85C0
43A0
2260
19C0
ENDCHAR
STARTCHAR EBD8
ENCODING 60376
SWIDTH 660 0
DWIDTH 11 0
BBX 11 10 0 1
BITMAP
1F00
1900
3900
3880
3C80
7C80
4440
7240
FA40
E7E0
ENDCHAR
STARTCHAR EBD9
ENCODING 60377
SWIDTH 660 0
DWIDTH 11 0
BBX 11 10 0 1
BITMAP
2C00
4080
0040
0000
8420
8420
0000
4040
4080
0E00
ENDCHAR
STARTCHAR EBDA
ENCODING 60378
SWIDTH 660 0
DWIDTH 11 0
BBX 11 10 0 1
BITMAP
E140
9080
B140
4000
4080
4080
4080
B140
9120
E1C0
ENDCHAR
STARTCHAR EBDB
ENCODING 60379
SWIDTH 660 0
DWIDTH 11 0
BBX 11 10 0 1
BITMAP
E000
9080
B000
4000
4080
4000
4080
B140
9120
E1C0
ENDCHAR
STARTCHAR EBDC
ENCODING 60380
SWIDTH 660 0
DWIDTH 11 0
BBX 11 10 0 1
BITMAP
3800
2600
6180
4040
3020
CCC0
7B00
C580
4A00
FC00
ENDCHAR
STARTCHAR EBDD
ENCODING 60381
SWIDTH 660 0
DWIDTH 11 0
BBX 11 10 0 1
BITMAP
3800
2600
2180
2040
F020
F8C0
F300
7400
0000
6000
ENDCHAR
STARTCHAR EBDE
ENCODING 60382
SWIDTH 660 0
DWIDTH 11 0
BBX 11 10 0 1
BITMAP
3800
2600
2180
1040
7C20
D6C0
EE00
D600
FC00
7C00
ENDCHAR
STARTCHAR EBDF
ENCODING 60383
SWIDTH 660 0
DWIDTH 11 0
BBX 11 10 0 1
BITMAP
7800
8780
8840
7020
E020
D820
D420
D440
DD80
E400
ENDCHAR
STARTCHAR EBE0
ENCODING 60384
SWIDTH 660 0
DWIDTH 11 0
BBX 10 10 0 1
BITMAP
9800
9400
9300
9080
9040
9040
9080
9300
9400
9800
ENDCHAR
STARTCHAR EBE1
ENCODING 60385
SWIDTH 660 0
DWIDTH 11 0
BBX 11 12 0 0
BITMAP
7F00
2200
2200
2200
2000
2780
48C0
6920
8A20
8C40
F440
0380
ENDCHAR
STARTCHAR EBE2
ENCODING 60386
SWIDTH 660 0
DWIDTH 11 0
BBX 10 10 0 1
BITMAP
8000
8100
8380
B600
EC00
C000
8000
8000
8000
FFC0
ENDCHAR
STARTCHAR EBE3
ENCODING 60387
SWIDTH 660 0
DWIDTH 11 0
BBX 10 10 0 1
BITMAP
8080
8140
9940
A880
9800
8300
8500
8300
8000
FFC0
ENDCHAR
STARTCHAR EBE4
ENCODING 60388
SWIDTH 660 0
DWIDTH 11 0
BBX 11 10 0 1
BITMAP
0700
1CC0
6C40
8C40
8FE0
8800
8F80
8080
4100
3E00
ENDCHAR
STARTCHAR EBE5
ENCODING 60389
SWIDTH 660 0
DWIDTH 11 0
BBX 11 12 0 0
BITMAP
6100
4080
4080
4080
4080
80C0
4000
43C0
43C0
63E0
03C0
0180
ENDCHAR
STARTCHAR EBE6
ENCODING 60390
SWIDTH 660 0
DWIDTH 11 0
BBX 11 12 0 0
BITMAP
2100
4080
4080
4080
4080
80C0
4000
43C0
4240
6260
03C0
0180
ENDCHAR
STARTCHAR EBE7
ENCODING 60391
SWIDTH 660 0
DWIDTH 11 0
BBX 11 12 0 0
BITMAP
1F00
3100
2100
2100
2100
7FC0
8060
8C60
8C60
8060
8060
FFC0
ENDCHAR
STARTCHAR EBE8
ENCODING 60392
SWIDTH 660 0
DWIDTH 11 0
BBX 11 10 0 1
BITMAP
0400
1F00
7CE0
C0E0
C0E0
C0E0
C0E0
38E0
3FC0
1380
ENDCHAR
STARTCHAR EBE9
ENCODING 60393
SWIDTH 660 0
DWIDTH 11 0
BBX 11 10 0 1
BITMAP
1F00
3F00
FFC0
FEE0
FDC0
EBC0
F7E0
FFC0
3F00
1F00
ENDCHAR
STARTCHAR EBEA
ENCODING 60394
SWIDTH 660 0
DWIDTH 11 0
BBX 11 8 0 2
BITMAP
0020
1020
2020
4020
FFC0
4000
2000
1000
ENDCHAR
STARTCHAR EBEB
ENCODING 60395
SWIDTH 660 0
DWIDTH 11 0
BBX 11 10 0 1
BITMAP
FBE0
8A20
8A20
8BE0
8800
8800
8BE0
8A20
8A20
F3E0
ENDCHAR
STARTCHAR EBEC
ENCODING 60396
SWIDTH 660 0
DWIDTH 11 0
BBX 11 10 0 1
BITMAP
FFC0
C020
C020
C020
C020
C020
C020
C020
C020
FFC0
ENDCHAR
STARTCHAR EBED
ENCODING 60397
SWIDTH 660 0
DWIDTH 11 0
BBX 11 10 0 1
BITMAP
FFC0
80E0
80E0
80E0
80E0
80E0
80E0
80E0
80E0
FFC0
ENDCHAR
STARTCHAR EBEE
ENCODING 60398
SWIDTH 660 0
DWIDTH 11 0
BBX 11 10 0 1
BITMAP
FFC0
8220
8220
8220
8220
8220
FE20
FE20
FE20
FFC0
ENDCHAR
STARTCHAR EBEF
ENCODING 60399
SWIDTH 660 0
DWIDTH 11 0
BBX 11 10 0 1
BITMAP
FFC0
A120
A120
A120
A120
A120
BF20
BF20
BF20
FFC0
ENDCHAR
STARTCHAR EBF0
ENCODING 60400
SWIDTH 660 0
DWIDTH 11 0
BBX 11 10 0 1
BITMAP
FFC0
A120
A120
A120
A120
A120
FFE0
FFE0
FFE0
FFC0
ENDCHAR
STARTCHAR EBF1
ENCODING 60401
SWIDTH 660 0
DWIDTH 11 0
BBX 11 10 0 1
BITMAP
FFC0
8820
8820
8820
8820
8820
8FE0
8FE0
8FE0
FFC0
ENDCHAR
STARTCHAR EBF2
ENCODING 60402
SWIDTH 660 0
DWIDTH 11 0
BBX 11 10 0 1
BITMAP
FFC0
8020
8020
8020
8020
8020
FFE0
FFE0
FFE0
FFC0
ENDCHAR
STARTCHAR EBF3
ENCODING 60403
SWIDTH 660 0
DWIDTH 11 0
BBX 11 10 0 1
BITMAP
FFC0
F820
F820
F820
F820
F820
F820
F820
F820
FFC0
ENDCHAR
STARTCHAR EBF4
ENCODING 60404
SWIDTH 660 0
DWIDTH 11 0
BBX 11 10 0 1
BITMAP
FFC0
83E0
83E0
83E0
83E0
83E0
83E0
83E0
83E0
FFC0
ENDCHAR
STARTCHAR EBF5
ENCODING 60405
SWIDTH 660 0
DWIDTH 11 0
BBX 11 10 0 1
BITMAP
FFC0
8020
8020
8020
8020
8020
8020
8020
FFE0
FFC0
ENDCHAR
STARTCHAR EBF6
ENCODING 60406
SWIDTH 660 0
DWIDTH 11 0
BBX 11 10 0 1
BITMAP
FFC0
AB20
8020
8020
8020
8020
8020
8020
8020
FFC0
ENDCHAR
STARTCHAR EBF7
ENCODING 60407
SWIDTH 660 0
DWIDTH 11 0
BBX 11 10 0 1
BITMAP
FFC0
8E20
8E20
8E20
8E20
8E20
8E20
8E20
8E20
FFC0
ENDCHAR
STARTCHAR EBF8
ENCODING 60408
SWIDTH 660 0
DWIDTH 11 0
BBX 11 10 0 1
BITMAP
3F00
4080
8E40
9140
A520
A520
9140
4E40
4080
3F00
ENDCHAR
STARTCHAR EBF9
ENCODING 60409
SWIDTH 660 0
DWIDTH 11 0
BBX 11 8 0 2
BITMAP
8000
8100
8180
80C0
7FE0
0040
0080
0100
ENDCHAR
STARTCHAR EBFA
ENCODING 60410
SWIDTH 660 0
DWIDTH 11 0
BBX 11 10 0 1
BITMAP
3F00
6180
40C0
C040
8E60
8E60
C040
40C0
7180
1F00
ENDCHAR
STARTCHAR EBFB
ENCODING 60411
SWIDTH 660 0
DWIDTH 11 0
BBX 11 10 0 1
BITMAP
3F00
6180
40C0
DA40
8E60
8E60
DA40
40C0
7180
1F00
ENDCHAR
STARTCHAR EBFC
ENCODING 60412
SWIDTH 660 0
DWIDTH 11 0
BBX 11 10 0 1
BITMAP
3F00
4080
8440
8440
8420
9720
8E40
4440
4080
3F00
ENDCHAR
STARTCHAR EBFD
ENCODING 60413
SWIDTH 660 0
DWIDTH 11 0
BBX 11 10 0 1
BITMAP
3F00
4080
8040
8840
9020
9E20
8840
4040
4080
3F00
ENDCHAR
STARTCHAR EBFE
ENCODING 60414
SWIDTH 660 0
DWIDTH 11 0
BBX 11 10 0 1
BITMAP
3F00
4080
8040
8240
8120
9F20
8640
4040
4080
3F00
ENDCHAR
STARTCHAR EBFF
ENCODING 60415
SWIDTH 660 0
DWIDTH 11 0
BBX 11 10 0 1
BITMAP
3F00
4080
8440
8E40
9520
8420
8440
4440
4080
3F00
ENDCHAR
STARTCHAR EC00
ENCODING 60416
SWIDTH 660 0
DWIDTH 11 0
BBX 11 10 0 1
BITMAP
FFC0
8220
8220
8220
8220
8220
8220
8220
8220
FFC0
ENDCHAR
STARTCHAR EC01
ENCODING 60417
SWIDTH 660 0
DWIDTH 11 0
BBX 11 10 0 1
BITMAP
FFC0
8020
8020
8020
8020
8020
FFE0
8020
8020
FFC0
ENDCHAR
STARTCHAR EC02
ENCODING 60418
SWIDTH 660 0
DWIDTH 11 0
BBX 11 10 0 1
BITMAP
FFC0
8820
8820
8820
8820
8820
8820
8820
8820
FFC0
ENDCHAR
STARTCHAR EC03
ENCODING 60419
SWIDTH 660 0
DWIDTH 11 0
BBX 0 0 0 0
BITMAP
ENDCHAR
STARTCHAR EC04
ENCODING 60420
SWIDTH 660 0
DWIDTH 11 0
BBX 11 9 0 1
BITMAP
3180
7FC0
FFC0
FFE0
FFC0
7F80
3F00
1E00
0C00
ENDCHAR
STARTCHAR EC05
ENCODING 60421
SWIDTH 660 0
DWIDTH 11 0
BBX 11 9 0 1
BITMAP
1020
3CE0
D320
9120
9120
9120
9120
B940
C780
ENDCHAR
STARTCHAR EC06
ENCODING 60422
SWIDTH 660 0
DWIDTH 11 0
BBX 11 9 0 1
BITMAP
0020
2CE0
EEE0
EEE0
EEE0
EEE0
EEE0
EEC0
C680
ENDCHAR
STARTCHAR EC07
ENCODING 60423
SWIDTH 660 0
DWIDTH 11 0
BBX 3 4 3 4
BITMAP
C0
A0
A0
40
ENDCHAR
STARTCHAR EC08
ENCODING 60424
SWIDTH 660 0
DWIDTH 11 0
BBX 10 10 0 1
BITMAP
9F00
4080
2080
5080
4880
4480
4280
4140
7F80
0E40
ENDCHAR
STARTCHAR EC09
ENCODING 60425
SWIDTH 660 0
DWIDTH 11 0
BBX 11 10 0 1
BITMAP
9DC0
43E0
23E0
51C0
4800
4480
4280
4140
7F80
0E40
ENDCHAR
STARTCHAR EC0A
ENCODING 60426
SWIDTH 660 0
DWIDTH 11 0
BBX 11 10 0 1
BITMAP
7FC0
8020
8020
8020
8020
8180
83C0
63E0
2BC0
31C0
ENDCHAR
STARTCHAR EC0B
ENCODING 60427
SWIDTH 660 0
DWIDTH 11 0
BBX 9 10 0 1
BITMAP
1600
7900
9080
C480
4E80
4480
4080
4E80
4080
3F80
ENDCHAR
STARTCHAR EC0C
ENCODING 60428
SWIDTH 660 0
DWIDTH 11 0
BBX 10 10 1 1
BITMAP
7C00
8200
8100
8900
9D00
8800
8380
9FC0
87C0
7B80
ENDCHAR
STARTCHAR EC0D
ENCODING 60429
SWIDTH 660 0
DWIDTH 11 0
BBX 11 10 0 1
BITMAP
1E00
2100
4100
4100
2100
1300
0C80
0040
9220
6D00
ENDCHAR
STARTCHAR EC0E
ENCODING 60430
SWIDTH 660 0
DWIDTH 11 0
BBX 11 10 0 1
BITMAP
5FC0
8020
0000
8020
8000
8020
8040
6680
2800
3000
ENDCHAR
STARTCHAR EC0F
ENCODING 60431
SWIDTH 660 0
DWIDTH 11 0
BBX 10 10 0 1
BITMAP
C000
B000
4C00
4300
40C0
7CC0
4300
4C00
B000
C000
ENDCHAR
STARTCHAR EC10
ENCODING 60432
SWIDTH 660 0
DWIDTH 11 0
BBX 11 10 0 1
BITMAP
1000
2800
EE00
C600
2800
1980
1180
0660
0180
0180
ENDCHAR
STARTCHAR EC11
ENCODING 60433
SWIDTH 660 0
DWIDTH 11 0
BBX 11 10 0 1
BITMAP
01C0
0120
0120
E5C0
2200
3E00
C5E0
0120
0120
01C0
ENDCHAR
STARTCHAR EC12
ENCODING 60434
SWIDTH 660 0
DWIDTH 11 0
BBX 11 14 0 -1
BITMAP
1F00
3100
2100
2100
2100
2100
A160
A160
9140
5E40
6080
1F00
0400
0400
ENDCHAR
STARTCHAR EC13
ENCODING 60435
SWIDTH 660 0
DWIDTH 11 0
BBX 11 10 0 1
BITMAP
7FE0
7FE0
7FE0
FFE0
FFE0
FFC0
0F00
0E00
0E00
0C00
ENDCHAR
STARTCHAR EC14
ENCODING 60436
SWIDTH 660 0
DWIDTH 11 0
BBX 11 10 0 1
BITMAP
0E00
0E00
1E00
1FC0
DFE0
DFE0
DFC0
DFC0
DFC0
DF80
ENDCHAR
STARTCHAR EC15
ENCODING 60437
SWIDTH 660 0
DWIDTH 11 0
BBX 11 12 0 0
BITMAP
A000
9400
5200
0000
FF00
80C0
8120
8140
8180
8100
6200
1C00
ENDCHAR
STARTCHAR EC16
ENCODING 60438
SWIDTH 660 0
DWIDTH 11 0
BBX 11 10 0 1
BITMAP
3E00
2900
2100
DD00
4500
1980
2080
27C0
4020
7FC0
ENDCHAR
STARTCHAR EC17
ENCODING 60439
SWIDTH 660 0
DWIDTH 11 0
BBX 11 8 0 2
BITMAP
3F80
C040
9120
9020
B920
9120
8040
7F80
ENDCHAR
STARTCHAR EC18
ENCODING 60440
SWIDTH 660 0
DWIDTH 11 0
BBX 11 8 0 2
BITMAP
0E00
7F80
8040
8060
9060
8040
4C40
3380
ENDCHAR
STARTCHAR EC19
ENCODING 60441
SWIDTH 660 0
DWIDTH 11 0
BBX 10 10 0 1
BITMAP
1500
3F80
4080
CEC0
5280
D2C0
CC80
40C0
3F00
1500
ENDCHAR
STARTCHAR EC1A
ENCODING 60442
SWIDTH 660 0
DWIDTH 11 0
BBX 11 8 0 2
BITMAP
FFE0
FDA0
FDA0
FDA0
ADA0
A520
A520
FFE0
ENDCHAR
STARTCHAR EC1B
ENCODING 60443
SWIDTH 660 0
DWIDTH 11 0
BBX 11 14 0 -1
BITMAP
0040
03A0
1C20
1060
13A0
1C20
1020
1020
1020
11E0
F120
9140
B080
6000
ENDCHAR
STARTCHAR EC1C
ENCODING 60444
SWIDTH 660 0
DWIDTH 11 0
BBX 11 14 0 -1
BITMAP
1F00
3F00
3F00
3F00
3F00
3F00
BF60
BF60
9F40
5E40
6080
1F00
0400
0400
ENDCHAR
STARTCHAR EC1D
ENCODING 60445
SWIDTH 660 0
DWIDTH 11 0
BBX 11 14 0 -1
BITMAP
0400
0400
0000
0400
0000
3500
1E00
0C00
0000
0C00
1A00
F1E0
1100
0E00
ENDCHAR
STARTCHAR EC1E
ENCODING 60446
SWIDTH 660 0
DWIDTH 11 0
BBX 11 10 0 1
BITMAP
3B00
6C80
4440
4C40
7BC0
C060
CA60
C240
7380
0C00
ENDCHAR
STARTCHAR EC1F
ENCODING 60447
SWIDTH 660 0
DWIDTH 11 0
BBX 10 13 0 0
BITMAP
0200
0200
0F00
6600
4280
80C0
81C0
8180
4100
4200
2200
3C00
3C00
ENDCHAR
STARTCHAR EC20
ENCODING 60448
SWIDTH 660 0
DWIDTH 11 0
BBX 11 12 0 0
BITMAP
0400
3F80
4080
5A80
4080
3F80
0000
7FC0
8020
8020
C040
3F80
ENDCHAR
STARTCHAR EC21
ENCODING 60449
SWIDTH 660 0
DWIDTH 11 0
BBX 11 10 0 1
BITMAP
1000
3800
FE00
FE00
3800
1980
1180
07E0
0180
0180
ENDCHAR
STARTCHAR EC22
ENCODING 60450
SWIDTH 660 0
DWIDTH 11 0
BBX 11 14 0 -1
BITMAP
7E00
8100
8080
8440
8420
9F20
8420
8420
8020
8020
9F20
8020
8040
7F80
ENDCHAR
STARTCHAR EC23
ENCODING 60451
SWIDTH 660 0
DWIDTH 11 0
BBX 11 13 0 0
BITMAP
7C00
8200
8100
8880
9C80
88A0
88A0
80A0
80A0
9CA0
80A0
7F40
3FC0
ENDCHAR
STARTCHAR EC24
ENCODING 60452
SWIDTH 660 0
DWIDTH 11 0
BBX 11 8 0 2
BITMAP
C060
8020
8020
B520
B520
8020
8020
8040
ENDCHAR
STARTCHAR EC25
ENCODING 60453
SWIDTH 660 0
DWIDTH 11 0
BBX 10 10 0 1
BITMAP
0100
F280
8440
8840
9E80
9100
8080
8080
8080
7F80
ENDCHAR
STARTCHAR EC26
ENCODING 60454
SWIDTH 660 0
DWIDTH 11 0
BBX 11 10 0 1
BITMAP
0400
0400
0400
0E00
0400
F1E0
9220
8C20
8020
FFC0
ENDCHAR
STARTCHAR EC27
ENCODING 60455
SWIDTH 660 0
DWIDTH 11 0
BBX 11 10 0 1
BITMAP
0C00
1600
0000
0000
0400
F1E0
9220
8C20
8020
FFC0
ENDCHAR
STARTCHAR EC28
ENCODING 60456
SWIDTH 660 0
DWIDTH 11 0
BBX 11 10 0 1
BITMAP
0C00
1600
0400
0400
0400
F1E0
9220
8C20
8020
FFC0
ENDCHAR
STARTCHAR EC29
ENCODING 60457
SWIDTH 660 0
DWIDTH 11 0
BBX 11 10 0 1
BITMAP
01C0
07E0
4FE0
FEE0
78E0
7CE0
FEE0
07E0
03E0
0180
ENDCHAR
STARTCHAR EC2A
ENCODING 60458
SWIDTH 660 0
DWIDTH 11 0
BBX 11 10 0 1
BITMAP
00C0
06E0
4EE0
EEE0
70E0
38E0
DEE0
06E0
02E0
0080
ENDCHAR
STARTCHAR EC2B
ENCODING 60459
SWIDTH 660 0
DWIDTH 11 0
BBX 11 10 0 1
BITMAP
FFC0
9720
9020
9120
93A0
9020
93A0
9720
9020
FFC0
ENDCHAR
STARTCHAR EC2C
ENCODING 60460
SWIDTH 660 0
DWIDTH 11 0
BBX 11 10 0 1
BITMAP
3800
2600
2180
1040
7C20
FEC0
F600
CE00
FC00
7C00
ENDCHAR
STARTCHAR EC2D
ENCODING 60461
SWIDTH 660 0
DWIDTH 11 0
BBX 11 10 0 1
BITMAP
3800
2600
6180
1040
7C20
FEC0
F600
CE80
FC00
7C00
ENDCHAR
STARTCHAR EC2E
ENCODING 60462
SWIDTH 660 0
DWIDTH 11 0
BBX 11 10 0 1
BITMAP
0F80
0040
3C40
4220
8120
8540
A940
9100
4100
3E00
ENDCHAR
STARTCHAR EC2F
ENCODING 60463
SWIDTH 660 0
DWIDTH 11 0
BBX 11 10 0 1
BITMAP
FFC0
9020
9020
FFE0
9020
9020
9020
9020
9020
7FC0
ENDCHAR
STARTCHAR EC30
ENCODING 60464
SWIDTH 660 0
DWIDTH 11 0
BBX 10 12 0 0
BITMAP
3FC0
4040
4080
FF80
8080
4080
4040
2040
3FC0
4040
4080
FF80
ENDCHAR
STARTCHAR EC31
ENCODING 60465
SWIDTH 660 0
DWIDTH 11 0
BBX 10 12 0 0
BITMAP
3FC0
7FC0
7F80
0000
FF80
7F80
7FC0
3FC0
0000
7FC0
7F80
FF80
ENDCHAR
STARTCHAR EC32
ENCODING 60466
SWIDTH 660 0
DWIDTH 11 0
BBX 10 10 0 1
BITMAP
1000
7800
9B00
8100
4100
4100
2100
1F00
0080
0040
ENDCHAR
STARTCHAR EC33
ENCODING 60467
SWIDTH 660 0
DWIDTH 11 0
BBX 11 10 0 1
BITMAP
F000
9080
9100
7200
0400
0800
11C0
2220
4220
01C0
ENDCHAR
STARTCHAR EC34
ENCODING 60468
SWIDTH 660 0
DWIDTH 11 0
BBX 11 12 0 0
BITMAP
0780
0C40
1840
3320
6640
CC40
1880
3100
6200
4400
4800
3000
ENDCHAR
STARTCHAR EC35
ENCODING 60469
SWIDTH 660 0
DWIDTH 11 0
BBX 11 14 0 -1
BITMAP
01C0
7860
80A0
8120
8800
8800
9E40
8840
8040
8040
9E40
8040
80C0
7F00
ENDCHAR
STARTCHAR EC36
ENCODING 60470
SWIDTH 660 0
DWIDTH 11 0
BBX 11 12 0 0
BITMAP
7DE0
8060
8000
8980
9CC0
8800
8880
8080
8080
9C80
8080
7F00
ENDCHAR
STARTCHAR EC37
ENCODING 60471
SWIDTH 660 0
DWIDTH 11 0
BBX 11 10 0 1
BITMAP
7FC0
8020
9320
A1A0
A120
9220
8040
6780
2800
3000
ENDCHAR
STARTCHAR EC38
ENCODING 60472
SWIDTH 660 0
DWIDTH 11 0
BBX 11 10 0 1
BITMAP
3F80
4480
4440
4C00
7380
C6C0
C6E0
47E0
36C0
0380
ENDCHAR
STARTCHAR EC39
ENCODING 60473
SWIDTH 660 0
DWIDTH 11 0
BBX 11 10 0 1
BITMAP
1F00
1F00
7F40
FF40
FE60
DFE0
DFC0
5F00
1F00
1F00
ENDCHAR
STARTCHAR EC3A
ENCODING 60474
SWIDTH 660 0
DWIDTH 11 0
BBX 11 8 0 2
BITMAP
3F00
4480
4480
4C80
F340
CA60
CA40
3F80
ENDCHAR
STARTCHAR EC3B
ENCODING 60475
SWIDTH 660 0
DWIDTH 11 0
BBX 11 10 0 1
BITMAP
1E00
2580
4480
4480
FB40
C1C0
CBC0
43E0
3BC0
0180
ENDCHAR
STARTCHAR EC3C
ENCODING 60476
SWIDTH 660 0
DWIDTH 11 0
BBX 10 8 1 2
BITMAP
0040
0440
0240
0140
FF40
0640
0C40
0040
ENDCHAR
STARTCHAR EC3D
ENCODING 60477
SWIDTH 660 0
DWIDTH 11 0
BBX 11 10 0 1
BITMAP
3F80
44C0
4440
4C00
7380
C7C0
C7E0
47E0
37C0
0380
ENDCHAR
STARTCHAR EC3E
ENCODING 60478
SWIDTH 660 0
DWIDTH 11 0
BBX 11 10 0 1
BITMAP
3F80
4440
4440
4800
7380
C6C0
CBA0
CBA0
3440
0380
ENDCHAR
STARTCHAR EC3F
ENCODING 60479
SWIDTH 660 0
DWIDTH 11 0
BBX 11 12 0 0
BITMAP
FFE0
8040
8080
8100
8180
8080
8040
FFE0
8000
8000
8000
8000
ENDCHAR
STARTCHAR EC40
ENCODING 60480
SWIDTH 660 0
DWIDTH 11 0
BBX 11 14 0 -1
BITMAP
1F00
6180
40C0
C040
8060
8060
8040
4040
6080
2080
2180
3F00
1100
1E00
ENDCHAR
STARTCHAR EC41
ENCODING 60481
SWIDTH 660 0
DWIDTH 11 0
BBX 11 10 0 1
BITMAP
1E00
E1C0
A140
9E40
8840
8840
8000
C040
33E0
0840
ENDCHAR
STARTCHAR EC42
ENCODING 60482
SWIDTH 660 0
DWIDTH 11 0
BBX 11 10 0 1
BITMAP
1B00
4C80
6440
5440
7BC0
C460
CA60
C340
7380
0C40
ENDCHAR
STARTCHAR EC43
ENCODING 60483
SWIDTH 660 0
DWIDTH 11 0
BBX 11 13 0 -1
BITMAP
0100
7D80
83C0
8FE0
8FC0
8700
8B00
8000
8100
FF00
8000
B000
7F00
ENDCHAR
STARTCHAR EC44
ENCODING 60484
SWIDTH 660 0
DWIDTH 11 0
BBX 11 8 0 2
BITMAP
8020
8220
8120
80A0
7FA0
0120
0220
0020
ENDCHAR
STARTCHAR EC45
ENCODING 60485
SWIDTH 660 0
DWIDTH 11 0
BBX 11 8 0 2
BITMAP
0020
0220
0120
7FA0
81A0
8220
8020
8000
ENDCHAR
STARTCHAR EC46
ENCODING 60486
SWIDTH 660 0
DWIDTH 11 0
BBX 11 10 0 1
BITMAP
E400
9F00
E500
4000
4380
47C0
6F60
9CE0
A7C0
4780
ENDCHAR
STARTCHAR EC47
ENCODING 60487
SWIDTH 660 0
DWIDTH 11 0
BBX 11 12 0 0
BITMAP
0600
0900
1580
2940
52A0
A540
2A80
2500
1A00
0400
0400
0200
ENDCHAR
STARTCHAR EC48
ENCODING 60488
SWIDTH 660 0
DWIDTH 11 0
BBX 11 10 0 1
BITMAP
FB80
8440
8820
8440
8A80
FFC0
8840
8840
8840
FFC0
ENDCHAR
STARTCHAR EC49
ENCODING 60489
SWIDTH 660 0
DWIDTH 11 0
BBX 11 10 0 1
BITMAP
FFC0
8420
8420
8420
8E20
8420
FFE0
FFE0
FFE0
FFC0
ENDCHAR
STARTCHAR EC4A
ENCODING 60490
SWIDTH 660 0
DWIDTH 11 0
BBX 11 10 0 1
BITMAP
FFC0
F020
F020
F020
F420
F7A0
F020
F020
F020
FFC0
ENDCHAR
STARTCHAR EC4B
ENCODING 60491
SWIDTH 660 0
DWIDTH 11 0
BBX 11 10 0 1
BITMAP
FFC0
81E0
81E0
89E0
85E0
BDE0
81E0
81E0
81E0
FFC0
ENDCHAR
STARTCHAR EC4C
ENCODING 60492
SWIDTH 660 0
DWIDTH 11 0
BBX 11 10 0 1
BITMAP
3F80
44C0
4440
4C00
7380
C440
C760
44E0
3440
0380
ENDCHAR
STARTCHAR EC4D
ENCODING 60493
SWIDTH 660 0
DWIDTH 11 0
BBX 11 10 0 1
BITMAP
3F80
44C0
4440
4C00
7380
C7C0
C660
4660
37C0
0380
ENDCHAR
STARTCHAR EC4E
ENCODING 60494
SWIDTH 660 0
DWIDTH 11 0
BBX 11 10 0 1
BITMAP
3F80
44C0
4440
4C00
7380
C7C0
C760
44E0
37C0
0380
ENDCHAR
STARTCHAR EC4F
ENCODING 60495
SWIDTH 660 0
DWIDTH 11 0
BBX 10 10 0 1
BITMAP
0100
7B80
8100
8040
80C0
8000
8000
6780
3800
2000
ENDCHAR
STARTCHAR EC50
ENCODING 60496
SWIDTH 660 0
DWIDTH 11 0
BBX 10 10 0 1
BITMAP
0200
2700
4F80
8200
8280
80C0
45C0
3A80
0100
0080
ENDCHAR
STARTCHAR EC51
ENCODING 60497
SWIDTH 660 0
DWIDTH 11 0
BBX 11 11 0 1
BITMAP
61C0
6220
4520
18C0
1080
2100
4200
4400
8800
B000
C000
ENDCHAR
STARTCHAR EC52
ENCODING 60498
SWIDTH 660 0
DWIDTH 11 0
BBX 11 10 0 1
BITMAP
00E0
7E40
4080
46E0
7400
C040
CA60
CA60
60C0
1F00
ENDCHAR
STARTCHAR EC53
ENCODING 60499
SWIDTH 660 0
DWIDTH 11 0
BBX 11 10 0 1
BITMAP
1E00
2200
2100
C080
8E40
8780
70E0
07C0
0700
0C00
ENDCHAR
STARTCHAR EC54
ENCODING 60500
SWIDTH 660 0
DWIDTH 11 0
BBX 11 10 0 1
BITMAP
0100
FB80
8100
80E0
8040
8780
5840
6840
06C0
0180
ENDCHAR
STARTCHAR EC55
ENCODING 60501
SWIDTH 660 0
DWIDTH 11 0
BBX 11 10 0 1
BITMAP
0100
FB80
8100
80E0
8140
8180
8280
6AC0
37C0
27E0
ENDCHAR
STARTCHAR EC56
ENCODING 60502
SWIDTH 660 0
DWIDTH 11 0
BBX 11 10 0 1
BITMAP
0100
FB80
8100
80E0
8380
87C0
8540
66E0
3540
23C0
ENDCHAR
STARTCHAR EC57
ENCODING 60503
SWIDTH 660 0
DWIDTH 11 0
BBX 11 10 0 1
BITMAP
0FE0
F820
8820
B720
A120
A120
A0E0
A100
E100
3F00
ENDCHAR
STARTCHAR EC58
ENCODING 60504
SWIDTH 660 0
DWIDTH 11 0
BBX 11 10 0 1
BITMAP
0FC0
F840
9E40
A040
A380
A6C0
AEE0
EEE0
26C0
1780
ENDCHAR
STARTCHAR EC59
ENCODING 60505
SWIDTH 660 0
DWIDTH 11 0
BBX 11 12 0 0
BITMAP
1C00
2300
2080
6040
8020
8040
D1C0
3100
0E00
3000
B000
8000
ENDCHAR
STARTCHAR EC5A
ENCODING 60506
SWIDTH 660 0
DWIDTH 11 0
BBX 11 12 0 0
BITMAP
0400
0400
0400
0E00
0400
8020
A4A0
A4A0
8020
9B20
8040
7F80
ENDCHAR
STARTCHAR EC5B
ENCODING 60507
SWIDTH 660 0
DWIDTH 11 0
BBX 11 10 0 1
BITMAP
7FC0
8020
BF20
8020
8020
9C20
8040
6780
2800
3000
ENDCHAR
STARTCHAR EC5C
ENCODING 60508
SWIDTH 660 0
DWIDTH 11 0
BBX 11 12 0 0
BITMAP
E000
B000
8800
8600
8300
8080
8060
8FC0
9800
B000
A000
C000
ENDCHAR
STARTCHAR EC5D
ENCODING 60509
SWIDTH 660 0
DWIDTH 11 0
BBX 11 10 0 1
BITMAP
0300
0480
0840
1020
2040
5080
8900
8600
4400
3F80
ENDCHAR
STARTCHAR EC5E
ENCODING 60510
SWIDTH 660 0
DWIDTH 11 0
BBX 11 14 0 -1
BITMAP
FF00
8580
84C0
8440
83E0
8060
8060
BF60
8060
BF60
8060
BF60
8060
FFC0
ENDCHAR
STARTCHAR EC60
ENCODING 60512
SWIDTH 660 0
DWIDTH 11 0
BBX 11 4 0 4
BITMAP
5360
9360
D140
D240
ENDCHAR
STARTCHAR EC61
ENCODING 60513
SWIDTH 660 0
DWIDTH 11 0
BBX 11 10 0 1
BITMAP
0E00
7580
8440
8420
8420
8420
8420
8440
7580
0E00
ENDCHAR
STARTCHAR EC62
ENCODING 60514
SWIDTH 660 0
DWIDTH 11 0
BBX 11 12 0 0
BITMAP
C000
B000
8C00
8200
8180
8000
9FC0
9020
9FC0
D220
1220
0FC0
ENDCHAR
STARTCHAR EC63
ENCODING 60515
SWIDTH 660 0
DWIDTH 11 0
BBX 10 10 0 1
BITMAP
0040
0780
0880
0C80
3680
4B80
4400
2200
7C00
8000
ENDCHAR
STARTCHAR EC64
ENCODING 60516
SWIDTH 660 0
DWIDTH 11 0
BBX 11 10 0 1
BITMAP
1F00
2080
2000
2000
0000
FFE0
0180
0080
2180
1F00
ENDCHAR
STARTCHAR EC65
ENCODING 60517
SWIDTH 660 0
DWIDTH 11 0
BBX 11 10 0 1
BITMAP
FFC0
8020
8020
8020
8000
8000
83C0
8300
8280
F240
ENDCHAR
STARTCHAR EC66
ENCODING 60518
SWIDTH 660 0
DWIDTH 11 0
BBX 11 10 0 1
BITMAP
4040
8020
8E20
9220
9120
9120
9220
8E20
8020
0040
ENDCHAR
STARTCHAR EC67
ENCODING 60519
SWIDTH 660 0
DWIDTH 11 0
BBX 11 10 0 1
BITMAP
3900
2280
4480
8440
8420
8840
8840
4880
2880
1700
ENDCHAR
STARTCHAR EC68
ENCODING 60520
SWIDTH 660 0
DWIDTH 11 0
BBX 11 10 0 1
BITMAP
FF80
8040
8040
9200
A0C0
91E0
83C0
8780
8700
7E00
ENDCHAR
STARTCHAR EC69
ENCODING 60521
SWIDTH 660 0
DWIDTH 11 0
BBX 10 15 0 -2
BITMAP
7F80
FFC0
FFC0
FFC0
FEC0
EDC0
F3C0
FFC0
FFC0
FFC0
FFC0
8000
9800
7FC0
3800
ENDCHAR
STARTCHAR EC6A
ENCODING 60522
SWIDTH 660 0
DWIDTH 11 0
BBX 11 10 0 1
BITMAP
3F00
4080
8040
8240
8420
8820
9040
4040
4080
3F00
ENDCHAR
STARTCHAR EC6B
ENCODING 60523
SWIDTH 660 0
DWIDTH 11 0
BBX 10 14 0 -1
BITMAP
0800
1C00
3E00
6B00
C980
0800
0800
0800
0800
0800
0400
0600
0380
00C0
ENDCHAR
STARTCHAR EC6C
ENCODING 60524
SWIDTH 660 0
DWIDTH 11 0
BBX 11 12 0 0
BITMAP
E000
9000
9300
6480
4480
4380
4FC0
6A40
6CE0
AA40
AEC0
6780
ENDCHAR
STARTCHAR EC6D
ENCODING 60525
SWIDTH 660 0
DWIDTH 11 0
BBX 11 12 0 0
BITMAP
6000
9000
9300
6480
4480
4380
4FC0
6EC0
6860
AEC0
AEC0
6780
ENDCHAR
STARTCHAR EC6E
ENCODING 60526
SWIDTH 660 0
DWIDTH 11 0
BBX 11 12 0 0
BITMAP
E000
9000
9300
6480
4480
4380
4FC0
6EC0
6EE0
AFC0
AEC0
6780
ENDCHAR
STARTCHAR EC6F
ENCODING 60527
SWIDTH 660 0
DWIDTH 11 0
BBX 11 14 0 -1
BITMAP
7000
9000
9000
F1C0
2220
2240
21C0
2180
3F00
2000
F000
9000
9000
7000
ENDCHAR
STARTCHAR EC70
ENCODING 60528
SWIDTH 660 0
DWIDTH 11 0
BBX 10 10 0 1
BITMAP
3E00
4100
8100
8100
8100
8100
4200
3D00
0080
0040
ENDCHAR
STARTCHAR EC71
ENCODING 60529
SWIDTH 660 0
DWIDTH 11 0
BBX 10 10 0 1
BITMAP
0C00
1200
1A00
6D80
F240
F340
6D80
1A00
1A00
0C00
ENDCHAR
STARTCHAR EC72
ENCODING 60530
SWIDTH 660 0
DWIDTH 11 0
BBX 11 10 0 1
BITMAP
FF80
8040
FFC0
8040
8380
87C0
8F60
8CE0
87C0
7780
ENDCHAR
STARTCHAR EC73
ENCODING 60531
SWIDTH 660 0
DWIDTH 11 0
BBX 11 8 0 2
BITMAP
0100
0180
00C0
1FE0
6040
4080
8100
8000
ENDCHAR
STARTCHAR EC74
ENCODING 60532
SWIDTH 660 0
DWIDTH 11 0
BBX 10 16 0 -2
BITMAP
0400
0400
0400
0400
0400
0400
0400
8400
C440
6480
3500
1E00
0C00
0000
FFC0
FFC0
ENDCHAR
STARTCHAR EC75
ENCODING 60533
SWIDTH 660 0
DWIDTH 11 0
BBX 11 10 0 1
BITMAP
3F00
4080
8840
8840
8820
8720
8040
4040
4080
3F00
ENDCHAR
STARTCHAR EC76
ENCODING 60534
SWIDTH 660 0
DWIDTH 11 0
BBX 11 10 0 1
BITMAP
FFC0
8040
FFC0
8000
87C0
8E40
8DA0
4F60
36C0
0380
ENDCHAR
STARTCHAR EC77
ENCODING 60535
SWIDTH 660 0
DWIDTH 11 0
BBX 11 10 0 1
BITMAP
3E00
4080
8040
8000
8020
8020
8000
4040
4080
3E00
ENDCHAR
STARTCHAR EC78
ENCODING 60536
SWIDTH 660 0
DWIDTH 11 0
BBX 11 10 0 1
BITMAP
07E0
FC60
8460
9F60
B160
B160
B1C0
F100
3100
3F00
ENDCHAR
STARTCHAR EC79
ENCODING 60537
SWIDTH 660 0
DWIDTH 11 0
BBX 11 10 0 1
BITMAP
FFC0
8020
8020
8020
8020
8020
8020
7FC0
1200
3F80
ENDCHAR
STARTCHAR EC7A
ENCODING 60538
SWIDTH 660 0
DWIDTH 11 0
BBX 11 8 0 2
BITMAP
0E00
1300
2100
61C0
8040
8020
C040
7F80
ENDCHAR
STARTCHAR EC7B
ENCODING 60539
SWIDTH 660 0
DWIDTH 11 0
BBX 10 10 0 1
BITMAP
0400
0400
0400
0400
FFC0
0400
0400
0400
0400
0400
ENDCHAR
STARTCHAR EC7C
ENCODING 60540
SWIDTH 660 0
DWIDTH 11 0
BBX 10 1 0 6
BITMAP
FFC0
ENDCHAR
STARTCHAR EC7D
ENCODING 60541
SWIDTH 660 0
DWIDTH 11 0
BBX 11 10 0 1
BITMAP
0040
07E0
0C40
0800
F800
0800
0800
0C40
07C0
0040
ENDCHAR
STARTCHAR EC7E
ENCODING 60542
SWIDTH 660 0
DWIDTH 11 0
BBX 10 10 0 1
BITMAP
0080
0040
0FC0
0880
0800
F800
0880
0840
07C0
0080
ENDCHAR
STARTCHAR EC7F
ENCODING 60543
SWIDTH 660 0
DWIDTH 11 0
BBX 11 8 0 2
BITMAP
9260
8020
9220
8820
8420
8A40
3B80
3B00
ENDCHAR
STARTCHAR EC80
ENCODING 60544
SWIDTH 660 0
DWIDTH 11 0
BBX 11 10 0 1
BITMAP
3F00
4080
4E40
9240
8220
8420
8440
8440
8080
FF00
ENDCHAR
STARTCHAR EC81
ENCODING 60545
SWIDTH 660 0
DWIDTH 11 0
BBX 11 10 0 1
BITMAP
1F00
2C80
5340
DEC0
D140
B2A0
4EC0
BAC0
4480
3F00
ENDCHAR
STARTCHAR EC82
ENCODING 60546
SWIDTH 660 0
DWIDTH 11 0
BBX 10 10 0 1
BITMAP
1200
1480
6D80
3F00
0FC0
FFC0
3F00
5680
1500
0400
ENDCHAR
STARTCHAR EC83
ENCODING 60547
SWIDTH 660 0
DWIDTH 11 0
BBX 11 10 0 1
BITMAP
3FC0
2020
E720
A320
A520
A820
9020
AFC0
8100
FF00
ENDCHAR
STARTCHAR EC84
ENCODING 60548
SWIDTH 660 0
DWIDTH 11 0
BBX 11 10 0 1
BITMAP
7CE0
81C0
83C0
8780
8F40
8E40
8040
8040
8040
FF80
ENDCHAR
STARTCHAR ED00
ENCODING 60672
SWIDTH 660 0
DWIDTH 11 0
BBX 11 14 0 -1
BITMAP
1F00
3F80
7FC0
FBC0
F1E0
F1E0
F3C0
7FC0
7F80
3F80
3F00
1F00
0E00
0C00
ENDCHAR
STARTCHAR ED01
ENCODING 60673
SWIDTH 660 0
DWIDTH 11 0
BBX 9 16 1 -2
BITMAP
1800
6600
C100
8080
8080
8880
9880
B700
4100
6200
2200
2200
0000
3E00
0000
1C00
ENDCHAR
STARTCHAR ED02
ENCODING 60674
SWIDTH 660 0
DWIDTH 11 0
BBX 11 10 0 1
BITMAP
1800
7400
6300
CDC0
DEA0
DE60
CCC0
69C0
3780
1800
ENDCHAR
STARTCHAR ED03
ENCODING 60675
SWIDTH 660 0
DWIDTH 11 0
BBX 11 16 0 -2
BITMAP
0C00
1F00
1F00
3800
3F00
3800
BF40
F860
FF40
DF40
4CC0
7180
1F00
0400
1F00
1F00
ENDCHAR
STARTCHAR ED04
ENCODING 60676
SWIDTH 660 0
DWIDTH 11 0
BBX 11 10 0 1
BITMAP
FBE0
FBE0
FBE0
FBE0
FBE0
FBE0
FBE0
FBE0
FBE0
FBE0
ENDCHAR
STARTCHAR ED05
ENCODING 60677
SWIDTH 660 0
DWIDTH 11 0
BBX 11 10 0 1
BITMAP
FFE0
FFE0
CFE0
CFE0
CC60
CC60
CC00
CC00
C000
4000
ENDCHAR
STARTCHAR ED06
ENCODING 60678
SWIDTH 660 0
DWIDTH 11 0
BBX 11 10 0 1
BITMAP
3F00
7F80
5240
D240
D260
D260
D240
5F40
7F80
1F00
ENDCHAR
STARTCHAR ED07
ENCODING 60679
SWIDTH 660 0
DWIDTH 11 0
BBX 11 16 0 -2
BITMAP
7F80
FFC0
FFE0
FFE0
FFE0
FFE0
FFE0
FFE0
FFE0
FFE0
FFE0
FFE0
FBE0
F3E0
FFC0
3F80
ENDCHAR
STARTCHAR ED08
ENCODING 60680
SWIDTH 660 0
DWIDTH 11 0
BBX 11 16 0 -2
BITMAP
7F80
FFC0
FFE0
FFE0
FFE0
FFE0
FFE0
FFE0
FFE0
FFE0
FFE0
FFE0
FFE0
F1E0
FFC0
3F80
ENDCHAR
STARTCHAR ED09
ENCODING 60681
SWIDTH 660 0
DWIDTH 11 0
BBX 11 16 0 -2
BITMAP
7F80
FFC0
C060
C060
C060
C060
C060
C060
C060
C060
C060
C060
FFE0
F1E0
FFC0
3F80
ENDCHAR
STARTCHAR ED0A
ENCODING 60682
SWIDTH 660 0
DWIDTH 11 0
BBX 11 10 0 1
BITMAP
3F00
7F80
7F40
DE40
CC60
D160
DB40
1F00
7F80
1F00
ENDCHAR
STARTCHAR ED0B
ENCODING 60683
SWIDTH 660 0
DWIDTH 11 0
BBX 11 7 0 3
BITMAP
7FC0
C060
8E20
9A20
9A20
8E60
FFE0
ENDCHAR
STARTCHAR ED0C
ENCODING 60684
SWIDTH 660 0
DWIDTH 11 0
BBX 11 10 0 1
BITMAP
1F00
64C0
5B40
C040
C060
C040
5B40
4480
2580
1E00
ENDCHAR
STARTCHAR ED0D
ENCODING 60685
SWIDTH 660 0
DWIDTH 11 0
BBX 11 12 0 0
BITMAP
0C00
3300
40C0
8020
9720
9420
93A0
9CA0
9320
70C0
0300
0C00
ENDCHAR
STARTCHAR ED0E
ENCODING 60686
SWIDTH 660 0
DWIDTH 11 0
BBX 11 4 0 4
BITMAP
FFE0
9220
D3A0
3C40
ENDCHAR
STARTCHAR ED0F
ENCODING 60687
SWIDTH 660 0
DWIDTH 11 0
BBX 11 4 0 4
BITMAP
E000
A760
B3E0
E000
ENDCHAR
STARTCHAR ED10
ENCODING 60688
SWIDTH 660 0
DWIDTH 11 0
BBX 11 14 0 -1
BITMAP
3000
3800
1F00
0A00
3F00
C0C0
8040
FFC0
D560
FEE0
FFC0
D640
7F80
0400
ENDCHAR
STARTCHAR ED11
ENCODING 60689
SWIDTH 660 0
DWIDTH 11 0
BBX 11 10 0 1
BITMAP
3D00
7980
7940
F9C0
E9E0
F960
D9C0
8080
7980
1900
ENDCHAR
STARTCHAR ED12
ENCODING 60690
SWIDTH 660 0
DWIDTH 11 0
BBX 11 8 0 2
BITMAP
1F00
7980
F6E0
6E80
6D80
3780
3780
3F80
ENDCHAR
STARTCHAR ED13
ENCODING 60691
SWIDTH 660 0
DWIDTH 11 0
BBX 11 12 0 0
BITMAP
1F00
3FC0
7FC0
FFE0
FFC0
FFC0
FF80
FC00
F800
F800
7000
3000
ENDCHAR
STARTCHAR ED14
ENCODING 60692
SWIDTH 660 0
DWIDTH 11 0
BBX 11 14 0 -1
BITMAP
0E00
3180
4040
8640
A740
BF20
9F20
9F40
8040
4080
4080
2100
1200
0C00
ENDCHAR
STARTCHAR ED15
ENCODING 60693
SWIDTH 660 0
DWIDTH 11 0
BBX 11 8 0 3
BITMAP
1F00
2180
4CC0
DA60
DA40
4CC0
2180
1E00
ENDCHAR
STARTCHAR ED16
ENCODING 60694
SWIDTH 660 0
DWIDTH 11 0
BBX 8 7 1 2
BITMAP
C0
E0
FB
E4
53
5A
30
ENDCHAR
STARTCHAR ED17
ENCODING 60695
SWIDTH 660 0
DWIDTH 11 0
BBX 10 8 0 2
BITMAP
7040
7080
7300
3400
3800
1780
6F80
8780
ENDCHAR
STARTCHAR ED18
ENCODING 60696
SWIDTH 660 0
DWIDTH 11 0
BBX 10 8 0 2
BITMAP
0C00
0F00
0F00
0F00
1D00
6FC0
DDC0
2E00
ENDCHAR
STARTCHAR ED19
ENCODING 60697
SWIDTH 660 0
DWIDTH 11 0
BBX 11 14 0 -1
BITMAP
FFC0
FFE0
FFE0
FBE0
F1E0
F1E0
F3E0
FFE0
E0E0
C0E0
FFE0
FFE0
FFE0
7FC0
ENDCHAR
STARTCHAR ED1A
ENCODING 60698
SWIDTH 660 0
DWIDTH 11 0
BBX 10 11 0 0
BITMAP
0100
7F00
8FC0
8240
4280
6500
6600
5C00
4800
2800
3000
ENDCHAR
STARTCHAR ED1B
ENCODING 60699
SWIDTH 660 0
DWIDTH 11 0
BBX 11 10 0 1
BITMAP
1F00
1F00
7FC0
FFC0
FEE0
FFE0
DFC0
1800
1F00
1F00
ENDCHAR
STARTCHAR ED1C
ENCODING 60700
SWIDTH 660 0
DWIDTH 11 0
BBX 11 10 0 1
BITMAP
FFC0
FFE0
C3E0
DFE0
D860
DBE0
FBE0
FBE0
FFE0
7FC0
ENDCHAR
STARTCHAR ED1D
ENCODING 60701
SWIDTH 660 0
DWIDTH 11 0
BBX 11 10 0 1
BITMAP
3F00
7F80
7FC0
CC40
D8E0
CBE0
C3C0
7FC0
7F80
1F00
ENDCHAR
STARTCHAR ED1E
ENCODING 60702
SWIDTH 660 0
DWIDTH 11 0
BBX 11 10 0 1
BITMAP
7FC0
FFC0
FFE0
FFE0
FFE0
F9A0
EAE0
EBE0
E9C0
7FC0
ENDCHAR
STARTCHAR ED1F
ENCODING 60703
SWIDTH 660 0
DWIDTH 11 0
BBX 11 10 0 1
BITMAP
3F00
7F80
71C0
86C0
7EE0
7CE0
83C0
04C0
3F80
1F00
ENDCHAR
STARTCHAR ED20
ENCODING 60704
SWIDTH 660 0
DWIDTH 11 0
BBX 11 10 0 1
BITMAP
E000
7F00
6180
C040
9560
9560
C040
4180
7E00
E000
ENDCHAR
STARTCHAR ED21
ENCODING 60705
SWIDTH 660 0
DWIDTH 11 0
BBX 11 10 0 1
BITMAP
3F00
7380
61C0
CDC0
9CE0
F060
F9C0
7CC0
7E80
1F00
ENDCHAR
STARTCHAR ED22
ENCODING 60706
SWIDTH 660 0
DWIDTH 11 0
BBX 10 10 0 1
BITMAP
0080
35C0
0000
2B00
1100
9400
2600
3800
0800
0C00
ENDCHAR
STARTCHAR ED23
ENCODING 60707
SWIDTH 660 0
DWIDTH 11 0
BBX 11 10 0 1
BITMAP
7C00
D600
9A00
BA00
9200
5600
2F00
0180
00C0
0060
ENDCHAR
STARTCHAR ED24
ENCODING 60708
SWIDTH 660 0
DWIDTH 11 0
BBX 9 8 1 2
BITMAP
2000
3800
1C00
4E00
3700
3F80
7F80
FF80
ENDCHAR
STARTCHAR ED25
ENCODING 60709
SWIDTH 660 0
DWIDTH 11 0
BBX 11 12 0 0
BITMAP
0400
3F00
F9C0
F860
F860
F840
7840
78C0
7980
3B00
1E00
0400
ENDCHAR
STARTCHAR ED26
ENCODING 60710
SWIDTH 660 0
DWIDTH 11 0
BBX 11 10 0 1
BITMAP
7C00
4200
8100
8100
8100
C200
6700
1980
00C0
0060
ENDCHAR
STARTCHAR ED27
ENCODING 60711
SWIDTH 660 0
DWIDTH 11 0
BBX 11 11 0 0
BITMAP
0400
3F80
7BC0
71C0
E7C0
F1E0
FDE0
F5C0
71C0
3F80
1FC0
ENDCHAR
STARTCHAR ED28
ENCODING 60712
SWIDTH 660 0
DWIDTH 11 0
BBX 10 12 0 0
BITMAP
0C00
1E00
3300
ED80
6EC0
3740
5D80
EEC0
75C0
3B80
1E00
0C00
ENDCHAR
STARTCHAR ED29
ENCODING 60713
SWIDTH 660 0
DWIDTH 11 0
BBX 11 10 0 1
BITMAP
0180
0240
05A0
05A0
0E40
DF80
FE00
F400
5800
2000
ENDCHAR
STARTCHAR ED2A
ENCODING 60714
SWIDTH 660 0
DWIDTH 11 0
BBX 11 9 0 2
BITMAP
01C0
67C0
FF20
FF00
DE00
C200
8200
8400
0200
ENDCHAR
STARTCHAR ED2B
ENCODING 60715
SWIDTH 660 0
DWIDTH 11 0
BBX 10 11 0 0
BITMAP
1000
6800
FE40
3FC0
1FC0
1FC0
02C0
0080
0180
0300
0C00
ENDCHAR
STARTCHAR ED2C
ENCODING 60716
SWIDTH 660 0
DWIDTH 11 0
BBX 11 4 0 4
BITMAP
7000
ACC0
39A0
03C0
ENDCHAR
STARTCHAR ED2D
ENCODING 60717
SWIDTH 660 0
DWIDTH 11 0
BBX 11 12 0 0
BITMAP
FFC0
FFE0
FFE0
FFE0
FFE0
FFE0
FFE0
FFE0
FFE0
FBE0
FBE0
FFC0
ENDCHAR
STARTCHAR ED2E
ENCODING 60718
SWIDTH 660 0
DWIDTH 11 0
BBX 11 12 0 0
BITMAP
FFC0
FFE0
FFE0
FFE0
FFE0
FFE0
FFE0
FFE0
FFE0
FFE0
F1E0
FFC0
ENDCHAR
STARTCHAR ED2F
ENCODING 60719
SWIDTH 660 0
DWIDTH 11 0
BBX 11 10 0 1
BITMAP
3F00
7B80
4EC0
FDC0
BD60
FB60
F1C0
73C0
7F80
1F00
ENDCHAR
STARTCHAR ED30
ENCODING 60720
SWIDTH 660 0
DWIDTH 11 0
BBX 11 7 0 3
BITMAP
7FC0
FFE0
FFE0
7FC0
7FC0
FFE0
FFE0
ENDCHAR
STARTCHAR ED31
ENCODING 60721
SWIDTH 660 0
DWIDTH 11 0
BBX 11 10 0 1
BITMAP
FFE0
FFE0
E1E0
C0E0
CCE0
FCE0
E0E0
E1E0
FFE0
FFE0
ENDCHAR
STARTCHAR ED32
ENCODING 60722
SWIDTH 660 0
DWIDTH 11 0
BBX 11 12 0 0
BITMAP
0E00
0E00
01C0
01E0
8060
C060
C060
C060
E1E0
7FC0
1F00
0C00
ENDCHAR
STARTCHAR ED33
ENCODING 60723
SWIDTH 660 0
DWIDTH 11 0
BBX 11 12 0 0
BITMAP
4040
4040
4040
4040
4040
E0E0
E0E0
E0E0
F1C0
7FC0
7F80
1F00
ENDCHAR
STARTCHAR ED34
ENCODING 60724
SWIDTH 660 0
DWIDTH 11 0
BBX 10 8 0 2
BITMAP
0E00
0C00
1E00
3F00
3B80
73C0
E1C0
E0C0
ENDCHAR
STARTCHAR ED35
ENCODING 60725
SWIDTH 660 0
DWIDTH 11 0
BBX 11 10 0 1
BITMAP
1E00
1F00
3F00
3F00
1F00
0400
3F80
7FC0
FFC0
FFE0
ENDCHAR
STARTCHAR ED36
ENCODING 60726
SWIDTH 660 0
DWIDTH 11 0
BBX 11 10 0 1
BITMAP
3F00
4080
81C0
81C0
C1A0
F7A0
9840
8040
4080
3F00
ENDCHAR
STARTCHAR ED37
ENCODING 60727
SWIDTH 660 0
DWIDTH 11 0
BBX 11 10 0 1
BITMAP
8020
FBE0
FFC0
0400
0100
3100
1B00
0E00
0E00
0400
ENDCHAR
STARTCHAR ED38
ENCODING 60728
SWIDTH 660 0
DWIDTH 11 0
BBX 11 11 0 0
BITMAP
1E00
6180
8440
B340
9320
9020
8A20
8740
4040
2780
3800
ENDCHAR
STARTCHAR ED39
ENCODING 60729
SWIDTH 660 0
DWIDTH 11 0
BBX 11 10 0 1
BITMAP
FFE0
FFE0
C460
8660
E6E0
E4E0
E1E0
F3E0
FFE0
FFE0
ENDCHAR
STARTCHAR ED3A
ENCODING 60730
SWIDTH 660 0
DWIDTH 11 0
BBX 10 2 0 5
BITMAP
9F40
6BC0
ENDCHAR
STARTCHAR ED3B
ENCODING 60731
SWIDTH 660 0
DWIDTH 11 0
BBX 11 10 0 1
BITMAP
FFC0
F1E0
DEE0
DF60
EF60
F560
DD60
FEE0
F3E0
FFC0
ENDCHAR
STARTCHAR ED3C
ENCODING 60732
SWIDTH 660 0
DWIDTH 11 0
BBX 11 10 0 1
BITMAP
3780
1E40
7C60
6640
E3A0
E0C0
6180
7FC0
3F00
0500
ENDCHAR
STARTCHAR ED3D
ENCODING 60733
SWIDTH 660 0
DWIDTH 11 0
BBX 11 10 0 1
BITMAP
3F00
4080
6EC0
E4C0
E6A0
A6A0
BAC0
9B40
5180
3F00
ENDCHAR
STARTCHAR ED3E
ENCODING 60734
SWIDTH 660 0
DWIDTH 11 0
BBX 11 10 0 2
BITMAP
1E00
6080
71C0
E1C0
C4E0
CE60
9F40
3F80
3F80
1F00
ENDCHAR
STARTCHAR ED3F
ENCODING 60735
SWIDTH 660 0
DWIDTH 11 0
BBX 7 16 2 -2
BITMAP
1E
3E
66
C6
C6
C6
C6
66
7E
3E
36
66
66
C6
C6
86
ENDCHAR
STARTCHAR ED40
ENCODING 60736
SWIDTH 660 0
DWIDTH 11 0
BBX 8 16 1 -2
BITMAP
01
01
C3
42
62
66
24
34
1C
18
18
18
18
18
18
18
ENDCHAR
STARTCHAR ED41
ENCODING 60737
SWIDTH 660 0
DWIDTH 11 0
BBX 10 4 0 4
BITMAP
5C00
D700
FBC0
0040
ENDCHAR
STARTCHAR ED42
ENCODING 60738
SWIDTH 660 0
DWIDTH 11 0
BBX 11 8 0 2
BITMAP
FFE0
FFE0
D7E0
B4E0
9760
FF60
FFE0
FFE0
ENDCHAR
STARTCHAR ED43
ENCODING 60739
SWIDTH 660 0
DWIDTH 11 0
BBX 10 16 0 -2
BITMAP
0E00
3780
7680
6740
E740
6740
6740
7680
3680
1500
0E00
0400
0000
0400
0C00
0400
ENDCHAR
STARTCHAR ED44
ENCODING 60740
SWIDTH 660 0
DWIDTH 11 0
BBX 10 6 0 3
BITMAP
0100
DB40
DDC0
1240
1C00
1800
ENDCHAR
STARTCHAR ED45
ENCODING 60741
SWIDTH 660 0
DWIDTH 11 0
BBX 11 10 0 2
BITMAP
1F00
6080
8040
8C40
9220
9220
8A40
8C40
5280
3100
ENDCHAR
STARTCHAR ED46
ENCODING 60742
SWIDTH 660 0
DWIDTH 11 0
BBX 10 10 0 1
BITMAP
1100
2F00
2D00
7280
9D40
9540
7380
2D00
2500
1B00
ENDCHAR
STARTCHAR ED47
ENCODING 60743
SWIDTH 660 0
DWIDTH 11 0
BBX 10 7 0 3
BITMAP
0400
0C00
0C00
0A00
1A00
FFC0
1100
ENDCHAR
STARTCHAR ED48
ENCODING 60744
SWIDTH 660 0
DWIDTH 11 0
BBX 10 4 0 4
BITMAP
C040
FDC0
92C0
9440
ENDCHAR
STARTCHAR ED49
ENCODING 60745
SWIDTH 660 0
DWIDTH 11 0
BBX 11 8 0 2
BITMAP
1C00
6200
8400
9900
5D00
3FE0
F800
C000
ENDCHAR
STARTCHAR ED4A
ENCODING 60746
SWIDTH 660 0
DWIDTH 11 0
BBX 11 9 0 2
BITMAP
F1E0
5B40
5E80
2E80
2500
1500
1200
0C00
0400
ENDCHAR
STARTCHAR ED4B
ENCODING 60747
SWIDTH 660 0
DWIDTH 11 0
BBX 11 12 0 0
BITMAP
0400
3F80
FBE0
F3C0
F5C0
F5C0
E0C0
6EC0
5EC0
7F80
1E00
0400
ENDCHAR
STARTCHAR ED4C
ENCODING 60748
SWIDTH 660 0
DWIDTH 11 0
BBX 11 4 0 4
BITMAP
09C0
EDA0
0440
3B80
ENDCHAR
STARTCHAR ED4D
ENCODING 60749
SWIDTH 660 0
DWIDTH 11 0
BBX 11 10 0 1
BITMAP
00E0
03C0
0380
0380
0380
7800
3800
7800
F800
C000
ENDCHAR
STARTCHAR ED4E
ENCODING 60750
SWIDTH 660 0
DWIDTH 11 0
BBX 10 4 0 4
BITMAP
0400
0C00
FF40
7F80
ENDCHAR
STARTCHAR ED4F
ENCODING 60751
SWIDTH 660 0
DWIDTH 11 0
BBX 11 10 0 1
BITMAP
01E0
01E0
03E0
0300
0200
1000
B800
F000
E000
F000
ENDCHAR
STARTCHAR ED50
ENCODING 60752
SWIDTH 660 0
DWIDTH 11 0
BBX 11 16 0 -2
BITMAP
C000
C000
C000
DB60
DB60
DB60
DB60
DB60
DB60
DB60
1B00
1B00
1B00
1B00
1B00
1B00
ENDCHAR
STARTCHAR ED51
ENCODING 60753
SWIDTH 660 0
DWIDTH 11 0
BBX 11 4 0 4
BITMAP
C000
FB80
37A0
5800
ENDCHAR
STARTCHAR ED52
ENCODING 60754
SWIDTH 660 0
DWIDTH 11 0
BBX 10 14 0 -1
BITMAP
0800
1800
1C00
3C00
3E00
7600
6700
E300
0CC0
06C0
0780
0380
0300
0100
ENDCHAR
STARTCHAR ED53
ENCODING 60755
SWIDTH 660 0
DWIDTH 11 0
BBX 11 4 0 4
BITMAP
2000
B7E0
77C0
0240
ENDCHAR
STARTCHAR ED54
ENCODING 60756
SWIDTH 660 0
DWIDTH 11 0
BBX 11 15 0 -1
BITMAP
0600
3FC0
7FC0
FFC0
F0C0
F000
FE00
7F80
3FC0
0FC0
03E0
C3E0
FFC0
FFC0
FF80
ENDCHAR
STARTCHAR ED55
ENCODING 60757
SWIDTH 660 0
DWIDTH 11 0
BBX 11 11 0 1
BITMAP
0100
73E0
F3E0
F9C0
F9C0
F880
7C00
7E00
3F00
3E00
1C00
ENDCHAR
STARTCHAR ED56
ENCODING 60758
SWIDTH 660 0
DWIDTH 11 0
BBX 11 6 0 3
BITMAP
7380
5F80
6480
4100
8020
7F80
ENDCHAR
STARTCHAR ED57
ENCODING 60759
SWIDTH 660 0
DWIDTH 11 0
BBX 11 8 0 2
BITMAP
FFE0
EFE0
FE60
EBE0
FEE0
BFE0
E0E0
FFE0
ENDCHAR
STARTCHAR ED58
ENCODING 60760
SWIDTH 660 0
DWIDTH 11 0
BBX 8 14 1 -1
BITMAP
08
1C
3C
3E
7E
7F
FF
FF
BD
4B
36
3C
1C
08
ENDCHAR
STARTCHAR ED59
ENCODING 60761
SWIDTH 660 0
DWIDTH 11 0
BBX 11 10 0 1
BITMAP
FFC0
FFE0
C8E0
C9E0
C1E0
FFE0
C8E0
CCE0
FFE0
FFC0
ENDCHAR
STARTCHAR ED5A
ENCODING 60762
SWIDTH 660 0
DWIDTH 11 0
BBX 11 10 0 1
BITMAP
3F00
7F80
7FC0
E9C0
EFE0
EFE0
E9C0
7FC0
7F80
1F00
ENDCHAR
STARTCHAR ED5B
ENCODING 60763
SWIDTH 660 0
DWIDTH 11 0
BBX 11 10 0 1
BITMAP
01C0
03E0
07C0
0F80
0F00
1E00
3800
30C0
A1E0
41C0
ENDCHAR
STARTCHAR ED5C
ENCODING 60764
SWIDTH 660 0
DWIDTH 11 0
BBX 11 10 0 1
BITMAP
3F00
7F80
77C0
EFC0
5FE0
FE80
FDC0
7FC0
7F80
1B00
ENDCHAR
STARTCHAR ED5D
ENCODING 60765
SWIDTH 660 0
DWIDTH 11 0
BBX 11 10 0 1
BITMAP
3700
3700
5EC0
EDC0
33E0
F300
ECC0
5CC0
3F00
1F00
ENDCHAR
STARTCHAR ED5E
ENCODING 60766
SWIDTH 660 0
DWIDTH 11 0
BBX 11 10 0 1
BITMAP
3F00
7780
7FC0
D7C0
FFE0
FFE0
FFC0
7FC0
7F80
1F00
ENDCHAR
STARTCHAR ED5F
ENCODING 60767
SWIDTH 660 0
DWIDTH 11 0
BBX 11 10 0 1
BITMAP
3000
2000
7000
7000
73C0
31C0
7140
71C0
79C0
FBE0
ENDCHAR
STARTCHAR ED60
ENCODING 60768
SWIDTH 660 0
DWIDTH 11 0
BBX 9 16 1 -2
BITMAP
3C00
3E00
3600
6300
C300
C780
8D80
8080
8180
C380
4300
0000
FF00
8180
FF80
FF00
ENDCHAR
STARTCHAR ED61
ENCODING 60769
SWIDTH 660 0
DWIDTH 11 0
BBX 11 10 0 1
BITMAP
FFC0
DB60
DB60
E4E0
DB60
DB60
E4E0
DB60
DB60
FFC0
ENDCHAR
STARTCHAR ED62
ENCODING 60770
SWIDTH 660 0
DWIDTH 11 0
BBX 11 12 0 0
BITMAP
0400
1E00
0400
7FC0
8060
8040
4040
40C0
0000
7F80
40C0
7FC0
ENDCHAR
STARTCHAR ED63
ENCODING 60771
SWIDTH 660 0
DWIDTH 11 0
BBX 11 13 0 0
BITMAP
3C00
7F00
2080
6040
4040
4040
4C40
3840
30C0
0000
7FC0
C040
FFE0
ENDCHAR
STARTCHAR ED64
ENCODING 60772
SWIDTH 660 0
DWIDTH 11 0
BBX 10 16 0 -2
BITMAP
0C00
1F00
3180
2180
2080
2180
3F80
3F80
1300
3100
0000
3F80
7FC0
C0C0
FFC0
7F80
ENDCHAR
STARTCHAR ED65
ENCODING 60773
SWIDTH 660 0
DWIDTH 11 0
BBX 11 10 0 1
BITMAP
0C00
1500
3B00
E4E0
4040
4080
2080
0000
3F80
7F80
ENDCHAR
STARTCHAR ED66
ENCODING 60774
SWIDTH 660 0
DWIDTH 11 0
BBX 11 14 0 -1
BITMAP
FFC0
FFE0
9260
8060
8060
CCC0
6C80
2080
2080
0000
7FC0
C040
FFE0
7FC0
ENDCHAR
STARTCHAR ED67
ENCODING 60775
SWIDTH 660 0
DWIDTH 11 0
BBX 10 8 0 2
BITMAP
2180
2180
61C0
EFC0
61C0
61C0
2180
2080
ENDCHAR
STARTCHAR ED68
ENCODING 60776
SWIDTH 660 0
DWIDTH 11 0
BBX 11 10 0 1
BITMAP
FFE0
FFE0
C0E0
C0E0
C3E0
C3E0
CFE0
CFE0
FFE0
FFE0
ENDCHAR
STARTCHAR ED69
ENCODING 60777
SWIDTH 660 0
DWIDTH 11 0
BBX 11 10 0 1
BITMAP
1DC0
3EE0
7F60
7BA0
F5C0
6BC0
B7C0
DF80
EF00
F600
ENDCHAR
STARTCHAR ED6A
ENCODING 60778
SWIDTH 660 0
DWIDTH 11 0
BBX 11 14 0 -1
BITMAP
1F00
7F80
7FC0
FFC0
FFE0
FD60
FFC0
7FC0
7F80
3F00
1E00
1F00
0C00
0C00
ENDCHAR
STARTCHAR ED6B
ENCODING 60779
SWIDTH 660 0
DWIDTH 11 0
BBX 11 5 0 3
BITMAP
9000
F6C0
B980
B960
B6C0
ENDCHAR
STARTCHAR ED6C
ENCODING 60780
SWIDTH 660 0
DWIDTH 11 0
BBX 11 8 0 2
BITMAP
3F80
FFC0
FFC0
3FA0
E1E0
FFE0
FFC0
3F80
ENDCHAR
STARTCHAR ED6D
ENCODING 60781
SWIDTH 660 0
DWIDTH 11 0
BBX 11 6 0 3
BITMAP
1F00
E8C0
BFA0
B9C0
8040
7F80
ENDCHAR
STARTCHAR ED6E
ENCODING 60782
SWIDTH 660 0
DWIDTH 11 0
BBX 11 10 0 1
BITMAP
0060
00C0
0180
0700
0600
3B00
7C00
3DC0
7DC0
F880
ENDCHAR
STARTCHAR ED6F
ENCODING 60783
SWIDTH 660 0
DWIDTH 11 0
BBX 11 10 0 1
BITMAP
3F00
7F80
7FC0
F040
F060
E020
E1C0
63C0
73C0
1DC0
ENDCHAR
STARTCHAR ED70
ENCODING 60784
SWIDTH 660 0
DWIDTH 11 0
BBX 11 10 0 1
BITMAP
FFE0
8020
8020
8020
8020
8020
8020
8020
8020
FFE0
ENDCHAR
STARTCHAR ED71
ENCODING 60785
SWIDTH 660 0
DWIDTH 11 0
BBX 11 10 0 2
BITMAP
1F80
3FC0
3FC0
5FE0
6FE0
77C0
3AC0
7DC0
EDE0
C5C0
ENDCHAR
STARTCHAR ED72
ENCODING 60786
SWIDTH 660 0
DWIDTH 11 0
BBX 11 10 0 1
BITMAP
2F00
7680
4740
BF40
BB60
7400
6FC0
4FC0
5000
1F00
ENDCHAR
STARTCHAR ED73
ENCODING 60787
SWIDTH 660 0
DWIDTH 11 0
BBX 11 12 0 0
BITMAP
0400
1500
1580
15E0
15E0
15E0
9FE0
DB60
7FE0
3FC0
1F80
0700
ENDCHAR
STARTCHAR ED74
ENCODING 60788
SWIDTH 660 0
DWIDTH 11 0
BBX 11 6 0 3
BITMAP
FEC0
FEE0
F6E0
FEE0
FEE0
7EC0
ENDCHAR
STARTCHAR ED75
ENCODING 60789
SWIDTH 660 0
DWIDTH 11 0
BBX 11 10 0 1
BITMAP
7BC0
7BC0
FBE0
FFE0
FFE0
FFE0
FFE0
FFE0
FFE0
FFC0
ENDCHAR
STARTCHAR ED76
ENCODING 60790
SWIDTH 660 0
DWIDTH 11 0
BBX 11 10 0 1
BITMAP
1A00
1B00
1F00
1F00
0000
DA40
DA60
FBE0
FBE0
7BC0
ENDCHAR
STARTCHAR ED77
ENCODING 60791
SWIDTH 660 0
DWIDTH 11 0
BBX 11 10 0 1
BITMAP
1F00
1100
FFC0
FFE0
FBE0
E1E0
E1E0
FBE0
FFE0
FFC0
ENDCHAR
STARTCHAR ED78
ENCODING 60792
SWIDTH 660 0
DWIDTH 11 0
BBX 11 14 0 -1
BITMAP
0C00
1E00
1F00
3F80
7F80
7BC0
F1C0
E1C0
E0E0
E0E0
E0C0
71C0
3F80
1F00
ENDCHAR
STARTCHAR ED79
ENCODING 60793
SWIDTH 660 0
DWIDTH 11 0
BBX 11 8 0 2
BITMAP
7200
9F00
9980
9C80
F5C0
F3E0
F3E0
61C0
ENDCHAR
STARTCHAR ED7A
ENCODING 60794
SWIDTH 660 0
DWIDTH 11 0
BBX 11 14 0 -1
BITMAP
0E00
1F00
F3C0
FFE0
FFE0
FFE0
FEE0
FCE0
D9E0
E3E0
E7E0
FFE0
FFE0
7FC0
ENDCHAR
STARTCHAR ED7B
ENCODING 60795
SWIDTH 660 0
DWIDTH 11 0
BBX 11 14 0 -1
BITMAP
0E00
1F00
F3C0
FFE0
FFE0
FFE0
FFE0
D060
FFE0
DFE0
DFE0
FFE0
FFE0
7FC0
ENDCHAR
STARTCHAR ED7C
ENCODING 60796
SWIDTH 660 0
DWIDTH 11 0
BBX 11 10 0 1
BITMAP
0C00
0E00
0E00
0000
5F80
77C0
DEE0
1E00
0000
FFC0
ENDCHAR
STARTCHAR ED7D
ENCODING 60797
SWIDTH 660 0
DWIDTH 11 0
BBX 11 12 0 0
BITMAP
C060
FFE0
C0C0
7F80
3B80
1E00
1C00
3380
7FC0
C0C0
FFE0
8060
ENDCHAR
STARTCHAR ED7E
ENCODING 60798
SWIDTH 660 0
DWIDTH 11 0
BBX 10 10 0 1
BITMAP
E000
2100
3D80
1780
1780
1E00
0DC0
1F00
1C00
0800
ENDCHAR
STARTCHAR ED7F
ENCODING 60799
SWIDTH 660 0
DWIDTH 11 0
BBX 11 8 0 2
BITMAP
DCC0
5CC0
5EC0
5FC0
5FC0
4000
7FE0
1180
ENDCHAR
STARTCHAR ED80
ENCODING 60800
SWIDTH 660 0
DWIDTH 11 0
BBX 11 14 0 -1
BITMAP
FD00
FD80
FDC0
FC00
FFE0
FFE0
F3E0
F3E0
E0E0
E0E0
F3E0
FFE0
FFE0
7FC0
ENDCHAR
STARTCHAR ED81
ENCODING 60801
SWIDTH 660 0
DWIDTH 11 0
BBX 11 14 0 -1
BITMAP
FD00
FD80
FDC0
FC00
FFE0
FFE0
FBE0
F9E0
1460
E7E0
FFE0
FFE0
FFE0
7FC0
ENDCHAR
STARTCHAR ED82
ENCODING 60802
SWIDTH 660 0
DWIDTH 11 0
BBX 11 8 0 2
BITMAP
FF40
FF60
FB60
F160
F160
FB60
FF60
FF40
ENDCHAR
STARTCHAR ED83
ENCODING 60803
SWIDTH 660 0
DWIDTH 11 0
BBX 11 10 0 1
BITMAP
3F00
7F80
6EC0
EEC0
E0E0
EEE0
EEC0
6FC0
7F80
1F00
ENDCHAR
STARTCHAR ED84
ENCODING 60804
SWIDTH 660 0
DWIDTH 11 0
BBX 11 10 0 1
BITMAP
0C00
7FC0
FDE0
FFE0
FBE0
F3E0
FBE0
F5E0
FFE0
7FC0
ENDCHAR
STARTCHAR ED85
ENCODING 60805
SWIDTH 660 0
DWIDTH 11 0
BBX 11 10 0 1
BITMAP
3FC0
3FE0
BDE0
B0E0
B0E0
BDE0
BFC0
BF80
C000
7E00
ENDCHAR
STARTCHAR ED86
ENCODING 60806
SWIDTH 660 0
DWIDTH 11 0
BBX 10 4 0 4
BITMAP
FFC0
44C0
FFC0
FFC0
ENDCHAR
STARTCHAR ED87
ENCODING 60807
SWIDTH 660 0
DWIDTH 11 0
BBX 11 8 0 2
BITMAP
7000
9000
9380
97C0
F7E0
F7E0
F7C0
6380
ENDCHAR
STARTCHAR ED88
ENCODING 60808
SWIDTH 660 0
DWIDTH 11 0
BBX 11 14 0 -1
BITMAP
FFE0
FFE0
7FC0
7FC0
7FC0
0FC0
7FC0
7FC0
0FC0
7FC0
0FC0
7FC0
7FC0
7F80
ENDCHAR
STARTCHAR ED89
ENCODING 60809
SWIDTH 660 0
DWIDTH 11 0
BBX 11 14 0 -1
BITMAP
FFE0
FFE0
7FC0
7FC0
7FC0
7FC0
73C0
73C0
60C0
60C0
73C0
7FC0
7FC0
7F80
ENDCHAR
STARTCHAR ED8A
ENCODING 60810
SWIDTH 660 0
DWIDTH 11 0
BBX 11 8 0 2
BITMAP
0100
9EC0
B6C0
B7E0
B7E0
87E0
FFE0
8020
ENDCHAR
STARTCHAR ED8B
ENCODING 60811
SWIDTH 660 0
DWIDTH 11 0
BBX 10 8 0 2
BITMAP
7E00
FF00
7E80
FE40
7FC0
7FC0
5E40
7180
ENDCHAR
STARTCHAR ED8C
ENCODING 60812
SWIDTH 660 0
DWIDTH 11 0
BBX 11 8 0 2
BITMAP
0280
01C0
01C0
00A0
0000
0000
FEA0
FEA0
ENDCHAR
STARTCHAR ED8D
ENCODING 60813
SWIDTH 660 0
DWIDTH 11 0
BBX 11 10 0 1
BITMAP
02C0
03E0
0780
07C0
1B80
2F00
7E00
7C00
7800
8000
ENDCHAR
STARTCHAR ED8E
ENCODING 60814
SWIDTH 660 0
DWIDTH 11 0
BBX 11 8 0 2
BITMAP
03C0
07C0
07E0
73C0
FB80
0000
F800
7000
ENDCHAR
STARTCHAR ED8F
ENCODING 60815
SWIDTH 660 0
DWIDTH 11 0
BBX 11 10 0 1
BITMAP
01C0
03E0
05C0
0BC0
0F80
3700
3E00
3C00
4000
8000
ENDCHAR
STARTCHAR ED90
ENCODING 60816
SWIDTH 660 0
DWIDTH 11 0
BBX 11 10 0 1
BITMAP
0300
0380
06C0
0CE0
1980
3F00
7E00
FC00
F800
F000
ENDCHAR
STARTCHAR ED91
ENCODING 60817
SWIDTH 660 0
DWIDTH 11 0
BBX 10 10 0 1
BITMAP
F3C0
F3C0
5140
5140
5140
71C0
71C0
71C0
71C0
2080
ENDCHAR
STARTCHAR ED92
ENCODING 60818
SWIDTH 660 0
DWIDTH 11 0
BBX 11 8 0 2
BITMAP
1E00
7FC0
FFE0
FF60
FF60
FF60
C060
FF60
ENDCHAR
STARTCHAR ED93
ENCODING 60819
SWIDTH 660 0
DWIDTH 11 0
BBX 11 10 0 1
BITMAP
1F00
E1C0
E4E0
E4E0
E4E0
F1E0
FFE0
FFE0
FFE0
FFC0
ENDCHAR
STARTCHAR ED94
ENCODING 60820
SWIDTH 660 0
DWIDTH 11 0
BBX 10 10 0 1
BITMAP
FFC0
FFC0
7BC0
7BC0
40C0
7BC0
60C0
68C0
FFC0
FFC0
ENDCHAR
STARTCHAR ED95
ENCODING 60821
SWIDTH 660 0
DWIDTH 11 0
BBX 10 8 0 2
BITMAP
73C0
FFC0
F7C0
4C40
7FC0
7FC0
7FC0
0E00
ENDCHAR
STARTCHAR ED96
ENCODING 60822
SWIDTH 660 0
DWIDTH 11 0
BBX 10 8 0 2
BITMAP
CE00
3F80
5F80
6FC0
7780
3980
3E80
4040
ENDCHAR
STARTCHAR ED97
ENCODING 60823
SWIDTH 660 0
DWIDTH 11 0
BBX 11 8 0 2
BITMAP
3F00
7F80
7FC0
BFC0
FF60
C060
FFE0
8040
ENDCHAR
STARTCHAR ED98
ENCODING 60824
SWIDTH 660 0
DWIDTH 11 0
BBX 11 10 0 1
BITMAP
1F00
3B80
7380
77C0
7DC0
7380
3F80
DF40
8060
FFE0
ENDCHAR
STARTCHAR ED99
ENCODING 60825
SWIDTH 660 0
DWIDTH 11 0
BBX 10 10 0 1
BITMAP
4800
59C0
6D40
79C0
7FC0
7FC0
3FC0
1F80
FF00
7000
ENDCHAR
STARTCHAR ED9A
ENCODING 60826
SWIDTH 660 0
DWIDTH 11 0
BBX 10 4 0 4
BITMAP
3E40
F8C0
FF80
FF00
ENDCHAR
STARTCHAR ED9B
ENCODING 60827
SWIDTH 660 0
DWIDTH 11 0
BBX 11 10 0 1
BITMAP
1A00
1F00
1F00
0E00
0400
0000
3E60
F8C0
FF80
FE00
ENDCHAR
STARTCHAR ED9C
ENCODING 60828
SWIDTH 660 0
DWIDTH 11 0
BBX 10 10 0 1
BITMAP
0400
0C00
0C00
0E00
0400
0000
3E40
F8C0
FF80
FE00
ENDCHAR
STARTCHAR ED9D
ENCODING 60829
SWIDTH 660 0
DWIDTH 11 0
BBX 10 10 0 1
BITMAP
0400
0C00
0E00
0E00
0C00
0000
3E40
F8C0
FF80
FE00
ENDCHAR
STARTCHAR ED9E
ENCODING 60830
SWIDTH 660 0
DWIDTH 11 0
BBX 11 8 0 2
BITMAP
8040
8060
8060
B160
D360
FBC0
7B80
3300
ENDCHAR
STARTCHAR ED9F
ENCODING 60831
SWIDTH 660 0
DWIDTH 11 0
BBX 10 8 0 2
BITMAP
0180
0FC0
28C0
2B80
6700
FF00
FE00
6000
ENDCHAR
STARTCHAR EDA0
ENCODING 60832
SWIDTH 660 0
DWIDTH 11 0
BBX 11 6 0 3
BITMAP
1700
EDE0
E5E0
FEE0
7F40
0F00
ENDCHAR
STARTCHAR EDA1
ENCODING 60833
SWIDTH 660 0
DWIDTH 11 0
BBX 10 10 0 1
BITMAP
2E80
5FC0
DF40
DF40
4480
2500
1F00
1E00
1E00
1E00
ENDCHAR
STARTCHAR EDA2
ENCODING 60834
SWIDTH 660 0
DWIDTH 11 0
BBX 11 8 0 2
BITMAP
6080
0000
6EC0
7FC0
5EC0
2080
F140
9160
ENDCHAR
STARTCHAR EDA3
ENCODING 60835
SWIDTH 660 0
DWIDTH 11 0
BBX 11 10 0 1
BITMAP
0600
0E00
0080
5F80
BFC0
FFE0
3FE0
1F80
1980
1980
ENDCHAR
STARTCHAR EDA4
ENCODING 60836
SWIDTH 660 0
DWIDTH 11 0
BBX 11 7 0 2
BITMAP
FBC0
FFE0
8C60
FFE0
FFE0
FFE0
0E00
ENDCHAR
STARTCHAR EDA5
ENCODING 60837
SWIDTH 660 0
DWIDTH 11 0
BBX 11 13 0 -1
BITMAP
0E00
3F00
3F80
6180
7380
7B80
3D80
1E00
0F00
2780
77C0
F3E0
E1C0
ENDCHAR
STARTCHAR EDA6
ENCODING 60838
SWIDTH 660 0
DWIDTH 11 0
BBX 11 10 0 1
BITMAP
01C0
0160
01C0
01C0
0780
6400
B7C0
F3C0
6060
7FC0
ENDCHAR
STARTCHAR EDA7
ENCODING 60839
SWIDTH 660 0
DWIDTH 11 0
BBX 11 10 0 1
BITMAP
01E0
F3C0
FBC0
FB80
7D00
3C00
0400
0400
0400
0400
ENDCHAR
STARTCHAR EDA8
ENCODING 60840
SWIDTH 660 0
DWIDTH 11 0
BBX 11 10 0 1
BITMAP
6000
FFE0
6000
7FC0
7FC0
7FC0
7FC0
6FC0
6000
6000
ENDCHAR
STARTCHAR EDA9
ENCODING 60841
SWIDTH 660 0
DWIDTH 11 0
BBX 11 10 0 1
BITMAP
3F00
6080
4040
9340
9020
8020
9140
4E40
6080
1F00
ENDCHAR
STARTCHAR EDAA
ENCODING 60842
SWIDTH 660 0
DWIDTH 11 0
BBX 11 8 0 2
BITMAP
3C00
7E00
E700
DB00
DB00
E700
7E00
3FE0
ENDCHAR
STARTCHAR EDAB
ENCODING 60843
SWIDTH 660 0
DWIDTH 11 0
BBX 11 8 0 2
BITMAP
03E0
03E0
13E0
D3E0
73E0
73E0
3F20
E1C0
ENDCHAR
STARTCHAR EDAC
ENCODING 60844
SWIDTH 660 0
DWIDTH 11 0
BBX 11 8 0 2
BITMAP
FF00
FF00
FFC0
FF40
FFE0
FFE0
A940
5080
ENDCHAR
STARTCHAR EDAD
ENCODING 60845
SWIDTH 660 0
DWIDTH 11 0
BBX 10 8 0 2
BITMAP
C000
3E40
5EC0
6FC0
77C0
79C0
7EC0
0040
ENDCHAR
STARTCHAR EDAE
ENCODING 60846
SWIDTH 660 0
DWIDTH 11 0
BBX 8 16 1 -2
BITMAP
7F
FF
C3
C3
FF
FF
FF
FF
7F
7E
1C
18
18
18
7F
3E
ENDCHAR
STARTCHAR EDAF
ENCODING 60847
SWIDTH 660 0
DWIDTH 11 0
BBX 11 13 0 0
BITMAP
0200
0400
0B00
1400
1400
0A00
0200
6320
1C40
1E00
1E00
8000
7FC0
ENDCHAR
STARTCHAR EDB0
ENCODING 60848
SWIDTH 660 0
DWIDTH 11 0
BBX 10 7 0 3
BITMAP
00C0
0080
0100
1E00
1A00
3F00
F000
ENDCHAR
STARTCHAR EDB1
ENCODING 60849
SWIDTH 660 0
DWIDTH 11 0
BBX 11 10 0 1
BITMAP
3F00
6080
4440
8E40
8E20
8E20
8C40
4C40
6080
1F00
ENDCHAR
STARTCHAR EDB2
ENCODING 60850
SWIDTH 660 0
DWIDTH 11 0
BBX 11 10 0 1
BITMAP
3F00
6080
4440
FA40
9C20
8320
8EC0
4440
6080
1F00
ENDCHAR
STARTCHAR EDB3
ENCODING 60851
SWIDTH 660 0
DWIDTH 11 0
BBX 11 10 0 1
BITMAP
3F00
6080
4E40
F840
BE20
BF20
98C0
4E40
6080
1F00
ENDCHAR
STARTCHAR EDB4
ENCODING 60852
SWIDTH 660 0
DWIDTH 11 0
BBX 11 10 0 1
BITMAP
3F00
6080
5340
FA40
9E20
9F20
9EC0
4440
6080
1F00
ENDCHAR
STARTCHAR EDB5
ENCODING 60853
SWIDTH 660 0
DWIDTH 11 0
BBX 11 10 0 1
BITMAP
3F00
6080
4040
8040
9E20
9E20
8040
4040
6080
1F00
ENDCHAR
STARTCHAR EDB6
ENCODING 60854
SWIDTH 660 0
DWIDTH 11 0
BBX 11 10 0 1
BITMAP
3F00
6080
4E40
F840
9C20
9B20
9EC0
4C40
6080
1F00
ENDCHAR
STARTCHAR EDB7
ENCODING 60855
SWIDTH 660 0
DWIDTH 11 0
BBX 11 10 0 1
BITMAP
3F00
6080
4040
9A40
9D20
9520
8240
4040
6080
1F00
ENDCHAR
STARTCHAR EDB8
ENCODING 60856
SWIDTH 660 0
DWIDTH 11 0
BBX 11 10 0 1
BITMAP
3F00
6080
5C40
9F40
BF20
BBA0
87C0
4040
6080
1F00
ENDCHAR
STARTCHAR EDB9
ENCODING 60857
SWIDTH 660 0
DWIDTH 11 0
BBX 11 10 0 1
BITMAP
3F00
6080
4E40
9B40
9120
8120
9B40
4E40
6080
1F00
ENDCHAR
STARTCHAR EDBA
ENCODING 60858
SWIDTH 660 0
DWIDTH 11 0
BBX 11 10 0 1
BITMAP
3F00
6080
4C40
8C40
9E20
9F20
9E40
4A40
6080
1F00
ENDCHAR
STARTCHAR EDBB
ENCODING 60859
SWIDTH 660 0
DWIDTH 11 0
BBX 11 10 0 1
BITMAP
3F00
6080
4C40
8C40
9E20
BF20
9E40
4A40
6080
1F00
ENDCHAR
STARTCHAR EDBC
ENCODING 60860
SWIDTH 660 0
DWIDTH 11 0
BBX 11 10 0 1
BITMAP
3F00
6080
5C40
AF40
A920
A920
9940
4F40
6080
1F00
ENDCHAR
STARTCHAR EDBD
ENCODING 60861
SWIDTH 660 0
DWIDTH 11 0
BBX 11 10 0 1
BITMAP
3F00
6080
4E40
9A40
9620
9A20
9A40
4E40
6080
1F00
ENDCHAR
STARTCHAR EDBE
ENCODING 60862
SWIDTH 660 0
DWIDTH 11 0
BBX 10 4 0 4
BITMAP
2000
F9C0
E7C0
5A80
ENDCHAR
STARTCHAR EDBF
ENCODING 60863
SWIDTH 660 0
DWIDTH 11 0
BBX 11 12 0 0
BITMAP
0800
3800
5E00
5E00
3F00
3B80
79C0
FFC0
FFE0
A020
8A40
4000
ENDCHAR
STARTCHAR EDC0
ENCODING 60864
SWIDTH 660 0
DWIDTH 11 0
BBX 11 12 0 0
BITMAP
1F00
7FC0
E4C0
D260
DB60
DB60
DF40
FFC0
FF80
6000
7A00
1C00
ENDCHAR
STARTCHAR EDC1
ENCODING 60865
SWIDTH 660 0
DWIDTH 11 0
BBX 11 8 0 2
BITMAP
3F00
70C0
EFC0
CCE0
CFC0
6F40
1F80
0CC0
ENDCHAR
STARTCHAR EDC2
ENCODING 60866
SWIDTH 660 0
DWIDTH 11 0
BBX 11 10 0 1
BITMAP
FFE0
FFE0
FCE0
E7E0
EFE0
E7E0
EFE0
EBE0
FFE0
FFE0
ENDCHAR
STARTCHAR EDC3
ENCODING 60867
SWIDTH 660 0
DWIDTH 11 0
BBX 11 10 0 2
BITMAP
1F00
2880
2B40
67C0
FBA0
F5A0
F5C0
0B40
1A80
0700
ENDCHAR
STARTCHAR EDC4
ENCODING 60868
SWIDTH 660 0
DWIDTH 11 0
BBX 10 8 0 2
BITMAP
CE00
3F00
1F00
0E00
0600
3900
7E80
7F40
ENDCHAR
STARTCHAR EDC5
ENCODING 60869
SWIDTH 660 0
DWIDTH 11 0
BBX 11 12 0 0
BITMAP
1E00
3F00
6080
6080
6880
3180
1F00
2000
7FC0
FFC0
E2E0
E8E0
ENDCHAR
STARTCHAR EDC6
ENCODING 60870
SWIDTH 660 0
DWIDTH 11 0
BBX 11 8 0 2
BITMAP
3800
3C00
3C60
39C0
0080
7C00
FE00
FE00
ENDCHAR
STARTCHAR EDC7
ENCODING 60871
SWIDTH 660 0
DWIDTH 11 0
BBX 11 8 0 2
BITMAP
3800
3C00
3C00
3880
03C0
7BE0
FBC0
FDC0
ENDCHAR
STARTCHAR EDC8
ENCODING 60872
SWIDTH 660 0
DWIDTH 11 0
BBX 11 8 0 2
BITMAP
3C00
3C00
3C00
3980
03C0
7A40
FBE0
FD80
ENDCHAR
STARTCHAR EDC9
ENCODING 60873
SWIDTH 660 0
DWIDTH 11 0
BBX 11 8 0 2
BITMAP
3800
3C00
3C00
3840
0060
7D80
FF80
FB00
ENDCHAR
STARTCHAR EDCA
ENCODING 60874
SWIDTH 660 0
DWIDTH 11 0
BBX 11 8 0 2
BITMAP
3B00
3F80
3F80
3B00
0000
7D80
FEC0
FEE0
ENDCHAR
STARTCHAR EDCB
ENCODING 60875
SWIDTH 660 0
DWIDTH 11 0
BBX 11 12 0 0
BITMAP
3F00
FFE0
BF00
BF00
BF00
DF00
0C00
0000
7180
FBC0
FFE0
FFE0
ENDCHAR
STARTCHAR EDCC
ENCODING 60876
SWIDTH 660 0
DWIDTH 11 0
BBX 11 8 0 2
BITMAP
3800
3C00
3C00
38C0
0140
7DE0
FDE0
FDE0
ENDCHAR
STARTCHAR EDCD
ENCODING 60877
SWIDTH 660 0
DWIDTH 11 0
BBX 11 8 0 2
BITMAP
3800
3C00
3C00
39E0
0000
7C00
FE00
FE00
ENDCHAR
STARTCHAR EDCE
ENCODING 60878
SWIDTH 660 0
DWIDTH 11 0
BBX 11 12 0 0
BITMAP
1E00
7F00
2100
7F00
1F00
0E00
0000
3100
73C0
FFC0
FFE0
FFE0
ENDCHAR
STARTCHAR EDCF
ENCODING 60879
SWIDTH 660 0
DWIDTH 11 0
BBX 11 8 0 2
BITMAP
3800
3C00
3C00
3880
0360
7B40
FF40
FD80
ENDCHAR
STARTCHAR EDD0
ENCODING 60880
SWIDTH 660 0
DWIDTH 11 0
BBX 10 8 0 2
BITMAP
CE00
3E00
1E00
0E00
0600
1900
3E80
3F40
ENDCHAR
STARTCHAR EDD1
ENCODING 60881
SWIDTH 660 0
DWIDTH 11 0
BBX 10 8 0 2
BITMAP
3800
3C00
3C00
3B00
0280
7BC0
FDC0
FEC0
ENDCHAR
STARTCHAR EDD2
ENCODING 60882
SWIDTH 660 0
DWIDTH 11 0
BBX 11 12 0 0
BITMAP
1E00
1F00
3F00
3F00
1F00
0E00
0000
0C00
6580
F5C0
FDE0
FFE0
ENDCHAR
STARTCHAR EDD3
ENCODING 60883
SWIDTH 660 0
DWIDTH 11 0
BBX 10 8 0 2
BITMAP
71C0
71C0
0E00
EFC0
EC80
0140
3D40
3E80
ENDCHAR
STARTCHAR EDD4
ENCODING 60884
SWIDTH 660 0
DWIDTH 11 0
BBX 11 10 0 1
BITMAP
3F00
D780
7FC0
FFC0
FFA0
9F20
BFC0
6FC0
7780
3F00
ENDCHAR
STARTCHAR EDD5
ENCODING 60885
SWIDTH 660 0
DWIDTH 11 0
BBX 7 14 2 -1
BITMAP
30
30
30
B2
B6
28
48
48
30
30
30
30
30
30
ENDCHAR
STARTCHAR EDD6
ENCODING 60886
SWIDTH 660 0
DWIDTH 11 0
BBX 11 10 0 1
BITMAP
3F00
5380
8540
DE40
8E20
BF20
D640
8540
5180
3F00
ENDCHAR
STARTCHAR EDD7
ENCODING 60887
SWIDTH 660 0
DWIDTH 11 0
BBX 10 9 0 2
BITMAP
0400
0400
0C00
1B00
3500
7BC0
BD40
0E00
0400
ENDCHAR
STARTCHAR EDD8
ENCODING 60888
SWIDTH 660 0
DWIDTH 11 0
BBX 12 10 -1 1
BITMAP
1000
2440
2440
B460
74F0
7460
7460
7260
32C0
1F80
ENDCHAR
STARTCHAR EDD9
ENCODING 60889
SWIDTH 660 0
DWIDTH 11 0
BBX 11 13 0 -1
BITMAP
1E00
1700
2D00
3A00
1F80
6CC0
DC40
8C60
8C40
CC80
1A00
0C00
0C00
ENDCHAR
STARTCHAR EDDA
ENCODING 60890
SWIDTH 660 0
DWIDTH 11 0
BBX 11 10 0 1
BITMAP
3F00
4080
A4C0
A8C0
B9E0
F9A0
B5C0
C4C0
7F80
3F00
ENDCHAR
STARTCHAR EDDB
ENCODING 60891
SWIDTH 660 0
DWIDTH 11 0
BBX 11 10 0 1
BITMAP
1C00
7800
6300
E640
E460
FC60
FCC0
7FC0
7F80
1F00
ENDCHAR
STARTCHAR EDDC
ENCODING 60892
SWIDTH 660 0
DWIDTH 11 0
BBX 10 10 0 1
BITMAP
A140
7F80
71C0
6E80
5E80
5E80
6E80
B1C0
7FC0
8140
ENDCHAR
STARTCHAR EDDD
ENCODING 60893
SWIDTH 660 0
DWIDTH 11 0
BBX 11 10 0 1
BITMAP
3F00
4080
9FC0
8F40
FE20
9C20
8C40
4CC0
4C80
3F00
ENDCHAR
STARTCHAR EDDE
ENCODING 60894
SWIDTH 660 0
DWIDTH 11 0
BBX 10 12 0 0
BITMAP
4080
6180
5180
3180
FB40
FF40
5BC0
5AC0
1A00
0A00
0A00
0C00
ENDCHAR
STARTCHAR EDDF
ENCODING 60895
SWIDTH 660 0
DWIDTH 11 0
BBX 11 8 0 2
BITMAP
0F80
1E80
2580
0540
67E0
55C0
9400
F780
ENDCHAR
STARTCHAR EDE0
ENCODING 60896
SWIDTH 660 0
DWIDTH 11 0
BBX 11 8 0 2
BITMAP
3E00
2F00
6580
9480
F480
F540
0620
3DC0
ENDCHAR
STARTCHAR EDE1
ENCODING 60897
SWIDTH 660 0
DWIDTH 11 0
BBX 11 10 0 1
BITMAP
FFE0
9E00
9FC0
9E00
FF80
1E00
1F80
0000
3FC0
3FC0
ENDCHAR
STARTCHAR EDE2
ENCODING 60898
SWIDTH 660 0
DWIDTH 11 0
BBX 11 8 0 2
BITMAP
FBC0
FBE0
FBE0
FBE0
FBE0
FBE0
FBE0
FBE0
ENDCHAR
STARTCHAR EDE3
ENCODING 60899
SWIDTH 660 0
DWIDTH 11 0
BBX 11 10 0 1
BITMAP
8040
A5C0
ACE0
A5E0
C440
0400
0400
0400
0400
0400
ENDCHAR
STARTCHAR EDE4
ENCODING 60900
SWIDTH 660 0
DWIDTH 11 0
BBX 11 10 0 1
BITMAP
0060
00C0
0180
0700
0600
3B00
7C00
3C00
7C00
F800
ENDCHAR
STARTCHAR EDE5
ENCODING 60901
SWIDTH 660 0
DWIDTH 11 0
BBX 11 8 0 2
BITMAP
7FC0
4040
4040
4040
4040
4040
0F00
FFE0
ENDCHAR
STARTCHAR EDE6
ENCODING 60902
SWIDTH 660 0
DWIDTH 11 0
BBX 11 8 0 2
BITMAP
1FE0
0020
7020
7020
7120
0320
FFC0
F800
ENDCHAR
STARTCHAR EDE7
ENCODING 60903
SWIDTH 660 0
DWIDTH 11 0
BBX 11 8 0 2
BITMAP
0C00
0400
0C00
1F00
1F80
DFE0
D3E0
D3E0
ENDCHAR
STARTCHAR EDE8
ENCODING 60904
SWIDTH 660 0
DWIDTH 11 0
BBX 11 10 0 1
BITMAP
1FC0
1FE0
0380
7EE0
FF00
7E60
8100
7E00
8100
7E00
ENDCHAR
STARTCHAR EDE9
ENCODING 60905
SWIDTH 660 0
DWIDTH 11 0
BBX 11 10 0 1
BITMAP
3F00
6780
5FC0
F1C0
A5E0
E5E0
F1C0
7FC0
7F80
1F00
ENDCHAR
STARTCHAR EDEA
ENCODING 60906
SWIDTH 660 0
DWIDTH 11 0
BBX 10 8 0 2
BITMAP
03C0
02C0
0780
0F80
3F80
7F00
CA00
0600
ENDCHAR
STARTCHAR EDEB
ENCODING 60907
SWIDTH 660 0
DWIDTH 11 0
BBX 11 8 0 2
BITMAP
0400
8460
4C40
6EC0
7F80
7F80
7F80
3F80
ENDCHAR
STARTCHAR EDEC
ENCODING 60908
SWIDTH 660 0
DWIDTH 11 0
BBX 11 8 0 2
BITMAP
3800
6C00
FE00
AAE0
7DE0
2AE0
17E0
07E0
ENDCHAR
STARTCHAR EDED
ENCODING 60909
SWIDTH 660 0
DWIDTH 11 0
BBX 11 10 0 1
BITMAP
FFC0
FFE0
CEE0
FFE0
FBE0
FBE0
FEE0
CEE0
FFE0
FFC0
ENDCHAR
STARTCHAR EDEE
ENCODING 60910
SWIDTH 660 0
DWIDTH 11 0
BBX 11 10 0 1
BITMAP
FFC0
FFE0
CEE0
FFE0
FFE0
FFE0
FEE0
CEE0
FFE0
FFC0
ENDCHAR
STARTCHAR EDEF
ENCODING 60911
SWIDTH 660 0
DWIDTH 11 0
BBX 11 10 0 1
BITMAP
FFC0
FFE0
FFE0
FFE0
FBE0
FBE0
FFE0
FFE0
FFE0
FFC0
ENDCHAR
STARTCHAR EDF0
ENCODING 60912
SWIDTH 660 0
DWIDTH 11 0
BBX 11 10 0 1
BITMAP
FFC0
FFE0
CEE0
FFE0
CEE0
EEE0
FFE0
CEE0
FFE0
FFC0
ENDCHAR
STARTCHAR EDF1
ENCODING 60913
SWIDTH 660 0
DWIDTH 11 0
BBX 11 10 0 1
BITMAP
FFC0
FFE0
CFE0
FFE0
FBE0
FBE0
FEE0
FEE0
FFE0
FFC0
ENDCHAR
STARTCHAR EDF2
ENCODING 60914
SWIDTH 660 0
DWIDTH 11 0
BBX 11 10 0 1
BITMAP
FFC0
FFE0
CFE0
FFE0
FFE0
FFE0
FEE0
FEE0
FFE0
FFC0
ENDCHAR
STARTCHAR EDF3
ENCODING 60915
SWIDTH 660 0
DWIDTH 11 0
BBX 10 10 0 1
BITMAP
0C00
0C00
0000
0000
FFC0
FFC0
0000
0000
0C00
0C00
ENDCHAR
STARTCHAR EDF4
ENCODING 60916
SWIDTH 660 0
DWIDTH 11 0
BBX 10 10 0 1
BITMAP
3F00
3F80
3F80
3F80
3F80
3F80
3F80
3F80
FFC0
FFC0
ENDCHAR
STARTCHAR EDF5
ENCODING 60917
SWIDTH 660 0
DWIDTH 11 0
BBX 10 10 0 1
BITMAP
0C00
7F80
7F80
7C80
7480
7C80
7C80
7C80
FCC0
FCC0
ENDCHAR
STARTCHAR EDF6
ENCODING 60918
SWIDTH 660 0
DWIDTH 11 0
BBX 11 6 0 3
BITMAP
FFE0
0000
0000
0000
0000
FFE0
ENDCHAR
STARTCHAR EDF7
ENCODING 60919
SWIDTH 660 0
DWIDTH 11 0
BBX 11 11 0 1
BITMAP
0100
07C0
0FC0
1FE0
3FE0
77C0
6F00
5F00
3C00
7C00
C000
ENDCHAR
STARTCHAR EDF8
ENCODING 60920
SWIDTH 660 0
DWIDTH 11 0
BBX 11 8 0 2
BITMAP
0300
0D80
3FE0
77C0
7F80
FF00
F980
FEE0
ENDCHAR
STARTCHAR EDF9
ENCODING 60921
SWIDTH 660 0
DWIDTH 11 0
BBX 11 10 0 1
BITMAP
7E80
46C0
4660
4660
7E20
7F20
7EA0
7EA0
7EC0
FE00
ENDCHAR
STARTCHAR EDFA
ENCODING 60922
SWIDTH 660 0
DWIDTH 11 0
BBX 11 8 0 2
BITMAP
71C0
4040
8040
8040
FBE0
8E60
8A60
73C0
ENDCHAR
STARTCHAR EDFB
ENCODING 60923
SWIDTH 660 0
DWIDTH 11 0
BBX 10 10 0 1
BITMAP
E000
7800
1E00
0780
01C0
01C0
0780
1E00
7800
E000
ENDCHAR
STARTCHAR EDFC
ENCODING 60924
SWIDTH 660 0
DWIDTH 11 0
BBX 11 10 0 2
BITMAP
7000
3C00
0780
01C0
0F00
3C00
6000
0000
0000
FFE0
ENDCHAR
STARTCHAR EDFD
ENCODING 60925
SWIDTH 660 0
DWIDTH 11 0
BBX 10 8 0 2
BITMAP
3F80
C400
FF80
3C80
0CC0
0FC0
0000
0FC0
ENDCHAR
STARTCHAR EDFE
ENCODING 60926
SWIDTH 660 0
DWIDTH 11 0
BBX 11 6 0 3
BITMAP
6180
DB40
8E20
8E60
DBC0
2080
ENDCHAR
STARTCHAR EDFF
ENCODING 60927
SWIDTH 660 0
DWIDTH 11 0
BBX 11 8 0 2
BITMAP
7C00
7FC0
FFC0
FF60
FFE0
7FE0
3860
2820
ENDCHAR
STARTCHAR EE00
ENCODING 60928
SWIDTH 660 0
DWIDTH 11 0
BBX 10 18 1 -3
BITMAP
FFC0
8000
8000
8000
8000
8000
8000
8000
8000
8000
8000
8000
8000
8000
8000
8000
8000
FFC0
ENDCHAR
STARTCHAR EE01
ENCODING 60929
SWIDTH 660 0
DWIDTH 11 0
BBX 12 18 -1 -3
BITMAP
FFF0
0000
0000
0000
0000
0000
0000
0000
0000
0000
0000
0000
0000
0000
0000
0000
0000
FFF0
ENDCHAR
STARTCHAR EE02
ENCODING 60930
SWIDTH 660 0
DWIDTH 11 0
BBX 11 18 -1 -3
BITMAP
FFE0
0060
0060
0060
0060
0060
0060
0060
0060
0060
0060
0060
0060
0060
0060
0060
0060
FFE0
ENDCHAR
STARTCHAR EE03
ENCODING 60931
SWIDTH 660 0
DWIDTH 11 0
BBX 10 18 1 -3
BITMAP
FFC0
8000
8000
8FC0
8FC0
8FC0
8FC0
8FC0
8FC0
8FC0
8FC0
8FC0
8FC0
8FC0
8FC0
8000
8000
FFC0
ENDCHAR
STARTCHAR EE04
ENCODING 60932
SWIDTH 660 0
DWIDTH 11 0
BBX 12 18 -1 -3
BITMAP
FFF0
0000
0000
FFF0
FFF0
FFF0
FFF0
FFF0
FFF0
FFF0
FFF0
FFF0
FFF0
FFF0
FFF0
0000
0000
FFF0
ENDCHAR
STARTCHAR EE05
ENCODING 60933
SWIDTH 660 0
DWIDTH 11 0
BBX 11 18 -1 -3
BITMAP
FFE0
0060
0060
FE60
FE60
FE60
FE60
FE60
FE60
FE60
FE60
FE60
FE60
FE60
FE60
0060
0060
FFE0
ENDCHAR
STARTCHAR EE06
ENCODING 60934
SWIDTH 660 0
DWIDTH 11 0
BBX 7 2 2 9
BITMAP
7C
86
ENDCHAR
STARTCHAR EE07
ENCODING 60935
SWIDTH 660 0
DWIDTH 11 0
BBX 5 7 5 3
BITMAP
E0
30
08
08
08
08
08
ENDCHAR
STARTCHAR EE08
ENCODING 60936
SWIDTH 660 0
DWIDTH 11 0
BBX 6 8 4 2
BITMAP
04
04
04
04
04
0C
18
F0
ENDCHAR
STARTCHAR EE09
ENCODING 60937
SWIDTH 660 0
DWIDTH 11 0
BBX 10 5 0 1
BITMAP
8040
C040
40C0
2180
1F00
ENDCHAR
STARTCHAR EE0A
ENCODING 60938
SWIDTH 660 0
DWIDTH 11 0
BBX 7 9 0 1
BITMAP
40
40
C0
80
80
C0
40
20
1E
ENDCHAR
STARTCHAR EE0B
ENCODING 60939
SWIDTH 660 0
DWIDTH 11 0
BBX 5 7 0 3
BITMAP
18
60
40
80
80
80
C0
ENDCHAR
STARTCHAR EE0C
ENCODING 60940
SWIDTH 660 0
DWIDTH 11 0
BBX 11 14 0 -1
BITMAP
DB60
FFE0
FFE0
FFE0
C0E0
FFE0
FFE0
FFE0
FFE0
C0E0
FFE0
FFE0
FFE0
DB60
ENDCHAR
STARTCHAR EE0D
ENCODING 60941
SWIDTH 660 0
DWIDTH 11 0
BBX 11 8 0 2
BITMAP
0400
3F00
3F80
AD80
AFA0
BFA0
AD80
3F80
ENDCHAR
STARTCHAR EE0E
ENCODING 60942
SWIDTH 660 0
DWIDTH 11 0
BBX 11 10 0 1
BITMAP
0380
03C0
05E0
1BC0
2F80
3F00
DE00
FC00
7800
3000
ENDCHAR
STARTCHAR EE0F
ENCODING 60943
SWIDTH 660 0
DWIDTH 11 0
BBX 11 10 0 1
BITMAP
F000
F000
F000
F000
F000
F000
F540
F560
FFE0
FFE0
ENDCHAR
STARTCHAR EE10
ENCODING 60944
SWIDTH 660 0
DWIDTH 11 0
BBX 11 4 0 4
BITMAP
EB60
FFE0
FFE0
FFE0
ENDCHAR
STARTCHAR EE11
ENCODING 60945
SWIDTH 660 0
DWIDTH 11 0
BBX 7 16 2 -2
BITMAP
FC
FE
FE
F0
FE
FE
F0
FE
FE
F0
FE
FE
F0
FE
FE
7C
ENDCHAR
STARTCHAR EE12
ENCODING 60946
SWIDTH 660 0
DWIDTH 11 0
BBX 11 8 0 2
BITMAP
0E00
F3C0
F5E0
B360
FFE0
BF60
B360
F3E0
ENDCHAR
STARTCHAR EE13
ENCODING 60947
SWIDTH 660 0
DWIDTH 11 0
BBX 10 10 0 1
BITMAP
00C0
01C0
01C0
0380
0400
3800
7800
F800
F000
6000
ENDCHAR
STARTCHAR EE14
ENCODING 60948
SWIDTH 660 0
DWIDTH 11 0
BBX 11 8 0 2
BITMAP
3FC0
3FE0
07C0
0000
0400
3F00
FF00
7E00
ENDCHAR
STARTCHAR EE15
ENCODING 60949
SWIDTH 660 0
DWIDTH 11 0
BBX 11 10 0 1
BITMAP
3F00
7FC0
FFC0
FFE0
C460
C4C0
7FC0
7F80
3F80
3580
ENDCHAR
STARTCHAR EE16
ENCODING 60950
SWIDTH 660 0
DWIDTH 11 0
BBX 11 10 0 1
BITMAP
3F00
6180
77C0
D940
AFE0
B6E0
C340
41C0
7180
1F00
ENDCHAR
STARTCHAR EE17
ENCODING 60951
SWIDTH 660 0
DWIDTH 11 0
BBX 11 10 0 1
BITMAP
7F80
7FC0
FFE0
FFC0
0000
40C0
40C0
7FC0
7FC0
7F80
ENDCHAR
STARTCHAR EE18
ENCODING 60952
SWIDTH 660 0
DWIDTH 11 0
BBX 11 8 0 2
BITMAP
7FC0
FFC0
FFE0
44C0
44C0
44C0
7CC0
7CC0
ENDCHAR
STARTCHAR EE19
ENCODING 60953
SWIDTH 660 0
DWIDTH 11 0
BBX 10 8 0 2
BITMAP
FF80
0000
0000
3FC0
3FC0
0000
0000
FF80
ENDCHAR
STARTCHAR EE1A
ENCODING 60954
SWIDTH 660 0
DWIDTH 11 0
BBX 11 10 0 1
BITMAP
3F00
7380
52C0
EDC0
D260
A260
E5C0
5AC0
7580
1F00
ENDCHAR
STARTCHAR EE1B
ENCODING 60955
SWIDTH 660 0
DWIDTH 11 0
BBX 11 10 0 1
BITMAP
1E00
1100
7F80
FFC0
FFE0
EEE0
0000
EEE0
FFE0
7FC0
ENDCHAR
STARTCHAR EE1C
ENCODING 60956
SWIDTH 660 0
DWIDTH 11 0
BBX 11 8 0 2
BITMAP
3380
7FC0
FFE0
5F40
1F00
1F00
1F00
1F00
ENDCHAR
STARTCHAR EE1D
ENCODING 60957
SWIDTH 660 0
DWIDTH 11 0
BBX 9 16 1 -2
BITMAP
0400
0E00
0E00
0000
1C00
7E00
FF00
DF00
1F80
1800
2C00
2600
6600
E300
C300
8000
ENDCHAR
STARTCHAR EE1E
ENCODING 60958
SWIDTH 660 0
DWIDTH 11 0
BBX 11 10 0 1
BITMAP
7FC0
FFC0
FFC0
FFE0
FFE0
FF60
FF60
FFE0
FFE0
7FC0
ENDCHAR
STARTCHAR EE1F
ENCODING 60959
SWIDTH 660 0
DWIDTH 11 0
BBX 11 10 0 1
BITMAP
3F00
6080
4040
A140
9B20
8020
8440
4A40
6080
1F00
ENDCHAR
STARTCHAR EE20
ENCODING 60960
SWIDTH 660 0
DWIDTH 11 0
BBX 10 10 0 1
BITMAP
FFC0
FFC0
7FC0
7FC0
7FC0
71C0
61C0
61C0
E1C0
E1C0
ENDCHAR
STARTCHAR EE21
ENCODING 60961
SWIDTH 660 0
DWIDTH 11 0
BBX 11 12 0 0
BITMAP
7FE0
F9E0
E4E0
F560
E060
F5E0
F4E0
FFE0
FFE0
C0C0
FFC0
7FE0
ENDCHAR
STARTCHAR EE22
ENCODING 60962
SWIDTH 660 0
DWIDTH 11 0
BBX 11 14 0 -1
BITMAP
1F00
3F80
7FC0
71C0
E1C0
E0E0
71C0
7FC0
3F80
3F00
40C0
FBC0
F3E0
1100
ENDCHAR
STARTCHAR EE23
ENCODING 60963
SWIDTH 660 0
DWIDTH 11 0
BBX 11 7 0 3
BITMAP
1FC0
3FE0
7AE0
F8E0
F8E0
7AE0
3FE0
ENDCHAR
STARTCHAR EE24
ENCODING 60964
SWIDTH 660 0
DWIDTH 11 0
BBX 11 8 0 2
BITMAP
0C00
FBE0
5F40
2080
4080
61C0
A140
60C0
ENDCHAR
STARTCHAR EE25
ENCODING 60965
SWIDTH 660 0
DWIDTH 11 0
BBX 11 12 0 0
BITMAP
3F00
3600
3600
3600
36C0
36E0
6380
FF80
FF80
FF80
FF80
7F00
ENDCHAR
STARTCHAR EE26
ENCODING 60966
SWIDTH 660 0
DWIDTH 11 0
BBX 11 14 0 -1
BITMAP
DBC0
DBE0
FFE0
FFE0
FFE0
FFE0
FFE0
0000
FFE0
FFC0
0E00
0E00
0A00
0E00
ENDCHAR
STARTCHAR EE27
ENCODING 60967
SWIDTH 660 0
DWIDTH 11 0
BBX 11 12 0 0
BITMAP
7F80
FFE0
C060
C060
C060
C060
C060
FFE0
9F60
FFE0
60C0
60C0
ENDCHAR
STARTCHAR EE28
ENCODING 60968
SWIDTH 660 0
DWIDTH 11 0
BBX 11 12 0 0
BITMAP
0400
0C00
0E00
8E60
EFC0
7FC0
7F80
7FC0
7FC0
1F00
0400
0400
ENDCHAR
STARTCHAR EE29
ENCODING 60969
SWIDTH 660 0
DWIDTH 11 0
BBX 11 10 0 1
BITMAP
0300
0700
6E00
3C60
18C0
0180
C300
6600
3C00
1800
ENDCHAR
STARTCHAR EE2A
ENCODING 60970
SWIDTH 660 0
DWIDTH 11 0
BBX 11 10 0 1
BITMAP
0180
0240
0020
FE20
7C40
3980
1000
1000
1000
3C00
ENDCHAR
STARTCHAR EE2B
ENCODING 60971
SWIDTH 660 0
DWIDTH 11 0
BBX 11 8 0 2
BITMAP
0E00
0400
1F00
3F80
7FC0
7FC0
0000
FFE0
ENDCHAR
STARTCHAR EE2C
ENCODING 60972
SWIDTH 660 0
DWIDTH 11 0
BBX 11 10 0 1
BITMAP
1F00
7F80
77C0
F7C0
FFC0
FEE0
EEC0
7FC0
3F80
1F00
ENDCHAR
STARTCHAR EE2D
ENCODING 60973
SWIDTH 660 0
DWIDTH 11 0
BBX 11 10 0 1
BITMAP
1C00
7C00
7700
F700
FFC0
FEE0
EEC0
7FC0
3F80
1F00
ENDCHAR
STARTCHAR EE2E
ENCODING 60974
SWIDTH 660 0
DWIDTH 11 0
BBX 11 10 0 1
BITMAP
6000
FF80
6080
6080
6080
6080
6080
6080
3EE0
0080
ENDCHAR
STARTCHAR EE2F
ENCODING 60975
SWIDTH 660 0
DWIDTH 11 0
BBX 11 6 0 3
BITMAP
FFE0
83E0
83E0
FFE0
FFE0
FFC0
ENDCHAR
STARTCHAR EE30
ENCODING 60976
SWIDTH 660 0
DWIDTH 11 0
BBX 11 10 0 1
BITMAP
3F00
6080
6AC0
9140
BBA0
8020
8E40
4C40
6080
1F00
ENDCHAR
STARTCHAR EE31
ENCODING 60977
SWIDTH 660 0
DWIDTH 11 0
BBX 11 10 0 1
BITMAP
0E00
1A00
1E00
1F00
7B40
70C0
7F80
6CC0
C0E0
C060
ENDCHAR
STARTCHAR EE32
ENCODING 60978
SWIDTH 660 0
DWIDTH 11 0
BBX 11 9 0 2
BITMAP
00C0
7FC0
8660
C060
FFE0
FF60
BB60
3B40
0A00
ENDCHAR
STARTCHAR EE33
ENCODING 60979
SWIDTH 660 0
DWIDTH 11 0
BBX 11 8 0 2
BITMAP
7F80
9240
8E20
F3E0
FFE0
FFE0
FFC0
3F80
ENDCHAR
STARTCHAR EE34
ENCODING 60980
SWIDTH 660 0
DWIDTH 11 0
BBX 11 10 0 2
BITMAP
07E0
0FC0
3FC0
3FC0
77C0
6F00
5F80
3C00
7C00
C000
ENDCHAR
STARTCHAR EE35
ENCODING 60981
SWIDTH 660 0
DWIDTH 11 0
BBX 11 14 0 -1
BITMAP
FD00
FD80
CDC0
FC00
FFE0
FFE0
FFE0
FFE0
E7E0
E7E0
D060
FFE0
FFE0
7FC0
ENDCHAR
STARTCHAR EE36
ENCODING 60982
SWIDTH 660 0
DWIDTH 11 0
BBX 11 14 0 -1
BITMAP
FD00
FD80
FDC0
FC00
FFE0
FFE0
FBE0
FBE0
EAE0
E1E0
F3E0
FFE0
FFE0
7FC0
ENDCHAR
STARTCHAR EE37
ENCODING 60983
SWIDTH 660 0
DWIDTH 11 0
BBX 10 10 0 1
BITMAP
F000
F400
F600
FE00
FE80
FFC0
FE40
FE80
FE00
7C00
ENDCHAR
STARTCHAR EE38
ENCODING 60984
SWIDTH 660 0
DWIDTH 11 0
BBX 11 10 0 1
BITMAP
1E80
1EC0
1E00
1FE0
19E0
1CE0
E0E0
1DE0
1FE0
1FC0
ENDCHAR
STARTCHAR EE39
ENCODING 60985
SWIDTH 660 0
DWIDTH 11 0
BBX 11 14 0 -1
BITMAP
FD00
FD80
CDC0
FC00
FFE0
FFE0
C060
DF60
DF60
C0E0
FFE0
FC60
FFE0
7FC0
ENDCHAR
STARTCHAR EE3A
ENCODING 60986
SWIDTH 660 0
DWIDTH 11 0
BBX 11 14 0 -1
BITMAP
FD00
FD80
CDC0
FC00
FFE0
FFE0
FBE0
F1E0
F7E0
F9E0
FDE0
FBE0
FFE0
7FC0
ENDCHAR
STARTCHAR EE3B
ENCODING 60987
SWIDTH 660 0
DWIDTH 11 0
BBX 11 14 0 -1
BITMAP
FD00
FD80
FDC0
FC00
FFE0
C3E0
DBE0
DBE0
C3E0
D8E0
FCE0
FAE0
FFE0
7FC0
ENDCHAR
STARTCHAR EE3C
ENCODING 60988
SWIDTH 660 0
DWIDTH 11 0
BBX 11 10 0 1
BITMAP
F000
F400
F600
FE60
FF80
FF80
DB00
CE00
FE00
7C00
ENDCHAR
STARTCHAR EE3D
ENCODING 60989
SWIDTH 660 0
DWIDTH 11 0
BBX 11 14 0 -1
BITMAP
FD00
FD80
FDC0
FC00
FFE0
FFE0
FBE0
F1E0
E8E0
FBE0
FBE0
FBE0
FFE0
7FC0
ENDCHAR
STARTCHAR EE3E
ENCODING 60990
SWIDTH 660 0
DWIDTH 11 0
BBX 11 11 0 0
BITMAP
4000
6E00
3B00
3980
6CC0
C460
80C0
FF80
7F00
3E00
1C00
ENDCHAR
STARTCHAR EE3F
ENCODING 60991
SWIDTH 660 0
DWIDTH 11 0
BBX 11 10 0 1
BITMAP
4000
7E00
3300
7980
C880
8180
FF40
7E40
3CE0
1840
ENDCHAR
STARTCHAR EE40
ENCODING 60992
SWIDTH 660 0
DWIDTH 11 0
BBX 11 10 0 1
BITMAP
1F00
6C80
4300
AF80
B2A0
B6A0
3680
1680
0800
0800
ENDCHAR
STARTCHAR EE41
ENCODING 60993
SWIDTH 660 0
DWIDTH 11 0
BBX 10 6 0 3
BITMAP
0F80
DFC0
7EC0
7EC0
DFC0
0F00
ENDCHAR
STARTCHAR EE42
ENCODING 60994
SWIDTH 660 0
DWIDTH 11 0
BBX 11 10 0 1
BITMAP
3F00
6080
4040
BBC0
DDA0
B320
8040
4E40
6080
1F00
ENDCHAR
STARTCHAR EE43
ENCODING 60995
SWIDTH 660 0
DWIDTH 11 0
BBX 11 10 0 1
BITMAP
3F00
6080
4040
9240
9020
8020
8E40
5040
6080
1F00
ENDCHAR
STARTCHAR EE44
ENCODING 60996
SWIDTH 660 0
DWIDTH 11 0
BBX 11 10 0 1
BITMAP
FFE0
60C0
3F80
1F00
0E00
0400
0400
0400
0400
1F00
ENDCHAR
STARTCHAR EE45
ENCODING 60997
SWIDTH 660 0
DWIDTH 11 0
BBX 11 10 0 1
BITMAP
3F00
7080
7640
F840
E1E0
E0E0
F9C0
79C0
7F80
1F00
ENDCHAR
STARTCHAR EE46
ENCODING 60998
SWIDTH 660 0
DWIDTH 11 0
BBX 11 10 0 1
BITMAP
3F00
6780
47C0
8740
CF20
F1E0
F1C0
7BC0
7B80
1F00
ENDCHAR
STARTCHAR EE47
ENCODING 60999
SWIDTH 660 0
DWIDTH 11 0
BBX 11 10 0 1
BITMAP
3F00
6380
45C0
83C0
87E0
AFE0
FC40
7C40
7F80
1F00
ENDCHAR
STARTCHAR EE48
ENCODING 61000
SWIDTH 660 0
DWIDTH 11 0
BBX 11 10 0 1
BITMAP
3F00
6080
4040
9240
9020
8020
BF40
5F40
6080
1F00
ENDCHAR
STARTCHAR EE49
ENCODING 61001
SWIDTH 660 0
DWIDTH 11 0
BBX 11 10 0 1
BITMAP
3F00
6080
4040
9240
9020
8020
9F40
4E40
6080
1F00
ENDCHAR
STARTCHAR EE4A
ENCODING 61002
SWIDTH 660 0
DWIDTH 11 0
BBX 11 10 0 1
BITMAP
3F00
6080
4240
9A40
9220
8020
9F40
4E40
6080
1F00
ENDCHAR
STARTCHAR EE4B
ENCODING 61003
SWIDTH 660 0
DWIDTH 11 0
BBX 11 10 0 1
BITMAP
3F00
6080
4040
9B40
8020
8020
9F40
4E40
6080
1F00
ENDCHAR
STARTCHAR EE4C
ENCODING 61004
SWIDTH 660 0
DWIDTH 11 0
BBX 11 10 0 1
BITMAP
3F40
6060
4000
9B40
8020
8020
9F40
4E40
6080
1F00
ENDCHAR
STARTCHAR EE4D
ENCODING 61005
SWIDTH 660 0
DWIDTH 11 0
BBX 11 10 0 1
BITMAP
3F00
6080
4A40
BB40
9B20
8020
9F40
4E40
6080
1F00
ENDCHAR
STARTCHAR EE4E
ENCODING 61006
SWIDTH 660 0
DWIDTH 11 0
BBX 11 10 0 1
BITMAP
3F00
6080
4040
9340
9120
8020
9F40
4E40
6080
1F00
ENDCHAR
STARTCHAR EE4F
ENCODING 61007
SWIDTH 660 0
DWIDTH 11 0
BBX 11 10 0 1
BITMAP
3F60
60C0
4440
8640
8120
B120
9340
0E40
C080
DF00
ENDCHAR
STARTCHAR EE50
ENCODING 61008
SWIDTH 660 0
DWIDTH 11 0
BBX 11 10 0 1
BITMAP
3F00
6080
5040
BB40
9B20
8020
9F40
4E40
6080
1F00
ENDCHAR
STARTCHAR EE51
ENCODING 61009
SWIDTH 660 0
DWIDTH 11 0
BBX 11 8 0 2
BITMAP
1F00
2080
5A80
0100
C060
1E80
2080
1F00
ENDCHAR
STARTCHAR EE52
ENCODING 61010
SWIDTH 660 0
DWIDTH 11 0
BBX 11 10 0 1
BITMAP
3F00
6080
4040
9240
9020
8020
9F40
5240
7280
1F00
ENDCHAR
STARTCHAR EE53
ENCODING 61011
SWIDTH 660 0
DWIDTH 11 0
BBX 11 10 0 1
BITMAP
3F00
6080
4040
9340
9120
8020
BF40
5140
7280
1F00
ENDCHAR
STARTCHAR EE54
ENCODING 61012
SWIDTH 660 0
DWIDTH 11 0
BBX 11 10 0 1
BITMAP
3F00
6080
4340
94C0
A520
8220
9F40
5240
7280
1F00
ENDCHAR
STARTCHAR EE55
ENCODING 61013
SWIDTH 660 0
DWIDTH 11 0
BBX 11 10 0 1
BITMAP
3F00
6080
4040
9340
9020
8020
9F40
4E40
6080
1F00
ENDCHAR
STARTCHAR EE56
ENCODING 61014
SWIDTH 660 0
DWIDTH 11 0
BBX 11 8 0 2
BITMAP
EEC0
EEE0
EEE0
0000
0000
EEE0
EEE0
EEC0
ENDCHAR
STARTCHAR EE57
ENCODING 61015
SWIDTH 660 0
DWIDTH 11 0
BBX 11 15 0 -1
BITMAP
6080
F3E0
F3E0
F3E0
71C0
0000
F1C0
F3E0
F3E0
F1C0
0000
F1C0
F3E0
F3E0
F3E0
ENDCHAR
STARTCHAR EE58
ENCODING 61016
SWIDTH 660 0
DWIDTH 11 0
BBX 11 10 0 1
BITMAP
0E00
3180
40C0
C040
8040
8020
B1A0
B1A0
3180
1100
ENDCHAR
STARTCHAR EE59
ENCODING 61017
SWIDTH 660 0
DWIDTH 11 0
BBX 11 10 0 1
BITMAP
3F00
6080
4040
8040
B1A0
B1A0
31A0
1120
0C40
0FC0
ENDCHAR
STARTCHAR EE5A
ENCODING 61018
SWIDTH 660 0
DWIDTH 11 0
BBX 11 10 0 1
BITMAP
00C0
0360
0640
0CC0
1980
3D00
3E00
3E00
5000
C000
ENDCHAR
STARTCHAR EE5B
ENCODING 61019
SWIDTH 660 0
DWIDTH 11 0
BBX 11 10 0 1
BITMAP
3E00
1900
33E0
60C0
E040
80C0
60C0
F100
0B00
1F80
ENDCHAR
STARTCHAR EE5C
ENCODING 61020
SWIDTH 660 0
DWIDTH 11 0
BBX 11 10 0 1
BITMAP
E500
E580
0280
6240
F800
FFC0
D560
D560
D560
FFC0
ENDCHAR
STARTCHAR EE5D
ENCODING 61021
SWIDTH 660 0
DWIDTH 11 0
BBX 11 10 0 1
BITMAP
FFE0
7FC0
5A40
7FC0
5A40
7FC0
71C0
71C0
7FC0
F3E0
ENDCHAR
STARTCHAR EE5E
ENCODING 61022
SWIDTH 660 0
DWIDTH 11 0
BBX 11 8 0 2
BITMAP
0280
01C0
01C0
00A0
0000
0000
FEE0
7F60
ENDCHAR
STARTCHAR EE5F
ENCODING 61023
SWIDTH 660 0
DWIDTH 11 0
BBX 11 10 0 1
BITMAP
3F00
6080
4040
9240
9020
8420
8440
4440
6080
1F00
ENDCHAR
STARTCHAR EE60
ENCODING 61024
SWIDTH 660 0
DWIDTH 11 0
BBX 11 10 0 1
BITMAP
3F00
6080
4040
9B40
8020
8420
8440
4440
6080
1F00
ENDCHAR
STARTCHAR EE61
ENCODING 61025
SWIDTH 660 0
DWIDTH 11 0
BBX 11 10 0 1
BITMAP
3F00
6080
4040
9340
9020
8C20
8480
45C0
60E0
1E00
ENDCHAR
STARTCHAR EE62
ENCODING 61026
SWIDTH 660 0
DWIDTH 11 0
BBX 11 10 0 1
BITMAP
3F00
6080
4040
9340
8020
8020
9F40
4E40
6080
1F00
ENDCHAR
STARTCHAR EE63
ENCODING 61027
SWIDTH 660 0
DWIDTH 11 0
BBX 11 10 0 1
BITMAP
3F00
6080
4040
9B40
8020
8020
9F40
4E40
6080
1F00
ENDCHAR
STARTCHAR EE64
ENCODING 61028
SWIDTH 660 0
DWIDTH 11 0
BBX 11 10 0 1
BITMAP
3F00
6080
6140
9A40
A120
8020
9F40
4E40
6080
1F00
ENDCHAR
STARTCHAR EE65
ENCODING 61029
SWIDTH 660 0
DWIDTH 11 0
BBX 11 10 0 1
BITMAP
3F00
6080
4040
9340
8020
8020
9F40
4E40
6080
1F00
ENDCHAR
STARTCHAR EE66
ENCODING 61030
SWIDTH 660 0
DWIDTH 11 0
BBX 11 8 0 2
BITMAP
C700
5780
57C0
57C0
5780
4000
7FE0
1180
ENDCHAR
STARTCHAR EE67
ENCODING 61031
SWIDTH 660 0
DWIDTH 11 0
BBX 12 12 -1 1
BITMAP
0600
1BC0
27C0
4FC0
5C40
9C40
6C20
5C60
2F90
1DE0
0FC0
0300
ENDCHAR
STARTCHAR EE68
ENCODING 61032
SWIDTH 660 0
DWIDTH 11 0
BBX 11 10 0 1
BITMAP
0C00
1E00
1F00
7EE0
EEE0
E4E0
EAE0
EEE0
EEC0
8000
ENDCHAR
STARTCHAR EE69
ENCODING 61033
SWIDTH 660 0
DWIDTH 11 0
BBX 11 10 0 1
BITMAP
0C00
1E00
1B00
7EE0
EEE0
E4E0
EAE0
EEE0
EEC0
8000
ENDCHAR
STARTCHAR EE6A
ENCODING 61034
SWIDTH 660 0
DWIDTH 11 0
BBX 11 10 0 2
BITMAP
0FC0
1BE0
17C0
0F80
1700
3A00
7C00
7800
F000
E000
ENDCHAR
STARTCHAR EE6B
ENCODING 61035
SWIDTH 660 0
DWIDTH 11 0
BBX 10 10 0 1
BITMAP
F1C0
73C0
7180
1E00
3F00
3B80
3180
3380
3F00
1E00
ENDCHAR
STARTCHAR EE6C
ENCODING 61036
SWIDTH 660 0
DWIDTH 11 0
BBX 11 10 0 1
BITMAP
3F00
7B80
73C0
E5C0
E5E0
E5E0
C2C0
5AC0
5A80
3F00
ENDCHAR
STARTCHAR EE6D
ENCODING 61037
SWIDTH 660 0
DWIDTH 11 0
BBX 11 10 0 1
BITMAP
3F00
6080
4040
9240
9020
8020
8040
4040
6080
1F00
ENDCHAR
STARTCHAR EE6E
ENCODING 61038
SWIDTH 660 0
DWIDTH 11 0
BBX 11 10 0 1
BITMAP
3F00
6080
4040
BBC0
CCA0
B320
8040
4E40
6080
1F00
ENDCHAR
STARTCHAR EE6F
ENCODING 61039
SWIDTH 660 0
DWIDTH 11 0
BBX 11 14 0 -1
BITMAP
0400
0E00
1F00
1F00
3F00
3F00
3F00
3180
3180
3F80
3F80
0000
FFC0
FFE0
ENDCHAR
STARTCHAR EE70
ENCODING 61040
SWIDTH 660 0
DWIDTH 11 0
BBX 11 10 0 1
BITMAP
0060
01C0
0380
0000
FFE0
7FC0
7FC0
3F80
1F00
1F00
ENDCHAR
STARTCHAR EE71
ENCODING 61041
SWIDTH 660 0
DWIDTH 11 0
BBX 11 15 0 -1
BITMAP
8000
8000
8000
8000
9E00
B380
E0C0
C040
9340
9360
C040
4040
6180
3F00
0400
ENDCHAR
STARTCHAR EE72
ENCODING 61042
SWIDTH 660 0
DWIDTH 11 0
BBX 11 10 0 1
BITMAP
FF80
FFC0
FFE0
7F60
07C0
0F80
1C00
1C00
1C00
1C00
ENDCHAR
STARTCHAR EE73
ENCODING 61043
SWIDTH 660 0
DWIDTH 11 0
BBX 11 12 0 0
BITMAP
FFC0
F3E0
E6E0
D6E0
C0E0
D6E0
E1E0
FFE0
FFE0
C0E0
FFE0
FFC0
ENDCHAR
STARTCHAR EE74
ENCODING 61044
SWIDTH 660 0
DWIDTH 11 0
BBX 11 10 0 1
BITMAP
01C0
01E0
03C0
0780
0F00
7600
7800
5800
B800
6000
ENDCHAR
STARTCHAR EE75
ENCODING 61045
SWIDTH 660 0
DWIDTH 11 0
BBX 11 10 0 1
BITMAP
01C0
01E0
1EC0
3F00
3F80
6700
6700
5F00
BE00
7000
ENDCHAR
STARTCHAR EE76
ENCODING 61046
SWIDTH 660 0
DWIDTH 11 0
BBX 11 10 0 2
BITMAP
71C0
E9E0
F6C0
6F00
1F00
3E80
7D80
7B60
F3C0
E180
ENDCHAR
STARTCHAR EE77
ENCODING 61047
SWIDTH 660 0
DWIDTH 11 0
BBX 11 8 0 2
BITMAP
1800
9800
FC00
7E00
3F80
2380
0800
FFE0
ENDCHAR
STARTCHAR EE78
ENCODING 61048
SWIDTH 660 0
DWIDTH 11 0
BBX 11 8 0 2
BITMAP
70C0
3FC0
0F80
FF00
7C00
0000
0000
FFE0
ENDCHAR
STARTCHAR EE79
ENCODING 61049
SWIDTH 660 0
DWIDTH 11 0
BBX 11 12 0 0
BITMAP
FC00
C600
C600
C600
FC00
D8E0
CDC0
0780
0700
0F80
1CC0
1860
ENDCHAR
STARTCHAR EE7A
ENCODING 61050
SWIDTH 660 0
DWIDTH 11 0
BBX 11 12 0 0
BITMAP
0400
1E00
3480
40C0
C040
8E60
8E60
8E60
C060
60E0
3FE0
0FE0
ENDCHAR
STARTCHAR EE7B
ENCODING 61051
SWIDTH 660 0
DWIDTH 11 0
BBX 11 10 0 1
BITMAP
3F00
6080
4040
9140
A220
A520
AD40
6540
6180
1F00
ENDCHAR
STARTCHAR EE7C
ENCODING 61052
SWIDTH 660 0
DWIDTH 11 0
BBX 11 10 0 1
BITMAP
3F00
6080
4040
9240
9020
8020
9640
5940
6080
1F00
ENDCHAR
STARTCHAR EE7D
ENCODING 61053
SWIDTH 660 0
DWIDTH 11 0
BBX 11 10 0 1
BITMAP
3F00
7800
6000
E380
E3E0
E1E0
F040
7800
7E00
1F00
ENDCHAR
STARTCHAR EE7E
ENCODING 61054
SWIDTH 660 0
DWIDTH 11 0
BBX 11 8 0 2
BITMAP
FF00
9480
9440
FFE0
FFE0
DEE0
5280
2180
ENDCHAR
STARTCHAR EE7F
ENCODING 61055
SWIDTH 660 0
DWIDTH 11 0
BBX 10 8 0 2
BITMAP
1800
2800
2900
0F00
3BC0
3800
B7C0
2000
ENDCHAR
STARTCHAR EE80
ENCODING 61056
SWIDTH 660 0
DWIDTH 11 0
BBX 11 10 0 1
BITMAP
3F00
6080
4040
9B40
8020
8020
9140
4E40
6080
1F00
ENDCHAR
STARTCHAR EE81
ENCODING 61057
SWIDTH 660 0
DWIDTH 11 0
BBX 11 8 0 2
BITMAP
7FC0
5240
FFC0
9240
9160
FFC0
0400
1E00
ENDCHAR
STARTCHAR EE82
ENCODING 61058
SWIDTH 660 0
DWIDTH 11 0
BBX 11 8 0 2
BITMAP
0400
0E00
0E00
EDE0
F3C0
7FC0
7F80
1F00
ENDCHAR
STARTCHAR EE83
ENCODING 61059
SWIDTH 660 0
DWIDTH 11 0
BBX 11 10 0 1
BITMAP
0600
0F00
FF00
FF80
7FE0
7FC0
7F80
FF00
7F00
0700
ENDCHAR
STARTCHAR EE84
ENCODING 61060
SWIDTH 660 0
DWIDTH 11 0
BBX 10 10 0 1
BITMAP
3D40
3800
0140
7C00
FE40
C600
C600
C600
FE00
FE00
ENDCHAR
STARTCHAR EE85
ENCODING 61061
SWIDTH 660 0
DWIDTH 11 0
BBX 11 8 0 2
BITMAP
1700
2A00
55C0
ABE0
97E0
6FC0
0F80
1F00
ENDCHAR
STARTCHAR EE86
ENCODING 61062
SWIDTH 660 0
DWIDTH 11 0
BBX 11 10 0 1
BITMAP
0E00
1E00
0E00
0E00
0E00
7FC0
FFC0
FFE0
4040
7FC0
ENDCHAR
STARTCHAR EE87
ENCODING 61063
SWIDTH 660 0
DWIDTH 11 0
BBX 10 10 0 1
BITMAP
0400
0C00
0A00
FBC0
F840
7880
3900
3900
3E80
3180
ENDCHAR
STARTCHAR EE88
ENCODING 61064
SWIDTH 660 0
DWIDTH 11 0
BBX 11 14 0 -1
BITMAP
1F00
1100
1100
7F80
FFC0
FFE0
E0E0
FFE0
FFE0
FFE0
FFE0
FFE0
FFC0
2180
ENDCHAR
STARTCHAR EE89
ENCODING 61065
SWIDTH 660 0
DWIDTH 11 0
BBX 11 10 0 1
BITMAP
3F00
6080
4040
9240
9020
8020
8E40
4C40
6080
1F00
ENDCHAR
STARTCHAR EE8A
ENCODING 61066
SWIDTH 660 0
DWIDTH 11 0
BBX 11 10 0 1
BITMAP
F000
9200
F700
F780
9780
F700
F6C0
F5E0
F3E0
FFE0
ENDCHAR
STARTCHAR EE8B
ENCODING 61067
SWIDTH 660 0
DWIDTH 11 0
BBX 11 6 0 3
BITMAP
6780
6C00
1E00
1F00
6CC0
FFE0
ENDCHAR
STARTCHAR EE8C
ENCODING 61068
SWIDTH 660 0
DWIDTH 11 0
BBX 11 8 0 2
BITMAP
19C0
3560
3100
3F00
3F00
3100
4480
FFE0
ENDCHAR
STARTCHAR EE8D
ENCODING 61069
SWIDTH 660 0
DWIDTH 11 0
BBX 11 12 0 0
BITMAP
0C00
3F00
7FC0
FFE0
FFE0
F560
D560
FFE0
FFE0
7FC0
1F00
0C00
ENDCHAR
STARTCHAR EE8E
ENCODING 61070
SWIDTH 660 0
DWIDTH 11 0
BBX 10 8 0 2
BITMAP
CC00
2E00
1F00
0F00
3700
2900
3680
1E40
ENDCHAR
STARTCHAR EE8F
ENCODING 61071
SWIDTH 660 0
DWIDTH 11 0
BBX 11 10 0 1
BITMAP
3F00
6080
4040
9340
9120
8020
9E40
5B40
6080
1F00
ENDCHAR
STARTCHAR EE90
ENCODING 61072
SWIDTH 660 0
DWIDTH 11 0
BBX 11 12 0 0
BITMAP
7BC0
FDC0
FFE0
FFC0
7FC0
7F80
7F80
7B80
3380
3180
3180
3100
ENDCHAR
STARTCHAR EE91
ENCODING 61073
SWIDTH 660 0
DWIDTH 11 0
BBX 11 10 0 1
BITMAP
0800
1F00
37C0
0F40
0360
0460
0400
0C00
FFC0
FFC0
ENDCHAR
STARTCHAR EE92
ENCODING 61074
SWIDTH 660 0
DWIDTH 11 0
BBX 11 10 0 1
BITMAP
FFE0
BFE0
E0C0
40C0
40C0
40C0
40C0
E0C0
BFE0
E0E0
ENDCHAR
STARTCHAR EE93
ENCODING 61075
SWIDTH 660 0
DWIDTH 11 0
BBX 11 8 0 2
BITMAP
EEC0
9B60
9340
5240
4440
4480
2C80
3B00
ENDCHAR
STARTCHAR EE94
ENCODING 61076
SWIDTH 660 0
DWIDTH 11 0
BBX 11 10 0 1
BITMAP
0E00
1A00
3F80
7F80
7F80
7FC0
7FC0
FFC0
FFC0
FFE0
ENDCHAR
STARTCHAR EE95
ENCODING 61077
SWIDTH 660 0
DWIDTH 11 0
BBX 8 16 1 -2
BITMAP
7F
FF
C3
C3
C3
C1
C1
C3
63
7E
1C
18
18
18
7F
3E
ENDCHAR
STARTCHAR EE96
ENCODING 61078
SWIDTH 660 0
DWIDTH 11 0
BBX 10 4 0 4
BITMAP
A940
BAC0
DAC0
4B40
ENDCHAR
STARTCHAR EE97
ENCODING 61079
SWIDTH 660 0
DWIDTH 11 0
BBX 11 10 0 1
BITMAP
3B40
3840
0180
7C00
FE60
C600
C600
C600
FE00
FE00
ENDCHAR
STARTCHAR EE98
ENCODING 61080
SWIDTH 660 0
DWIDTH 11 0
BBX 11 12 0 0
BITMAP
0700
0600
0400
7F80
FFC0
FFC0
FFE0
FFE0
FFC0
7FC0
7F80
3F00
ENDCHAR
STARTCHAR EE99
ENCODING 61081
SWIDTH 660 0
DWIDTH 11 0
BBX 11 12 0 0
BITMAP
0E00
1A00
7FC0
DF60
F160
65C0
E5C0
F360
FFE0
7BC0
1E00
0E00
ENDCHAR
STARTCHAR EE9A
ENCODING 61082
SWIDTH 660 0
DWIDTH 11 0
BBX 11 6 0 3
BITMAP
E0C0
FFE0
FFC0
FFC0
E1E0
C0C0
ENDCHAR
STARTCHAR EE9B
ENCODING 61083
SWIDTH 660 0
DWIDTH 11 0
BBX 11 10 0 1
BITMAP
0E00
1E00
0E00
0400
FBE0
FBE0
FBE0
FBE0
FBE0
1A00
ENDCHAR
STARTCHAR EE9C
ENCODING 61084
SWIDTH 660 0
DWIDTH 11 0
BBX 11 10 0 1
BITMAP
1B00
3B80
7B80
7BC0
7BC0
FBE0
FBC0
7BC0
7B80
1B00
ENDCHAR
STARTCHAR EE9D
ENCODING 61085
SWIDTH 660 0
DWIDTH 11 0
BBX 11 10 0 1
BITMAP
1F00
3F80
6080
40C0
FFE0
9120
F3E0
FFC0
60C0
40C0
ENDCHAR
STARTCHAR EE9E
ENCODING 61086
SWIDTH 660 0
DWIDTH 11 0
BBX 11 8 0 2
BITMAP
3380
FFE0
FEE0
CC60
FEE0
FFE0
FFE0
FFC0
ENDCHAR
STARTCHAR EE9F
ENCODING 61087
SWIDTH 660 0
DWIDTH 11 0
BBX 11 8 0 2
BITMAP
3000
7F00
75C0
EE40
37C0
1FA0
11C0
0040
ENDCHAR
STARTCHAR EEA0
ENCODING 61088
SWIDTH 660 0
DWIDTH 11 0
BBX 11 8 0 2
BITMAP
3E00
4B00
4900
FFC0
FFE0
DE60
5240
2180
ENDCHAR
STARTCHAR EEA1
ENCODING 61089
SWIDTH 660 0
DWIDTH 11 0
BBX 11 10 0 1
BITMAP
7800
7CC0
6CC0
44E0
6CC0
5E40
7D40
7D40
FC80
FC00
ENDCHAR
STARTCHAR EEA2
ENCODING 61090
SWIDTH 660 0
DWIDTH 11 0
BBX 10 10 0 1
BITMAP
0E00
1F00
3F80
7D80
F0C0
ECC0
6D80
3F00
1E00
0C00
ENDCHAR
STARTCHAR EEA3
ENCODING 61091
SWIDTH 660 0
DWIDTH 11 0
BBX 11 10 0 1
BITMAP
FFC0
FFE0
41C0
4380
4700
4700
4180
40C0
FFE0
E0C0
ENDCHAR
STARTCHAR EEA4
ENCODING 61092
SWIDTH 660 0
DWIDTH 11 0
BBX 11 10 0 1
BITMAP
3F00
7F80
7FC0
FFC0
FFE0
DFE0
FEC0
61C0
7F80
1F00
ENDCHAR
STARTCHAR EEA5
ENCODING 61093
SWIDTH 660 0
DWIDTH 11 0
BBX 11 12 0 0
BITMAP
0C00
3F00
7FC0
EFC0
EDE0
EDE0
E1E0
EDE0
FDC0
7FC0
1F00
0C00
ENDCHAR
STARTCHAR EEA6
ENCODING 61094
SWIDTH 660 0
DWIDTH 11 0
BBX 9 16 1 -2
BITMAP
C000
C000
C000
C000
C000
C000
C700
CE00
DC00
F800
F800
FC00
CC00
C600
C700
C380
ENDCHAR
STARTCHAR EEA7
ENCODING 61095
SWIDTH 660 0
DWIDTH 11 0
BBX 11 8 0 2
BITMAP
7F80
40C0
48C0
52C0
4AC0
40C0
FFE0
7FC0
ENDCHAR
STARTCHAR EEA8
ENCODING 61096
SWIDTH 660 0
DWIDTH 11 0
BBX 11 10 0 1
BITMAP
1E00
7FC0
FFE0
3F80
EEC0
7BC0
1F00
E5E0
7F80
1E00
ENDCHAR
STARTCHAR EEA9
ENCODING 61097
SWIDTH 660 0
DWIDTH 11 0
BBX 10 10 0 1
BITMAP
0400
1E00
3300
2C80
EEC0
EEC0
2580
3B00
0E00
0400
ENDCHAR
STARTCHAR EEAA
ENCODING 61098
SWIDTH 660 0
DWIDTH 11 0
BBX 11 8 0 2
BITMAP
0400
3500
3780
7F80
73C0
E2C0
F3E0
F1C0
ENDCHAR
STARTCHAR EEAB
ENCODING 61099
SWIDTH 660 0
DWIDTH 11 0
BBX 11 6 0 3
BITMAP
FFE0
D2E0
C2E0
EA60
DBE0
FFE0
ENDCHAR
STARTCHAR EEAC
ENCODING 61100
SWIDTH 660 0
DWIDTH 11 0
BBX 11 10 0 1
BITMAP
1C00
1C00
1D00
1D80
1C40
1C60
1860
0040
3CC0
FFE0
ENDCHAR
STARTCHAR EEAD
ENCODING 61101
SWIDTH 660 0
DWIDTH 11 0
BBX 11 12 0 0
BITMAP
F0E0
CBA0
AAA0
96A0
92A0
AAA0
E5A0
D4A0
CA20
D920
D520
E3C0
ENDCHAR
STARTCHAR EEAE
ENCODING 61102
SWIDTH 660 0
DWIDTH 11 0
BBX 10 6 0 3
BITMAP
1C00
0800
FFC0
BF80
7F00
3E00
ENDCHAR
STARTCHAR EEAF
ENCODING 61103
SWIDTH 660 0
DWIDTH 11 0
BBX 11 10 0 1
BITMAP
0600
0600
1F00
3F80
3F00
7FC0
7FC0
7FC0
FFE0
FFC0
ENDCHAR
STARTCHAR EEB0
ENCODING 61104
SWIDTH 660 0
DWIDTH 11 0
BBX 11 10 0 1
BITMAP
0600
0E00
0F00
1F80
0000
73C0
FBE0
FBE0
FBE0
73C0
ENDCHAR
STARTCHAR EEB1
ENCODING 61105
SWIDTH 660 0
DWIDTH 11 0
BBX 11 12 0 0
BITMAP
0C00
0C00
4C40
EDE0
7FC0
3F00
3F00
FFC0
ECE0
0C40
0C00
0C00
ENDCHAR
STARTCHAR EEB2
ENCODING 61106
SWIDTH 660 0
DWIDTH 11 0
BBX 11 10 0 1
BITMAP
3F00
7B80
4AC0
FBC0
BB60
FB60
F1C0
73C0
7F80
1F00
ENDCHAR
STARTCHAR EEB3
ENCODING 61107
SWIDTH 660 0
DWIDTH 11 0
BBX 11 10 0 1
BITMAP
3F00
7B80
7BC0
FBC0
FBE0
FBE0
F1C0
73C0
7F80
1F00
ENDCHAR
STARTCHAR EEB4
ENCODING 61108
SWIDTH 660 0
DWIDTH 11 0
BBX 11 8 0 2
BITMAP
FFC0
FFE0
A520
A520
FFE0
A520
FFE0
FFC0
ENDCHAR
STARTCHAR EEB5
ENCODING 61109
SWIDTH 660 0
DWIDTH 11 0
BBX 11 8 0 2
BITMAP
FFC0
E5E0
A520
FFC0
0000
FFE0
A520
FFC0
ENDCHAR
STARTCHAR EEB6
ENCODING 61110
SWIDTH 660 0
DWIDTH 11 0
BBX 11 8 0 2
BITMAP
7800
FFC0
DFE0
FD40
CFC0
6940
34C0
0780
ENDCHAR
STARTCHAR EEB7
ENCODING 61111
SWIDTH 660 0
DWIDTH 11 0
BBX 9 16 1 -2
BITMAP
7F00
FF80
F780
E380
E780
FF80
E780
E380
E780
FF80
E380
E380
F780
FF00
7E00
0800
ENDCHAR
STARTCHAR EEB8
ENCODING 61112
SWIDTH 660 0
DWIDTH 11 0
BBX 10 8 0 2
BITMAP
0E00
0900
7FC0
DE40
7180
5240
5A40
7380
ENDCHAR
STARTCHAR EEB9
ENCODING 61113
SWIDTH 660 0
DWIDTH 11 0
BBX 10 8 0 2
BITMAP
0E00
0B00
0900
7FC0
FFC0
CEC0
7A80
3100
ENDCHAR
STARTCHAR EEBA
ENCODING 61114
SWIDTH 660 0
DWIDTH 11 0
BBX 10 4 0 4
BITMAP
F9C0
6940
6980
B800
ENDCHAR
STARTCHAR EEBB
ENCODING 61115
SWIDTH 660 0
DWIDTH 11 0
BBX 11 8 0 2
BITMAP
FFC0
FFE0
EF60
E460
C560
DCE0
FFE0
FFC0
ENDCHAR
STARTCHAR EEBC
ENCODING 61116
SWIDTH 660 0
DWIDTH 11 0
BBX 11 10 0 1
BITMAP
FFC0
FBE0
C0E0
F3E0
FCE0
B1E0
F820
B380
FFC0
FFC0
ENDCHAR
STARTCHAR EEBD
ENCODING 61117
SWIDTH 660 0
DWIDTH 11 0
BBX 9 16 1 -2
BITMAP
1800
3E00
6700
6300
4300
6300
6700
3600
FF80
FF80
1800
1800
1800
1800
1800
0800
ENDCHAR
STARTCHAR EEBE
ENCODING 61118
SWIDTH 660 0
DWIDTH 11 0
BBX 11 12 0 0
BITMAP
7FE0
FBE0
FBE0
E0E0
FBE0
FBE0
FBE0
FFE0
FFE0
C0C0
FFC0
7FE0
ENDCHAR
STARTCHAR EEBF
ENCODING 61119
SWIDTH 660 0
DWIDTH 11 0
BBX 11 8 0 2
BITMAP
3C00
FF00
FF00
FC80
E3C0
F3E0
FBC0
7DC0
ENDCHAR
STARTCHAR EEC0
ENCODING 61120
SWIDTH 660 0
DWIDTH 11 0
BBX 11 8 0 2
BITMAP
5700
FD00
AF00
FFE0
AD20
FFE0
AFE0
FFE0
ENDCHAR
STARTCHAR EEC1
ENCODING 61121
SWIDTH 660 0
DWIDTH 11 0
BBX 11 10 0 1
BITMAP
0E00
3F80
7BC0
F3C0
F7E0
FDC0
7BC0
7F80
FF00
8000
ENDCHAR
STARTCHAR EEC2
ENCODING 61122
SWIDTH 660 0
DWIDTH 11 0
BBX 11 8 0 2
BITMAP
7C00
CE00
FF00
C7C0
6DC0
93E0
0FC0
07C0
ENDCHAR
STARTCHAR EEC3
ENCODING 61123
SWIDTH 660 0
DWIDTH 11 0
BBX 11 14 0 -1
BITMAP
0E00
0E00
0E00
7FC0
FFE0
FFE0
FFC0
0E00
0E00
0E00
0E00
0E00
0E00
0E00
ENDCHAR
STARTCHAR EEC4
ENCODING 61124
SWIDTH 660 0
DWIDTH 11 0
BBX 10 10 0 1
BITMAP
0E00
7F80
7580
5EC0
FBC0
DA40
5FC0
6580
7F80
0400
ENDCHAR
STARTCHAR EEC5
ENCODING 61125
SWIDTH 660 0
DWIDTH 11 0
BBX 11 10 0 1
BITMAP
0E00
7FC0
4040
DE60
5E40
8060
E0E0
F1E0
FFE0
FFC0
ENDCHAR
STARTCHAR EEC6
ENCODING 61126
SWIDTH 660 0
DWIDTH 11 0
BBX 11 10 0 1
BITMAP
7800
FC00
FFE0
FFE0
FFE0
E1E0
FFE0
FFE0
FFE0
7FC0
ENDCHAR
STARTCHAR EEC7
ENCODING 61127
SWIDTH 660 0
DWIDTH 11 0
BBX 11 10 0 1
BITMAP
7800
FC00
FFE0
FBE0
FBE0
E0E0
FBE0
FBE0
FFE0
7FC0
ENDCHAR
STARTCHAR EEC8
ENCODING 61128
SWIDTH 660 0
DWIDTH 11 0
BBX 11 10 0 1
BITMAP
FF80
FF80
7F00
3F00
1D80
0BC0
0EE0
0F60
03C0
0180
ENDCHAR
STARTCHAR EEC9
ENCODING 61129
SWIDTH 660 0
DWIDTH 11 0
BBX 11 10 0 1
BITMAP
3F80
3F80
6F80
6B80
7EC0
7AC0
7AC0
DF60
DB60
D360
ENDCHAR
STARTCHAR EECA
ENCODING 61130
SWIDTH 660 0
DWIDTH 11 0
BBX 11 10 0 1
BITMAP
2D00
3D80
3D80
3D80
3F80
3F80
F5E0
75C0
3F80
1F00
ENDCHAR
STARTCHAR EECB
ENCODING 61131
SWIDTH 660 0
DWIDTH 11 0
BBX 11 10 0 1
BITMAP
0400
2D80
3F80
3B80
F1E0
3180
7B80
7FC0
1E00
1B00
ENDCHAR
STARTCHAR EECC
ENCODING 61132
SWIDTH 660 0
DWIDTH 11 0
BBX 11 10 0 1
BITMAP
2080
64C0
E4C0
E5C0
E5E0
EEE0
6EC0
6FC0
3780
1E00
ENDCHAR
STARTCHAR EECD
ENCODING 61133
SWIDTH 660 0
DWIDTH 11 0
BBX 11 12 0 0
BITMAP
7FE0
FFE0
FEE0
FEE0
EAE0
EBE0
F1E0
FFE0
FFE0
C0C0
FFC0
7FE0
ENDCHAR
STARTCHAR EECE
ENCODING 61134
SWIDTH 660 0
DWIDTH 11 0
BBX 11 10 0 1
BITMAP
0C00
7380
8060
7380
ECC0
DF60
FBE0
FFE0
7F80
0400
ENDCHAR
STARTCHAR EECF
ENCODING 61135
SWIDTH 660 0
DWIDTH 11 0
BBX 11 10 0 1
BITMAP
0C00
6E80
5640
D540
DEE0
EEC0
75C0
7F80
1E00
0400
ENDCHAR
STARTCHAR EED0
ENCODING 61136
SWIDTH 660 0
DWIDTH 11 0
BBX 11 10 0 1
BITMAP
0E00
3F80
FFC0
FFC0
7A80
7A80
7A80
7A80
7F80
FFE0
ENDCHAR
STARTCHAR EED1
ENCODING 61137
SWIDTH 660 0
DWIDTH 11 0
BBX 11 10 0 1
BITMAP
7F00
7F00
7F00
6FE0
0360
FFE0
7BE0
B7E0
FC00
FC00
ENDCHAR
STARTCHAR EED2
ENCODING 61138
SWIDTH 660 0
DWIDTH 11 0
BBX 11 8 0 2
BITMAP
B6A0
0000
B6A0
B6A0
8420
FFC0
0400
3F00
ENDCHAR
STARTCHAR EED3
ENCODING 61139
SWIDTH 660 0
DWIDTH 11 0
BBX 11 8 0 2
BITMAP
C200
EF80
FFC0
FFC0
E000
DFE0
DDE0
D560
ENDCHAR
STARTCHAR EED4
ENCODING 61140
SWIDTH 660 0
DWIDTH 11 0
BBX 11 10 0 1
BITMAP
0100
06C0
7B80
0800
09C0
3F60
0C60
8660
CDC0
7880
ENDCHAR
STARTCHAR EED5
ENCODING 61141
SWIDTH 660 0
DWIDTH 11 0
BBX 11 8 0 2
BITMAP
3300
3100
1E00
BF60
7FC0
BF00
6AC0
1300
ENDCHAR
STARTCHAR EED6
ENCODING 61142
SWIDTH 660 0
DWIDTH 11 0
BBX 11 10 0 1
BITMAP
3F00
6580
44C0
C440
8460
8E60
F740
65C0
7580
1F00
ENDCHAR
STARTCHAR EED7
ENCODING 61143
SWIDTH 660 0
DWIDTH 11 0
BBX 11 8 0 2
BITMAP
0C00
0E00
0E00
1E00
1F80
DBE0
D3E0
D3E0
ENDCHAR
STARTCHAR EED8
ENCODING 61144
SWIDTH 660 0
DWIDTH 11 0
BBX 11 10 0 1
BITMAP
FFC0
FFE0
FBE0
FBE0
CBE0
CBE0
CAE0
CAE0
FFE0
FFC0
ENDCHAR
STARTCHAR EED9
ENCODING 61145
SWIDTH 660 0
DWIDTH 11 0
BBX 11 10 0 1
BITMAP
FFC0
FFE0
C3E0
FFE0
C0E0
E0E0
FFE0
C7E0
FFE0
FFC0
ENDCHAR
STARTCHAR EEDA
ENCODING 61146
SWIDTH 660 0
DWIDTH 11 0
BBX 11 14 0 -1
BITMAP
0300
0780
0380
0000
1C40
3EE0
3FC0
7B80
7800
7000
3800
1E00
FF00
FF00
ENDCHAR
STARTCHAR EEDB
ENCODING 61147
SWIDTH 660 0
DWIDTH 11 0
BBX 11 8 0 2
BITMAP
0A00
1300
3100
2B80
2B80
7BC0
FBE0
E1E0
ENDCHAR
STARTCHAR EEDC
ENCODING 61148
SWIDTH 660 0
DWIDTH 11 0
BBX 11 12 0 0
BITMAP
FFC0
F3E0
E7E0
CDE0
CDE0
CFE0
E3E0
FFE0
FFE0
4060
7FC0
FFC0
ENDCHAR
STARTCHAR EEDD
ENCODING 61149
SWIDTH 660 0
DWIDTH 11 0
BBX 11 10 0 1
BITMAP
3E00
7700
E700
EF80
FB80
E700
7F00
3F80
00C0
0060
ENDCHAR
STARTCHAR EEDE
ENCODING 61150
SWIDTH 660 0
DWIDTH 11 0
BBX 11 10 0 1
BITMAP
3E00
7F00
E300
EB80
E380
F700
7F00
3F80
00C0
0060
ENDCHAR
STARTCHAR EEDF
ENCODING 61151
SWIDTH 660 0
DWIDTH 11 0
BBX 11 10 0 1
BITMAP
1DE0
0000
1DE0
1DE0
1DE0
3BE0
77E0
EFC0
EF80
FF00
ENDCHAR
STARTCHAR EEE0
ENCODING 61152
SWIDTH 660 0
DWIDTH 11 0
BBX 11 8 0 2
BITMAP
07E0
0400
0400
CD00
E9C0
28C0
1960
1000
ENDCHAR
STARTCHAR EEE1
ENCODING 61153
SWIDTH 660 0
DWIDTH 11 0
BBX 10 10 0 1
BITMAP
3E00
7000
6000
E180
E7C0
E380
E3C0
6000
7000
1E00
ENDCHAR
STARTCHAR EEE2
ENCODING 61154
SWIDTH 660 0
DWIDTH 11 0
BBX 11 12 0 0
BITMAP
0400
0E00
1A00
FFE0
F140
60C0
61C0
F140
FFE0
1A00
0C00
0400
ENDCHAR
STARTCHAR EEE3
ENCODING 61155
SWIDTH 660 0
DWIDTH 11 0
BBX 11 8 0 2
BITMAP
0C00
1F00
1300
5340
DFC0
DFE0
DBE0
DBE0
ENDCHAR
STARTCHAR EEE4
ENCODING 61156
SWIDTH 660 0
DWIDTH 11 0
BBX 10 11 0 0
BITMAP
1800
7800
7FC0
5340
A640
9240
8E40
C0C0
7F80
2500
1A00
ENDCHAR
STARTCHAR EEE5
ENCODING 61157
SWIDTH 660 0
DWIDTH 11 0
BBX 11 8 0 2
BITMAP
FF60
FF60
FF60
FD60
E560
FB60
FF60
FF60
ENDCHAR
STARTCHAR EEE6
ENCODING 61158
SWIDTH 660 0
DWIDTH 11 0
BBX 11 10 0 1
BITMAP
FFE0
FFE0
6480
6480
FFC0
FFC0
6080
6080
6080
6080
ENDCHAR
STARTCHAR EEE7
ENCODING 61159
SWIDTH 660 0
DWIDTH 11 0
BBX 11 8 0 2
BITMAP
0E00
3F00
1100
7F80
20C0
2080
FFE0
44C0
ENDCHAR
STARTCHAR EEE8
ENCODING 61160
SWIDTH 660 0
DWIDTH 11 0
BBX 9 8 1 2
BITMAP
0800
1800
FA80
FB00
FB80
F800
1800
0800
ENDCHAR
STARTCHAR EEE9
ENCODING 61161
SWIDTH 660 0
DWIDTH 11 0
BBX 11 10 0 1
BITMAP
3F00
6180
45C0
C5C0
81E0
8FE0
DBC0
5BC0
7F80
1F00
ENDCHAR
STARTCHAR EEEA
ENCODING 61162
SWIDTH 660 0
DWIDTH 11 0
BBX 11 10 0 1
BITMAP
4FE0
6E00
EFC0
8E00
8FC0
EE00
6F80
5FC0
1DC0
1FC0
ENDCHAR
STARTCHAR EEEB
ENCODING 61163
SWIDTH 660 0
DWIDTH 11 0
BBX 11 12 0 0
BITMAP
7FE0
F1E0
F2E0
F1E0
FFE0
E6E0
F1E0
EE60
FFE0
C0C0
FFC0
7FE0
ENDCHAR
STARTCHAR EEEC
ENCODING 61164
SWIDTH 660 0
DWIDTH 11 0
BBX 11 10 0 1
BITMAP
0A00
0E00
0C00
0E00
1F00
3F80
7B80
F1C0
FFE0
FFC0
ENDCHAR
STARTCHAR EEED
ENCODING 61165
SWIDTH 660 0
DWIDTH 11 0
BBX 11 10 0 1
BITMAP
0120
01E0
C1A0
61C0
7E00
7F80
7F80
7E80
7C80
3E80
ENDCHAR
STARTCHAR EEEE
ENCODING 61166
SWIDTH 660 0
DWIDTH 11 0
BBX 11 12 0 0
BITMAP
1F00
2B80
2A80
2A80
2A80
2A80
0000
FFC0
FFE0
40C0
40C0
40C0
ENDCHAR
STARTCHAR EEEF
ENCODING 61167
SWIDTH 660 0
DWIDTH 11 0
BBX 10 8 0 2
BITMAP
0300
0700
0600
3300
7D80
FDC0
FE00
FE00
ENDCHAR
STARTCHAR EEF0
ENCODING 61168
SWIDTH 660 0
DWIDTH 11 0
BBX 11 8 0 2
BITMAP
2800
7C00
D400
7200
E780
2FC0
1FE0
1FC0
ENDCHAR
STARTCHAR EEF1
ENCODING 61169
SWIDTH 660 0
DWIDTH 11 0
BBX 11 6 0 3
BITMAP
7F00
A380
BFC0
BEE0
2AC0
2240
ENDCHAR
STARTCHAR EEF2
ENCODING 61170
SWIDTH 660 0
DWIDTH 11 0
BBX 11 12 0 0
BITMAP
0C00
3F00
D6C0
CEA0
BEE0
D420
B4A0
B660
8C20
F7C0
6580
1E00
ENDCHAR
STARTCHAR EEF3
ENCODING 61171
SWIDTH 660 0
DWIDTH 11 0
BBX 11 4 0 4
BITMAP
0E00
0E00
DFE0
E4C0
ENDCHAR
STARTCHAR EEF4
ENCODING 61172
SWIDTH 660 0
DWIDTH 11 0
BBX 11 10 0 1
BITMAP
FFE0
FFE0
FFE0
9360
B760
B660
92E0
FFE0
FFE0
FFE0
ENDCHAR
STARTCHAR EEF5
ENCODING 61173
SWIDTH 660 0
DWIDTH 11 0
BBX 11 12 0 0
BITMAP
0600
3D00
6EC0
5E80
C060
BEE0
EFA0
75C0
F3C0
0040
7B80
0800
ENDCHAR
STARTCHAR EEF6
ENCODING 61174
SWIDTH 660 0
DWIDTH 11 0
BBX 11 12 0 0
BITMAP
0E00
3F00
FFC0
3F80
DE60
F1E0
FBE0
FBE0
FBE0
FBC0
3B80
0A00
ENDCHAR
STARTCHAR EEF7
ENCODING 61175
SWIDTH 660 0
DWIDTH 11 0
BBX 11 10 0 1
BITMAP
0200
03C0
03E0
83C0
7E00
7F00
7F00
6300
6300
6200
ENDCHAR
STARTCHAR EEF8
ENCODING 61176
SWIDTH 660 0
DWIDTH 11 0
BBX 11 8 0 2
BITMAP
0780
27C0
7AC0
FB00
3B80
01C0
01E0
FFC0
ENDCHAR
STARTCHAR EEF9
ENCODING 61177
SWIDTH 660 0
DWIDTH 11 0
BBX 11 10 0 1
BITMAP
0780
0FC0
1FE0
1F00
1E00
1E00
7F00
F000
F000
3000
ENDCHAR
STARTCHAR EEFA
ENCODING 61178
SWIDTH 660 0
DWIDTH 11 0
BBX 11 10 0 1
BITMAP
2F00
7D80
3100
C4C0
E6E0
1600
F6E0
D6C0
F6E0
E6E0
ENDCHAR
STARTCHAR EEFB
ENCODING 61179
SWIDTH 660 0
DWIDTH 11 0
BBX 10 10 0 1
BITMAP
0C00
1E00
3300
6580
C7C0
58C0
2180
1B00
0E00
0C00
ENDCHAR
STARTCHAR EEFC
ENCODING 61180
SWIDTH 660 0
DWIDTH 11 0
BBX 11 10 0 1
BITMAP
FC00
FE00
F800
FF00
FF00
FF00
E000
DBA0
D3A0
DB40
ENDCHAR
STARTCHAR EEFD
ENCODING 61181
SWIDTH 660 0
DWIDTH 11 0
BBX 11 14 0 -1
BITMAP
0800
6B00
6B00
6B60
0360
F860
FB80
C7E0
FFC0
7FC0
3F80
1F80
1F80
1F80
ENDCHAR
STARTCHAR EEFE
ENCODING 61182
SWIDTH 660 0
DWIDTH 11 0
BBX 11 14 0 -1
BITMAP
1F00
7F80
7FC0
FFC0
ECE0
ECE0
FFE0
FFE0
FFE0
FFE0
FFE0
FFE0
FFE0
1300
ENDCHAR
STARTCHAR EEFF
ENCODING 61183
SWIDTH 660 0
DWIDTH 11 0
BBX 10 10 0 1
BITMAP
0E00
0F00
0780
03C0
0DC0
1C80
7800
F000
E000
4000
ENDCHAR
STARTCHAR EF00
ENCODING 61184
SWIDTH 660 0
DWIDTH 11 0
BBX 11 8 0 2
BITMAP
0400
C380
8780
F7A0
8420
FFC0
0400
3F00
ENDCHAR
STARTCHAR EF01
ENCODING 61185
SWIDTH 660 0
DWIDTH 11 0
BBX 11 10 0 1
BITMAP
0100
0700
0F00
1A00
1F00
1700
3300
3780
0000
FFE0
ENDCHAR
STARTCHAR EF02
ENCODING 61186
SWIDTH 660 0
DWIDTH 11 0
BBX 11 14 0 -1
BITMAP
0700
0700
2000
7400
6F40
EF60
EFE0
EC60
0C60
0660
1360
3360
3360
3360
ENDCHAR
STARTCHAR EF03
ENCODING 61187
SWIDTH 660 0
DWIDTH 11 0
BBX 11 8 0 2
BITMAP
0040
3F80
7FC0
7AA0
FFC0
FC00
6600
6200
ENDCHAR
STARTCHAR EF04
ENCODING 61188
SWIDTH 660 0
DWIDTH 11 0
BBX 11 10 0 1
BITMAP
01E0
03E0
03E0
7F40
FF00
BF00
3700
2300
3300
3200
ENDCHAR
STARTCHAR EF05
ENCODING 61189
SWIDTH 660 0
DWIDTH 11 0
BBX 10 10 0 1
BITMAP
0400
0E80
3F80
7F80
FFC0
77C0
7B80
7B80
7780
3380
ENDCHAR
STARTCHAR EF06
ENCODING 61190
SWIDTH 660 0
DWIDTH 11 0
BBX 11 12 0 0
BITMAP
1F00
3F80
0180
0180
FFE0
0F00
FFC0
FFE0
6000
6000
3F80
1F00
ENDCHAR
STARTCHAR EF07
ENCODING 61191
SWIDTH 660 0
DWIDTH 11 0
BBX 11 7 0 3
BITMAP
0E00
7F80
FFC0
CE60
CE60
FFC0
7BC0
ENDCHAR
STARTCHAR EF08
ENCODING 61192
SWIDTH 660 0
DWIDTH 11 0
BBX 11 10 0 1
BITMAP
0400
0C00
1A00
1300
3700
3F80
7FC0
FFC0
FFE0
7FC0
ENDCHAR
STARTCHAR EF09
ENCODING 61193
SWIDTH 660 0
DWIDTH 11 0
BBX 10 8 0 2
BITMAP
1E00
1200
1E00
FFC0
2100
7BC0
4A40
7BC0
ENDCHAR
STARTCHAR EF0A
ENCODING 61194
SWIDTH 660 0
DWIDTH 11 0
BBX 11 8 0 2
BITMAP
7000
8880
AC40
7960
4D60
73C0
3FC0
1F00
ENDCHAR
STARTCHAR EF0B
ENCODING 61195
SWIDTH 660 0
DWIDTH 11 0
BBX 11 8 0 2
BITMAP
3F00
71C0
C060
FFE0
F1E0
FFE0
7FC0
3F00
ENDCHAR
STARTCHAR EF0C
ENCODING 61196
SWIDTH 660 0
DWIDTH 11 0
BBX 10 13 0 -1
BITMAP
0200
0300
0300
3E00
7F00
2F00
0FC0
1CC0
0E00
F700
F300
0300
0200
ENDCHAR
STARTCHAR EF0D
ENCODING 61197
SWIDTH 660 0
DWIDTH 11 0
BBX 11 8 0 2
BITMAP
FF00
FF80
3F80
3F80
3F80
3800
3FE0
07C0
ENDCHAR
STARTCHAR EF0E
ENCODING 61198
SWIDTH 660 0
DWIDTH 11 0
BBX 11 12 0 0
BITMAP
1E00
3F00
3F80
2580
3F00
1E00
CE60
71C0
1F00
1F00
71C0
C060
ENDCHAR
STARTCHAR EF0F
ENCODING 61199
SWIDTH 660 0
DWIDTH 11 0
BBX 10 8 0 2
BITMAP
C000
2000
1000
0800
0600
0100
0080
0040
ENDCHAR
STARTCHAR EF10
ENCODING 61200
SWIDTH 660 0
DWIDTH 11 0
BBX 11 10 0 1
BITMAP
2100
2080
AEA0
BF40
7FC0
7FC0
BF40
BEA0
2C80
2100
ENDCHAR
STARTCHAR EF11
ENCODING 61201
SWIDTH 660 0
DWIDTH 11 0
BBX 11 10 0 1
BITMAP
3F80
7EC0
7FC0
7F60
7F60
7FC0
7CC0
FC00
FC00
F800
ENDCHAR
STARTCHAR EF12
ENCODING 61202
SWIDTH 660 0
DWIDTH 11 0
BBX 11 8 0 2
BITMAP
3880
2480
3FC0
7FE0
CFC0
CEC0
5940
78C0
ENDCHAR
STARTCHAR EF13
ENCODING 61203
SWIDTH 660 0
DWIDTH 11 0
BBX 11 12 0 0
BITMAP
1C00
1B00
0000
3F00
1F00
0E00
0000
2F00
77C0
F0C0
FBE0
FAE0
ENDCHAR
STARTCHAR EF14
ENCODING 61204
SWIDTH 660 0
DWIDTH 11 0
BBX 11 6 0 3
BITMAP
FFE0
FFE0
CE60
DE60
FBE0
F1C0
ENDCHAR
STARTCHAR EF15
ENCODING 61205
SWIDTH 660 0
DWIDTH 11 0
BBX 11 10 0 1
BITMAP
1860
40C0
E180
4700
0E00
1C00
3880
70C0
E000
6000
ENDCHAR
STARTCHAR EF16
ENCODING 61206
SWIDTH 660 0
DWIDTH 11 0
BBX 11 10 0 1
BITMAP
0380
0080
FF80
FF00
FFC0
FFC0
F060
F9C0
0800
3800
ENDCHAR
STARTCHAR EF17
ENCODING 61207
SWIDTH 660 0
DWIDTH 11 0
BBX 11 10 0 1
BITMAP
00C0
01E0
0F80
1F00
3700
6300
C200
E400
7800
3000
ENDCHAR
STARTCHAR EF18
ENCODING 61208
SWIDTH 660 0
DWIDTH 11 0
BBX 10 6 0 3
BITMAP
1F00
77C0
B6C0
7BC0
2D40
1000
ENDCHAR
STARTCHAR EF19
ENCODING 61209
SWIDTH 660 0
DWIDTH 11 0
BBX 10 10 0 1
BITMAP
0800
1400
1C00
3600
3600
6340
A2C0
8180
0080
0080
ENDCHAR
STARTCHAR EF1A
ENCODING 61210
SWIDTH 660 0
DWIDTH 11 0
BBX 11 10 0 1
BITMAP
3B00
7F80
7FC0
FFC0
FFE0
F1C0
0E00
DE40
DE40
0E00
ENDCHAR
STARTCHAR EF1B
ENCODING 61211
SWIDTH 660 0
DWIDTH 11 0
BBX 10 10 0 1
BITMAP
0080
0100
3900
7E80
FEC0
FF00
FF00
0000
7A00
A800
ENDCHAR
STARTCHAR EF1C
ENCODING 61212
SWIDTH 660 0
DWIDTH 11 0
BBX 11 10 0 1
BITMAP
3B00
7F80
7FC0
FFC0
FFE0
FFC0
0000
0480
6480
6CC0
ENDCHAR
STARTCHAR EF1D
ENCODING 61213
SWIDTH 660 0
DWIDTH 11 0
BBX 11 10 0 1
BITMAP
3B00
7F80
7F80
FFC0
FFE0
FFC0
0000
5280
D480
9500
ENDCHAR
STARTCHAR EF1E
ENCODING 61214
SWIDTH 660 0
DWIDTH 11 0
BBX 11 8 0 2
BITMAP
2800
F600
D780
6FC0
FFE0
2FC0
0000
0D80
ENDCHAR
STARTCHAR EF1F
ENCODING 61215
SWIDTH 660 0
DWIDTH 11 0
BBX 10 8 0 2
BITMAP
6000
6000
FF80
DFC0
1F80
0000
1F80
1980
ENDCHAR
STARTCHAR EF20
ENCODING 61216
SWIDTH 660 0
DWIDTH 11 0
BBX 11 12 0 0
BITMAP
C800
FFE0
FBC0
DE60
E3E0
FC20
FFE0
D800
FFE0
C380
C000
8000
ENDCHAR
STARTCHAR EF21
ENCODING 61217
SWIDTH 660 0
DWIDTH 11 0
BBX 11 14 0 -1
BITMAP
1800
3800
7800
FF00
F380
E0C0
E4C0
E4E0
61E0
7BC0
1FC0
07C0
0780
0600
ENDCHAR
STARTCHAR EF22
ENCODING 61218
SWIDTH 660 0
DWIDTH 11 0
BBX 11 10 0 1
BITMAP
0E00
3F00
3F80
7F80
7FC0
0000
7A80
7A80
7F80
FFE0
ENDCHAR
STARTCHAR EF23
ENCODING 61219
SWIDTH 660 0
DWIDTH 11 0
BBX 10 10 0 1
BITMAP
04C0
0FC0
3FC0
7F80
C3C0
9180
8180
CB00
6700
3E00
ENDCHAR
STARTCHAR EF24
ENCODING 61220
SWIDTH 660 0
DWIDTH 11 0
BBX 11 10 0 1
BITMAP
0FA0
CFE0
4BE0
CBE0
FBE0
D3E0
CBE0
EFE0
A860
A800
ENDCHAR
STARTCHAR EF25
ENCODING 61221
SWIDTH 660 0
DWIDTH 11 0
BBX 11 12 0 0
BITMAP
0600
0600
0F00
3F80
3D80
7AC0
E5E0
DCE0
7FC0
0E00
0800
1000
ENDCHAR
STARTCHAR EF26
ENCODING 61222
SWIDTH 660 0
DWIDTH 11 0
BBX 11 8 0 2
BITMAP
0E00
3180
5EC0
F540
BAC0
B2A0
B2A0
B080
ENDCHAR
STARTCHAR EF27
ENCODING 61223
SWIDTH 660 0
DWIDTH 11 0
BBX 12 10 -1 1
BITMAP
1980
2440
2680
3940
F5F0
B5A0
5040
2FC0
2240
1980
ENDCHAR
STARTCHAR EF28
ENCODING 61224
SWIDTH 660 0
DWIDTH 11 0
BBX 11 8 0 2
BITMAP
7F00
FF80
9480
FF80
FF80
FFA0
C6E0
C640
ENDCHAR
STARTCHAR EF29
ENCODING 61225
SWIDTH 660 0
DWIDTH 11 0
BBX 10 8 0 2
BITMAP
7E00
7FC0
7FC0
7FC0
0700
0000
7FC0
FD80
ENDCHAR
STARTCHAR EF2A
ENCODING 61226
SWIDTH 660 0
DWIDTH 11 0
BBX 11 10 0 1
BITMAP
79C0
4960
69C0
6880
6800
6800
FC00
B400
CC00
7800
ENDCHAR
STARTCHAR EF2B
ENCODING 61227
SWIDTH 660 0
DWIDTH 11 0
BBX 11 10 0 1
BITMAP
79C0
4960
49C0
4880
4800
6800
FC00
B400
CC00
7800
ENDCHAR
STARTCHAR EF2C
ENCODING 61228
SWIDTH 660 0
DWIDTH 11 0
BBX 11 10 0 1
BITMAP
3B00
7F80
7F80
FFC0
FAE0
F7C0
0C00
1F00
0C00
0800
ENDCHAR
STARTCHAR EF2D
ENCODING 61229
SWIDTH 660 0
DWIDTH 11 0
BBX 11 12 0 0
BITMAP
FFC0
FF80
0000
7F80
7F80
0000
1FC0
07E0
0000
01C0
0180
0100
ENDCHAR
STARTCHAR EF2E
ENCODING 61230
SWIDTH 660 0
DWIDTH 11 0
BBX 11 10 0 1
BITMAP
3F00
3F80
1D00
0400
0E00
1300
2980
7F80
FFC0
FFE0
ENDCHAR
STARTCHAR EF2F
ENCODING 61231
SWIDTH 660 0
DWIDTH 11 0
BBX 11 8 0 2
BITMAP
3F80
3F80
3D80
3380
3F80
BFE0
8060
FFE0
ENDCHAR
STARTCHAR EF30
ENCODING 61232
SWIDTH 660 0
DWIDTH 11 0
BBX 11 7 0 2
BITMAP
4400
FFE0
0000
6CC0
FB60
0000
FFC0
ENDCHAR
STARTCHAR EF31
ENCODING 61233
SWIDTH 660 0
DWIDTH 11 0
BBX 11 10 0 1
BITMAP
0E00
0600
1700
3300
3980
79C0
00C0
FEE0
7E40
7F40
ENDCHAR
STARTCHAR EF32
ENCODING 61234
SWIDTH 660 0
DWIDTH 11 0
BBX 10 10 0 1
BITMAP
0400
0C00
0E00
0E00
0F00
3F00
3780
7F80
7BC0
F3C0
ENDCHAR
STARTCHAR EF33
ENCODING 61235
SWIDTH 660 0
DWIDTH 11 0
BBX 11 14 0 -1
BITMAP
0C00
1E00
1E00
CE40
E1E0
7FC0
3F00
1F00
0000
3100
7380
7180
3B80
1300
ENDCHAR
STARTCHAR EF34
ENCODING 61236
SWIDTH 660 0
DWIDTH 11 0
BBX 11 10 0 1
BITMAP
6000
7000
F8E0
0080
FF80
FF80
7F00
3E00
4100
6180
ENDCHAR
STARTCHAR EF35
ENCODING 61237
SWIDTH 660 0
DWIDTH 11 0
BBX 11 10 0 1
BITMAP
0100
2D00
3D00
3F00
7BC0
9220
2E80
2F00
0E00
3100
ENDCHAR
STARTCHAR EF36
ENCODING 61238
SWIDTH 660 0
DWIDTH 11 0
BBX 11 10 0 1
BITMAP
0F00
0180
CEC0
C340
D140
D9E0
CC00
CC00
FC00
7800
ENDCHAR
STARTCHAR EF37
ENCODING 61239
SWIDTH 660 0
DWIDTH 11 0
BBX 11 12 0 0
BITMAP
3100
7FC0
FFE0
FFE0
FFE0
FFE0
C7E0
C7E0
C7E0
FFE0
FFE0
FFC0
ENDCHAR
STARTCHAR EF38
ENCODING 61240
SWIDTH 660 0
DWIDTH 11 0
BBX 11 12 0 0
BITMAP
3100
7FC0
FFE0
FFE0
FFE0
FFE0
C060
C060
FFE0
FFE0
FFE0
FFC0
ENDCHAR
STARTCHAR EF39
ENCODING 61241
SWIDTH 660 0
DWIDTH 11 0
BBX 10 11 0 1
BITMAP
0400
1E00
1E80
EEC0
7FC0
FFC0
3F80
1F00
0400
0400
0400
ENDCHAR
STARTCHAR EF3A
ENCODING 61242
SWIDTH 660 0
DWIDTH 11 0
BBX 11 10 0 1
BITMAP
07C0
0540
06E0
0120
03C0
0E80
1700
7C00
F000
E000
ENDCHAR
STARTCHAR EF3B
ENCODING 61243
SWIDTH 660 0
DWIDTH 11 0
BBX 10 10 0 1
BITMAP
0100
0100
05C0
1EC0
2F00
3F00
7E00
5C00
6000
C000
ENDCHAR
STARTCHAR EF3C
ENCODING 61244
SWIDTH 660 0
DWIDTH 11 0
BBX 11 10 0 1
BITMAP
7E00
7E00
1000
7FC0
D540
FFC0
EAC0
FFE0
8060
FFC0
ENDCHAR
STARTCHAR EF3D
ENCODING 61245
SWIDTH 660 0
DWIDTH 11 0
BBX 10 10 0 1
BITMAP
0C00
3F80
6F80
3780
8040
F9C0
3E80
3F80
2F80
0400
ENDCHAR
STARTCHAR EF3E
ENCODING 61246
SWIDTH 660 0
DWIDTH 11 0
BBX 10 10 0 1
BITMAP
CAC0
7BC0
3B80
7BC0
0000
0000
7BC0
7B80
FBC0
C240
ENDCHAR
STARTCHAR EF3F
ENCODING 61247
SWIDTH 660 0
DWIDTH 11 0
BBX 11 10 0 1
BITMAP
6180
79E0
7FC0
3F80
0F00
3E00
7F80
FFC0
F3C0
2080
ENDCHAR
STARTCHAR EF40
ENCODING 61248
SWIDTH 660 0
DWIDTH 11 0
BBX 7 2 2 5
BITMAP
DA
F6
ENDCHAR
STARTCHAR EF41
ENCODING 61249
SWIDTH 660 0
DWIDTH 11 0
BBX 11 10 0 1
BITMAP
0E00
0E00
4E40
FFC0
FFE0
1F00
1F00
3F00
7380
3100
ENDCHAR
STARTCHAR EF42
ENCODING 61250
SWIDTH 660 0
DWIDTH 11 0
BBX 11 8 0 2
BITMAP
DBC0
DBE0
0000
FFC0
FFC0
7FC0
7FC0
4080
ENDCHAR
STARTCHAR EF43
ENCODING 61251
SWIDTH 660 0
DWIDTH 11 0
BBX 11 8 0 2
BITMAP
DF80
DE80
0100
FBC0
7FE0
7E60
7A40
4180
ENDCHAR
STARTCHAR EF44
ENCODING 61252
SWIDTH 660 0
DWIDTH 11 0
BBX 11 8 0 2
BITMAP
1F00
3F80
7F80
FFE0
FFE0
D560
D560
D560
ENDCHAR
STARTCHAR EF45
ENCODING 61253
SWIDTH 660 0
DWIDTH 11 0
BBX 11 4 0 4
BITMAP
C700
EDA0
B6C0
2900
ENDCHAR
STARTCHAR EF46
ENCODING 61254
SWIDTH 660 0
DWIDTH 11 0
BBX 11 10 0 1
BITMAP
3F00
7F80
78C0
FAC0
FBE0
C9E0
DBC0
D7C0
E780
FF00
ENDCHAR
STARTCHAR EF47
ENCODING 61255
SWIDTH 660 0
DWIDTH 11 0
BBX 11 16 0 -2
BITMAP
3F80
4440
8440
8420
8440
7F80
C440
8420
8420
4640
7F80
8400
8400
8400
5800
2000
ENDCHAR
STARTCHAR EF48
ENCODING 61256
SWIDTH 660 0
DWIDTH 11 0
BBX 11 8 0 2
BITMAP
3000
F800
F7C0
EFC0
EFE0
EFE0
EFE0
EFE0
ENDCHAR
STARTCHAR EF49
ENCODING 61257
SWIDTH 660 0
DWIDTH 11 0
BBX 11 8 0 2
BITMAP
3F00
2480
7F80
7FC0
7B80
2180
E0E0
61C0
ENDCHAR
STARTCHAR EF4A
ENCODING 61258
SWIDTH 660 0
DWIDTH 11 0
BBX 11 10 0 1
BITMAP
FFC0
FFE0
C040
C040
FFC0
7FC0
7FC0
7FC0
7F80
3F00
ENDCHAR
STARTCHAR EF4B
ENCODING 61259
SWIDTH 660 0
DWIDTH 11 0
BBX 11 10 0 1
BITMAP
3F00
7880
6C40
F140
F720
FB20
E0C0
6040
7080
1F00
ENDCHAR
STARTCHAR EF4C
ENCODING 61260
SWIDTH 660 0
DWIDTH 11 0
BBX 11 4 0 4
BITMAP
FFE0
0000
0000
FFE0
ENDCHAR
STARTCHAR EF4D
ENCODING 61261
SWIDTH 660 0
DWIDTH 11 0
BBX 7 16 2 -2
BITMAP
44
CE
CE
CE
CE
CE
CE
CE
CE
CE
CE
CE
CE
CE
CE
04
ENDCHAR
STARTCHAR EF4E
ENCODING 61262
SWIDTH 660 0
DWIDTH 11 0
BBX 10 10 0 0
BITMAP
00C0
00C0
0180
1F00
1E00
6600
E600
FC00
F800
7800
ENDCHAR
STARTCHAR EF4F
ENCODING 61263
SWIDTH 660 0
DWIDTH 11 0
BBX 11 9 0 2
BITMAP
3100
7BC0
FBC0
F7E0
F7C0
7BC0
3F80
1F00
0E00
ENDCHAR
STARTCHAR EF50
ENCODING 61264
SWIDTH 660 0
DWIDTH 11 0
BBX 11 10 0 1
BITMAP
0C00
0400
1B00
1300
0000
3B80
3B80
FBE0
E1C0
E1E0
ENDCHAR
STARTCHAR EF51
ENCODING 61265
SWIDTH 660 0
DWIDTH 11 0
BBX 11 10 0 2
BITMAP
0700
1F00
7F80
7FC0
FFC0
EFC0
F7E0
F9C0
FC00
FE00
ENDCHAR
STARTCHAR EF52
ENCODING 61266
SWIDTH 660 0
DWIDTH 11 0
BBX 11 10 0 1
BITMAP
FFE0
FFC0
7FC0
7FC0
7FC0
7DC0
10C0
0080
0080
0080
ENDCHAR
STARTCHAR EF53
ENCODING 61267
SWIDTH 660 0
DWIDTH 11 0
BBX 11 8 0 2
BITMAP
1F00
7F80
0000
FF40
FF60
1200
F3E0
F3E0
ENDCHAR
STARTCHAR EF54
ENCODING 61268
SWIDTH 660 0
DWIDTH 11 0
BBX 11 10 0 1
BITMAP
FFE0
EBE0
AB60
AB60
AB60
AB60
EBE0
9F60
E1E0
FFC0
ENDCHAR
STARTCHAR EF55
ENCODING 61269
SWIDTH 660 0
DWIDTH 11 0
BBX 11 10 0 1
BITMAP
FFE0
FFE0
EFE0
FEE0
EAE0
DAE0
D2E0
C660
FFE0
FFE0
ENDCHAR
STARTCHAR EF56
ENCODING 61270
SWIDTH 660 0
DWIDTH 11 0
BBX 10 10 0 2
BITMAP
0C00
1E00
3F00
7F80
F3C0
F3C0
7F80
3F00
1E00
0C00
ENDCHAR
STARTCHAR EF57
ENCODING 61271
SWIDTH 660 0
DWIDTH 11 0
BBX 11 6 0 3
BITMAP
3380
3F80
3380
4C80
CC60
CC40
ENDCHAR
STARTCHAR EF58
ENCODING 61272
SWIDTH 660 0
DWIDTH 11 0
BBX 11 12 0 0
BITMAP
7800
FC00
FE00
FE00
FEC0
7FE0
7FE0
7FC0
7F80
0000
7F80
7F80
ENDCHAR
STARTCHAR EF59
ENCODING 61273
SWIDTH 660 0
DWIDTH 11 0
BBX 11 10 0 1
BITMAP
4800
2C00
1400
0000
FFC0
FF60
FF60
FFC0
FF00
FF00
ENDCHAR
STARTCHAR EF5A
ENCODING 61274
SWIDTH 660 0
DWIDTH 11 0
BBX 11 10 0 1
BITMAP
2080
71C0
F3C0
F5E0
0C00
0000
0C00
0E00
1F00
0E00
ENDCHAR
STARTCHAR EF5B
ENCODING 61275
SWIDTH 660 0
DWIDTH 11 0
BBX 11 10 0 1
BITMAP
3F00
6180
51C0
F340
B7E0
8460
CC40
4EC0
7180
1F00
ENDCHAR
STARTCHAR EF5C
ENCODING 61276
SWIDTH 660 0
DWIDTH 11 0
BBX 11 14 0 -1
BITMAP
3380
CC40
9740
4C80
7380
5B40
64C0
C4A0
AEA0
D140
9240
5E80
3100
0E00
ENDCHAR
STARTCHAR EF5D
ENCODING 61277
SWIDTH 660 0
DWIDTH 11 0
BBX 11 8 0 2
BITMAP
1E00
1F00
3F80
DF80
E340
78E0
3FC0
07C0
ENDCHAR
STARTCHAR EF5E
ENCODING 61278
SWIDTH 660 0
DWIDTH 11 0
BBX 11 8 0 2
BITMAP
6480
0400
65C0
F5C0
F7E0
65C0
6540
6540
ENDCHAR
STARTCHAR EF5F
ENCODING 61279
SWIDTH 660 0
DWIDTH 11 0
BBX 11 10 0 1
BITMAP
1C80
37C0
33C0
1F80
6FC0
FE60
7F40
3D80
5C00
0C00
ENDCHAR
STARTCHAR EF60
ENCODING 61280
SWIDTH 660 0
DWIDTH 11 0
BBX 11 10 0 1
BITMAP
0F00
0180
0EC0
0340
C140
E9E0
F000
F800
7C00
3C00
ENDCHAR
STARTCHAR EF61
ENCODING 61281
SWIDTH 660 0
DWIDTH 11 0
BBX 11 14 0 -1
BITMAP
1FC0
3FE0
6960
E960
FFE0
FFE0
FFE0
FFE0
FFE0
FFE0
FFE0
FFE0
FFE0
7FC0
ENDCHAR
STARTCHAR EF62
ENCODING 61282
SWIDTH 660 0
DWIDTH 11 0
BBX 11 14 0 -1
BITMAP
FF00
FF80
FFC0
FFE0
FFE0
D260
D260
FFE0
C060
C060
FFE0
D260
FFE0
7FC0
ENDCHAR
STARTCHAR EF63
ENCODING 61283
SWIDTH 660 0
DWIDTH 11 0
BBX 10 12 0 0
BITMAP
00C0
00C0
1F00
1F80
0700
0600
0600
1B00
3100
A100
4040
23C0
ENDCHAR
STARTCHAR EF64
ENCODING 61284
SWIDTH 660 0
DWIDTH 11 0
BBX 10 9 0 1
BITMAP
3F00
7F80
7F40
8000
5FC0
3E80
2F00
1E00
0400
ENDCHAR
STARTCHAR EF65
ENCODING 61285
SWIDTH 660 0
DWIDTH 11 0
BBX 11 10 0 1
BITMAP
00C0
3380
2F00
0B80
04C0
C200
7600
1C00
0600
01E0
ENDCHAR
STARTCHAR EF66
ENCODING 61286
SWIDTH 660 0
DWIDTH 11 0
BBX 11 10 0 1
BITMAP
0200
0600
1C00
2E00
2F80
2D00
4700
5300
5720
FFC0
ENDCHAR
STARTCHAR EF67
ENCODING 61287
SWIDTH 660 0
DWIDTH 11 0
BBX 11 8 0 2
BITMAP
C000
6080
7180
7F80
7F80
3F00
0060
7FC0
ENDCHAR
STARTCHAR EF68
ENCODING 61288
SWIDTH 660 0
DWIDTH 11 0
BBX 11 10 0 1
BITMAP
0E00
3F80
7FC0
D6C0
D2E0
D640
7FC0
7F80
FF00
8000
ENDCHAR
STARTCHAR EF69
ENCODING 61289
SWIDTH 660 0
DWIDTH 11 0
BBX 11 10 0 1
BITMAP
08C0
0E80
0780
0FC0
0E60
1B00
F300
3300
0E00
01C0
ENDCHAR
STARTCHAR EF6A
ENCODING 61290
SWIDTH 660 0
DWIDTH 11 0
BBX 11 10 0 1
BITMAP
0E00
1600
CAA0
7FC0
1B00
1F00
3F00
3F80
3F00
1F00
ENDCHAR
STARTCHAR EF6B
ENCODING 61291
SWIDTH 660 0
DWIDTH 11 0
BBX 11 8 0 2
BITMAP
3C00
2400
6240
7EC0
7FC0
FFC0
99C0
FF60
ENDCHAR
STARTCHAR EF6C
ENCODING 61292
SWIDTH 660 0
DWIDTH 11 0
BBX 11 14 0 -1
BITMAP
0E00
3F80
7FC0
FFC0
F1E0
F1E0
F1E0
FFC0
7FC0
3F80
1E00
0E00
0E00
0E00
ENDCHAR
STARTCHAR EF6D
ENCODING 61293
SWIDTH 660 0
DWIDTH 11 0
BBX 11 6 0 3
BITMAP
1C80
7FC0
9FA0
EFC0
9500
6000
ENDCHAR
STARTCHAR EF6E
ENCODING 61294
SWIDTH 660 0
DWIDTH 11 0
BBX 11 12 0 0
BITMAP
FFE0
7FC0
0000
FFC0
FFE0
0C00
0C00
0C00
0C00
0C00
0C00
0C00
ENDCHAR
STARTCHAR EF6F
ENCODING 61295
SWIDTH 660 0
DWIDTH 11 0
BBX 11 12 0 0
BITMAP
FFE0
4FC0
7FC0
7FC0
7FC0
C0E0
E0E0
FFC0
7FC0
3F80
3F80
3F80
ENDCHAR
STARTCHAR EF70
ENCODING 61296
SWIDTH 660 0
DWIDTH 11 0
BBX 11 10 0 1
BITMAP
E300
F600
7660
3FC0
0CC0
1700
3F80
7BC0
B1E0
E0C0
ENDCHAR
STARTCHAR EF71
ENCODING 61297
SWIDTH 660 0
DWIDTH 11 0
BBX 11 10 0 1
BITMAP
1E00
01E0
3E00
C400
7F80
7FC0
5240
5240
7FC0
7FC0
ENDCHAR
STARTCHAR EF72
ENCODING 61298
SWIDTH 660 0
DWIDTH 11 0
BBX 11 10 0 1
BITMAP
1D80
3380
6180
4040
E060
E060
0040
63C0
3B80
0F80
ENDCHAR
STARTCHAR EF73
ENCODING 61299
SWIDTH 660 0
DWIDTH 11 0
BBX 11 12 0 1
BITMAP
7FC0
F020
C020
8020
DFE0
DBA0
DA60
FFE0
8840
8840
6080
1F00
ENDCHAR
STARTCHAR EF74
ENCODING 61300
SWIDTH 660 0
DWIDTH 11 0
BBX 10 6 0 3
BITMAP
3FC0
7F40
70C0
7FC0
E7C0
BF80
ENDCHAR
STARTCHAR EF75
ENCODING 61301
SWIDTH 660 0
DWIDTH 11 0
BBX 11 10 0 1
BITMAP
3F00
7B80
75C0
EFC0
EDE0
FDE0
DEC0
7FC0
7F80
1F00
ENDCHAR
STARTCHAR EF76
ENCODING 61302
SWIDTH 660 0
DWIDTH 11 0
BBX 11 14 0 -1
BITMAP
0C00
0C00
0E00
0F00
0F80
6780
E3C0
E3C0
E3E0
F7E0
FFC0
7FC0
3F80
1F00
ENDCHAR
STARTCHAR EF77
ENCODING 61303
SWIDTH 660 0
DWIDTH 11 0
BBX 11 10 0 1
BITMAP
0180
0380
06E0
0D80
1B00
3600
6C00
DC00
3000
2000
ENDCHAR
STARTCHAR EF78
ENCODING 61304
SWIDTH 660 0
DWIDTH 11 0
BBX 11 12 0 0
BITMAP
7FE0
FFE0
FBE0
FBE0
E0E0
FBE0
FBE0
FFE0
FFE0
C0C0
FFC0
7FE0
ENDCHAR
STARTCHAR EF79
ENCODING 61305
SWIDTH 660 0
DWIDTH 11 0
BBX 11 10 0 1
BITMAP
0E00
7F80
FFC0
FFE0
FFC0
7F80
7F80
7F80
7F80
3F80
ENDCHAR
STARTCHAR EF7A
ENCODING 61306
SWIDTH 660 0
DWIDTH 11 0
BBX 11 10 0 1
BITMAP
0300
0F80
1FC0
7FC0
FFE0
0000
FFE0
FFE0
FFE0
7FC0
ENDCHAR
STARTCHAR EF7B
ENCODING 61307
SWIDTH 660 0
DWIDTH 11 0
BBX 10 10 0 1
BITMAP
0400
0E80
3F80
7F80
FBC0
71C0
7B80
7F80
7F80
3F80
ENDCHAR
STARTCHAR EF7C
ENCODING 61308
SWIDTH 660 0
DWIDTH 11 0
BBX 11 14 0 -1
BITMAP
0E00
1F00
F3C0
FFE0
FFE0
F3E0
F1E0
F1E0
F3E0
FFE0
E0E0
C0E0
FFE0
7FC0
ENDCHAR
STARTCHAR EF7D
ENCODING 61309
SWIDTH 660 0
DWIDTH 11 0
BBX 11 10 0 1
BITMAP
0E00
3F80
7FC0
FBC0
E1E0
FBC0
7BC0
7F80
FF00
8000
ENDCHAR
STARTCHAR EF7E
ENCODING 61310
SWIDTH 660 0
DWIDTH 11 0
BBX 11 10 0 1
BITMAP
0300
0180
04C0
0C60
1780
1300
3E00
3800
6000
C000
ENDCHAR
STARTCHAR EF7F
ENCODING 61311
SWIDTH 660 0
DWIDTH 11 0
BBX 11 10 0 1
BITMAP
0600
0E00
FF00
FF80
6FE0
7FC0
7980
FF00
4700
0200
ENDCHAR
STARTCHAR EF80
ENCODING 61312
SWIDTH 660 0
DWIDTH 11 0
BBX 11 14 0 -1
BITMAP
0C00
3F00
3F80
6FC0
6FC0
DFC0
DFC0
DFE0
FFE0
FFC0
7FC0
7F80
3F00
0400
ENDCHAR
STARTCHAR EF81
ENCODING 61313
SWIDTH 660 0
DWIDTH 11 0
BBX 11 10 0 1
BITMAP
8700
87E0
FFE0
87E0
8000
8200
87E0
FFE0
07E0
07C0
ENDCHAR
STARTCHAR EF82
ENCODING 61314
SWIDTH 660 0
DWIDTH 11 0
BBX 10 10 0 1
BITMAP
1F00
7B80
7FC0
FFC0
0000
FFC0
FFC0
0000
FFC0
7FC0
ENDCHAR
STARTCHAR EF83
ENCODING 61315
SWIDTH 660 0
DWIDTH 11 0
BBX 11 14 0 -1
BITMAP
0400
0C00
0C00
0C00
0C00
1C00
3F00
3FE0
BFE0
FFE0
FFE0
FFC0
7FC0
1F00
ENDCHAR
STARTCHAR EF84
ENCODING 61316
SWIDTH 660 0
DWIDTH 11 0
BBX 11 8 0 2
BITMAP
0E00
2F80
7F80
7FC0
7FC0
7FC0
FFE0
7F80
ENDCHAR
STARTCHAR EF85
ENCODING 61317
SWIDTH 660 0
DWIDTH 11 0
BBX 10 10 0 1
BITMAP
0400
0E80
3F80
7F80
FFC0
7FC0
7F80
7380
7380
7180
ENDCHAR
STARTCHAR EF86
ENCODING 61318
SWIDTH 660 0
DWIDTH 11 0
BBX 11 10 0 1
BITMAP
FC00
FC00
CC00
FC00
FD80
FD80
FD80
FBC0
FFE0
FBC0
ENDCHAR
STARTCHAR EF87
ENCODING 61319
SWIDTH 660 0
DWIDTH 11 0
BBX 11 10 0 2
BITMAP
0DC0
1BE0
36C0
6D80
D960
B6C0
7D80
CB00
F600
EC00
ENDCHAR
STARTCHAR EF88
ENCODING 61320
SWIDTH 660 0
DWIDTH 11 0
BBX 11 14 0 -1
BITMAP
1E00
3F80
3F80
7F80
7FC0
FFE0
FFC0
0000
3F80
1F00
1F00
0E00
0C00
0400
ENDCHAR
STARTCHAR EF89
ENCODING 61321
SWIDTH 660 0
DWIDTH 11 0
BBX 11 8 0 2
BITMAP
7F80
40C0
44C0
4EC0
44C0
40C0
FFE0
7FC0
ENDCHAR
STARTCHAR EF8A
ENCODING 61322
SWIDTH 660 0
DWIDTH 11 0
BBX 11 8 0 2
BITMAP
FFC0
C060
8060
8060
FFE0
93E0
FFE0
FFC0
ENDCHAR
STARTCHAR EF8B
ENCODING 61323
SWIDTH 660 0
DWIDTH 11 0
BBX 11 10 0 1
BITMAP
0040
0340
01C0
05C0
05E0
0E00
0F80
1F80
7E00
FC00
ENDCHAR
STARTCHAR EF8C
ENCODING 61324
SWIDTH 660 0
DWIDTH 11 0
BBX 11 10 0 1
BITMAP
3E00
0F00
3B80
3DC0
6EC0
7FC0
7B60
5F40
FE00
E000
ENDCHAR
STARTCHAR EF8D
ENCODING 61325
SWIDTH 660 0
DWIDTH 11 0
BBX 11 10 0 1
BITMAP
1E00
0E00
0E00
3F00
7B80
77C0
F9C0
F1E0
FBE0
FFC0
ENDCHAR
STARTCHAR EF8E
ENCODING 61326
SWIDTH 660 0
DWIDTH 11 0
BBX 11 12 0 0
BITMAP
FFC0
FFE0
F3E0
EFE0
EDE0
C0E0
F3E0
FFE0
FFE0
4060
7FC0
FFC0
ENDCHAR
STARTCHAR EF8F
ENCODING 61327
SWIDTH 660 0
DWIDTH 11 0
BBX 11 8 0 2
BITMAP
FFC0
FE60
FFE0
0000
0000
FFE0
F060
FFC0
ENDCHAR
STARTCHAR EF90
ENCODING 61328
SWIDTH 660 0
DWIDTH 11 0
BBX 11 12 0 0
BITMAP
1F00
FFE0
0000
7FC0
7BC0
71C0
60C0
7BC0
7B80
7B80
7F80
7F80
ENDCHAR
STARTCHAR EF91
ENCODING 61329
SWIDTH 660 0
DWIDTH 11 0
BBX 11 12 0 0
BITMAP
1F00
FFE0
0000
7FC0
7BC0
71C0
60C0
7BC0
7BC0
7BC0
7FC0
7F80
ENDCHAR
STARTCHAR EF92
ENCODING 61330
SWIDTH 660 0
DWIDTH 11 0
BBX 11 12 0 0
BITMAP
0E00
3300
3B00
3F00
2100
1100
0E00
0000
7180
FBC0
FFE0
FFE0
ENDCHAR
STARTCHAR EF93
ENCODING 61331
SWIDTH 660 0
DWIDTH 11 0
BBX 11 12 0 0
BITMAP
0C00
1200
1100
2100
2480
5A80
5240
9240
8C40
8420
8A40
7180
ENDCHAR
STARTCHAR EF94
ENCODING 61332
SWIDTH 660 0
DWIDTH 11 0
BBX 9 9 1 1
BITMAP
1800
7500
5B00
E680
5380
3680
6B80
7C00
1800
ENDCHAR
STARTCHAR EF95
ENCODING 61333
SWIDTH 660 0
DWIDTH 11 0
BBX 10 8 0 2
BITMAP
7F80
7F80
7DC0
FDC0
7DC0
7DC0
7F80
7F80
ENDCHAR
STARTCHAR EF96
ENCODING 61334
SWIDTH 660 0
DWIDTH 11 0
BBX 10 12 0 0
BITMAP
0400
3F00
FFC0
3F80
0E00
E0C0
7B80
1E00
4040
71C0
1F00
0400
ENDCHAR
STARTCHAR EF97
ENCODING 61335
SWIDTH 660 0
DWIDTH 11 0
BBX 11 8 0 2
BITMAP
FFE0
8020
0020
C020
3020
D020
2820
ABE0
ENDCHAR
STARTCHAR EF98
ENCODING 61336
SWIDTH 660 0
DWIDTH 11 0
BBX 11 12 0 0
BITMAP
0C00
2FC0
6FC0
7FC0
FFE0
FF60
FFE0
7BE0
38E0
0240
06C0
0380
ENDCHAR
STARTCHAR EF99
ENCODING 61337
SWIDTH 660 0
DWIDTH 11 0
BBX 11 10 0 1
BITMAP
7FC0
FFC0
FF60
0A80
7DC0
4440
4440
8E40
5F40
3F80
ENDCHAR
STARTCHAR EF9A
ENCODING 61338
SWIDTH 660 0
DWIDTH 11 0
BBX 11 8 0 2
BITMAP
3400
7F80
7FC0
DEE0
FFC0
FFC0
3E00
1800
ENDCHAR
STARTCHAR EF9B
ENCODING 61339
SWIDTH 660 0
DWIDTH 11 0
BBX 11 6 0 3
BITMAP
FFC0
C060
FC60
7C60
0460
FDC0
ENDCHAR
STARTCHAR EF9C
ENCODING 61340
SWIDTH 660 0
DWIDTH 11 0
BBX 11 10 0 1
BITMAP
3F00
7F80
7DC0
EEC0
EBE0
CBE0
FBC0
7FC0
7F80
1F00
ENDCHAR
STARTCHAR EF9D
ENCODING 61341
SWIDTH 660 0
DWIDTH 11 0
BBX 10 8 0 2
BITMAP
3C00
2400
2400
E4C0
0500
0500
0500
0700
ENDCHAR
STARTCHAR EF9E
ENCODING 61342
SWIDTH 660 0
DWIDTH 11 0
BBX 11 10 0 1
BITMAP
0F00
3080
4040
4940
4020
4940
8640
4080
3F00
1300
ENDCHAR
STARTCHAR EF9F
ENCODING 61343
SWIDTH 660 0
DWIDTH 11 0
BBX 11 10 0 1
BITMAP
0300
0500
FC80
95C0
CE20
EC20
EFC0
FC80
0500
0300
ENDCHAR
STARTCHAR EFA0
ENCODING 61344
SWIDTH 660 0
DWIDTH 11 0
BBX 10 10 0 1
BITMAP
0C00
1600
3B00
7980
FAC0
FAC0
7B80
3B00
1E00
0C00
ENDCHAR
STARTCHAR EFA1
ENCODING 61345
SWIDTH 660 0
DWIDTH 11 0
BBX 11 10 0 1
BITMAP
FFE0
FFE0
FFE0
D2A0
B760
F760
D5E0
FFE0
FFE0
FFE0
ENDCHAR
STARTCHAR EFA2
ENCODING 61346
SWIDTH 660 0
DWIDTH 11 0
BBX 11 8 0 2
BITMAP
0200
0400
0F00
1800
7DC0
9620
9620
71C0
ENDCHAR
STARTCHAR EFA3
ENCODING 61347
SWIDTH 660 0
DWIDTH 11 0
BBX 11 10 0 1
BITMAP
FFC0
C460
C460
C460
FFE0
FFE0
C460
C460
C460
FFC0
ENDCHAR
STARTCHAR EFA4
ENCODING 61348
SWIDTH 660 0
DWIDTH 11 0
BBX 11 10 0 1
BITMAP
F560
0000
8460
0000
B540
9540
8400
8460
0000
F560
ENDCHAR
STARTCHAR EFA5
ENCODING 61349
SWIDTH 660 0
DWIDTH 11 0
BBX 11 10 0 1
BITMAP
FFE0
C000
C060
C000
C040
C040
C000
C060
C000
F560
ENDCHAR
STARTCHAR EFA6
ENCODING 61350
SWIDTH 660 0
DWIDTH 11 0
BBX 10 10 0 1
BITMAP
0800
0C00
0000
7800
F800
1C80
7780
D3C0
97C0
97C0
ENDCHAR
STARTCHAR EFA7
ENCODING 61351
SWIDTH 660 0
DWIDTH 11 0
BBX 11 10 0 1
BITMAP
0C00
1C00
1F80
1FC0
FBE0
FB40
7F00
1700
0700
0600
ENDCHAR
STARTCHAR EFA8
ENCODING 61352
SWIDTH 660 0
DWIDTH 11 0
BBX 11 10 0 2
BITMAP
FBE0
FA60
72E0
36E0
0600
3040
FC80
CDE0
CCC0
FD80
ENDCHAR
STARTCHAR EFA9
ENCODING 61353
SWIDTH 660 0
DWIDTH 11 0
BBX 11 10 0 1
BITMAP
01C0
01E0
03C0
01C0
01C0
0180
7380
FF00
FE00
F800
ENDCHAR
STARTCHAR EFAA
ENCODING 61354
SWIDTH 660 0
DWIDTH 11 0
BBX 11 10 0 1
BITMAP
FFC0
FFE0
FCE0
FCE0
FEE0
FCE0
C1E0
E7E0
FFE0
FFC0
ENDCHAR
STARTCHAR EFAB
ENCODING 61355
SWIDTH 660 0
DWIDTH 11 0
BBX 11 8 0 2
BITMAP
1FE0
1AE0
FE60
B860
FFE0
EFC0
A300
FF00
ENDCHAR
STARTCHAR EFAC
ENCODING 61356
SWIDTH 660 0
DWIDTH 11 0
BBX 10 8 0 2
BITMAP
DF80
3680
1400
0C00
0600
0900
0880
1C40
ENDCHAR
STARTCHAR EFAD
ENCODING 61357
SWIDTH 660 0
DWIDTH 11 0
BBX 10 10 0 1
BITMAP
23C0
20C0
2180
23C0
2000
2180
A980
FBC0
73C0
2240
ENDCHAR
STARTCHAR EFAE
ENCODING 61358
SWIDTH 660 0
DWIDTH 11 0
BBX 10 10 0 1
BITMAP
23C0
70C0
F980
ABC0
2000
2180
2180
23C0
23C0
2240
ENDCHAR
STARTCHAR EFAF
ENCODING 61359
SWIDTH 660 0
DWIDTH 11 0
BBX 11 8 0 2
BITMAP
2600
2000
2700
2000
2000
B780
F000
67E0
ENDCHAR
STARTCHAR EFB0
ENCODING 61360
SWIDTH 660 0
DWIDTH 11 0
BBX 11 8 0 2
BITMAP
6600
F000
B700
2000
2000
2780
2000
27E0
ENDCHAR
STARTCHAR EFB1
ENCODING 61361
SWIDTH 660 0
DWIDTH 11 0
BBX 11 10 0 1
BITMAP
21C0
2160
2160
21C0
2080
2000
A980
F880
71C0
21C0
ENDCHAR
STARTCHAR EFB2
ENCODING 61362
SWIDTH 660 0
DWIDTH 11 0
BBX 11 10 0 1
BITMAP
21C0
7160
F960
29C0
2080
2000
2180
2080
21C0
21C0
ENDCHAR
STARTCHAR EFB3
ENCODING 61363
SWIDTH 660 0
DWIDTH 11 0
BBX 11 10 0 1
BITMAP
2600
6500
6700
F500
9700
0060
00C0
0D80
0700
0200
ENDCHAR
STARTCHAR EFB4
ENCODING 61364
SWIDTH 660 0
DWIDTH 11 0
BBX 11 4 0 4
BITMAP
F3C0
8A60
8A60
7FC0
ENDCHAR
STARTCHAR EFB5
ENCODING 61365
SWIDTH 660 0
DWIDTH 11 0
BBX 10 10 0 1
BITMAP
3F80
4040
9E40
BD80
D680
CE80
AA80
9540
4440
3F80
ENDCHAR
STARTCHAR EFB6
ENCODING 61366
SWIDTH 660 0
DWIDTH 11 0
BBX 11 8 0 2
BITMAP
3F00
42C0
CAC0
CFE0
DAE0
8440
7FC0
3F00
ENDCHAR
STARTCHAR EFB7
ENCODING 61367
SWIDTH 660 0
DWIDTH 11 0
BBX 10 7 0 3
BITMAP
0200
1E00
1F00
1F00
DE40
7FC0
3F80
ENDCHAR
STARTCHAR EFB8
ENCODING 61368
SWIDTH 660 0
DWIDTH 11 0
BBX 11 6 0 4
BITMAP
1F00
3F00
0F00
7B80
FDC0
FF60
ENDCHAR
STARTCHAR EFB9
ENCODING 61369
SWIDTH 660 0
DWIDTH 11 0
BBX 11 4 0 4
BITMAP
B6C0
FAC0
FAA0
D4C0
ENDCHAR
STARTCHAR EFBA
ENCODING 61370
SWIDTH 660 0
DWIDTH 11 0
BBX 11 14 0 -1
BITMAP
3B00
7BC0
FBC0
FBE0
FBE0
0000
FFE0
FFE0
FFE0
FFE0
FFE0
FFC0
7FC0
3F00
ENDCHAR
STARTCHAR EFBB
ENCODING 61371
SWIDTH 660 0
DWIDTH 11 0
BBX 11 10 0 1
BITMAP
3F00
7F80
7FC0
ECC0
EF60
EF60
EEC0
7FC0
7F80
1F00
ENDCHAR
STARTCHAR EFBC
ENCODING 61372
SWIDTH 660 0
DWIDTH 11 0
BBX 11 10 0 1
BITMAP
01C0
0E00
7FC0
FFE0
FFE0
FC60
8460
FE60
FFE0
FFC0
ENDCHAR
STARTCHAR EFBD
ENCODING 61373
SWIDTH 660 0
DWIDTH 11 0
BBX 11 10 0 1
BITMAP
3F00
7F80
73C0
EEC0
FAE0
FAE0
EFC0
7BC0
7F80
1F00
ENDCHAR
STARTCHAR EFBE
ENCODING 61374
SWIDTH 660 0
DWIDTH 11 0
BBX 11 10 0 1
BITMAP
7FC0
FDE0
EEE0
F6E0
F2E0
F860
F860
E060
FFC0
7FC0
ENDCHAR
STARTCHAR EFBF
ENCODING 61375
SWIDTH 660 0
DWIDTH 11 0
BBX 11 10 0 1
BITMAP
3F00
7F80
7FC0
DEC0
DEE0
DEE0
CEC0
71C0
7F80
1F00
ENDCHAR
STARTCHAR EFC0
ENCODING 61376
SWIDTH 660 0
DWIDTH 11 0
BBX 11 14 0 -1
BITMAP
2000
2000
2D80
FFE0
E0E0
FFE0
E0E0
FFE0
E0E0
7FC0
7FC0
7FC0
7FC0
7F80
ENDCHAR
STARTCHAR EFC1
ENCODING 61377
SWIDTH 660 0
DWIDTH 11 0
BBX 11 8 0 2
BITMAP
FF00
FF80
89C0
89C0
F9C0
FFE0
4800
3000
ENDCHAR
STARTCHAR EFC2
ENCODING 61378
SWIDTH 660 0
DWIDTH 11 0
BBX 11 10 0 1
BITMAP
3FC0
7FE0
6FC0
75C0
71C0
61C0
FCC0
F680
FF80
7F00
ENDCHAR
STARTCHAR EFC3
ENCODING 61379
SWIDTH 660 0
DWIDTH 11 0
BBX 11 10 0 1
BITMAP
00E0
03C0
0F00
3C00
F000
F000
3C00
0F00
03C0
00E0
ENDCHAR
STARTCHAR EFC4
ENCODING 61380
SWIDTH 660 0
DWIDTH 11 0
BBX 11 10 0 2
BITMAP
01C0
0F00
3C00
7000
3C00
0780
01C0
0000
0000
FFE0
ENDCHAR
STARTCHAR EFC5
ENCODING 61381
SWIDTH 660 0
DWIDTH 11 0
BBX 11 7 0 3
BITMAP
7FC0
FFE0
4AC0
CAC0
FFE0
0000
FFE0
ENDCHAR
STARTCHAR EFC6
ENCODING 61382
SWIDTH 660 0
DWIDTH 11 0
BBX 10 8 0 2
BITMAP
CE00
2800
1C00
2D00
2700
1100
0E80
0E40
ENDCHAR
STARTCHAR EFC7
ENCODING 61383
SWIDTH 660 0
DWIDTH 11 0
BBX 11 8 0 3
BITMAP
07E0
FF60
B3E0
F1E0
F1E0
FB60
BFE0
F800
ENDCHAR
STARTCHAR EFC8
ENCODING 61384
SWIDTH 660 0
DWIDTH 11 0
BBX 11 8 0 3
BITMAP
07E0
FF60
B1E0
F5E0
F5E0
F360
BFE0
F800
ENDCHAR
STARTCHAR EFC9
ENCODING 61385
SWIDTH 660 0
DWIDTH 11 0
BBX 11 7 0 3
BITMAP
7FC0
FFE0
FE60
C660
FFE0
C060
FFE0
ENDCHAR
STARTCHAR EFCA
ENCODING 61386
SWIDTH 660 0
DWIDTH 11 0
BBX 11 7 0 3
BITMAP
7FC0
FFE0
CFE0
9FE0
EFE0
DFE0
FFE0
ENDCHAR
STARTCHAR EFCB
ENCODING 61387
SWIDTH 660 0
DWIDTH 11 0
BBX 11 12 0 0
BITMAP
0080
0180
0180
FFE0
FFC0
0600
0C00
FFC0
FFC0
3000
6000
2000
ENDCHAR
STARTCHAR EFCC
ENCODING 61388
SWIDTH 660 0
DWIDTH 11 0
BBX 11 10 0 1
BITMAP
3F00
7B80
5EC0
DFC0
FFE0
9FC0
FC00
7C00
7E00
1E00
ENDCHAR
STARTCHAR EFCD
ENCODING 61389
SWIDTH 660 0
DWIDTH 11 0
BBX 11 10 0 1
BITMAP
FFC0
FFE0
E1E0
E4E0
E4E0
E0E0
E7E0
E7E0
FFE0
FFC0
ENDCHAR
STARTCHAR EFCE
ENCODING 61390
SWIDTH 660 0
DWIDTH 11 0
BBX 11 8 0 2
BITMAP
F1E0
FFE0
F1E0
1000
1800
0F00
0F00
0F00
ENDCHAR
STARTCHAR EFCF
ENCODING 61391
SWIDTH 660 0
DWIDTH 11 0
BBX 9 8 1 2
BITMAP
0800
1800
F900
FA80
FB00
7900
1800
0800
ENDCHAR
STARTCHAR F000
ENCODING 61440
SWIDTH 660 0
DWIDTH 11 0
BBX 11 10 0 1
BITMAP
FFE0
60C0
3180
1B00
0E00
0400
0400
0400
0400
1F00
ENDCHAR
STARTCHAR F001
ENCODING 61441
SWIDTH 660 0
DWIDTH 11 0
BBX 11 10 0 1
BITMAP
01E0
0FE0
1FE0
1E60
1060
1060
11E0
F1E0
F1C0
F000
ENDCHAR
STARTCHAR F002
ENCODING 61442
SWIDTH 660 0
DWIDTH 11 0
BBX 11 10 0 1
BITMAP
3E00
6300
C100
8180
8180
C100
6300
3F80
00C0
0060
ENDCHAR
STARTCHAR F003
ENCODING 61443
SWIDTH 660 0
DWIDTH 11 0
BBX 11 8 0 2
BITMAP
FFC0
8020
C060
A1A0
9320
8E20
8020
FFC0
ENDCHAR
STARTCHAR F004
ENCODING 61444
SWIDTH 660 0
DWIDTH 11 0
BBX 11 9 0 2
BITMAP
3100
7FC0
FFC0
FFE0
FFC0
7FC0
3F80
1F00
0E00
ENDCHAR
STARTCHAR F005
ENCODING 61445
SWIDTH 660 0
DWIDTH 11 0
BBX 10 10 0 1
BITMAP
0400
0E00
0E00
FFC0
FFC0
7F80
3F00
3F00
3F80
3180
ENDCHAR
STARTCHAR F006
ENCODING 61446
SWIDTH 660 0
DWIDTH 11 0
BBX 10 10 0 1
BITMAP
0400
0C00
0A00
F3C0
C040
6080
2100
2100
3E80
2180
ENDCHAR
STARTCHAR F007
ENCODING 61447
SWIDTH 660 0
DWIDTH 11 0
BBX 11 12 0 0
BITMAP
1E00
1F00
3F00
3F00
1F00
0E00
0000
3F00
7FC0
FFC0
FFE0
FFE0
ENDCHAR
STARTCHAR F008
ENCODING 61448
SWIDTH 660 0
DWIDTH 11 0
BBX 11 10 0 1
BITMAP
7FC0
FFE0
A120
E1E0
BF20
BF60
E1E0
A120
FFE0
7FC0
ENDCHAR
STARTCHAR F009
ENCODING 61449
SWIDTH 660 0
DWIDTH 11 0
BBX 11 10 0 1
BITMAP
7FC0
FFE0
8460
8460
FFE0
FFE0
8460
8460
FFE0
7FC0
ENDCHAR
STARTCHAR F00A
ENCODING 61450
SWIDTH 660 0
DWIDTH 11 0
BBX 11 10 0 1
BITMAP
7FC0
FFE0
9260
FFE0
9260
9260
FFE0
9260
FFE0
7FC0
ENDCHAR
STARTCHAR F00B
ENCODING 61451
SWIDTH 660 0
DWIDTH 11 0
BBX 11 10 0 1
BITMAP
7FC0
FFE0
9060
FFE0
9060
9060
FFE0
9060
FFE0
7FC0
ENDCHAR
STARTCHAR F00C
ENCODING 61452
SWIDTH 660 0
DWIDTH 11 0
BBX 10 8 0 2
BITMAP
0040
00C0
0180
8300
C600
6C00
3800
1000
ENDCHAR
STARTCHAR F00D
ENCODING 61453
SWIDTH 660 0
DWIDTH 11 0
BBX 11 10 0 1
BITMAP
C0E0
E1C0
7380
3F00
1E00
1E00
3F00
7380
E1C0
C0E0
ENDCHAR
STARTCHAR F00E
ENCODING 61454
SWIDTH 660 0
DWIDTH 11 0
BBX 11 10 0 1
BITMAP
3E00
7F00
F700
C380
F780
F700
7F00
3F80
00C0
0060
ENDCHAR
STARTCHAR F00F
ENCODING 61455
SWIDTH 660 0
DWIDTH 11 0
BBX 11 8 0 2
BITMAP
3FC0
A820
A220
A320
AF20
BFE0
8000
7F80
ENDCHAR
STARTCHAR F010
ENCODING 61456
SWIDTH 660 0
DWIDTH 11 0
BBX 11 10 0 1
BITMAP
3E00
7F00
FF00
E380
FF80
FF00
7F00
3F80
00C0
0060
ENDCHAR
STARTCHAR F011
ENCODING 61457
SWIDTH 660 0
DWIDTH 11 0
BBX 11 11 0 1
BITMAP
0400
0400
6480
44C0
C440
8460
8460
C040
40C0
6180
3F00
ENDCHAR
STARTCHAR F012
ENCODING 61458
SWIDTH 660 0
DWIDTH 11 0
BBX 11 10 0 1
BITMAP
0060
0060
0160
0160
0560
0560
3560
B560
B560
8500
ENDCHAR
STARTCHAR F013
ENCODING 61459
SWIDTH 660 0
DWIDTH 11 0
BBX 11 12 0 0
BITMAP
0C00
0E00
5FC0
FFC0
F3C0
7180
7180
F3E0
FFC0
5F40
0E00
0400
ENDCHAR
STARTCHAR F014
ENCODING 61460
SWIDTH 660 0
DWIDTH 11 0
BBX 11 12 0 0
BITMAP
1F00
3100
FFE0
4040
5540
5540
5540
5540
5540
5540
4040
7F80
ENDCHAR
STARTCHAR F015
ENCODING 61461
SWIDTH 660 0
DWIDTH 11 0
BBX 10 10 0 1
BITMAP
0400
0E00
3F00
7F80
FFC0
7FC0
7F80
7380
7380
7180
ENDCHAR
STARTCHAR F016
ENCODING 61462
SWIDTH 660 0
DWIDTH 11 0
BBX 11 14 0 -1
BITMAP
FF00
8380
83C0
83C0
8060
8060
8060
8060
8060
8060
8060
8060
8060
7FC0
ENDCHAR
STARTCHAR F017
ENCODING 61463
SWIDTH 660 0
DWIDTH 11 0
BBX 11 10 0 1
BITMAP
3F00
6080
4440
8440
8420
8620
8140
4040
6080
1F00
ENDCHAR
STARTCHAR F018
ENCODING 61464
SWIDTH 660 0
DWIDTH 11 0
BBX 10 8 0 2
BITMAP
3B00
3B80
3F80
7B80
7BC0
FFC0
FBC0
FBC0
ENDCHAR
STARTCHAR F019
ENCODING 61465
SWIDTH 660 0
DWIDTH 11 0
BBX 11 10 0 1
BITMAP
0400
0400
0400
0400
3580
1F00
0E00
F5C0
FF60
FFC0
ENDCHAR
STARTCHAR F01A
ENCODING 61466
SWIDTH 660 0
DWIDTH 11 0
BBX 11 10 0 1
BITMAP
3F00
6080
4C40
8C40
8C20
9F20
8E40
4440
6080
1F00
ENDCHAR
STARTCHAR F01B
ENCODING 61467
SWIDTH 660 0
DWIDTH 11 0
BBX 11 10 0 1
BITMAP
3F00
6080
4440
9E40
9F20
8C20
8C40
4440
6080
1F00
ENDCHAR
STARTCHAR F01C
ENCODING 61468
SWIDTH 660 0
DWIDTH 11 0
BBX 11 10 0 1
BITMAP
3F80
7F80
40C0
4040
C040
C040
E1E0
FFE0
FFE0
7FC0
ENDCHAR
STARTCHAR F01D
ENCODING 61469
SWIDTH 660 0
DWIDTH 11 0
BBX 11 10 0 1
BITMAP
3F00
6080
4040
8C40
8E20
8E20
8840
4040
6080
1F00
ENDCHAR
STARTCHAR F01E
ENCODING 61470
SWIDTH 660 0
DWIDTH 11 0
BBX 11 10 0 1
BITMAP
1F60
73E0
40E0
C3E0
C000
C000
C000
6080
7380
1E00
ENDCHAR
STARTCHAR F01F
ENCODING 61471
SWIDTH 660 0
DWIDTH 11 0
BBX 11 10 0 2
BITMAP
01C0
01E0
06C0
0F00
1F00
3E00
7C00
7800
F000
E000
ENDCHAR
STARTCHAR F020
ENCODING 61472
SWIDTH 660 0
DWIDTH 11 0
BBX 11 10 0 1
BITMAP
01C0
1DE0
36C0
6F00
1F00
3E00
7C00
7800
F000
E000
ENDCHAR
STARTCHAR F021
ENCODING 61473
SWIDTH 660 0
DWIDTH 11 0
BBX 11 10 0 2
BITMAP
1E40
33E0
60E0
41E0
0000
0000
F0C0
E0C0
BF80
9E00
ENDCHAR
STARTCHAR F022
ENCODING 61474
SWIDTH 660 0
DWIDTH 11 0
BBX 11 8 0 2
BITMAP
FFC0
8020
AFA0
A020
AF20
AFA0
8020
FFC0
ENDCHAR
STARTCHAR F023
ENCODING 61475
SWIDTH 660 0
DWIDTH 11 0
BBX 11 12 0 0
BITMAP
1E00
3B00
3180
2180
7FC0
FFE0
FFE0
FFE0
FFE0
FFE0
FFE0
FFC0
ENDCHAR
STARTCHAR F024
ENCODING 61476
SWIDTH 660 0
DWIDTH 11 0
BBX 11 12 0 0
BITMAP
C800
FFE0
FFE0
FFE0
FFE0
FFE0
FFE0
FFE0
C180
C000
C000
8000
ENDCHAR
STARTCHAR F025
ENCODING 61477
SWIDTH 660 0
DWIDTH 11 0
BBX 11 10 0 1
BITMAP
0E00
3180
40C0
C040
8040
E0E0
E0E0
E0E0
E0C0
4000
ENDCHAR
STARTCHAR F026
ENCODING 61478
SWIDTH 660 0
DWIDTH 11 0
BBX 5 8 3 2
BITMAP
08
18
F8
F8
F8
78
18
08
ENDCHAR
STARTCHAR F027
ENCODING 61479
SWIDTH 660 0
DWIDTH 11 0
BBX 7 8 2 2
BITMAP
08
18
F8
FA
FA
F8
18
08
ENDCHAR
STARTCHAR F028
ENCODING 61480
SWIDTH 660 0
DWIDTH 11 0
BBX 11 8 0 2
BITMAP
0880
1940
78C0
FAA0
FAA0
78C0
1840
0880
ENDCHAR
STARTCHAR F029
ENCODING 61481
SWIDTH 660 0
DWIDTH 11 0
BBX 11 10 0 1
BITMAP
FBE0
DB60
DB60
F3C0
0000
0000
FBE0
DBE0
DBE0
F300
ENDCHAR
STARTCHAR F02A
ENCODING 61482
SWIDTH 660 0
DWIDTH 11 0
BBX 11 10 0 1
BITMAP
BEE0
BEE0
BEE0
BEE0
BEE0
BEE0
BEE0
BEE0
BEE0
A000
ENDCHAR
STARTCHAR F02B
ENCODING 61483
SWIDTH 660 0
DWIDTH 11 0
BBX 9 9 1 1
BITMAP
F800
FC00
9E00
FF00
FF80
FF80
7F00
3E00
1C00
ENDCHAR
STARTCHAR F02C
ENCODING 61484
SWIDTH 660 0
DWIDTH 11 0
BBX 11 9 0 1
BITMAP
FA00
FD00
DE80
FF40
FFE0
7FA0
3F40
1E80
0D00
ENDCHAR
STARTCHAR F02D
ENCODING 61485
SWIDTH 660 0
DWIDTH 11 0
BBX 11 12 0 0
BITMAP
7FE0
FFE0
FFE0
E0E0
FFE0
FFE0
FFE0
FFE0
FFE0
C0C0
FFC0
7FE0
ENDCHAR
STARTCHAR F02E
ENCODING 61486
SWIDTH 660 0
DWIDTH 11 0
BBX 11 14 0 -1
BITMAP
FFC0
FFE0
FFE0
FFE0
FFE0
FFE0
FFE0
FFE0
FFE0
FFE0
FFE0
F3E0
E0E0
C060
ENDCHAR
STARTCHAR F02F
ENCODING 61487
SWIDTH 660 0
DWIDTH 11 0
BBX 11 10 0 1
BITMAP
7F80
6080
6080
0000
FFE0
FFE0
FFE0
E0C0
6080
7F80
ENDCHAR
STARTCHAR F030
ENCODING 61488
SWIDTH 660 0
DWIDTH 11 0
BBX 11 10 0 1
BITMAP
1E00
1F00
FFE0
FFE0
F1E0
E1E0
F1E0
FBE0
FFE0
7FC0
ENDCHAR
STARTCHAR F031
ENCODING 61489
SWIDTH 660 0
DWIDTH 11 0
BBX 8 8 1 2
BITMAP
08
18
1C
14
24
3E
62
E3
ENDCHAR
STARTCHAR F032
ENCODING 61490
SWIDTH 660 0
DWIDTH 11 0
BBX 7 8 2 2
BITMAP
FC
44
44
7C
46
42
46
FC
ENDCHAR
STARTCHAR F033
ENCODING 61491
SWIDTH 660 0
DWIDTH 11 0
BBX 7 8 2 2
BITMAP
3E
08
18
10
30
20
20
F0
ENDCHAR
STARTCHAR F034
ENCODING 61492
SWIDTH 660 0
DWIDTH 11 0
BBX 11 8 0 2
BITMAP
FCC0
B5E0
3080
3080
3080
3080
31E0
78C0
ENDCHAR
STARTCHAR F035
ENCODING 61493
SWIDTH 660 0
DWIDTH 11 0
BBX 8 8 1 2
BITMAP
FF
89
08
1C
00
63
FF
62
ENDCHAR
STARTCHAR F036
ENCODING 61494
SWIDTH 660 0
DWIDTH 11 0
BBX 11 10 0 1
BITMAP
FE00
0000
0000
FFE0
0000
0000
FE00
0000
0000
FFE0
ENDCHAR
STARTCHAR F037
ENCODING 61495
SWIDTH 660 0
DWIDTH 11 0
BBX 11 10 0 1
BITMAP
3F00
0000
0000
FFE0
0000
0000
3F00
0000
0000
FFE0
ENDCHAR
STARTCHAR F038
ENCODING 61496
SWIDTH 660 0
DWIDTH 11 0
BBX 11 10 0 1
BITMAP
0FE0
0000
0000
FFE0
0000
0000
0FE0
0000
0000
FFE0
ENDCHAR
STARTCHAR F039
ENCODING 61497
SWIDTH 660 0
DWIDTH 11 0
BBX 11 10 0 1
BITMAP
FFE0
0000
0000
FFE0
0000
0000
FFE0
0000
0000
FFE0
ENDCHAR
STARTCHAR F03A
ENCODING 61498
SWIDTH 660 0
DWIDTH 11 0
BBX 11 9 0 2
BITMAP
C000
DFE0
C000
0000
DFC0
DFC0
0000
C000
DFE0
ENDCHAR
STARTCHAR F03B
ENCODING 61499
SWIDTH 660 0
DWIDTH 11 0
BBX 11 10 0 1
BITMAP
FFE0
0000
0000
27E0
E000
E000
27E0
0000
0000
FFE0
ENDCHAR
STARTCHAR F03C
ENCODING 61500
SWIDTH 660 0
DWIDTH 11 0
BBX 11 10 0 1
BITMAP
FFE0
0000
0000
C7E0
E000
E000
87E0
0000
0000
FFE0
ENDCHAR
STARTCHAR F03D
ENCODING 61501
SWIDTH 660 0
DWIDTH 11 0
BBX 11 7 0 3
BITMAP
7C00
FE60
FEE0
FEE0
FEE0
FEE0
FE60
ENDCHAR
STARTCHAR F03E
ENCODING 61502
SWIDTH 660 0
DWIDTH 11 0
BBX 11 10 0 1
BITMAP
7FC0
8020
B020
B020
8220
8620
BF20
BFA0
FFE0
7FC0
ENDCHAR
STARTCHAR F03F
ENCODING 61503
SWIDTH 660 0
DWIDTH 11 0
BBX 9 16 1 -2
BITMAP
1C00
3C00
3C00
3C00
3C00
3C00
3C00
3C00
3C00
3C00
FF80
FF00
7E00
3C00
1C00
0800
ENDCHAR
STARTCHAR F040
ENCODING 61504
SWIDTH 660 0
DWIDTH 11 0
BBX 11 10 0 2
BITMAP
01C0
01E0
06C0
0D00
1B00
3600
6C00
7800
9000
E000
ENDCHAR
STARTCHAR F041
ENCODING 61505
SWIDTH 660 0
DWIDTH 11 0
BBX 11 14 0 -1
BITMAP
1F00
3F80
7FC0
FFC0
FFE0
FFE0
FFC0
7FC0
7F80
3F80
3F00
1F00
0E00
0C00
ENDCHAR
STARTCHAR F042
ENCODING 61506
SWIDTH 660 0
DWIDTH 11 0
BBX 11 10 0 1
BITMAP
3F00
7980
78C0
F840
F860
F860
F840
78C0
7980
1F00
ENDCHAR
STARTCHAR F043
ENCODING 61507
SWIDTH 660 0
DWIDTH 11 0
BBX 11 14 0 -1
BITMAP
0C00
0E00
1F00
3F00
3F80
7FC0
7FC0
FFC0
FFE0
DFE0
DFC0
67C0
3F80
1F00
ENDCHAR
STARTCHAR F044
ENCODING 61508
SWIDTH 660 0
DWIDTH 11 0
BBX 10 10 0 1
BITMAP
0080
7940
4340
8480
8900
9200
9C80
8080
8080
7F00
ENDCHAR
STARTCHAR F045
ENCODING 61509
SWIDTH 660 0
DWIDTH 11 0
BBX 10 10 0 1
BITMAP
0100
E180
9E40
9040
AF80
9100
9000
8080
8080
7F80
ENDCHAR
STARTCHAR F046
ENCODING 61510
SWIDTH 660 0
DWIDTH 11 0
BBX 9 8 1 2
BITMAP
FF00
8080
8280
A480
B880
9080
8080
FF00
ENDCHAR
STARTCHAR F047
ENCODING 61511
SWIDTH 660 0
DWIDTH 11 0
BBX 10 10 0 1
BITMAP
0C00
1E00
0400
6480
FFC0
FFC0
6480
0400
1E00
0C00
ENDCHAR
STARTCHAR F048
ENCODING 61512
SWIDTH 660 0
DWIDTH 11 0
BBX 7 8 2 2
BITMAP
86
8E
9E
FE
BE
9E
8E
86
ENDCHAR
STARTCHAR F049
ENCODING 61513
SWIDTH 660 0
DWIDTH 11 0
BBX 11 8 0 2
BITMAP
8C60
9CE0
BDE0
FFE0
FFE0
BDE0
9CE0
8460
ENDCHAR
STARTCHAR F04A
ENCODING 61514
SWIDTH 660 0
DWIDTH 11 0
BBX 11 8 0 2
BITMAP
0860
18E0
79E0
FBE0
FBE0
39E0
18E0
0860
ENDCHAR
STARTCHAR F04B
ENCODING 61515
SWIDTH 660 0
DWIDTH 11 0
BBX 8 10 1 1
BITMAP
40
F0
F8
FE
FF
FF
FE
F8
E0
40
ENDCHAR
STARTCHAR F04C
ENCODING 61516
SWIDTH 660 0
DWIDTH 11 0
BBX 7 8 2 2
BITMAP
EE
EE
EE
EE
EE
EE
EE
CC
ENDCHAR
STARTCHAR F04D
ENCODING 61517
SWIDTH 660 0
DWIDTH 11 0
BBX 8 8 1 2
BITMAP
7F
FF
FF
FF
FF
FF
FF
7F
ENDCHAR
STARTCHAR F04E
ENCODING 61518
SWIDTH 660 0
DWIDTH 11 0
BBX 10 8 0 2
BITMAP
C600
E700
F780
FFC0
FFC0
F780
E700
8600
ENDCHAR
STARTCHAR F04F
ENCODING 61519
SWIDTH 660 0
DWIDTH 11 0
BBX 11 6 0 3
BITMAP
3000
7000
FFE0
FFE0
7000
3000
ENDCHAR
STARTCHAR F050
ENCODING 61520
SWIDTH 660 0
DWIDTH 11 0
BBX 11 8 0 2
BITMAP
C460
E660
F7E0
FFE0
FFE0
F760
E660
8460
ENDCHAR
STARTCHAR F051
ENCODING 61521
SWIDTH 660 0
DWIDTH 11 0
BBX 7 8 2 2
BITMAP
C6
E6
F6
FE
FE
F6
E6
86
ENDCHAR
STARTCHAR F052
ENCODING 61522
SWIDTH 660 0
DWIDTH 11 0
BBX 9 10 1 1
BITMAP
0800
1C00
3E00
7F00
FF80
FF80
0000
0000
FF80
FF00
ENDCHAR
STARTCHAR F053
ENCODING 61523
SWIDTH 660 0
DWIDTH 11 0
BBX 5 10 3 1
BITMAP
08
18
30
60
C0
C0
60
30
18
08
ENDCHAR
STARTCHAR F054
ENCODING 61524
SWIDTH 660 0
DWIDTH 11 0
BBX 5 10 3 1
BITMAP
80
C0
60
30
18
18
30
60
C0
80
ENDCHAR
STARTCHAR F055
ENCODING 61525
SWIDTH 660 0
DWIDTH 11 0
BBX 11 10 0 1
BITMAP
3F00
7F80
7FC0
FBC0
E1E0
FBE0
FBC0
7FC0
7F80
1F00
ENDCHAR
STARTCHAR F056
ENCODING 61526
SWIDTH 660 0
DWIDTH 11 0
BBX 11 10 0 1
BITMAP
3F00
7F80
7FC0
FFC0
F1E0
FFE0
FFC0
7FC0
7F80
1F00
ENDCHAR
STARTCHAR F057
ENCODING 61527
SWIDTH 660 0
DWIDTH 11 0
BBX 11 10 0 1
BITMAP
3F00
7F80
7FC0
F5C0
F3E0
F1E0
FDC0
7FC0
7F80
1F00
ENDCHAR
STARTCHAR F058
ENCODING 61528
SWIDTH 660 0
DWIDTH 11 0
BBX 11 10 0 1
BITMAP
3F00
7F80
7FC0
FEC0
EDE0
E3E0
F7C0
7FC0
7F80
1F00
ENDCHAR
STARTCHAR F059
ENCODING 61529
SWIDTH 660 0
DWIDTH 11 0
BBX 11 10 0 1
BITMAP
3F00
7F80
71C0
FDC0
F9E0
FBE0
FFC0
7BC0
7F80
1F00
ENDCHAR
STARTCHAR F05A
ENCODING 61530
SWIDTH 660 0
DWIDTH 11 0
BBX 11 10 0 1
BITMAP
3F00
7F80
7BC0
FBC0
F7E0
FBE0
FBC0
73C0
7F80
1F00
ENDCHAR
STARTCHAR F05B
ENCODING 61531
SWIDTH 660 0
DWIDTH 11 0
BBX 10 10 0 1
BITMAP
0400
3F00
2580
40C0
E5C0
E4C0
6080
2580
1F00
0400
ENDCHAR
STARTCHAR F05C
ENCODING 61532
SWIDTH 660 0
DWIDTH 11 0
BBX 11 10 0 1
BITMAP
3F00
6080
4040
8A40
8C20
8E20
8240
4040
6080
1F00
ENDCHAR
STARTCHAR F05D
ENCODING 61533
SWIDTH 660 0
DWIDTH 11 0
BBX 11 10 0 1
BITMAP
3F00
6080
4040
8140
9220
9C20
8840
4040
6080
1F00
ENDCHAR
STARTCHAR F05E
ENCODING 61534
SWIDTH 660 0
DWIDTH 11 0
BBX 11 10 0 1
BITMAP
3F00
6180
70C0
D840
8C60
8660
C340
41C0
7180
1F00
ENDCHAR
STARTCHAR F05F
ENCODING 61535
SWIDTH 660 0
DWIDTH 11 0
BBX 11 10 0 1
BITMAP
F000
F400
F600
FE00
FE40
FE60
FD80
FB80
FB00
7C00
ENDCHAR
STARTCHAR F060
ENCODING 61536
SWIDTH 660 0
DWIDTH 11 0
BBX 10 9 0 1
BITMAP
0800
1800
3000
6000
FFC0
FFC0
6000
3000
1800
ENDCHAR
STARTCHAR F061
ENCODING 61537
SWIDTH 660 0
DWIDTH 11 0
BBX 10 8 0 2
BITMAP
0600
0300
0180
FFC0
FFC0
0180
0300
0600
ENDCHAR
STARTCHAR F062
ENCODING 61538
SWIDTH 660 0
DWIDTH 11 0
BBX 9 10 1 1
BITMAP
1C00
3E00
6F00
CB80
8980
0800
0800
0800
0800
0800
ENDCHAR
STARTCHAR F063
ENCODING 61539
SWIDTH 660 0
DWIDTH 11 0
BBX 9 10 1 1
BITMAP
0800
0800
0800
0800
0800
8980
CB00
6E00
3C00
1800
ENDCHAR
STARTCHAR F064
ENCODING 61540
SWIDTH 660 0
DWIDTH 11 0
BBX 10 10 0 1
BITMAP
0200
0300
3F80
7FC0
FFC0
FF80
C300
C200
4000
2000
ENDCHAR
STARTCHAR F065
ENCODING 61541
SWIDTH 660 0
DWIDTH 11 0
BBX 11 10 0 1
BITMAP
F1E0
C060
C060
0000
0000
0000
8000
C060
C060
F1E0
ENDCHAR
STARTCHAR F066
ENCODING 61542
SWIDTH 660 0
DWIDTH 11 0
BBX 11 10 0 1
BITMAP
3100
3100
F1E0
0000
0000
0000
E1C0
F1E0
3100
3100
ENDCHAR
STARTCHAR F067
ENCODING 61543
SWIDTH 660 0
DWIDTH 11 0
BBX 10 10 0 1
BITMAP
0C00
0C00
0C00
0C00
FFC0
FFC0
0C00
0C00
0C00
0C00
ENDCHAR
STARTCHAR F068
ENCODING 61544
SWIDTH 660 0
DWIDTH 11 0
BBX 10 2 0 5
BITMAP
FFC0
FFC0
ENDCHAR
STARTCHAR F069
ENCODING 61545
SWIDTH 660 0
DWIDTH 11 0
BBX 11 12 0 0
BITMAP
0C00
0C00
8C40
ECE0
7F80
1F00
1F00
7FC0
ECE0
0C00
0C00
0C00
ENDCHAR
STARTCHAR F06A
ENCODING 61546
SWIDTH 660 0
DWIDTH 11 0
BBX 11 10 0 1
BITMAP
3F00
7F80
7BC0
FBC0
FBE0
FBE0
FFC0
7BC0
7F80
1F00
ENDCHAR
STARTCHAR F06B
ENCODING 61547
SWIDTH 660 0
DWIDTH 11 0
BBX 11 10 0 1
BITMAP
3B80
4C80
FFC0
FFE0
FFE0
0000
7BC0
7BC0
7BC0
7BC0
ENDCHAR
STARTCHAR F06C
ENCODING 61548
SWIDTH 660 0
DWIDTH 11 0
BBX 11 9 0 2
BITMAP
0040
1FE0
3FE0
1FC0
7FC0
7FC0
9F80
8E00
8000
ENDCHAR
STARTCHAR F06D
ENCODING 61549
SWIDTH 660 0
DWIDTH 11 0
BBX 11 12 0 0
BITMAP
1800
3D00
3F80
7FC0
FFC0
E7C0
E2E0
E0C0
E0C0
71C0
3F80
1F00
ENDCHAR
STARTCHAR F06E
ENCODING 61550
SWIDTH 660 0
DWIDTH 11 0
BBX 10 8 0 2
BITMAP
1F00
2080
5E40
9940
9140
4E40
2080
1F00
ENDCHAR
STARTCHAR F06F
ENCODING 61551
SWIDTH 660 0
DWIDTH 11 0
BBX 11 10 0 1
BITMAP
F3E0
E1E0
F3E0
BF60
1E00
1E00
FF60
F3E0
F1E0
FBE0
ENDCHAR
STARTCHAR F070
ENCODING 61552
SWIDTH 660 0
DWIDTH 11 0
BBX 10 8 0 2
BITMAP
CE00
3100
5E80
4A40
5640
4980
3080
0E40
ENDCHAR
STARTCHAR F071
ENCODING 61553
SWIDTH 660 0
DWIDTH 11 0
BBX 11 10 0 1
BITMAP
0400
0E00
0E00
1B00
3B00
3B80
7F80
7BC0
FFE0
FFC0
ENDCHAR
STARTCHAR F072
ENCODING 61554
SWIDTH 660 0
DWIDTH 11 0
BBX 10 10 0 1
BITMAP
1800
1800
0C00
CE00
FFC0
FFC0
CE00
0C00
1800
1800
ENDCHAR
STARTCHAR F073
ENCODING 61555
SWIDTH 660 0
DWIDTH 11 0
BBX 11 12 0 0
BITMAP
3100
7FC0
FFE0
FFE0
9360
9360
FFE0
9360
FFE0
FFE0
9360
FFC0
ENDCHAR
STARTCHAR F074
ENCODING 61556
SWIDTH 660 0
DWIDTH 11 0
BBX 11 10 0 1
BITMAP
0080
00C0
F3E0
16C0
0800
0C00
16C0
F3E0
00C0
0080
ENDCHAR
STARTCHAR F075
ENCODING 61557
SWIDTH 660 0
DWIDTH 11 0
BBX 11 10 0 1
BITMAP
0E00
3F80
7FC0
FFC0
FFE0
FFC0
7FC0
7F80
FF00
8000
ENDCHAR
STARTCHAR F076
ENCODING 61558
SWIDTH 660 0
DWIDTH 11 0
BBX 11 10 0 1
BITMAP
E0E0
E0E0
0000
E0E0
E0E0
E1E0
F1C0
7FC0
7F80
1F00
ENDCHAR
STARTCHAR F077
ENCODING 61559
SWIDTH 660 0
DWIDTH 11 0
BBX 10 6 0 4
BITMAP
0400
0E00
1B00
3180
60C0
C040
ENDCHAR
STARTCHAR F078
ENCODING 61560
SWIDTH 660 0
DWIDTH 11 0
BBX 10 5 0 2
BITMAP
C040
60C0
3180
1B00
0E00
ENDCHAR
STARTCHAR F079
ENCODING 61561
SWIDTH 660 0
DWIDTH 11 0
BBX 11 6 0 3
BITMAP
E780
E080
4080
4080
61E0
3CC0
ENDCHAR
STARTCHAR F07A
ENCODING 61562
SWIDTH 660 0
DWIDTH 11 0
BBX 11 10 0 1
BITMAP
C000
7FE0
3FC0
3FC0
3FC0
3F80
3F80
0000
3080
1080
ENDCHAR
STARTCHAR F07B
ENCODING 61563
SWIDTH 660 0
DWIDTH 11 0
BBX 11 10 0 1
BITMAP
7800
FC00
FFE0
FFE0
FFE0
FFE0
FFE0
FFE0
FFE0
7FC0
ENDCHAR
STARTCHAR F07C
ENCODING 61564
SWIDTH 660 0
DWIDTH 11 0
BBX 10 8 0 2
BITMAP
F800
FF80
FF80
FFC0
BFC0
7FC0
FF80
FF80
ENDCHAR
STARTCHAR F07D
ENCODING 61565
SWIDTH 660 0
DWIDTH 11 0
BBX 5 10 3 1
BITMAP
60
F0
A8
20
20
20
20
B8
F0
60
ENDCHAR
STARTCHAR F07E
ENCODING 61566
SWIDTH 660 0
DWIDTH 11 0
BBX 10 6 0 3
BITMAP
2100
6080
FFC0
FFC0
6180
2000
ENDCHAR
STARTCHAR F07F
ENCODING 61567
SWIDTH 660 0
DWIDTH 11 0
BBX 11 14 0 -1
BITMAP
0E00
1A00
FBC0
BF60
8060
8060
8060
8060
8060
8060
8060
8060
8060
7FC0
ENDCHAR
STARTCHAR F080
ENCODING 61568
SWIDTH 660 0
DWIDTH 11 0
BBX 10 10 0 1
BITMAP
8000
8000
9F00
8000
9E00
8000
9F80
8000
8000
7FC0
ENDCHAR
STARTCHAR F081
ENCODING 61569
SWIDTH 660 0
DWIDTH 11 0
BBX 11 10 0 1
BITMAP
FFC0
FFE0
FC60
C8E0
C0E0
E0E0
E1E0
C3E0
FFE0
FFC0
ENDCHAR
STARTCHAR F082
ENCODING 61570
SWIDTH 660 0
DWIDTH 11 0
BBX 11 10 0 1
BITMAP
FFC0
F8E0
F0E0
F3E0
F3E0
E0E0
E0E0
F3E0
F3E0
F3C0
ENDCHAR
STARTCHAR F083
ENCODING 61571
SWIDTH 660 0
DWIDTH 11 0
BBX 11 10 0 1
BITMAP
67C0
FFE0
8060
8E60
F3E0
F1E0
F1E0
F3E0
FFE0
7FC0
ENDCHAR
STARTCHAR F084
ENCODING 61572
SWIDTH 660 0
DWIDTH 11 0
BBX 11 10 0 1
BITMAP
0780
0FC0
1E60
1FE0
1FC0
3FC0
7F80
F800
F000
E000
ENDCHAR
STARTCHAR F085
ENCODING 61573
SWIDTH 660 0
DWIDTH 11 0
BBX 11 8 0 2
BITMAP
2000
F800
D800
FBC0
33C0
0660
03C0
03C0
ENDCHAR
STARTCHAR F086
ENCODING 61574
SWIDTH 660 0
DWIDTH 11 0
BBX 11 8 0 2
BITMAP
7C00
FE00
FF00
FFC0
7DC0
93E0
0FC0
07C0
ENDCHAR
STARTCHAR F087
ENCODING 61575
SWIDTH 660 0
DWIDTH 11 0
BBX 11 10 0 1
BITMAP
0200
0500
0D00
1BC0
E020
E040
E040
F040
E880
C700
ENDCHAR
STARTCHAR F088
ENCODING 61576
SWIDTH 660 0
DWIDTH 11 0
BBX 11 10 0 1
BITMAP
0780
1880
E040
E040
E040
F020
EBC0
CD00
0500
0200
ENDCHAR
STARTCHAR F089
ENCODING 61577
SWIDTH 660 0
DWIDTH 11 0
BBX 6 10 1 1
BITMAP
04
0C
0C
FC
7C
3C
3C
3C
3C
30
ENDCHAR
STARTCHAR F08A
ENCODING 61578
SWIDTH 660 0
DWIDTH 11 0
BBX 11 9 0 2
BITMAP
3100
4EC0
8440
8020
8040
40C0
2180
1300
0E00
ENDCHAR
STARTCHAR F08B
ENCODING 61579
SWIDTH 660 0
DWIDTH 11 0
BBX 10 10 0 1
BITMAP
7000
F000
8100
8080
9FC0
8FC0
8180
8100
F000
7000
ENDCHAR
STARTCHAR F08C
ENCODING 61580
SWIDTH 660 0
DWIDTH 11 0
BBX 11 10 0 1
BITMAP
FFE0
DFE0
DFE0
FFE0
D060
D260
D360
D360
D360
FFE0
ENDCHAR
STARTCHAR F08D
ENCODING 61581
SWIDTH 660 0
DWIDTH 11 0
BBX 11 14 0 -1
BITMAP
7FC0
7F80
3F00
3F00
3F00
3F00
7F80
FFC0
FFE0
FFC0
0C00
0C00
0C00
0C00
ENDCHAR
STARTCHAR F08E
ENCODING 61582
SWIDTH 660 0
DWIDTH 11 0
BBX 11 10 0 1
BITMAP
73E0
F0E0
81E0
8360
8600
8C00
8040
8040
8040
FFC0
ENDCHAR
STARTCHAR F08F
ENCODING 61583
SWIDTH 660 0
DWIDTH 11 0
BBX 10 6 0 3
BITMAP
2100
6180
FFC0
FFC0
6180
0100
ENDCHAR
STARTCHAR F090
ENCODING 61584
SWIDTH 660 0
DWIDTH 11 0
BBX 11 10 0 1
BITMAP
0180
01C0
1860
0C60
FE60
FE60
0C60
1860
01C0
0180
ENDCHAR
STARTCHAR F091
ENCODING 61585
SWIDTH 660 0
DWIDTH 11 0
BBX 11 10 0 1
BITMAP
1F00
FFC0
BF20
9F40
5F40
7E80
1F00
0400
1E00
1E00
ENDCHAR
STARTCHAR F092
ENCODING 61586
SWIDTH 660 0
DWIDTH 11 0
BBX 11 10 0 1
BITMAP
FFC0
F1E0
C0E0
DF60
9F60
9F60
C460
DCE0
FDE0
FFC0
ENDCHAR
STARTCHAR F093
ENCODING 61587
SWIDTH 660 0
DWIDTH 11 0
BBX 11 10 0 1
BITMAP
0C00
1E00
3500
2400
0400
0400
0400
F7C0
FF60
FFC0
ENDCHAR
STARTCHAR F094
ENCODING 61588
SWIDTH 660 0
DWIDTH 11 0
BBX 11 10 0 1
BITMAP
1FC0
3060
4C40
D860
B060
A040
8040
80C0
8180
FE00
ENDCHAR
STARTCHAR F095
ENCODING 61589
SWIDTH 660 0
DWIDTH 11 0
BBX 11 10 0 1
BITMAP
F000
F000
F000
F000
6000
7000
3980
1FE0
0FC0
03C0
ENDCHAR
STARTCHAR F096
ENCODING 61590
SWIDTH 660 0
DWIDTH 11 0
BBX 11 10 0 1
BITMAP
FFC0
8060
8060
8060
8060
8060
8060
8060
8060
FFC0
ENDCHAR
STARTCHAR F097
ENCODING 61591
SWIDTH 660 0
DWIDTH 11 0
BBX 11 14 0 -1
BITMAP
FFC0
8060
8060
8060
8060
8060
8060
8060
8060
8460
8E60
B360
E0E0
C060
ENDCHAR
STARTCHAR F098
ENCODING 61592
SWIDTH 660 0
DWIDTH 11 0
BBX 11 10 0 1
BITMAP
FFC0
FFE0
CFE0
C7E0
EFE0
E7E0
F0E0
F8E0
FFE0
FFC0
ENDCHAR
STARTCHAR F099
ENCODING 61593
SWIDTH 660 0
DWIDTH 11 0
BBX 10 8 0 2
BITMAP
03C0
C7C0
7FC0
7F80
7F80
3F00
1F00
FC00
ENDCHAR
STARTCHAR F09A
ENCODING 61594
SWIDTH 660 0
DWIDTH 11 0
BBX 11 10 0 1
BITMAP
3F00
7F80
70C0
F3C0
F3E0
E0E0
E1C0
73C0
7380
1300
ENDCHAR
STARTCHAR F09B
ENCODING 61595
SWIDTH 660 0
DWIDTH 11 0
BBX 11 10 0 1
BITMAP
3F00
7F80
42C0
C0C0
C060
C060
E0C0
51C0
6180
3100
ENDCHAR
STARTCHAR F09C
ENCODING 61596
SWIDTH 660 0
DWIDTH 11 0
BBX 11 12 0 0
BITMAP
1E00
3B00
3100
2000
7FC0
FFE0
FFE0
FFE0
FFE0
FFE0
FFE0
FFC0
ENDCHAR
STARTCHAR F09D
ENCODING 61597
SWIDTH 660 0
DWIDTH 11 0
BBX 11 8 0 2
BITMAP
FFC0
8020
FFE0
8020
8020
AE20
8020
FFC0
ENDCHAR
STARTCHAR F09E
ENCODING 61598
SWIDTH 660 0
DWIDTH 11 0
BBX 11 10 0 1
BITMAP
F800
1E00
0700
F180
1980
0CC0
0640
4240
E260
E360
ENDCHAR
STARTCHAR F09F
ENCODING 61599
SWIDTH 660 0
DWIDTH 11 0
BBX 7 15 2 -2
BITMAP
10
38
7C
FE
FE
38
38
38
38
38
38
FE
FC
78
38
ENDCHAR
STARTCHAR F0A0
ENCODING 61600
SWIDTH 660 0
DWIDTH 11 0
BBX 11 10 0 1
BITMAP
7FC0
8020
8020
8020
8020
FFE0
8020
82A0
8060
7FC0
ENDCHAR
STARTCHAR F0A1
ENCODING 61601
SWIDTH 660 0
DWIDTH 11 0
BBX 11 10 0 1
BITMAP
00C0
01C0
7F40
F840
F060
F040
FF40
71C0
70C0
7040
ENDCHAR
STARTCHAR F0A2
ENCODING 61602
SWIDTH 660 0
DWIDTH 11 0
BBX 10 12 0 0
BITMAP
0400
1E00
3100
2080
2080
6080
6080
40C0
C040
FFC0
0E00
0C00
ENDCHAR
STARTCHAR F0A3
ENCODING 61603
SWIDTH 660 0
DWIDTH 11 0
BBX 11 10 0 1
BITMAP
1A00
7F80
3F80
FFE0
7FC0
7FC0
FFE0
3F80
7F80
1A00
ENDCHAR
STARTCHAR F0A4
ENCODING 61604
SWIDTH 660 0
DWIDTH 11 0
BBX 11 8 0 2
BITMAP
3FC0
4420
97C0
9500
9E00
9E00
5200
3C00
ENDCHAR
STARTCHAR F0A5
ENCODING 61605
SWIDTH 660 0
DWIDTH 11 0
BBX 11 8 0 2
BITMAP
7F80
8440
FD40
1520
0F20
0E40
09C0
0F80
ENDCHAR
STARTCHAR F0A6
ENCODING 61606
SWIDTH 660 0
DWIDTH 11 0
BBX 8 10 1 1
BITMAP
60
60
60
7C
6B
7B
BF
83
41
3E
ENDCHAR
STARTCHAR F0A7
ENCODING 61607
SWIDTH 660 0
DWIDTH 11 0
BBX 8 10 1 1
BITMAP
3E
41
83
9F
7B
6B
7C
60
60
60
ENDCHAR
STARTCHAR F0A8
ENCODING 61608
SWIDTH 660 0
DWIDTH 11 0
BBX 11 10 0 1
BITMAP
3F00
7F80
7BC0
F7C0
E0E0
EFE0
F7C0
7BC0
7F80
1F00
ENDCHAR
STARTCHAR F0A9
ENCODING 61609
SWIDTH 660 0
DWIDTH 11 0
BBX 11 10 0 1
BITMAP
3F00
7F80
7BC0
FDC0
E0E0
FEE0
F9C0
7BC0
7F80
1F00
ENDCHAR
STARTCHAR F0AA
ENCODING 61610
SWIDTH 660 0
DWIDTH 11 0
BBX 11 10 0 1
BITMAP
3F00
7F80
7BC0
F1C0
EAE0
FBE0
FBC0
7BC0
7F80
1F00
ENDCHAR
STARTCHAR F0AB
ENCODING 61611
SWIDTH 660 0
DWIDTH 11 0
BBX 11 10 0 1
BITMAP
3F00
7F80
7BC0
FBC0
FBE0
EAE0
F1C0
7BC0
7F80
1F00
ENDCHAR
STARTCHAR F0AC
ENCODING 61612
SWIDTH 660 0
DWIDTH 11 0
BBX 11 10 0 1
BITMAP
3D00
6F80
6EC0
0000
FEE0
FEE0
0000
6EC0
6F80
1D00
ENDCHAR
STARTCHAR F0AD
ENCODING 61613
SWIDTH 660 0
DWIDTH 11 0
BBX 11 10 0 1
BITMAP
0700
0E00
0E60
0EE0
0FC0
1F80
3C00
7800
B000
E000
ENDCHAR
STARTCHAR F0AE
ENCODING 61614
SWIDTH 660 0
DWIDTH 11 0
BBX 11 8 0 3
BITMAP
A7E0
C000
0000
27C0
C7C0
0000
0000
DFE0
ENDCHAR
STARTCHAR F0AF
ENCODING 61615
SWIDTH 660 0
DWIDTH 11 0
BBX 11 10 0 1
BITMAP
FFC0
8020
8020
9F20
A120
A120
A620
8020
8020
FFC0
ENDCHAR
STARTCHAR F0B0
ENCODING 61616
SWIDTH 660 0
DWIDTH 11 0
BBX 11 9 0 1
BITMAP
FFC0
FFE0
7FC0
3F80
1F00
1E00
0E00
0E00
0E00
ENDCHAR
STARTCHAR F0B1
ENCODING 61617
SWIDTH 660 0
DWIDTH 11 0
BBX 11 10 0 1
BITMAP
1F00
1100
FFC0
FFE0
FFE0
0000
F1E0
FFE0
FFE0
FFC0
ENDCHAR
STARTCHAR F0B2
ENCODING 61618
SWIDTH 660 0
DWIDTH 11 0
BBX 10 10 0 1
BITMAP
0C00
1E00
0400
6480
FFC0
FFC0
6480
0400
1E00
0C00
ENDCHAR
STARTCHAR F0B3
ENCODING 61619
SWIDTH 660 0
DWIDTH 11 0
BBX 11 10 0 1
BITMAP
71E0
F0E0
81E0
8300
8600
8C00
8040
8040
8040
FFC0
ENDCHAR
STARTCHAR F0B4
ENCODING 61620
SWIDTH 660 0
DWIDTH 11 0
BBX 11 10 0 1
BITMAP
FFC0
FFE0
FFE0
F0E0
F0E0
E0E0
E6E0
FFE0
FFE0
FFC0
ENDCHAR
STARTCHAR F0B5
ENCODING 61621
SWIDTH 660 0
DWIDTH 11 0
BBX 11 10 0 1
BITMAP
0180
01C0
FFE0
01C0
0180
2000
6000
FFE0
6000
2000
ENDCHAR
STARTCHAR F0B6
ENCODING 61622
SWIDTH 660 0
DWIDTH 11 0
BBX 11 10 0 1
BITMAP
0100
3F80
4180
8100
8000
0060
1040
30C0
7F80
3000
ENDCHAR
STARTCHAR F0B7
ENCODING 61623
SWIDTH 660 0
DWIDTH 11 0
BBX 9 7 1 3
BITMAP
1800
0E00
0E00
1700
3380
5D80
BF80
ENDCHAR
STARTCHAR F0B8
ENCODING 61624
SWIDTH 660 0
DWIDTH 11 0
BBX 11 10 0 1
BITMAP
FFE0
FFA0
FFA0
8420
B520
C5A0
B5A0
8420
FFE0
FFC0
ENDCHAR
STARTCHAR F0B9
ENCODING 61625
SWIDTH 660 0
DWIDTH 11 0
BBX 11 8 0 3
BITMAP
3000
7000
7020
E040
D8C0
3FC0
7F80
3F00
ENDCHAR
STARTCHAR F0BA
ENCODING 61626
SWIDTH 660 0
DWIDTH 11 0
BBX 11 10 0 1
BITMAP
3FE0
6020
4E20
9120
A120
A020
9120
4FA0
60E0
1F60
ENDCHAR
STARTCHAR F0BB
ENCODING 61627
SWIDTH 660 0
DWIDTH 11 0
BBX 11 12 0 0
BITMAP
0F00
7FC0
61C0
01E0
01E0
1FE0
FDE0
F1E0
E1E0
F3E0
7FE0
3040
ENDCHAR
STARTCHAR F0BC
ENCODING 61628
SWIDTH 660 0
DWIDTH 11 0
BBX 10 4 0 4
BITMAP
3F80
3F80
7740
FFC0
ENDCHAR
STARTCHAR F0BD
ENCODING 61629
SWIDTH 660 0
DWIDTH 11 0
BBX 11 10 0 1
BITMAP
3F00
4080
8440
8840
8A20
BFA0
8140
8140
4080
3F00
ENDCHAR
STARTCHAR F0BE
ENCODING 61630
SWIDTH 660 0
DWIDTH 11 0
BBX 11 10 0 1
BITMAP
FFE0
FFE0
F3E0
FBE0
F5E0
EDE0
C260
FEE0
FFE0
FFE0
ENDCHAR
STARTCHAR F0BF
ENCODING 61631
SWIDTH 660 0
DWIDTH 11 0
BBX 10 2 0 5
BITMAP
FFC0
FD40
ENDCHAR
STARTCHAR F0C0
ENCODING 61632
SWIDTH 660 0
DWIDTH 11 0
BBX 11 8 0 2
BITMAP
71C0
71C0
0E00
EFC0
EDE0
0000
3F00
3F00
ENDCHAR
STARTCHAR F0C1
ENCODING 61633
SWIDTH 660 0
DWIDTH 11 0
BBX 11 8 0 2
BITMAP
03C0
1C40
3660
6A40
CAC0
8980
8600
7000
ENDCHAR
STARTCHAR F0C2
ENCODING 61634
SWIDTH 660 0
DWIDTH 11 0
BBX 11 8 0 2
BITMAP
1800
3D00
3F80
7F80
FFC0
FFE0
FFC0
3F80
ENDCHAR
STARTCHAR F0C3
ENCODING 61635
SWIDTH 660 0
DWIDTH 11 0
BBX 11 12 0 0
BITMAP
3F00
1B00
1B00
1B00
1B00
1300
3180
7F80
7FC0
FFC0
FFE0
FFC0
ENDCHAR
STARTCHAR F0C4
ENCODING 61636
SWIDTH 660 0
DWIDTH 11 0
BBX 10 10 0 1
BITMAP
F0C0
99C0
DB80
7F00
0E00
1C00
7B00
9980
98C0
7040
ENDCHAR
STARTCHAR F0C5
ENCODING 61637
SWIDTH 660 0
DWIDTH 11 0
BBX 11 12 0 0
BITMAP
1F80
10C0
1060
D060
9060
9060
9060
9060
9FC0
8000
8300
FE00
ENDCHAR
STARTCHAR F0C6
ENCODING 61638
SWIDTH 660 0
DWIDTH 11 0
BBX 11 12 0 0
BITMAP
0380
06C0
0C40
1B40
36C0
6D80
DB60
B6C0
9D80
CB00
6600
3C00
ENDCHAR
STARTCHAR F0C7
ENCODING 61639
SWIDTH 660 0
DWIDTH 11 0
BBX 11 10 0 1
BITMAP
FF80
A3C0
A360
BE60
8060
8E60
8E60
8C60
8060
FFC0
ENDCHAR
STARTCHAR F0C8
ENCODING 61640
SWIDTH 660 0
DWIDTH 11 0
BBX 11 10 0 1
BITMAP
FFC0
FFE0
FFE0
FFE0
FFE0
FFE0
FFE0
FFE0
FFE0
FFC0
ENDCHAR
STARTCHAR F0C9
ENCODING 61641
SWIDTH 660 0
DWIDTH 11 0
BBX 11 10 0 1
BITMAP
FFC0
FFE0
0000
0000
FFC0
FFC0
0000
0000
FFE0
7FC0
ENDCHAR
STARTCHAR F0CA
ENCODING 61642
SWIDTH 660 0
DWIDTH 11 0
BBX 11 8 0 3
BITMAP
DFE0
0000
0000
DFC0
DFC0
0000
4000
DFE0
ENDCHAR
STARTCHAR F0CB
ENCODING 61643
SWIDTH 660 0
DWIDTH 11 0
BBX 11 10 0 1
BITMAP
C000
4FE0
4000
E000
0FC0
0FC0
E000
6000
CFE0
E000
ENDCHAR
STARTCHAR F0CC
ENCODING 61644
SWIDTH 660 0
DWIDTH 11 0
BBX 10 10 0 1
BITMAP
0E00
3F00
2000
3000
FFC0
FFC0
0180
0180
3F00
0400
ENDCHAR
STARTCHAR F0CD
ENCODING 61645
SWIDTH 660 0
DWIDTH 11 0
BBX 11 10 0 1
BITMAP
F3C0
2080
2080
2080
2080
2180
3F00
1E00
0000
FFE0
ENDCHAR
STARTCHAR F0CE
ENCODING 61646
SWIDTH 660 0
DWIDTH 11 0
BBX 11 10 0 1
BITMAP
7FC0
FFE0
FFE0
8460
8460
FFE0
8460
8460
FFE0
7FC0
ENDCHAR
STARTCHAR F0CF
ENCODING 61647
SWIDTH 660 0
DWIDTH 11 0
BBX 11 8 0 2
BITMAP
1F00
64C0
0620
6E40
9B40
9980
7780
6EC0
ENDCHAR
STARTCHAR F0D0
ENCODING 61648
SWIDTH 660 0
DWIDTH 11 0
BBX 11 10 0 1
BITMAP
00C0
0160
02C0
0780
0F00
1E00
3C00
7800
F000
6000
ENDCHAR
STARTCHAR F0D1
ENCODING 61649
SWIDTH 660 0
DWIDTH 11 0
BBX 10 8 0 2
BITMAP
FE00
FF00
FE80
FE40
FFC0
FFC0
DE40
7180
ENDCHAR
STARTCHAR F0D2
ENCODING 61650
SWIDTH 660 0
DWIDTH 11 0
BBX 11 10 0 1
BITMAP
3F00
7F80
60C0
DEC0
D660
D660
F6C0
71C0
6F80
0F00
ENDCHAR
STARTCHAR F0D3
ENCODING 61651
SWIDTH 660 0
DWIDTH 11 0
BBX 11 10 0 1
BITMAP
FFC0
F1E0
CEE0
D660
D760
D760
D660
E0E0
EFE0
EFC0
ENDCHAR
STARTCHAR F0D4
ENCODING 61652
SWIDTH 660 0
DWIDTH 11 0
BBX 11 10 0 1
BITMAP
FFC0
FFE0
FFE0
D7E0
FFE0
DBE0
C3E0
FFE0
FFE0
FFC0
ENDCHAR
STARTCHAR F0D5
ENCODING 61653
SWIDTH 660 0
DWIDTH 11 0
BBX 11 6 0 3
BITMAP
7C00
C000
9C40
9CE0
C440
7800
ENDCHAR
STARTCHAR F0D6
ENCODING 61654
SWIDTH 660 0
DWIDTH 11 0
BBX 11 7 0 3
BITMAP
7FC0
FFE0
B3E0
F1E0
F1E0
B3E0
FFE0
ENDCHAR
STARTCHAR F0D7
ENCODING 61655
SWIDTH 660 0
DWIDTH 11 0
BBX 11 6 0 2
BITMAP
FFE0
FFC0
7F80
3F00
1E00
0C00
ENDCHAR
STARTCHAR F0D8
ENCODING 61656
SWIDTH 660 0
DWIDTH 11 0
BBX 10 6 0 4
BITMAP
0E00
1F00
3F80
7FC0
FFC0
FFC0
ENDCHAR
STARTCHAR F0D9
ENCODING 61657
SWIDTH 660 0
DWIDTH 11 0
BBX 6 10 2 1
BITMAP
0C
1C
3C
7C
FC
FC
7C
3C
1C
0C
ENDCHAR
STARTCHAR F0DA
ENCODING 61658
SWIDTH 660 0
DWIDTH 11 0
BBX 6 10 2 1
BITMAP
E0
F0
F0
F8
FC
FC
F8
F0
E0
C0
ENDCHAR
STARTCHAR F0DB
ENCODING 61659
SWIDTH 660 0
DWIDTH 11 0
BBX 11 10 0 1
BITMAP
7FC0
FFE0
FFE0
8460
8460
8460
8460
8460
FFE0
7FC0
ENDCHAR
STARTCHAR F0DC
ENCODING 61660
SWIDTH 660 0
DWIDTH 11 0
BBX 11 15 0 -2
BITMAP
0C00
1E00
3F00
7F80
FFC0
FFE0
0000
0000
7FC0
FFE0
7FC0
3F80
1F00
0E00
0400
ENDCHAR
STARTCHAR F0DD
ENCODING 61661
SWIDTH 660 0
DWIDTH 11 0
BBX 11 7 0 -2
BITMAP
7FC0
FFE0
7FC0
3F80
1F00
0E00
0400
ENDCHAR
STARTCHAR F0DE
ENCODING 61662
SWIDTH 660 0
DWIDTH 11 0
BBX 11 6 0 7
BITMAP
0C00
1E00
3F00
7F80
FFC0
FFE0
ENDCHAR
STARTCHAR F0DF
ENCODING 61663
SWIDTH 660 0
DWIDTH 11 0
BBX 11 6 0 3
BITMAP
3F00
4E80
9120
46C0
3100
0E00
ENDCHAR
STARTCHAR F0E0
ENCODING 61664
SWIDTH 660 0
DWIDTH 11 0
BBX 11 8 0 2
BITMAP
FFC0
FFC0
7FA0
DF60
EEE0
F3E0
FFE0
FFC0
ENDCHAR
STARTCHAR F0E1
ENCODING 61665
SWIDTH 660 0
DWIDTH 11 0
BBX 11 10 0 1
BITMAP
C000
C000
0000
CFC0
CFC0
CCE0
CCE0
CCE0
CCE0
CCE0
ENDCHAR
STARTCHAR F0E2
ENCODING 61666
SWIDTH 660 0
DWIDTH 11 0
BBX 11 10 0 1
BITMAP
9F00
B180
E0C0
F040
0060
0060
0040
20C0
3B80
1F00
ENDCHAR
STARTCHAR F0E3
ENCODING 61667
SWIDTH 660 0
DWIDTH 11 0
BBX 10 10 0 1
BITMAP
0600
0E00
1F00
1FC0
03C0
0DC0
3980
7800
F000
6000
ENDCHAR
STARTCHAR F0E4
ENCODING 61668
SWIDTH 660 0
DWIDTH 11 0
BBX 11 10 0 1
BITMAP
3F00
7F80
7EC0
FEC0
FDE0
F9E0
F1C0
73C0
7F80
1F00
ENDCHAR
STARTCHAR F0E5
ENCODING 61669
SWIDTH 660 0
DWIDTH 11 0
BBX 11 10 0 1
BITMAP
0E00
3180
4040
8040
8020
8040
4040
4180
FF00
8000
ENDCHAR
STARTCHAR F0E6
ENCODING 61670
SWIDTH 660 0
DWIDTH 11 0
BBX 11 8 0 2
BITMAP
7C00
8200
8380
8240
4420
F840
0C40
03C0
ENDCHAR
STARTCHAR F0E7
ENCODING 61671
SWIDTH 660 0
DWIDTH 11 0
BBX 10 14 0 -1
BITMAP
0180
0380
0700
1F00
3E00
7E00
FFC0
FFC0
0F80
1F00
1E00
3C00
3800
3000
ENDCHAR
STARTCHAR F0E8
ENCODING 61672
SWIDTH 660 0
DWIDTH 11 0
BBX 11 8 0 2
BITMAP
0E00
0E00
0E00
0400
7FC0
EEC0
EEE0
EEE0
ENDCHAR
STARTCHAR F0E9
ENCODING 61673
SWIDTH 660 0
DWIDTH 11 0
BBX 11 10 0 1
BITMAP
0400
1E00
3F80
7FC0
FFC0
9B20
1400
0400
1C00
0800
ENDCHAR
STARTCHAR F0EA
ENCODING 61674
SWIDTH 660 0
DWIDTH 11 0
BBX 11 10 0 1
BITMAP
FC00
FE00
F780
F7C0
F7E0
F7E0
F7E0
F7E0
F7E0
07E0
ENDCHAR
STARTCHAR F0EB
ENCODING 61675
SWIDTH 660 0
DWIDTH 11 0
BBX 10 16 0 -2
BITMAP
0C00
3F80
6180
4CC0
D040
D040
C040
C040
60C0
2180
3100
1300
0000
1F00
1E00
0400
ENDCHAR
STARTCHAR F0EC
ENCODING 61676
SWIDTH 660 0
DWIDTH 11 0
BBX 10 12 0 0
BITMAP
0180
01C0
FFC0
FFC0
0180
0100
3000
6000
FFC0
FFC0
6000
3000
ENDCHAR
STARTCHAR F0ED
ENCODING 61677
SWIDTH 660 0
DWIDTH 11 0
BBX 11 8 0 2
BITMAP
1800
3D00
3B80
7B80
F9C0
F3E0
FFC0
3F80
ENDCHAR
STARTCHAR F0EE
ENCODING 61678
SWIDTH 660 0
DWIDTH 11 0
BBX 11 8 0 2
BITMAP
1800
3D00
3F80
7380
FDC0
FBE0
FBC0
3F80
ENDCHAR
STARTCHAR F0EF
ENCODING 61679
SWIDTH 660 0
DWIDTH 11 0
BBX 11 6 0 3
BITMAP
7680
7EC0
AA40
4000
8020
7F80
ENDCHAR
STARTCHAR F0F0
ENCODING 61680
SWIDTH 660 0
DWIDTH 11 0
BBX 11 12 0 0
BITMAP
1E00
1F00
3F00
3F00
1F00
0E00
0000
2E00
6EC0
D540
C560
FFE0
ENDCHAR
STARTCHAR F0F1
ENCODING 61681
SWIDTH 660 0
DWIDTH 11 0
BBX 11 10 0 1
BITMAP
CC00
8400
84C0
8520
84C0
6CC0
38C0
10C0
1980
0F00
ENDCHAR
STARTCHAR F0F2
ENCODING 61682
SWIDTH 660 0
DWIDTH 11 0
BBX 11 10 0 1
BITMAP
1F00
1100
DF40
DF60
DF60
DF60
DF60
DF60
DF60
DF40
ENDCHAR
STARTCHAR F0F3
ENCODING 61683
SWIDTH 660 0
DWIDTH 11 0
BBX 10 12 0 0
BITMAP
0400
1E00
3F00
3F80
3F80
3F80
7F80
7FC0
FFC0
FFC0
0E00
0C00
ENDCHAR
STARTCHAR F0F4
ENCODING 61684
SWIDTH 660 0
DWIDTH 11 0
BBX 11 8 0 2
BITMAP
3FC0
3F40
3F20
3FC0
3F00
3F00
0000
FF80
ENDCHAR
STARTCHAR F0F5
ENCODING 61685
SWIDTH 660 0
DWIDTH 11 0
BBX 11 12 0 0
BITMAP
68E0
E9E0
E9E0
E9E0
F9E0
79E0
21E0
21E0
2060
2060
2060
2060
ENDCHAR
STARTCHAR F0F6
ENCODING 61686
SWIDTH 660 0
DWIDTH 11 0
BBX 11 14 0 -1
BITMAP
FF00
8380
83C0
83C0
8060
8060
8060
9F60
8060
8060
9F60
8060
8060
7FC0
ENDCHAR
STARTCHAR F0F7
ENCODING 61687
SWIDTH 660 0
DWIDTH 11 0
BBX 11 14 0 -1
BITMAP
FFC0
8060
9B60
BB60
9360
8060
BB60
BB60
8060
8060
8E60
8E60
8E60
7FC0
ENDCHAR
STARTCHAR F0F8
ENCODING 61688
SWIDTH 660 0
DWIDTH 11 0
BBX 11 8 0 2
BITMAP
1F00
E5C0
A520
E160
E160
A120
A520
FFC0
ENDCHAR
STARTCHAR F0F9
ENCODING 61689
SWIDTH 660 0
DWIDTH 11 0
BBX 10 8 0 2
BITMAP
FE00
EF00
C680
EE40
FFC0
FFC0
DE40
7180
ENDCHAR
STARTCHAR F0FA
ENCODING 61690
SWIDTH 660 0
DWIDTH 11 0
BBX 11 10 0 1
BITMAP
1F00
1100
DF40
DF60
DB60
E160
E160
DB60
DF60
DF40
ENDCHAR
STARTCHAR F0FB
ENCODING 61691
SWIDTH 660 0
DWIDTH 11 0
BBX 10 8 0 2
BITMAP
1800
1800
5C00
FFC0
7FC0
5C00
1800
1800
ENDCHAR
STARTCHAR F0FC
ENCODING 61692
SWIDTH 660 0
DWIDTH 11 0
BBX 11 10 0 1
BITMAP
FF00
FF80
DBC0
DB60
DB60
DB60
DBC0
DB00
FF00
FE00
ENDCHAR
STARTCHAR F0FD
ENCODING 61693
SWIDTH 660 0
DWIDTH 11 0
BBX 11 10 0 1
BITMAP
FFC0
FFE0
EEE0
EEE0
E0E0
E0E0
EEE0
EEE0
FFE0
FFC0
ENDCHAR
STARTCHAR F0FE
ENCODING 61694
SWIDTH 660 0
DWIDTH 11 0
BBX 11 10 0 1
BITMAP
FFC0
FFE0
FBE0
FBE0
E0E0
E1E0
FBE0
FBE0
FFE0
FFC0
ENDCHAR
STARTCHAR F0FF
ENCODING 61695
SWIDTH 660 0
DWIDTH 11 0
BBX 11 10 0 1
BITMAP
FFE0
FFE0
CFE0
C0E0
CEE0
CEE0
C0E0
D1E0
FFE0
FFE0
ENDCHAR
STARTCHAR F100
ENCODING 61696
SWIDTH 660 0
DWIDTH 11 0
BBX 9 9 1 1
BITMAP
0080
3980
7300
E600
CC00
CC00
6600
3300
1980
ENDCHAR
STARTCHAR F101
ENCODING 61697
SWIDTH 660 0
DWIDTH 11 0
BBX 10 9 0 1
BITMAP
4400
E600
7300
3980
1CC0
18C0
3180
6300
C600
ENDCHAR
STARTCHAR F102
ENCODING 61698
SWIDTH 660 0
DWIDTH 11 0
BBX 9 9 1 1
BITMAP
1C00
3E00
6600
C300
8980
1C00
3600
6300
C180
ENDCHAR
STARTCHAR F103
ENCODING 61699
SWIDTH 660 0
DWIDTH 11 0
BBX 9 10 1 1
BITMAP
8000
C180
6300
3600
1C00
8980
C300
6600
3C00
1800
ENDCHAR
STARTCHAR F104
ENCODING 61700
SWIDTH 660 0
DWIDTH 11 0
BBX 5 9 3 1
BITMAP
08
18
30
60
C0
C0
60
30
18
ENDCHAR
STARTCHAR F105
ENCODING 61701
SWIDTH 660 0
DWIDTH 11 0
BBX 5 9 3 1
BITMAP
80
C0
60
30
18
18
30
60
C0
ENDCHAR
STARTCHAR F106
ENCODING 61702
SWIDTH 660 0
DWIDTH 11 0
BBX 9 5 1 4
BITMAP
1800
3C00
7600
E300
C180
ENDCHAR
STARTCHAR F107
ENCODING 61703
SWIDTH 660 0
DWIDTH 11 0
BBX 9 5 1 4
BITMAP
8180
C300
6600
3C00
1800
ENDCHAR
STARTCHAR F108
ENCODING 61704
SWIDTH 660 0
DWIDTH 11 0
BBX 11 10 0 1
BITMAP
FFC0
8060
8060
8060
8060
FFE0
FFE0
FFC0
1F00
1F00
ENDCHAR
STARTCHAR F109
ENCODING 61705
SWIDTH 660 0
DWIDTH 11 0
BBX 11 8 0 2
BITMAP
7F80
40C0
40C0
40C0
40C0
40C0
FFE0
7FC0
ENDCHAR
STARTCHAR F10A
ENCODING 61706
SWIDTH 660 0
DWIDTH 11 0
BBX 11 12 0 0
BITMAP
FFC0
C060
C060
C060
C060
C060
C060
C060
C060
FFE0
FBE0
FFC0
ENDCHAR
STARTCHAR F10B
ENCODING 61707
SWIDTH 660 0
DWIDTH 11 0
BBX 11 16 0 -2
BITMAP
7F80
FFC0
C060
C060
C060
C060
C060
C060
C060
C060
C060
C060
FFE0
F3E0
FBC0
3F80
ENDCHAR
STARTCHAR F10C
ENCODING 61708
SWIDTH 660 0
DWIDTH 11 0
BBX 11 10 0 1
BITMAP
3F00
6080
4040
8040
8020
8020
8040
4040
6080
1F00
ENDCHAR
STARTCHAR F10D
ENCODING 61709
SWIDTH 660 0
DWIDTH 11 0
BBX 11 8 0 2
BITMAP
70C0
F3C0
C300
F3C0
FBE0
FBE0
FBE0
71C0
ENDCHAR
STARTCHAR F10E
ENCODING 61710
SWIDTH 660 0
DWIDTH 11 0
BBX 11 8 0 2
BITMAP
71C0
FBE0
FBE0
FBE0
79E0
1860
71C0
6180
ENDCHAR
STARTCHAR F10F
ENCODING 61711
SWIDTH 660 0
DWIDTH 11 0
BBX 11 10 0 1
BITMAP
3F00
7F80
67C0
F5C0
F5E0
F5E0
E1C0
7FC0
7F80
1F00
ENDCHAR
STARTCHAR F110
ENCODING 61712
SWIDTH 660 0
DWIDTH 11 0
BBX 10 10 0 1
BITMAP
0C00
6400
6000
0000
C040
C040
0000
6180
6480
0C00
ENDCHAR
STARTCHAR F111
ENCODING 61713
SWIDTH 660 0
DWIDTH 11 0
BBX 11 10 0 1
BITMAP
3F00
7F80
7FC0
FFC0
FFE0
FFE0
FFC0
7FC0
7F80
1F00
ENDCHAR
STARTCHAR F112
ENCODING 61714
SWIDTH 660 0
DWIDTH 11 0
BBX 11 10 0 1
BITMAP
1000
3800
7F00
FFC0
FFC0
7FE0
18E0
0040
00C0
0080
ENDCHAR
STARTCHAR F113
ENCODING 61715
SWIDTH 660 0
DWIDTH 11 0
BBX 11 8 0 2
BITMAP
6FC0
7FC0
7FC0
FFC0
D160
9160
D140
7F80
ENDCHAR
STARTCHAR F114
ENCODING 61716
SWIDTH 660 0
DWIDTH 11 0
BBX 11 10 0 1
BITMAP
7800
8C00
83E0
8020
8020
8020
8020
8020
8060
7FC0
ENDCHAR
STARTCHAR F115
ENCODING 61717
SWIDTH 660 0
DWIDTH 11 0
BBX 10 8 0 2
BITMAP
F000
8F80
8080
BFC0
BFC0
FFC0
FF80
FF80
ENDCHAR
STARTCHAR F116
ENCODING 61718
SWIDTH 660 0
DWIDTH 11 0
BBX 11 10 0 2
BITMAP
1F00
2080
0100
2100
9120
9E20
8040
8440
4480
3100
ENDCHAR
STARTCHAR F117
ENCODING 61719
SWIDTH 660 0
DWIDTH 11 0
BBX 11 8 0 2
BITMAP
6600
6E00
00E0
EEC0
EC00
01C0
1D80
1C00
ENDCHAR
STARTCHAR F118
ENCODING 61720
SWIDTH 660 0
DWIDTH 11 0
BBX 11 10 0 1
BITMAP
3F00
6080
4040
9240
9020
8020
9140
4E40
6080
1F00
ENDCHAR
STARTCHAR F119
ENCODING 61721
SWIDTH 660 0
DWIDTH 11 0
BBX 11 10 0 1
BITMAP
3F00
6080
4040
9240
9020
8020
9E40
5140
6080
1F00
ENDCHAR
STARTCHAR F11A
ENCODING 61722
SWIDTH 660 0
DWIDTH 11 0
BBX 11 10 0 1
BITMAP
3F00
6080
4040
9240
9020
8020
8E40
4040
6080
1F00
ENDCHAR
STARTCHAR F11B
ENCODING 61723
SWIDTH 660 0
DWIDTH 11 0
BBX 11 6 0 3
BITMAP
7F80
FFC0
EF60
EEE0
FFC0
7F80
ENDCHAR
STARTCHAR F11C
ENCODING 61724
SWIDTH 660 0
DWIDTH 11 0
BBX 11 7 0 3
BITMAP
7FC0
8020
B6A0
8020
8020
9F20
FFE0
ENDCHAR
STARTCHAR F11D
ENCODING 61725
SWIDTH 660 0
DWIDTH 11 0
BBX 11 12 0 0
BITMAP
8800
FFE0
8060
8060
8060
8060
8060
9860
E7C0
8000
8000
8000
ENDCHAR
STARTCHAR F11E
ENCODING 61726
SWIDTH 660 0
DWIDTH 11 0
BBX 11 12 0 0
BITMAP
C800
FFE0
DBE0
DB60
E4E0
F8E0
DB60
FF60
E7C0
C000
C000
8000
ENDCHAR
STARTCHAR F11F
ENCODING 61727
SWIDTH 660 0
DWIDTH 11 0
BBX 11 10 0 1
BITMAP
FFC0
FFE0
C1E0
CDE0
C060
C060
CC60
E0E0
FFE0
FFC0
ENDCHAR
STARTCHAR F120
ENCODING 61728
SWIDTH 660 0
DWIDTH 11 0
BBX 11 8 0 2
BITMAP
C000
6000
3000
1800
1000
2000
4000
8FE0
ENDCHAR
STARTCHAR F121
ENCODING 61729
SWIDTH 660 0
DWIDTH 11 0
BBX 10 8 0 2
BITMAP
0200
0600
6480
C440
C440
6880
0800
0800
ENDCHAR
STARTCHAR F122
ENCODING 61730
SWIDTH 660 0
DWIDTH 11 0
BBX 11 8 0 2
BITMAP
3400
7E00
BFC0
BFC0
5FE0
3460
0040
00C0
ENDCHAR
STARTCHAR F123
ENCODING 61731
SWIDTH 660 0
DWIDTH 11 0
BBX 9 16 1 -2
BITMAP
0100
0180
0380
0380
0780
7D80
F180
6180
3180
1980
1980
1980
1B80
1E00
1C00
1000
ENDCHAR
STARTCHAR F124
ENCODING 61732
SWIDTH 660 0
DWIDTH 11 0
BBX 11 10 0 1
BITMAP
00E0
07C0
1FC0
FF80
FF80
0780
0700
0700
0600
0600
ENDCHAR
STARTCHAR F125
ENCODING 61733
SWIDTH 660 0
DWIDTH 11 0
BBX 11 10 0 1
BITMAP
6060
FFC0
6180
6380
6680
6C80
7880
7080
3EE0
0080
ENDCHAR
STARTCHAR F126
ENCODING 61734
SWIDTH 660 0
DWIDTH 11 0
BBX 11 12 0 0
BITMAP
E1C0
B160
F1C0
6080
6080
7F80
7E00
6000
6000
F000
F000
6000
ENDCHAR
STARTCHAR F127
ENCODING 61735
SWIDTH 660 0
DWIDTH 11 0
BBX 10 8 0 2
BITMAP
C380
3C40
1640
6A40
C680
8900
4680
7040
ENDCHAR
STARTCHAR F128
ENCODING 61736
SWIDTH 660 0
DWIDTH 11 0
BBX 10 16 0 -2
BITMAP
0E00
3F80
7FC0
60C0
E0C0
40C0
01C0
0380
0700
0E00
0C00
0000
0000
0C00
0E00
0400
ENDCHAR
STARTCHAR F129
ENCODING 61737
SWIDTH 660 0
DWIDTH 11 0
BBX 6 16 2 -2
BITMAP
10
38
38
00
00
70
F0
30
30
30
30
30
30
78
FC
7C
ENDCHAR
STARTCHAR F12A
ENCODING 61738
SWIDTH 660 0
DWIDTH 11 0
BBX 3 16 4 -2
BITMAP
40
C0
C0
C0
C0
C0
C0
C0
C0
C0
C0
00
00
C0
E0
40
ENDCHAR
STARTCHAR F12B
ENCODING 61739
SWIDTH 660 0
DWIDTH 11 0
BBX 11 10 0 1
BITMAP
0040
00C0
C640
6C40
38E0
1800
3800
2C00
C600
C200
ENDCHAR
STARTCHAR F12C
ENCODING 61740
SWIDTH 660 0
DWIDTH 11 0
BBX 10 10 0 1
BITMAP
C200
E600
2C00
3800
1800
38C0
6CC0
C640
00C0
00C0
ENDCHAR
STARTCHAR F12D
ENCODING 61741
SWIDTH 660 0
DWIDTH 11 0
BBX 10 10 0 1
BITMAP
0200
0F00
1F80
3FC0
67C0
C3C0
8180
C300
7FC0
1FC0
ENDCHAR
STARTCHAR F12E
ENCODING 61742
SWIDTH 660 0
DWIDTH 11 0
BBX 11 10 0 1
BITMAP
1C00
0800
FF00
FF00
BF40
1FE0
BF40
FF00
E300
F700
ENDCHAR
STARTCHAR F12F
ENCODING 61743
SWIDTH 660 0
DWIDTH 11 0
BBX 11 10 0 1
BITMAP
7F00
FF00
E780
E380
FFE0
FFE0
E0E0
FFE0
FFC0
7F80
ENDCHAR
STARTCHAR F130
ENCODING 61744
SWIDTH 660 0
DWIDTH 11 0
BBX 6 8 2 2
BITMAP
38
38
38
BC
BC
54
38
38
ENDCHAR
STARTCHAR F131
ENCODING 61745
SWIDTH 660 0
DWIDTH 11 0
BBX 10 8 0 2
BITMAP
CE00
2E00
1E00
2F00
2700
1100
0E80
0E40
ENDCHAR
STARTCHAR F132
ENCODING 61746
SWIDTH 660 0
DWIDTH 11 0
BBX 11 12 0 0
BITMAP
0400
3F00
FFC0
FFE0
FFE0
FFC0
7FC0
7FC0
7F80
3F00
1E00
0400
ENDCHAR
STARTCHAR F133
ENCODING 61747
SWIDTH 660 0
DWIDTH 11 0
BBX 11 12 0 0
BITMAP
3100
7FC0
FFE0
FFE0
8060
8060
8060
8060
8060
8060
8060
FFC0
ENDCHAR
STARTCHAR F134
ENCODING 61748
SWIDTH 660 0
DWIDTH 11 0
BBX 11 10 0 1
BITMAP
1BE0
6FE0
D8E0
BC00
7C00
7C00
7C00
7C00
7C00
7C00
ENDCHAR
STARTCHAR F135
ENCODING 61749
SWIDTH 660 0
DWIDTH 11 0
BBX 11 10 0 2
BITMAP
03E0
07E0
3E60
7FC0
FFC0
FF80
3F00
1F00
0700
0600
ENDCHAR
STARTCHAR F136
ENCODING 61750
SWIDTH 660 0
DWIDTH 11 0
BBX 11 8 0 2
BITMAP
7F80
7FC0
6660
66C0
6CC0
6CC0
CCC0
CCC0
ENDCHAR
STARTCHAR F137
ENCODING 61751
SWIDTH 660 0
DWIDTH 11 0
BBX 11 10 0 1
BITMAP
3F00
7F80
7FC0
FBC0
F7E0
F7E0
FBC0
7FC0
7F80
1F00
ENDCHAR
STARTCHAR F138
ENCODING 61752
SWIDTH 660 0
DWIDTH 11 0
BBX 11 10 0 1
BITMAP
3F00
7F80
77C0
FBC0
FDE0
FDE0
FBC0
77C0
7F80
1F00
ENDCHAR
STARTCHAR F139
ENCODING 61753
SWIDTH 660 0
DWIDTH 11 0
BBX 11 10 0 1
BITMAP
3F00
7F80
7FC0
FBC0
F5E0
EEE0
FFC0
7FC0
7F80
1F00
ENDCHAR
STARTCHAR F13A
ENCODING 61754
SWIDTH 660 0
DWIDTH 11 0
BBX 11 10 0 1
BITMAP
3F00
7F80
7FC0
FFC0
EEE0
F5E0
FBC0
7FC0
7F80
1F00
ENDCHAR
STARTCHAR F13B
ENCODING 61755
SWIDTH 660 0
DWIDTH 11 0
BBX 11 12 0 0
BITMAP
FFE0
FFC0
C040
DFC0
CFC0
40C0
7EC0
4EC0
60C0
7FC0
7FC0
1E00
ENDCHAR
STARTCHAR F13C
ENCODING 61756
SWIDTH 660 0
DWIDTH 11 0
BBX 11 10 0 1
BITMAP
3FE0
7FC0
00C0
7FC0
7FC0
00C0
C080
F380
7F00
1800
ENDCHAR
STARTCHAR F13D
ENCODING 61757
SWIDTH 660 0
DWIDTH 11 0
BBX 11 10 0 1
BITMAP
0C00
0A00
0A00
0E00
0E00
44C0
E4E0
44C0
7F80
1F00
ENDCHAR
STARTCHAR F13E
ENCODING 61758
SWIDTH 660 0
DWIDTH 11 0
BBX 11 12 0 0
BITMAP
1E00
3B00
3100
2000
7FC0
FFE0
FFE0
F3E0
F1E0
FFE0
FFE0
FFC0
ENDCHAR
STARTCHAR F13F
ENCODING 61759
SWIDTH 660 0
DWIDTH 11 0
BBX 11 10 0 1
BITMAP
FFE0
B320
EEE0
EEE0
B320
B320
4CC0
FEE0
B2E0
FEE0
ENDCHAR
STARTCHAR F140
ENCODING 61760
SWIDTH 660 0
DWIDTH 11 0
BBX 11 10 0 1
BITMAP
3F00
6180
4EC0
D340
B560
B560
DB40
4EC0
7180
1F00
ENDCHAR
STARTCHAR F141
ENCODING 61761
SWIDTH 660 0
DWIDTH 11 0
BBX 11 2 0 5
BITMAP
EEE0
EEC0
ENDCHAR
STARTCHAR F142
ENCODING 61762
SWIDTH 660 0
DWIDTH 11 0
BBX 3 10 4 1
BITMAP
E0
E0
00
00
E0
E0
00
00
E0
C0
ENDCHAR
STARTCHAR F143
ENCODING 61763
SWIDTH 660 0
DWIDTH 11 0
BBX 11 10 0 1
BITMAP
FFC0
FFE0
C3E0
FDE0
C6E0
F2E0
FA60
CB60
FFE0
FFC0
ENDCHAR
STARTCHAR F144
ENCODING 61764
SWIDTH 660 0
DWIDTH 11 0
BBX 11 10 0 1
BITMAP
3F00
7F80
7FC0
F3C0
F1E0
F1E0
F7C0
7FC0
7F80
1F00
ENDCHAR
STARTCHAR F145
ENCODING 61765
SWIDTH 660 0
DWIDTH 11 0
BBX 11 7 0 3
BITMAP
7FC0
FFE0
FF60
7F40
7F40
FF60
FFE0
ENDCHAR
STARTCHAR F146
ENCODING 61766
SWIDTH 660 0
DWIDTH 11 0
BBX 11 10 0 1
BITMAP
FFC0
FFE0
FFE0
FFE0
E1E0
E1E0
FFE0
FFE0
FFE0
FFC0
ENDCHAR
STARTCHAR F147
ENCODING 61767
SWIDTH 660 0
DWIDTH 11 0
BBX 11 10 0 1
BITMAP
FFC0
8060
8060
8060
9E60
9E60
8060
8060
8060
FFC0
ENDCHAR
STARTCHAR F148
ENCODING 61768
SWIDTH 660 0
DWIDTH 11 0
BBX 10 16 0 -2
BITMAP
0400
0E00
1F00
3F80
76C0
6640
0600
0600
0600
0600
0600
0600
0600
0E00
FC00
7000
ENDCHAR
STARTCHAR F149
ENCODING 61769
SWIDTH 660 0
DWIDTH 11 0
BBX 10 15 0 -2
BITMAP
7800
FC00
0600
0600
0600
0600
0600
0600
0600
0600
66C0
77C0
3F80
1F00
0E00
ENDCHAR
STARTCHAR F14A
ENCODING 61770
SWIDTH 660 0
DWIDTH 11 0
BBX 11 10 0 1
BITMAP
FFC0
FFE0
FFE0
FEE0
FDE0
EBE0
F7E0
FFE0
FFE0
FFC0
ENDCHAR
STARTCHAR F14B
ENCODING 61771
SWIDTH 660 0
DWIDTH 11 0
BBX 11 10 0 1
BITMAP
FFC0
FFE0
FCE0
FAE0
F1E0
E3E0
E7E0
CFE0
FFE0
FFC0
ENDCHAR
STARTCHAR F14C
ENCODING 61772
SWIDTH 660 0
DWIDTH 11 0
BBX 11 10 0 1
BITMAP
FFC0
FFE0
E0E0
FCE0
F8E0
F2E0
E6E0
EFE0
FFE0
FFC0
ENDCHAR
STARTCHAR F14D
ENCODING 61773
SWIDTH 660 0
DWIDTH 11 0
BBX 10 10 0 1
BITMAP
0100
E180
9FC0
9FC0
B980
9100
9000
8080
8080
7F80
ENDCHAR
STARTCHAR F14E
ENCODING 61774
SWIDTH 660 0
DWIDTH 11 0
BBX 11 10 0 1
BITMAP
3F00
6080
4140
8F40
8A20
9A20
9C40
4040
6080
1F00
ENDCHAR
STARTCHAR F14F
ENCODING 61775
SWIDTH 660 0
DWIDTH 11 0
BBX 11 10 0 2
BITMAP
3F00
7F80
63C0
E0C0
EEE0
EE60
E040
61C0
6780
1F00
ENDCHAR
STARTCHAR F150
ENCODING 61776
SWIDTH 660 0
DWIDTH 11 0
BBX 11 10 0 1
BITMAP
FFC0
8060
8060
9F60
9F60
9E60
8C60
8060
8060
FFC0
ENDCHAR
STARTCHAR F151
ENCODING 61777
SWIDTH 660 0
DWIDTH 11 0
BBX 11 10 0 1
BITMAP
FFC0
8060
8060
8C60
9E60
BF60
8060
8060
8060
FFC0
ENDCHAR
STARTCHAR F152
ENCODING 61778
SWIDTH 660 0
DWIDTH 11 0
BBX 11 10 0 1
BITMAP
FFC0
8060
8860
8C60
8E60
8E60
8C60
8860
8060
FFC0
ENDCHAR
STARTCHAR F153
ENCODING 61779
SWIDTH 660 0
DWIDTH 11 0
BBX 6 10 2 1
BITMAP
0C
3C
20
FC
FC
FC
FC
20
1C
04
ENDCHAR
STARTCHAR F154
ENCODING 61780
SWIDTH 660 0
DWIDTH 11 0
BBX 7 10 2 1
BITMAP
18
7E
40
40
F8
F8
40
40
FC
FC
ENDCHAR
STARTCHAR F155
ENCODING 61781
SWIDTH 660 0
DWIDTH 11 0
BBX 6 10 2 1
BITMAP
10
7C
C0
C0
70
1C
04
EC
78
10
ENDCHAR
STARTCHAR F156
ENCODING 61782
SWIDTH 660 0
DWIDTH 11 0
BBX 9 10 1 1
BITMAP
E000
F000
9800
8800
9F80
F400
A700
B180
9780
9300
ENDCHAR
STARTCHAR F157
ENCODING 61783
SWIDTH 660 0
DWIDTH 11 0
BBX 6 10 2 1
BITMAP
84
C4
4C
38
7C
7C
FC
7C
10
10
ENDCHAR
STARTCHAR F158
ENCODING 61784
SWIDTH 660 0
DWIDTH 11 0
BBX 8 10 1 1
BITMAP
3C
3F
21
21
23
FE
20
FE
20
20
ENDCHAR
STARTCHAR F159
ENCODING 61785
SWIDTH 660 0
DWIDTH 11 0
BBX 10 10 0 1
BITMAP
8440
CC40
CC40
4EC0
FFC0
FFC0
3B80
3300
3300
1100
ENDCHAR
STARTCHAR F15A
ENCODING 61786
SWIDTH 660 0
DWIDTH 11 0
BBX 8 10 1 1
BITMAP
28
FC
27
23
3E
27
23
27
FE
28
ENDCHAR
STARTCHAR F15B
ENCODING 61787
SWIDTH 660 0
DWIDTH 11 0
BBX 11 14 0 -1
BITMAP
FD00
FD80
FDC0
FC00
FFE0
FFE0
FFE0
FFE0
FFE0
FFE0
FFE0
FFE0
FFE0
7FC0
ENDCHAR
STARTCHAR F15C
ENCODING 61788
SWIDTH 660 0
DWIDTH 11 0
BBX 11 14 0 -1
BITMAP
FD00
FD80
FDC0
FC00
FFE0
FFE0
FFE0
E0E0
FFE0
E0E0
FFE0
FFE0
FFE0
7FC0
ENDCHAR
STARTCHAR F15D
ENCODING 61789
SWIDTH 660 0
DWIDTH 11 0
BBX 11 10 0 1
BITMAP
2080
2180
21C0
23C0
2260
2000
ABC0
F980
73C0
23C0
ENDCHAR
STARTCHAR F15E
ENCODING 61790
SWIDTH 660 0
DWIDTH 11 0
BBX 11 10 0 1
BITMAP
2080
7180
F9C0
ABC0
2260
2000
23C0
2180
23C0
23C0
ENDCHAR
STARTCHAR F15F
ENCODING 61791
SWIDTH 660 0
DWIDTH 11 0
BBX 11 10 0 1
BITMAP
3F00
7180
4EC0
F240
C460
C460
C040
60C0
7180
1F00
ENDCHAR
STARTCHAR F160
ENCODING 61792
SWIDTH 660 0
DWIDTH 11 0
BBX 11 8 0 2
BITMAP
27E0
2000
2780
2000
2000
B700
F000
6600
ENDCHAR
STARTCHAR F161
ENCODING 61793
SWIDTH 660 0
DWIDTH 11 0
BBX 11 8 0 2
BITMAP
67E0
F000
B780
2000
2000
2700
2000
2600
ENDCHAR
STARTCHAR F162
ENCODING 61794
SWIDTH 660 0
DWIDTH 11 0
BBX 11 10 0 1
BITMAP
2180
2180
2080
21C0
2000
21C0
A960
F9C0
70C0
2080
ENDCHAR
STARTCHAR F163
ENCODING 61795
SWIDTH 660 0
DWIDTH 11 0
BBX 11 10 0 1
BITMAP
2180
7180
F880
29C0
2000
21C0
2160
21C0
20C0
2080
ENDCHAR
STARTCHAR F164
ENCODING 61796
SWIDTH 660 0
DWIDTH 11 0
BBX 11 10 0 1
BITMAP
0200
0600
0600
0FC0
FFE0
FFC0
FFC0
FFC0
EF80
C380
ENDCHAR
STARTCHAR F165
ENCODING 61797
SWIDTH 660 0
DWIDTH 11 0
BBX 11 10 0 1
BITMAP
0780
0F80
FFC0
FFC0
FFC0
FFE0
EFC0
C600
0600
0200
ENDCHAR
STARTCHAR F166
ENCODING 61798
SWIDTH 660 0
DWIDTH 11 0
BBX 11 10 0 1
BITMAP
FFC0
FFE0
8060
8020
8C20
8C20
8020
8060
FFE0
FFC0
ENDCHAR
STARTCHAR F167
ENCODING 61799
SWIDTH 660 0
DWIDTH 11 0
BBX 11 10 0 1
BITMAP
0E00
1F00
3180
60C0
E0E0
E0E0
60C0
3380
1F00
0E00
ENDCHAR
STARTCHAR F168
ENCODING 61800
SWIDTH 660 0
DWIDTH 11 0
BBX 10 12 0 0
BITMAP
00C0
01C0
6180
7380
3300
7700
6E00
EE00
0600
0700
0300
0380
ENDCHAR
STARTCHAR F169
ENCODING 61801
SWIDTH 660 0
DWIDTH 11 0
BBX 11 10 0 1
BITMAP
FFC0
FEE0
FCE0
EDE0
E9E0
CBE0
F9E0
FDE0
FCE0
FFC0
ENDCHAR
STARTCHAR F16A
ENCODING 61802
SWIDTH 660 0
DWIDTH 11 0
BBX 11 8 0 2
BITMAP
7FC0
FFC0
FFE0
F3E0
F3E0
FFE0
FFC0
7F80
ENDCHAR
STARTCHAR F16B
ENCODING 61803
SWIDTH 660 0
DWIDTH 11 0
BBX 11 8 0 3
BITMAP
73C0
FBC0
2100
3180
FFE0
3580
1F00
0E00
ENDCHAR
STARTCHAR F16C
ENCODING 61804
SWIDTH 660 0
DWIDTH 11 0
BBX 10 12 0 0
BITMAP
0300
0180
0480
0340
19C0
0680
0100
1F00
8140
BF40
8040
FFC0
ENDCHAR
STARTCHAR F16D
ENCODING 61805
SWIDTH 660 0
DWIDTH 11 0
BBX 11 10 0 1
BITMAP
7FC0
8040
8CA0
9320
9120
9120
9320
8C20
8040
7FC0
ENDCHAR
STARTCHAR F16E
ENCODING 61806
SWIDTH 660 0
DWIDTH 11 0
BBX 11 10 0 1
BITMAP
FFE0
FFE0
FFE0
EEE0
C460
C460
FFE0
FFE0
FFE0
FFE0
ENDCHAR
STARTCHAR F16F
ENCODING 61807
SWIDTH 660 0
DWIDTH 11 0
BBX 11 6 0 4
BITMAP
1780
48C0
9440
3060
1A40
0F80
ENDCHAR
STARTCHAR F170
ENCODING 61808
SWIDTH 660 0
DWIDTH 11 0
BBX 11 10 0 1
BITMAP
3F00
7F80
7BC0
F7C0
FDE0
E0E0
DFC0
7FC0
7F80
1F00
ENDCHAR
STARTCHAR F171
ENCODING 61809
SWIDTH 660 0
DWIDTH 11 0
BBX 11 10 0 1
BITMAP
FFE0
FFC0
FFC0
F1C0
71C0
71C0
7FC0
7F80
7F80
3F80
ENDCHAR
STARTCHAR F172
ENCODING 61810
SWIDTH 660 0
DWIDTH 11 0
BBX 10 6 0 3
BITMAP
0C00
1F00
F1C0
1300
1E00
0400
ENDCHAR
STARTCHAR F173
ENCODING 61811
SWIDTH 660 0
DWIDTH 11 0
BBX 9 16 1 -2
BITMAP
1800
1C00
3C00
7C00
FF00
FF00
FF00
7800
7800
7800
7800
3C00
3F00
3F80
1F80
0400
ENDCHAR
STARTCHAR F174
ENCODING 61812
SWIDTH 660 0
DWIDTH 11 0
BBX 11 10 0 1
BITMAP
FFC0
F3E0
F3E0
E1E0
E1E0
F3E0
F3E0
F1E0
F9E0
FFC0
ENDCHAR
STARTCHAR F175
ENCODING 61813
SWIDTH 660 0
DWIDTH 11 0
BBX 6 10 2 1
BITMAP
10
10
10
10
10
10
94
DC
78
30
ENDCHAR
STARTCHAR F176
ENCODING 61814
SWIDTH 660 0
DWIDTH 11 0
BBX 6 10 2 1
BITMAP
30
78
D4
90
10
10
10
10
10
10
ENDCHAR
STARTCHAR F177
ENCODING 61815
SWIDTH 660 0
DWIDTH 11 0
BBX 10 6 0 3
BITMAP
3000
6000
FFC0
FFC0
6000
3000
ENDCHAR
STARTCHAR F178
ENCODING 61816
SWIDTH 660 0
DWIDTH 11 0
BBX 10 6 0 3
BITMAP
0100
0080
FFC0
FFC0
0180
0100
ENDCHAR
STARTCHAR F179
ENCODING 61817
SWIDTH 660 0
DWIDTH 11 0
BBX 10 12 0 0
BITMAP
0300
0600
0400
7FC0
FFC0
FF80
FF80
FF80
FFC0
7FC0
7FC0
3F80
ENDCHAR
STARTCHAR F17A
ENCODING 61818
SWIDTH 660 0
DWIDTH 11 0
BBX 11 10 0 1
BITMAP
07E0
F7E0
F7E0
F7E0
F7E0
F7E0
F7E0
F7E0
F7E0
07E0
ENDCHAR
STARTCHAR F17B
ENCODING 61819
SWIDTH 660 0
DWIDTH 11 0
BBX 11 6 0 3
BITMAP
0080
3F00
3F80
7FC0
FFC0
FFE0
ENDCHAR
STARTCHAR F17C
ENCODING 61820
SWIDTH 660 0
DWIDTH 11 0
BBX 11 12 0 0
BITMAP
0E00
0A00
0E00
1500
1900
2180
2080
6040
A3C0
9240
9220
FFC0
ENDCHAR
STARTCHAR F17D
ENCODING 61821
SWIDTH 660 0
DWIDTH 11 0
BBX 11 10 0 1
BITMAP
3F00
4880
8D40
8640
FA20
8FE0
9240
6140
6180
1F00
ENDCHAR
STARTCHAR F17E
ENCODING 61822
SWIDTH 660 0
DWIDTH 11 0
BBX 11 10 0 1
BITMAP
7E00
FF80
E0C0
EEC0
E1C0
F8C0
6CC0
61E0
3FC0
0FC0
ENDCHAR
STARTCHAR F17F
ENCODING 61823
SWIDTH 660 0
DWIDTH 11 0
BBX 11 12 0 0
BITMAP
E000
B000
F000
6000
6080
71C0
7F60
61C0
6000
F000
F000
6000
ENDCHAR
STARTCHAR F180
ENCODING 61824
SWIDTH 660 0
DWIDTH 11 0
BBX 11 14 0 -1
BITMAP
FFE0
C060
C040
C0C0
CFC0
C0C0
C0C0
C080
CF80
DF00
F800
F000
E000
C000
ENDCHAR
STARTCHAR F181
ENCODING 61825
SWIDTH 660 0
DWIDTH 11 0
BBX 11 10 0 1
BITMAP
FFE0
8460
8460
8460
8460
8460
87E0
87E0
FFE0
FFC0
ENDCHAR
STARTCHAR F182
ENCODING 61826
SWIDTH 660 0
DWIDTH 11 0
BBX 9 16 1 -2
BITMAP
0800
1C00
1C00
0000
1C00
7E00
7F00
FF00
FF80
BF80
7E00
7E00
3400
3400
3400
0400
ENDCHAR
STARTCHAR F183
ENCODING 61827
SWIDTH 660 0
DWIDTH 11 0
BBX 9 16 1 -2
BITMAP
0800
1C00
1C00
0000
3C00
7E00
7F00
FF00
FD80
BD80
3C00
3400
3400
3400
3400
0400
ENDCHAR
STARTCHAR F184
ENCODING 61828
SWIDTH 660 0
DWIDTH 11 0
BBX 11 10 0 1
BITMAP
3F00
7F80
7FC0
E0C0
E0E0
F1E0
F3C0
7BC0
7F80
1F00
ENDCHAR
STARTCHAR F185
ENCODING 61829
SWIDTH 660 0
DWIDTH 11 0
BBX 10 10 0 1
BITMAP
1B00
1D00
E1C0
9E40
51C0
53C0
8E40
61C0
1D00
1B00
ENDCHAR
STARTCHAR F186
ENCODING 61830
SWIDTH 660 0
DWIDTH 11 0
BBX 10 12 0 0
BITMAP
1E00
3C00
6800
D800
D000
9000
9800
C800
4C00
6700
39C0
1F80
ENDCHAR
STARTCHAR F187
ENCODING 61831
SWIDTH 660 0
DWIDTH 11 0
BBX 11 10 0 1
BITMAP
FFC0
FFE0
0000
7FC0
61C0
7FC0
7FC0
7FC0
7FC0
3F80
ENDCHAR
STARTCHAR F188
ENCODING 61832
SWIDTH 660 0
DWIDTH 11 0
BBX 11 10 0 1
BITMAP
0E00
1E00
40C0
3F80
3B80
FBE0
3B80
3B00
7B80
40C0
ENDCHAR
STARTCHAR F189
ENCODING 61833
SWIDTH 660 0
DWIDTH 11 0
BBX 11 10 0 1
BITMAP
7FC0
FFC0
FFE0
DAE0
D8E0
C8E0
E260
FFE0
FFC0
7FC0
ENDCHAR
STARTCHAR F18A
ENCODING 61834
SWIDTH 660 0
DWIDTH 11 0
BBX 11 8 0 3
BITMAP
00C0
19C0
7FA0
6300
D980
B580
A980
7E00
ENDCHAR
STARTCHAR F18B
ENCODING 61835
SWIDTH 660 0
DWIDTH 11 0
BBX 11 10 0 1
BITMAP
3300
7380
73C0
F3C0
F3E0
F1E0
E1C0
44C0
0E00
1F00
ENDCHAR
STARTCHAR F18C
ENCODING 61836
SWIDTH 660 0
DWIDTH 11 0
BBX 11 14 0 -1
BITMAP
0400
0E00
0E00
0600
3BC0
3FC0
1F80
7400
7DE0
7FC0
0980
0800
3000
C000
ENDCHAR
STARTCHAR F18D
ENCODING 61837
SWIDTH 660 0
DWIDTH 11 0
BBX 11 13 0 -1
BITMAP
7FC0
FFE0
FFE0
FFE0
FFE0
0000
FFE0
FFE0
0000
FFE0
FFC0
0300
0200
ENDCHAR
STARTCHAR F18E
ENCODING 61838
SWIDTH 660 0
DWIDTH 11 0
BBX 11 10 0 1
BITMAP
3F00
6080
4440
8640
9F20
9F20
8640
4040
6080
1F00
ENDCHAR
STARTCHAR F18F
ENCODING 61839
SWIDTH 660 0
DWIDTH 11 0
BBX 10 2 0 5
BITMAP
EAC0
FEC0
ENDCHAR
STARTCHAR F190
ENCODING 61840
SWIDTH 660 0
DWIDTH 11 0
BBX 11 10 0 1
BITMAP
3F00
6080
4840
8840
9F20
9F20
8840
4040
6080
1F00
ENDCHAR
STARTCHAR F191
ENCODING 61841
SWIDTH 660 0
DWIDTH 11 0
BBX 11 10 0 1
BITMAP
FFC0
8060
8660
8E60
9E60
9E60
8E60
8260
8060
FFC0
ENDCHAR
STARTCHAR F192
ENCODING 61842
SWIDTH 660 0
DWIDTH 11 0
BBX 11 10 0 1
BITMAP
3F00
6080
4040
8E40
9E20
9E20
8E40
4040
6080
1F00
ENDCHAR
STARTCHAR F193
ENCODING 61843
SWIDTH 660 0
DWIDTH 11 0
BBX 11 10 0 1
BITMAP
1800
1000
0800
1E00
6E00
8C00
8F80
8080
C4E0
7800
ENDCHAR
STARTCHAR F194
ENCODING 61844
SWIDTH 660 0
DWIDTH 11 0
BBX 11 10 0 1
BITMAP
FFC0
FFE0
E460
C660
E660
E4E0
F1E0
F3E0
FFE0
FFC0
ENDCHAR
STARTCHAR F195
ENCODING 61845
SWIDTH 660 0
DWIDTH 11 0
BBX 11 14 0 -1
BITMAP
1F80
3FE0
3040
3000
3000
FF00
FF00
3000
FF00
FF00
7000
6000
FFC0
FFE0
ENDCHAR
STARTCHAR F196
ENCODING 61846
SWIDTH 660 0
DWIDTH 11 0
BBX 11 10 0 1
BITMAP
FFC0
8060
8460
8460
9F60
9E60
8460
8460
8060
FFC0
ENDCHAR
STARTCHAR F197
ENCODING 61847
SWIDTH 660 0
DWIDTH 11 0
BBX 10 8 0 2
BITMAP
7000
7800
FF80
FFC0
FFC0
FF00
7800
6000
ENDCHAR
STARTCHAR F198
ENCODING 61848
SWIDTH 660 0
DWIDTH 11 0
BBX 11 10 0 1
BITMAP
1B00
1B00
7340
FBE0
72C0
DBC0
DBE0
1800
1B00
1B00
ENDCHAR
STARTCHAR F199
ENCODING 61849
SWIDTH 660 0
DWIDTH 11 0
BBX 11 10 0 1
BITMAP
FFC0
FFE0
C060
C0E0
F160
CE60
C060
C060
FFE0
FFC0
ENDCHAR
STARTCHAR F19A
ENCODING 61850
SWIDTH 660 0
DWIDTH 11 0
BBX 11 10 0 1
BITMAP
3F00
7F80
9140
9B40
DB60
D960
CDC0
A5C0
6E80
3F00
ENDCHAR
STARTCHAR F19B
ENCODING 61851
SWIDTH 660 0
DWIDTH 11 0
BBX 11 10 0 1
BITMAP
0400
0400
0400
1D80
64C0
C460
C400
C400
6400
1C00
ENDCHAR
STARTCHAR F19C
ENCODING 61852
SWIDTH 660 0
DWIDTH 11 0
BBX 11 10 0 1
BITMAP
1E00
7BC0
FFE0
7FC0
7A80
7A80
7A80
7A80
7FC0
FFE0
ENDCHAR
STARTCHAR F19D
ENCODING 61853
SWIDTH 660 0
DWIDTH 11 0
BBX 11 8 0 2
BITMAP
0C00
3F80
EFE0
7F00
B100
7F00
FF00
4E00
ENDCHAR
STARTCHAR F19E
ENCODING 61854
SWIDTH 660 0
DWIDTH 11 0
BBX 10 10 0 1
BITMAP
00C0
00C0
C7C0
ED80
6F80
7A00
3B00
3B00
3000
3000
ENDCHAR
STARTCHAR F19F
ENCODING 61855
SWIDTH 660 0
DWIDTH 11 0
BBX 11 12 0 0
BITMAP
FFE0
FFC0
C040
F8C0
E3C0
40C0
7EC0
6EC0
60C0
7FC0
7FC0
1E00
ENDCHAR
STARTCHAR F1A0
ENCODING 61856
SWIDTH 660 0
DWIDTH 11 0
BBX 11 10 0 1
BITMAP
3F00
7F80
6000
C000
C7E0
C7E0
C0C0
60C0
7F80
1F00
ENDCHAR
STARTCHAR F1A1
ENCODING 61857
SWIDTH 660 0
DWIDTH 11 0
BBX 11 10 0 1
BITMAP
3F00
7C80
7AC0
F1C0
8020
9360
C040
6CC0
7F80
7F00
ENDCHAR
STARTCHAR F1A2
ENCODING 61858
SWIDTH 660 0
DWIDTH 11 0
BBX 11 10 0 1
BITMAP
FFC0
FCE0
FAE0
F1E0
8020
9360
C060
E4E0
FFE0
FFC0
ENDCHAR
STARTCHAR F1A3
ENCODING 61859
SWIDTH 660 0
DWIDTH 11 0
BBX 11 10 0 1
BITMAP
3F00
7F80
73C0
F5C0
F7E0
D560
C440
6EC0
7F80
1F00
ENDCHAR
STARTCHAR F1A4
ENCODING 61860
SWIDTH 660 0
DWIDTH 11 0
BBX 11 8 0 2
BITMAP
0E00
1F00
1B00
1800
DB60
DB60
FBC0
71C0
ENDCHAR
STARTCHAR F1A5
ENCODING 61861
SWIDTH 660 0
DWIDTH 11 0
BBX 11 10 0 1
BITMAP
FFE0
87E0
87E0
87E0
87E0
F820
F820
F820
F820
FFE0
ENDCHAR
STARTCHAR F1A6
ENCODING 61862
SWIDTH 660 0
DWIDTH 11 0
BBX 11 6 0 3
BITMAP
3000
F6E0
B6A0
B6A0
F6E0
06E0
ENDCHAR
STARTCHAR F1A7
ENCODING 61863
SWIDTH 660 0
DWIDTH 11 0
BBX 11 10 0 1
BITMAP
FFE0
E7E0
EBE0
EBE0
E4E0
FAE0
F0E0
F3E0
F3E0
FFE0
ENDCHAR
STARTCHAR F1A8
ENCODING 61864
SWIDTH 660 0
DWIDTH 11 0
BBX 9 9 1 2
BITMAP
0080
0100
0E00
0C00
F600
2D00
1500
0180
0700
ENDCHAR
STARTCHAR F1A9
ENCODING 61865
SWIDTH 660 0
DWIDTH 11 0
BBX 11 14 0 -1
BITMAP
0400
0C00
0E00
1B00
3180
78C0
CCC0
CE40
DB60
F160
F1C0
71C0
3F80
1E00
ENDCHAR
STARTCHAR F1AA
ENCODING 61866
SWIDTH 660 0
DWIDTH 11 0
BBX 11 10 0 1
BITMAP
E0C0
FFE0
6C80
7A80
7380
7B80
7E80
6EC0
FFE0
E0C0
ENDCHAR
STARTCHAR F1AB
ENCODING 61867
SWIDTH 660 0
DWIDTH 11 0
BBX 11 6 0 3
BITMAP
FFE0
D920
DAA0
C920
F820
FFC0
ENDCHAR
STARTCHAR F1AC
ENCODING 61868
SWIDTH 660 0
DWIDTH 11 0
BBX 11 10 0 1
BITMAP
1F80
1040
D040
C000
DFE0
DA60
DFE0
DFE0
DA60
DFE0
ENDCHAR
STARTCHAR F1AD
ENCODING 61869
SWIDTH 660 0
DWIDTH 11 0
BBX 11 14 0 -1
BITMAP
FFC0
FFE0
FFE0
D260
FFE0
FFE0
D260
D260
FFE0
FFE0
FBE0
F1E0
F1E0
F1C0
ENDCHAR
STARTCHAR F1AE
ENCODING 61870
SWIDTH 660 0
DWIDTH 11 0
BBX 9 16 1 -2
BITMAP
0800
1C00
3C00
1C00
0000
1C00
7E00
7F00
FF80
FF80
3E00
3E00
3600
3600
3600
0400
ENDCHAR
STARTCHAR F1AF
ENCODING 61871
SWIDTH 660 0
DWIDTH 11 0
BBX 10 12 0 0
BITMAP
1F80
3FC0
7FC0
7980
F080
F000
F000
F080
7F80
7FC0
3FC0
0F80
ENDCHAR
STARTCHAR F1B0
ENCODING 61872
SWIDTH 660 0
DWIDTH 11 0
BBX 10 10 0 1
BITMAP
1100
3B00
3B00
D240
CCC0
5F40
3F00
3F80
7F80
2080
ENDCHAR
STARTCHAR F1B1
ENCODING 61873
SWIDTH 660 0
DWIDTH 11 0
BBX 11 10 0 1
BITMAP
03C0
07E0
07C0
07C0
0780
0D00
1800
3000
6000
C000
ENDCHAR
STARTCHAR F1B2
ENCODING 61874
SWIDTH 660 0
DWIDTH 11 0
BBX 11 10 0 1
BITMAP
1F00
F1C0
C0E0
FFE0
FE60
FC60
FC60
FC60
7FC0
1E00
ENDCHAR
STARTCHAR F1B3
ENCODING 61875
SWIDTH 660 0
DWIDTH 11 0
BBX 11 10 0 1
BITMAP
0C00
1300
1F00
1D00
7F80
CE60
F7A0
E720
FFC0
2100
ENDCHAR
STARTCHAR F1B4
ENCODING 61876
SWIDTH 660 0
DWIDTH 11 0
BBX 11 6 0 3
BITMAP
F9C0
8980
F340
8BE0
8A00
FBC0
ENDCHAR
STARTCHAR F1B5
ENCODING 61877
SWIDTH 660 0
DWIDTH 11 0
BBX 11 10 0 1
BITMAP
FFC0
FFE0
FFE0
D7E0
C560
D460
C5E0
FFE0
FFE0
FFC0
ENDCHAR
STARTCHAR F1B6
ENCODING 61878
SWIDTH 660 0
DWIDTH 11 0
BBX 11 10 0 1
BITMAP
3F00
7F80
7B40
FD40
F360
20E0
0BC0
4FC0
7F80
1F00
ENDCHAR
STARTCHAR F1B7
ENCODING 61879
SWIDTH 660 0
DWIDTH 11 0
BBX 11 10 0 1
BITMAP
FFC0
FEE0
FB60
FD60
F360
20E0
0BE0
CFE0
EFE0
FFC0
ENDCHAR
STARTCHAR F1B8
ENCODING 61880
SWIDTH 660 0
DWIDTH 11 0
BBX 11 10 0 1
BITMAP
0E00
1B00
0180
6380
7000
4040
C060
C660
6FC0
0600
ENDCHAR
STARTCHAR F1B9
ENCODING 61881
SWIDTH 660 0
DWIDTH 11 0
BBX 11 10 0 1
BITMAP
1F00
3F80
6080
40C0
FFE0
9F60
FFE0
FFE0
C060
C040
ENDCHAR
STARTCHAR F1BA
ENCODING 61882
SWIDTH 660 0
DWIDTH 11 0
BBX 11 10 0 1
BITMAP
1E00
3F80
6080
6080
7FC0
FFE0
9F60
FFE0
FFE0
C060
ENDCHAR
STARTCHAR F1BB
ENCODING 61883
SWIDTH 660 0
DWIDTH 11 0
BBX 10 12 0 0
BITMAP
0400
0E00
1F00
3F80
7F80
3F80
7FC0
3F80
7FC0
FFC0
0400
0400
ENDCHAR
STARTCHAR F1BC
ENCODING 61884
SWIDTH 660 0
DWIDTH 11 0
BBX 11 10 0 1
BITMAP
3F00
7F80
63C0
CC40
F3E0
FEE0
C1C0
7FC0
7F80
1F00
ENDCHAR
STARTCHAR F1BD
ENCODING 61885
SWIDTH 660 0
DWIDTH 11 0
BBX 9 16 1 -2
BITMAP
0380
0780
0780
FF80
FF00
FF00
FE00
3E00
3C00
7F80
7F80
FF80
F000
E000
E000
C000
ENDCHAR
STARTCHAR F1BE
ENCODING 61886
SWIDTH 660 0
DWIDTH 11 0
BBX 11 4 0 4
BITMAP
1300
1B80
BBE0
BBC0
ENDCHAR
STARTCHAR F1BF
ENCODING 61887
SWIDTH 660 0
DWIDTH 11 0
BBX 10 10 0 1
BITMAP
3800
6800
7800
3800
5BC0
FE00
C400
C740
FBC0
3380
ENDCHAR
STARTCHAR F1C0
ENCODING 61888
SWIDTH 660 0
DWIDTH 11 0
BBX 11 12 0 0
BITMAP
7F80
FFE0
FFE0
FFC0
3F20
F1E0
FFE0
7FC0
8E20
FFE0
FFC0
3F80
ENDCHAR
STARTCHAR F1C1
ENCODING 61889
SWIDTH 660 0
DWIDTH 11 0
BBX 11 11 0 1
BITMAP
7800
FC00
8600
8700
8100
8100
8100
8000
9B60
9760
DB40
ENDCHAR
STARTCHAR F1C2
ENCODING 61890
SWIDTH 660 0
DWIDTH 11 0
BBX 11 14 0 -1
BITMAP
FF00
8380
83C0
83C0
8060
8060
A5E0
BD60
BF60
9F60
9A60
9A60
8060
7FC0
ENDCHAR
STARTCHAR F1C3
ENCODING 61891
SWIDTH 660 0
DWIDTH 11 0
BBX 11 14 0 -1
BITMAP
FF00
8380
83C0
83C0
8060
8060
9260
8E60
8C60
8E60
9A60
8060
8060
7FC0
ENDCHAR
STARTCHAR F1C4
ENCODING 61892
SWIDTH 660 0
DWIDTH 11 0
BBX 11 14 0 -1
BITMAP
FF00
8380
83C0
83C0
8060
8060
9E60
9360
9F60
9E60
9060
8060
8060
7FC0
ENDCHAR
STARTCHAR F1C5
ENCODING 61893
SWIDTH 660 0
DWIDTH 11 0
BBX 11 14 0 -1
BITMAP
FF00
8380
83C0
83C0
8060
8060
9060
9060
8460
9660
9F60
BF60
8060
7FC0
ENDCHAR
STARTCHAR F1C6
ENCODING 61894
SWIDTH 660 0
DWIDTH 11 0
BBX 11 14 0 -1
BITMAP
FF00
9B80
83C0
83C0
9860
8060
9860
9860
BC60
A460
B860
8060
8060
7FC0
ENDCHAR
STARTCHAR F1C7
ENCODING 61895
SWIDTH 660 0
DWIDTH 11 0
BBX 11 14 0 -1
BITMAP
FF00
8380
83C0
83C0
8060
8060
8060
8B60
9960
9960
8B60
8060
8060
7FC0
ENDCHAR
STARTCHAR F1C8
ENCODING 61896
SWIDTH 660 0
DWIDTH 11 0
BBX 11 14 0 -1
BITMAP
FF00
8380
83C0
83C0
8060
8060
8060
BE60
BF60
BF60
BF60
8060
8060
7FC0
ENDCHAR
STARTCHAR F1C9
ENCODING 61897
SWIDTH 660 0
DWIDTH 11 0
BBX 11 14 0 -1
BITMAP
FF00
8380
83C0
83C0
8060
8060
8060
9B60
B1E0
9360
8260
8060
8060
7FC0
ENDCHAR
STARTCHAR F1CA
ENCODING 61898
SWIDTH 660 0
DWIDTH 11 0
BBX 11 12 0 0
BITMAP
03C0
07C0
C660
C660
E640
6300
63E0
7180
3380
3B00
1E00
0C00
ENDCHAR
STARTCHAR F1CB
ENCODING 61899
SWIDTH 660 0
DWIDTH 11 0
BBX 11 10 0 1
BITMAP
0E00
3500
64C0
CC60
F3A0
FBA0
8C60
64C0
1700
0E00
ENDCHAR
STARTCHAR F1CC
ENCODING 61900
SWIDTH 660 0
DWIDTH 11 0
BBX 11 8 0 2
BITMAP
0600
1980
6080
8080
B940
AD20
9240
7F80
ENDCHAR
STARTCHAR F1CD
ENCODING 61901
SWIDTH 660 0
DWIDTH 11 0
BBX 11 10 0 1
BITMAP
7F00
6080
7140
9E40
9220
9220
9F40
61C0
60C0
1F00
ENDCHAR
STARTCHAR F1CE
ENCODING 61902
SWIDTH 660 0
DWIDTH 11 0
BBX 11 10 0 1
BITMAP
3B00
6180
40C0
C040
8060
8060
C040
40C0
7180
1F00
ENDCHAR
STARTCHAR F1CF
ENCODING 61903
SWIDTH 660 0
DWIDTH 11 0
BBX 11 8 0 2
BITMAP
FFC0
88A0
88A0
BBA0
EEA0
BBA0
8020
FFC0
ENDCHAR
STARTCHAR F1D0
ENCODING 61904
SWIDTH 660 0
DWIDTH 11 0
BBX 11 10 0 1
BITMAP
2C00
4680
4C40
8C40
C460
CCE0
FFC0
7FC0
7F80
3F00
ENDCHAR
STARTCHAR F1D1
ENCODING 61905
SWIDTH 660 0
DWIDTH 11 0
BBX 11 10 0 1
BITMAP
3F00
6180
4440
9540
8E60
8E60
9540
4440
7180
3F00
ENDCHAR
STARTCHAR F1D2
ENCODING 61906
SWIDTH 660 0
DWIDTH 11 0
BBX 11 10 0 1
BITMAP
FFC0
FFE0
FAE0
CE60
FAE0
CAE0
D960
CFE0
FFE0
FFC0
ENDCHAR
STARTCHAR F1D3
ENCODING 61907
SWIDTH 660 0
DWIDTH 11 0
BBX 10 8 0 2
BITMAP
0680
0080
F7C0
9680
7680
E6C0
F000
F000
ENDCHAR
STARTCHAR F1D4
ENCODING 61908
SWIDTH 660 0
DWIDTH 11 0
BBX 11 10 0 1
BITMAP
FFE0
FFE0
EDE0
F5E0
F3E0
FBE0
FBE0
FBE0
FFE0
FFE0
ENDCHAR
STARTCHAR F1D5
ENCODING 61909
SWIDTH 660 0
DWIDTH 11 0
BBX 10 16 0 -2
BITMAP
0C00
3300
4080
4040
8E40
8E40
9C40
5040
2080
2F00
4000
4000
4000
4000
4000
4000
ENDCHAR
STARTCHAR F1D6
ENCODING 61910
SWIDTH 660 0
DWIDTH 11 0
BBX 11 12 0 0
BITMAP
1F00
3F80
3F80
7F80
7F80
7F80
7FC0
FFC0
FFC0
FFA0
3F80
3F80
ENDCHAR
STARTCHAR F1D7
ENCODING 61911
SWIDTH 660 0
DWIDTH 11 0
BBX 11 8 0 2
BITMAP
7C00
DA00
FD00
FFC0
7D60
7FE0
07C0
0380
ENDCHAR
STARTCHAR F1D8
ENCODING 61912
SWIDTH 660 0
DWIDTH 11 0
BBX 11 10 0 1
BITMAP
00E0
01C0
07C0
1DC0
7BC0
F7C0
6FC0
0FC0
1F80
1880
ENDCHAR
STARTCHAR F1D9
ENCODING 61913
SWIDTH 660 0
DWIDTH 11 0
BBX 11 10 0 1
BITMAP
00E0
03C0
06C0
1940
6240
8440
7840
1CC0
1F80
1880
ENDCHAR
STARTCHAR F1DA
ENCODING 61914
SWIDTH 660 0
DWIDTH 11 0
BBX 11 10 0 1
BITMAP
BF00
E180
E4C0
E440
0460
0660
0240
00C0
3180
1F00
ENDCHAR
STARTCHAR F1DB
ENCODING 61915
SWIDTH 660 0
DWIDTH 11 0
BBX 11 10 0 1
BITMAP
3F00
6080
4040
8040
8020
8020
8040
4040
6080
1F00
ENDCHAR
STARTCHAR F1DC
ENCODING 61916
SWIDTH 660 0
DWIDTH 11 0
BBX 11 10 0 1
BITMAP
F1E0
6080
6080
6080
7F80
6080
6080
6080
6080
F1E0
ENDCHAR
STARTCHAR F1DD
ENCODING 61917
SWIDTH 660 0
DWIDTH 11 0
BBX 10 12 0 0
BITMAP
1FC0
7FC0
FF80
FF80
FF80
FF80
7F80
3F80
0780
0780
0780
0480
ENDCHAR
STARTCHAR F1DE
ENCODING 61918
SWIDTH 660 0
DWIDTH 11 0
BBX 11 10 0 1
BITMAP
1800
E7E0
1800
0300
FEC0
FEC0
0100
3800
EFE0
3000
ENDCHAR
STARTCHAR F1DF
ENCODING 61919
SWIDTH 660 0
DWIDTH 11 0
BBX 10 12 0 0
BITMAP
EC00
FF00
FF00
FF00
FD00
FF00
FF00
75C0
0300
0100
0300
0400
ENDCHAR
STARTCHAR F1E0
ENCODING 61920
SWIDTH 660 0
DWIDTH 11 0
BBX 11 10 0 1
BITMAP
01C0
03E0
07E0
7FC0
F800
F800
7FC0
03E0
03E0
01C0
ENDCHAR
STARTCHAR F1E1
ENCODING 61921
SWIDTH 660 0
DWIDTH 11 0
BBX 11 10 0 1
BITMAP
FFC0
FE60
FC60
C860
C7E0
C3E0
F860
FC60
FEE0
FFC0
ENDCHAR
STARTCHAR F1E2
ENCODING 61922
SWIDTH 660 0
DWIDTH 11 0
BBX 10 10 0 1
BITMAP
0080
01C0
3E00
4700
FF00
BF80
FF80
FF00
7F00
3E00
ENDCHAR
STARTCHAR F1E3
ENCODING 61923
SWIDTH 660 0
DWIDTH 11 0
BBX 11 10 0 1
BITMAP
3F00
6C80
40C0
E4C0
CEE0
8E20
8040
71C0
7380
1F00
ENDCHAR
STARTCHAR F1E4
ENCODING 61924
SWIDTH 660 0
DWIDTH 11 0
BBX 10 10 0 1
BITMAP
0E00
7F80
F1C0
F1C0
40C0
0000
D540
5540
5F40
5F40
ENDCHAR
STARTCHAR F1E5
ENCODING 61925
SWIDTH 660 0
DWIDTH 11 0
BBX 11 10 0 1
BITMAP
3100
3180
7580
7580
75C0
75C0
F1C0
F1E0
F1E0
F1C0
ENDCHAR
STARTCHAR F1E6
ENCODING 61926
SWIDTH 660 0
DWIDTH 11 0
BBX 11 14 0 -1
BITMAP
2180
3180
3180
0000
FFC0
FFE0
7FC0
7FC0
7F80
3F80
1F00
0C00
0C00
0C00
ENDCHAR
STARTCHAR F1E7
ENCODING 61927
SWIDTH 660 0
DWIDTH 11 0
BBX 10 10 0 0
BITMAP
FFC0
8040
8040
9B40
9B40
4040
3F80
3F00
3F00
1F00
ENDCHAR
STARTCHAR F1E8
ENCODING 61928
SWIDTH 660 0
DWIDTH 11 0
BBX 11 11 0 0
BITMAP
3FE0
6020
E420
E520
E420
E020
E040
FB80
FF00
FE00
1000
ENDCHAR
STARTCHAR F1E9
ENCODING 61929
SWIDTH 660 0
DWIDTH 11 0
BBX 11 14 0 -1
BITMAP
3C00
7C00
3C00
1C00
1C80
0CC0
09E0
E380
F000
C300
09C0
19C0
3880
1800
ENDCHAR
STARTCHAR F1EA
ENCODING 61930
SWIDTH 660 0
DWIDTH 11 0
BBX 11 10 0 1
BITMAP
1FC0
A020
AFA0
AE20
ADA0
AFA0
A020
AFA0
A060
7FC0
ENDCHAR
STARTCHAR F1EB
ENCODING 61931
SWIDTH 660 0
DWIDTH 11 0
BBX 11 8 0 2
BITMAP
1E00
7180
C060
1F00
2180
0000
0C00
0400
ENDCHAR
STARTCHAR F1EC
ENCODING 61932
SWIDTH 660 0
DWIDTH 11 0
BBX 11 14 0 -1
BITMAP
FFC0
FFE0
C060
C060
FFE0
DA60
DA60
FFE0
D260
DBE0
E7E0
C260
FFE0
7FC0
ENDCHAR
STARTCHAR F1ED
ENCODING 61933
SWIDTH 660 0
DWIDTH 11 0
BBX 11 12 0 0
BITMAP
3F80
7F80
7F80
7F80
7FE0
7F60
61C0
EFC0
FF00
FC00
FC00
1800
ENDCHAR
STARTCHAR F1EE
ENCODING 61934
SWIDTH 660 0
DWIDTH 11 0
BBX 11 11 0 1
BITMAP
01C0
01C0
0CC0
0EC0
0FE0
EFE0
7FE0
3FE0
39C0
39C0
01C0
ENDCHAR
STARTCHAR F1EF
ENCODING 61935
SWIDTH 660 0
DWIDTH 11 0
BBX 11 10 0 2
BITMAP
3F00
7F80
61C0
C0C0
C060
00E0
18C0
D9C0
2780
2700
ENDCHAR
STARTCHAR F1F0
ENCODING 61936
SWIDTH 660 0
DWIDTH 11 0
BBX 11 8 0 2
BITMAP
FFE0
FFE0
B560
FB60
D620
FFE0
FFE0
FFE0
ENDCHAR
STARTCHAR F1F1
ENCODING 61937
SWIDTH 660 0
DWIDTH 11 0
BBX 11 8 0 2
BITMAP
FFE0
CC60
9460
9460
8C60
C4E0
FF60
FFE0
ENDCHAR
STARTCHAR F1F2
ENCODING 61938
SWIDTH 660 0
DWIDTH 11 0
BBX 11 8 0 2
BITMAP
FFE0
FFE0
BFA0
BBA0
FFE0
FF20
FC20
FFE0
ENDCHAR
STARTCHAR F1F3
ENCODING 61939
SWIDTH 660 0
DWIDTH 11 0
BBX 11 8 0 2
BITMAP
FFE0
FD60
FBE0
FFA0
FE40
FEA0
FF40
FFE0
ENDCHAR
STARTCHAR F1F4
ENCODING 61940
SWIDTH 660 0
DWIDTH 11 0
BBX 11 8 0 2
BITMAP
FFE0
FFE0
FFE0
FDA0
CFA0
FFE0
FFE0
FFE0
ENDCHAR
STARTCHAR F1F5
ENCODING 61941
SWIDTH 660 0
DWIDTH 11 0
BBX 11 8 0 2
BITMAP
FFE0
FFE0
DFE0
DD20
DD60
FDE0
FFE0
FFE0
ENDCHAR
STARTCHAR F1F6
ENCODING 61942
SWIDTH 660 0
DWIDTH 11 0
BBX 10 8 0 2
BITMAP
C400
3E00
1F00
0F00
3700
3980
3E80
0C40
ENDCHAR
STARTCHAR F1F7
ENCODING 61943
SWIDTH 660 0
DWIDTH 11 0
BBX 10 8 0 2
BITMAP
C400
3A00
1100
0900
2700
2180
3E80
0C40
ENDCHAR
STARTCHAR F1F8
ENCODING 61944
SWIDTH 660 0
DWIDTH 11 0
BBX 11 12 0 0
BITMAP
1F00
FFE0
0000
7FC0
7FC0
7FC0
7FC0
7FC0
7F80
7F80
7F80
7F80
ENDCHAR
STARTCHAR F1F9
ENCODING 61945
SWIDTH 660 0
DWIDTH 11 0
BBX 11 10 0 1
BITMAP
3F00
6080
4C40
9240
9020
9020
9A40
4440
6080
1F00
ENDCHAR
STARTCHAR F1FA
ENCODING 61946
SWIDTH 660 0
DWIDTH 11 0
BBX 11 10 0 1
BITMAP
3F00
6180
4CC0
DF40
9160
9360
DFC0
4480
7000
1C00
ENDCHAR
STARTCHAR F1FB
ENCODING 61947
SWIDTH 660 0
DWIDTH 11 0
BBX 11 10 0 2
BITMAP
01C0
03E0
0FC0
0FC0
1780
3300
6500
4C00
7800
E000
ENDCHAR
STARTCHAR F1FC
ENCODING 61948
SWIDTH 660 0
DWIDTH 11 0
BBX 11 10 0 1
BITMAP
0060
01C0
03C0
0780
0F00
0F00
3600
7800
7800
F800
ENDCHAR
STARTCHAR F1FD
ENCODING 61949
SWIDTH 660 0
DWIDTH 11 0
BBX 11 12 0 0
BITMAP
2480
6D80
0080
2480
2480
7FC0
FFE0
FFE0
9240
FFE0
FFE0
FFE0
ENDCHAR
STARTCHAR F1FE
ENCODING 61950
SWIDTH 660 0
DWIDTH 11 0
BBX 10 10 0 1
BITMAP
8000
8000
8C00
9F80
9FC0
9FC0
9FC0
8000
FFC0
7FC0
ENDCHAR
STARTCHAR F1FF
ENCODING 61951
SWIDTH 660 0
DWIDTH 11 0
BBX 11 8 0 2
BITMAP
3F80
7FC0
7FC0
ECC0
E4E0
FFE0
FFE0
6080
ENDCHAR
STARTCHAR F200
ENCODING 61952
SWIDTH 660 0
DWIDTH 11 0
BBX 10 10 0 1
BITMAP
0700
3780
77C0
F7C0
F7C0
F000
FBC0
7CC0
7E00
1E00
ENDCHAR
STARTCHAR F201
ENCODING 61953
SWIDTH 660 0
DWIDTH 11 0
BBX 10 10 0 1
BITMAP
8000
8000
80C0
8D80
9F00
B200
8000
8000
FFC0
7FC0
ENDCHAR
STARTCHAR F202
ENCODING 61954
SWIDTH 660 0
DWIDTH 11 0
BBX 11 6 0 3
BITMAP
79C0
CB60
8F80
84C0
C660
73C0
ENDCHAR
STARTCHAR F203
ENCODING 61955
SWIDTH 660 0
DWIDTH 11 0
BBX 11 10 0 1
BITMAP
FFC0
FFE0
FFE0
C560
FDE0
DB60
C460
FFE0
FFE0
FFC0
ENDCHAR
STARTCHAR F204
ENCODING 61956
SWIDTH 660 0
DWIDTH 11 0
BBX 11 7 0 3
BITMAP
1F00
7FC0
D840
B860
B860
D040
7FC0
ENDCHAR
STARTCHAR F205
ENCODING 61957
SWIDTH 660 0
DWIDTH 11 0
BBX 11 7 0 3
BITMAP
1F00
7FC0
FCC0
F860
F860
FCC0
7FC0
ENDCHAR
STARTCHAR F206
ENCODING 61958
SWIDTH 660 0
DWIDTH 11 0
BBX 11 8 0 2
BITMAP
0400
2200
1E00
7B80
ED40
BAA0
9140
6080
ENDCHAR
STARTCHAR F207
ENCODING 61959
SWIDTH 660 0
DWIDTH 11 0
BBX 11 10 0 1
BITMAP
7F80
61C0
DEC0
C460
C460
44C0
7FC0
5F40
7FC0
6180
ENDCHAR
STARTCHAR F208
ENCODING 61960
SWIDTH 660 0
DWIDTH 11 0
BBX 10 8 0 2
BITMAP
1F00
2080
5FC0
4080
4E80
FE80
2180
1E00
ENDCHAR
STARTCHAR F209
ENCODING 61961
SWIDTH 660 0
DWIDTH 11 0
BBX 11 16 0 -2
BITMAP
1000
30C0
2940
2940
1740
1680
1F80
78C0
4C40
6B20
B640
DC40
F440
4480
3F00
0C00
ENDCHAR
STARTCHAR F20A
ENCODING 61962
SWIDTH 660 0
DWIDTH 11 0
BBX 11 8 0 2
BITMAP
FFC0
8020
9B20
A420
AA20
9B20
8020
FFC0
ENDCHAR
STARTCHAR F20B
ENCODING 61963
SWIDTH 660 0
DWIDTH 11 0
BBX 11 10 0 1
BITMAP
FE60
C260
C360
DB60
DB60
DB60
DB60
D860
D8C0
DFC0
ENDCHAR
STARTCHAR F20C
ENCODING 61964
SWIDTH 660 0
DWIDTH 11 0
BBX 11 10 0 1
BITMAP
3F00
7F80
71C0
E0C0
C0E0
C0E0
E0C0
C1C0
FF80
FF00
ENDCHAR
STARTCHAR F20D
ENCODING 61965
SWIDTH 660 0
DWIDTH 11 0
BBX 11 10 0 1
BITMAP
FFE0
F1E0
E1E0
E5E0
E4E0
C4E0
C0E0
C660
FFE0
FFE0
ENDCHAR
STARTCHAR F20E
ENCODING 61966
SWIDTH 660 0
DWIDTH 11 0
BBX 10 10 0 1
BITMAP
1F00
3680
2C80
E4C0
BBC0
B3C0
ED40
7F80
3300
0C00
ENDCHAR
STARTCHAR F20F
ENCODING 61967
SWIDTH 660 0
DWIDTH 11 0
BBX 11 14 0 -1
BITMAP
FC00
FD00
E180
E1C0
E000
E0E0
E0E0
E0E0
E0E0
E0E0
E1C0
FFC0
FF80
FE00
ENDCHAR
STARTCHAR F210
ENCODING 61968
SWIDTH 660 0
DWIDTH 11 0
BBX 11 14 0 -1
BITMAP
0020
0060
00E0
7FE0
FFE0
FFE0
E0E0
E0E0
E0E0
E0E0
E060
FFE0
FFC0
3F80
ENDCHAR
STARTCHAR F211
ENCODING 61969
SWIDTH 660 0
DWIDTH 11 0
BBX 10 10 0 1
BITMAP
3C00
6380
4600
CC40
99C0
3300
2640
6CC0
49C0
1BC0
ENDCHAR
STARTCHAR F212
ENCODING 61970
SWIDTH 660 0
DWIDTH 11 0
BBX 11 8 0 2
BITMAP
3B80
FE40
BE40
7E40
FE40
FE40
FBC0
8420
ENDCHAR
STARTCHAR F213
ENCODING 61971
SWIDTH 660 0
DWIDTH 11 0
BBX 11 8 0 2
BITMAP
0700
0F80
7E80
7A80
DAC0
DAE0
DAC0
7F80
ENDCHAR
STARTCHAR F214
ENCODING 61972
SWIDTH 660 0
DWIDTH 11 0
BBX 11 12 0 0
BITMAP
FFE0
8020
FFE0
8060
8460
9A60
9660
9A60
8C60
E060
3980
0E00
ENDCHAR
STARTCHAR F215
ENCODING 61973
SWIDTH 660 0
DWIDTH 11 0
BBX 11 8 0 2
BITMAP
E1E0
FFE0
FFE0
CEE0
CC60
CC60
FFE0
FFE0
ENDCHAR
STARTCHAR F216
ENCODING 61974
SWIDTH 660 0
DWIDTH 11 0
BBX 11 6 0 3
BITMAP
0F00
7100
8880
8440
8220
79C0
ENDCHAR
STARTCHAR F217
ENCODING 61975
SWIDTH 660 0
DWIDTH 11 0
BBX 11 10 0 1
BITMAP
C000
7FE0
3DC0
38C0
3DC0
3F80
3F80
0000
3080
1080
ENDCHAR
STARTCHAR F218
ENCODING 61976
SWIDTH 660 0
DWIDTH 11 0
BBX 11 10 0 1
BITMAP
C000
7DE0
38C0
39C0
3FC0
3F80
3F80
0000
3080
1080
ENDCHAR
STARTCHAR F219
ENCODING 61977
SWIDTH 660 0
DWIDTH 11 0
BBX 10 10 0 1
BITMAP
3F00
3180
5AC0
FFC0
C040
6080
3100
1200
0E00
0400
ENDCHAR
STARTCHAR F21A
ENCODING 61978
SWIDTH 660 0
DWIDTH 11 0
BBX 10 10 0 1
BITMAP
0E00
3F00
3F80
2080
3F80
7FC0
7F80
3B00
FFC0
9340
ENDCHAR
STARTCHAR F21B
ENCODING 61979
SWIDTH 660 0
DWIDTH 11 0
BBX 11 12 0 0
BITMAP
1E00
1F00
7FC0
7F80
2100
7FC0
7F80
2580
75C0
F5C0
FDE0
FFE0
ENDCHAR
STARTCHAR F21C
ENCODING 61980
SWIDTH 660 0
DWIDTH 11 0
BBX 11 8 0 2
BITMAP
0D00
0300
7600
6F80
F540
A6A0
D140
6080
ENDCHAR
STARTCHAR F21D
ENCODING 61981
SWIDTH 660 0
DWIDTH 11 0
BBX 11 10 0 1
BITMAP
0E00
0C00
0000
0E00
1E00
1E00
0E00
6CC0
8460
7FC0
ENDCHAR
STARTCHAR F21E
ENCODING 61982
SWIDTH 660 0
DWIDTH 11 0
BBX 11 9 0 2
BITMAP
3100
7FC0
FFC0
E5E0
E4C0
7300
3B80
1F00
0E00
ENDCHAR
STARTCHAR F21F
ENCODING 61983
SWIDTH 660 0
DWIDTH 11 0
BBX 10 8 0 2
BITMAP
0400
3C00
0080
7EC0
FF80
FF00
7E00
3800
ENDCHAR
STARTCHAR F220
ENCODING 61984
SWIDTH 660 0
DWIDTH 11 0
BBX 10 10 0 1
BITMAP
1E00
2500
5500
7900
0900
1200
2500
45C0
BBC0
0100
ENDCHAR
STARTCHAR F221
ENCODING 61985
SWIDTH 660 0
DWIDTH 11 0
BBX 6 8 2 2
BITMAP
78
44
84
44
7C
10
38
10
ENDCHAR
STARTCHAR F222
ENCODING 61986
SWIDTH 660 0
DWIDTH 11 0
BBX 7 8 2 2
BITMAP
0E
06
7A
88
88
88
D8
20
ENDCHAR
STARTCHAR F223
ENCODING 61987
SWIDTH 660 0
DWIDTH 11 0
BBX 6 8 2 2
BITMAP
78
78
44
84
44
78
10
30
ENDCHAR
STARTCHAR F224
ENCODING 61988
SWIDTH 660 0
DWIDTH 11 0
BBX 7 8 2 2
BITMAP
0E
7E
88
88
88
70
30
20
ENDCHAR
STARTCHAR F225
ENCODING 61989
SWIDTH 660 0
DWIDTH 11 0
BBX 9 8 1 2
BITMAP
C180
FA80
3600
2200
2200
3400
0800
1800
ENDCHAR
STARTCHAR F226
ENCODING 61990
SWIDTH 660 0
DWIDTH 11 0
BBX 10 8 0 2
BITMAP
7B80
C440
8440
C440
7BC0
1100
3B80
1100
ENDCHAR
STARTCHAR F227
ENCODING 61991
SWIDTH 660 0
DWIDTH 11 0
BBX 11 8 0 2
BITMAP
06E0
0660
7EA0
CD80
8480
8480
5900
3600
ENDCHAR
STARTCHAR F228
ENCODING 61992
SWIDTH 660 0
DWIDTH 11 0
BBX 11 8 0 2
BITMAP
78E0
8FE0
8480
84C0
7880
2580
7A00
2000
ENDCHAR
STARTCHAR F229
ENCODING 61993
SWIDTH 660 0
DWIDTH 11 0
BBX 8 8 1 2
BITMAP
03
07
7E
44
84
C4
6C
30
ENDCHAR
STARTCHAR F22A
ENCODING 61994
SWIDTH 660 0
DWIDTH 11 0
BBX 5 8 3 2
BITMAP
60
20
60
70
88
88
88
70
ENDCHAR
STARTCHAR F22B
ENCODING 61995
SWIDTH 660 0
DWIDTH 11 0
BBX 10 6 0 3
BITMAP
3800
4D80
85C0
C7C0
4C80
3800
ENDCHAR
STARTCHAR F22C
ENCODING 61996
SWIDTH 660 0
DWIDTH 11 0
BBX 6 8 2 2
BITMAP
78
44
84
44
7C
10
10
10
ENDCHAR
STARTCHAR F22D
ENCODING 61997
SWIDTH 660 0
DWIDTH 11 0
BBX 6 6 2 3
BITMAP
38
4C
84
C4
4C
38
ENDCHAR
STARTCHAR F22E
ENCODING 61998
SWIDTH 660 0
DWIDTH 11 0
BBX 11 10 0 1
BITMAP
FFC0
F1E0
D6E0
F960
C3E0
F960
ED60
FCE0
F1E0
FFC0
ENDCHAR
STARTCHAR F22F
ENCODING 61999
SWIDTH 660 0
DWIDTH 11 0
BBX 11 12 0 0
BITMAP
FC00
FF80
C180
00C0
0040
0060
0060
0040
00C0
0180
FF00
FC00
ENDCHAR
STARTCHAR F230
ENCODING 62000
SWIDTH 660 0
DWIDTH 11 0
BBX 11 10 0 1
BITMAP
3D00
3F80
4440
5C80
4E80
7FC0
FFE0
3F80
1F40
3F80
ENDCHAR
STARTCHAR F231
ENCODING 62001
SWIDTH 660 0
DWIDTH 11 0
BBX 11 14 0 -1
BITMAP
1F00
3B80
60C0
C840
DC60
D860
D8C0
58C0
1D80
1700
3000
3000
2000
2000
ENDCHAR
STARTCHAR F232
ENCODING 62002
SWIDTH 660 0
DWIDTH 11 0
BBX 11 10 0 1
BITMAP
3F00
6080
5040
9040
9020
9820
8F40
4040
8080
FF00
ENDCHAR
STARTCHAR F233
ENCODING 62003
SWIDTH 660 0
DWIDTH 11 0
BBX 11 10 0 1
BITMAP
7FC0
FFE0
FF60
FFC0
0000
0000
FFE0
FF60
FFE0
7FC0
ENDCHAR
STARTCHAR F234
ENCODING 62004
SWIDTH 660 0
DWIDTH 11 0
BBX 11 8 0 2
BITMAP
3800
3C00
3C80
39E0
0080
7C00
FE00
FE00
ENDCHAR
STARTCHAR F235
ENCODING 62005
SWIDTH 660 0
DWIDTH 11 0
BBX 11 8 0 2
BITMAP
3800
3C00
3CE0
38C0
00A0
7C00
FE00
FE00
ENDCHAR
STARTCHAR F236
ENCODING 62006
SWIDTH 660 0
DWIDTH 11 0
BBX 11 8 0 2
BITMAP
8000
8000
B7C0
B7E0
87E0
FFE0
FFE0
8000
ENDCHAR
STARTCHAR F237
ENCODING 62007
SWIDTH 660 0
DWIDTH 11 0
BBX 11 12 0 0
BITMAP
C040
60C0
6080
E1E0
3180
FFE0
1B00
1A00
0E00
0C00
0400
0400
ENDCHAR
STARTCHAR F238
ENCODING 62008
SWIDTH 660 0
DWIDTH 11 0
BBX 11 12 0 0
BITMAP
7FC0
C060
C060
C060
C060
FFE0
FFE0
F3E0
F3E0
FFC0
3180
60C0
ENDCHAR
STARTCHAR F239
ENCODING 62009
SWIDTH 660 0
DWIDTH 11 0
BBX 11 12 0 0
BITMAP
7FC0
FFE0
C460
C460
C460
C460
FFE0
DF60
DF60
FFC0
3180
60C0
ENDCHAR
STARTCHAR F23A
ENCODING 62010
SWIDTH 660 0
DWIDTH 11 0
BBX 11 6 0 3
BITMAP
7980
FFC0
FFA0
FFA0
FDC0
7900
ENDCHAR
STARTCHAR F23B
ENCODING 62011
SWIDTH 660 0
DWIDTH 11 0
BBX 11 10 0 1
BITMAP
FFE0
FFE0
EFE0
F5E0
F7E0
FBE0
FBE0
FBE0
FFE0
FFE0
ENDCHAR
STARTCHAR F23C
ENCODING 62012
SWIDTH 660 0
DWIDTH 11 0
BBX 10 8 0 3
BITMAP
1C00
3300
FDC0
BBC0
7FC0
65C0
DE40
FFC0
ENDCHAR
STARTCHAR F23D
ENCODING 62013
SWIDTH 660 0
DWIDTH 11 0
BBX 10 7 1 3
BITMAP
C000
3FC0
0080
0100
0200
4400
4400
ENDCHAR
STARTCHAR F23E
ENCODING 62014
SWIDTH 660 0
DWIDTH 11 0
BBX 11 10 0 1
BITMAP
3F00
7380
6DC0
EFC0
D0E0
C4E0
E4C0
C0C0
7F80
3F00
ENDCHAR
STARTCHAR F23F
ENCODING 62015
SWIDTH 660 0
DWIDTH 11 0
BBX 11 6 0 3
BITMAP
8E20
8020
8020
8FE0
8F60
8620
ENDCHAR
STARTCHAR F240
ENCODING 62016
SWIDTH 660 0
DWIDTH 11 0
BBX 11 6 0 3
BITMAP
FFC0
8040
BF60
BF60
8040
FFC0
ENDCHAR
STARTCHAR F241
ENCODING 62017
SWIDTH 660 0
DWIDTH 11 0
BBX 11 6 0 3
BITMAP
FFC0
8040
BE60
BE60
8040
FFC0
ENDCHAR
STARTCHAR F242
ENCODING 62018
SWIDTH 660 0
DWIDTH 11 0
BBX 11 6 0 3
BITMAP
FFC0
8040
B860
B860
8040
FFC0
ENDCHAR
STARTCHAR F243
ENCODING 62019
SWIDTH 660 0
DWIDTH 11 0
BBX 11 6 0 3
BITMAP
FFC0
8040
B060
B060
8040
FFC0
ENDCHAR
STARTCHAR F244
ENCODING 62020
SWIDTH 660 0
DWIDTH 11 0
BBX 11 6 0 3
BITMAP
FFC0
8040
8060
8060
8040
FFC0
ENDCHAR
STARTCHAR F245
ENCODING 62021
SWIDTH 660 0
DWIDTH 11 0
BBX 11 14 0 -1
BITMAP
C000
E000
F000
FC00
FE00
FF00
FF80
FFC0
FFE0
FC00
FE00
E600
C700
0300
ENDCHAR
STARTCHAR F246
ENCODING 62022
SWIDTH 660 0
DWIDTH 11 0
BBX 7 16 2 -2
BITMAP
86
FE
78
30
30
30
30
7C
7C
30
30
30
30
7C
EE
80
ENDCHAR
STARTCHAR F247
ENCODING 62023
SWIDTH 660 0
DWIDTH 11 0
BBX 11 10 0 1
BITMAP
C040
FFE0
BC40
BC40
BD40
BFC0
87C0
8740
FFE0
0040
ENDCHAR
STARTCHAR F248
ENCODING 62024
SWIDTH 660 0
DWIDTH 11 0
BBX 11 8 0 2
BITMAP
FE00
C200
8240
42A0
FE40
0240
1840
1FE0
ENDCHAR
STARTCHAR F249
ENCODING 62025
SWIDTH 660 0
DWIDTH 11 0
BBX 11 10 0 1
BITMAP
FFC0
FFE0
FFE0
FFE0
FFE0
FFE0
FF00
FEC0
FE80
FF00
ENDCHAR
STARTCHAR F24A
ENCODING 62026
SWIDTH 660 0
DWIDTH 11 0
BBX 11 10 0 1
BITMAP
FFC0
8060
8060
8060
8060
8060
81E0
81C0
8180
FF00
ENDCHAR
STARTCHAR F24B
ENCODING 62027
SWIDTH 660 0
DWIDTH 11 0
BBX 11 8 0 2
BITMAP
FFE0
FFE0
FFE0
D6A0
D6A0
FFE0
FFE0
FFE0
ENDCHAR
STARTCHAR F24C
ENCODING 62028
SWIDTH 660 0
DWIDTH 11 0
BBX 11 8 0 2
BITMAP
FFE0
FE60
AA60
CB20
CB20
AA60
FC60
FFE0
ENDCHAR
STARTCHAR F24D
ENCODING 62029
SWIDTH 660 0
DWIDTH 11 0
BBX 11 10 0 1
BITMAP
1FE0
1020
1020
F020
9020
9020
8FC0
8000
8200
FE00
ENDCHAR
STARTCHAR F24E
ENCODING 62030
SWIDTH 660 0
DWIDTH 11 0
BBX 11 8 0 2
BITMAP
3F80
0E00
6480
6540
9540
F7E0
6480
3F80
ENDCHAR
STARTCHAR F24F
ENCODING 62031
SWIDTH 660 0
DWIDTH 11 0
BBX 9 16 1 -2
BITMAP
0700
1F80
3F80
3C00
3800
3800
FF00
FF00
FF00
3800
3800
3800
3800
3800
3800
3800
ENDCHAR
STARTCHAR F250
ENCODING 62032
SWIDTH 660 0
DWIDTH 11 0
BBX 11 14 0 -1
BITMAP
FFE0
40C0
40C0
6080
3180
1B00
0E00
0E00
1B00
3180
6080
40C0
40C0
FFE0
ENDCHAR
STARTCHAR F251
ENCODING 62033
SWIDTH 660 0
DWIDTH 11 0
BBX 11 14 0 -1
BITMAP
FFE0
FFC0
7FC0
7F80
3F80
1F00
0E00
1E00
3B00
3180
6080
60C0
FFC0
FFE0
ENDCHAR
STARTCHAR F252
ENCODING 62034
SWIDTH 660 0
DWIDTH 11 0
BBX 11 14 0 -1
BITMAP
FFE0
40C0
40C0
7F80
3F80
1F00
0E00
0E00
1B00
3180
7F80
7FC0
7FC0
FFE0
ENDCHAR
STARTCHAR F253
ENCODING 62035
SWIDTH 660 0
DWIDTH 11 0
BBX 11 14 0 -1
BITMAP
FFE0
FFC0
60C0
6180
3180
1F00
0E00
1E00
3F00
3F80
7F80
7FC0
FFC0
FFE0
ENDCHAR
STARTCHAR F254
ENCODING 62036
SWIDTH 660 0
DWIDTH 11 0
BBX 11 14 0 -1
BITMAP
FFE0
FFC0
60C0
6180
3180
1F00
0E00
1E00
3B00
3180
6080
60C0
FFC0
FFE0
ENDCHAR
STARTCHAR F255
ENCODING 62037
SWIDTH 660 0
DWIDTH 11 0
BBX 7 10 2 1
BITMAP
60
78
46
C2
82
82
C6
44
44
44
ENDCHAR
STARTCHAR F256
ENCODING 62038
SWIDTH 660 0
DWIDTH 11 0
BBX 9 10 1 1
BITMAP
0C00
3600
3780
3680
3680
E080
A080
4080
2100
1E00
ENDCHAR
STARTCHAR F257
ENCODING 62039
SWIDTH 660 0
DWIDTH 11 0
BBX 10 8 0 2
BITMAP
0380
FC40
6240
7C40
8840
7840
0440
0780
ENDCHAR
STARTCHAR F258
ENCODING 62040
SWIDTH 660 0
DWIDTH 11 0
BBX 10 8 0 2
BITMAP
7E00
8100
7C80
0440
3840
2040
1F40
0140
ENDCHAR
STARTCHAR F259
ENCODING 62041
SWIDTH 660 0
DWIDTH 11 0
BBX 10 10 0 1
BITMAP
1800
1780
36C0
3FC0
2F40
5040
B080
4080
3080
0F00
ENDCHAR
STARTCHAR F25A
ENCODING 62042
SWIDTH 660 0
DWIDTH 11 0
BBX 9 10 1 1
BITMAP
3000
2800
2800
2C00
2700
E080
B680
5680
6180
3F00
ENDCHAR
STARTCHAR F25B
ENCODING 62043
SWIDTH 660 0
DWIDTH 11 0
BBX 8 10 1 1
BITMAP
58
B4
B4
7B
5B
7F
59
41
61
3E
ENDCHAR
STARTCHAR F25C
ENCODING 62044
SWIDTH 660 0
DWIDTH 11 0
BBX 11 6 0 3
BITMAP
F400
2460
26A0
25A0
2520
0400
ENDCHAR
STARTCHAR F25D
ENCODING 62045
SWIDTH 660 0
DWIDTH 11 0
BBX 11 10 0 1
BITMAP
3F00
6080
5C40
9240
9220
9E20
9240
4040
6080
1F00
ENDCHAR
STARTCHAR F25E
ENCODING 62046
SWIDTH 660 0
DWIDTH 11 0
BBX 11 10 0 1
BITMAP
3F00
6080
4040
9B40
A420
A420
9B40
4040
6080
1F00
ENDCHAR
STARTCHAR F25F
ENCODING 62047
SWIDTH 660 0
DWIDTH 11 0
BBX 11 10 0 0
BITMAP
3F00
7F80
7FC0
F740
E0E0
E9E0
DFC0
7FC0
3F80
3E00
ENDCHAR
STARTCHAR F260
ENCODING 62048
SWIDTH 660 0
DWIDTH 11 0
BBX 10 7 0 2
BITMAP
1000
3300
6480
C240
4840
2480
1B00
ENDCHAR
STARTCHAR F261
ENCODING 62049
SWIDTH 660 0
DWIDTH 11 0
BBX 11 10 0 1
BITMAP
3F00
7F80
7DC0
EAC0
DB60
D6E0
E5C0
7FC0
7F80
1F00
ENDCHAR
STARTCHAR F262
ENCODING 62050
SWIDTH 660 0
DWIDTH 11 0
BBX 11 14 0 -1
BITMAP
FFE0
FFE0
FFE0
FE00
FEE0
FE80
FEA0
F0A0
F7A0
F820
0BC0
0A00
F2C0
3E80
ENDCHAR
STARTCHAR F263
ENCODING 62051
SWIDTH 660 0
DWIDTH 11 0
BBX 9 16 1 -2
BITMAP
1800
3E00
6700
6300
C300
6300
7E00
3C00
C180
FF80
7E00
1800
3C00
7600
E300
4000
ENDCHAR
STARTCHAR F264
ENCODING 62052
SWIDTH 660 0
DWIDTH 11 0
BBX 11 10 0 1
BITMAP
FFC0
F3E0
E5E0
EDE0
F1E0
EEE0
FBE0
F1E0
FDE0
FFC0
ENDCHAR
STARTCHAR F265
ENCODING 62053
SWIDTH 660 0
DWIDTH 11 0
BBX 11 10 0 1
BITMAP
FFC0
FFE0
FFE0
CE60
E4E0
F1C0
FBC0
7FC0
3F80
0E00
ENDCHAR
STARTCHAR F266
ENCODING 62054
SWIDTH 660 0
DWIDTH 11 0
BBX 9 6 1 3
BITMAP
9080
8D00
4900
5600
3600
2400
ENDCHAR
STARTCHAR F267
ENCODING 62055
SWIDTH 660 0
DWIDTH 11 0
BBX 11 10 0 1
BITMAP
3F00
7F80
7EC0
BDC0
F1E0
FBE0
A7C0
7FC0
7F80
1F00
ENDCHAR
STARTCHAR F268
ENCODING 62056
SWIDTH 660 0
DWIDTH 11 0
BBX 11 10 0 1
BITMAP
3F00
7F80
3000
ACC0
CEE0
EEE0
EDC0
79C0
7F80
1B00
ENDCHAR
STARTCHAR F269
ENCODING 62057
SWIDTH 660 0
DWIDTH 11 0
BBX 11 10 0 1
BITMAP
1F00
3880
7040
E840
F060
F8E0
FFC0
7FC0
7F80
1F00
ENDCHAR
STARTCHAR F26A
ENCODING 62058
SWIDTH 660 0
DWIDTH 11 0
BBX 11 10 0 1
BITMAP
3F00
7180
60C0
E0C0
E0E0
E0E0
E0C0
61C0
7180
1F00
ENDCHAR
STARTCHAR F26B
ENCODING 62059
SWIDTH 660 0
DWIDTH 11 0
BBX 11 11 0 1
BITMAP
07C0
1FC0
3FC0
70C0
30E0
7FE0
7000
B9C0
BF80
9F00
6000
ENDCHAR
STARTCHAR F26C
ENCODING 62060
SWIDTH 660 0
DWIDTH 11 0
BBX 11 8 0 2
BITMAP
FFE0
8020
8020
8020
8020
8020
7FC0
3F80
ENDCHAR
STARTCHAR F26D
ENCODING 62061
SWIDTH 660 0
DWIDTH 11 0
BBX 11 10 0 1
BITMAP
C0C0
8060
8DE0
9FE0
8FE0
8FE0
8FA0
8E20
C020
C040
ENDCHAR
STARTCHAR F26E
ENCODING 62062
SWIDTH 660 0
DWIDTH 11 0
BBX 11 14 0 -3
BITMAP
3F80
2000
2F80
2F40
3080
2F40
08C0
16A0
96C0
B740
50C0
4F00
30C0
0F00
ENDCHAR
STARTCHAR F26F
ENCODING 62063
SWIDTH 660 0
DWIDTH 11 0
BBX 11 12 0 0
BITMAP
0080
19E0
7DC0
6140
6000
F9C0
60C0
60C0
60C0
60C0
60C0
F9E0
ENDCHAR
STARTCHAR F270
ENCODING 62064
SWIDTH 660 0
DWIDTH 11 0
BBX 9 12 0 0
BITMAP
0400
1F00
3300
0300
1F00
3300
3300
3F80
1900
8000
7B80
0400
ENDCHAR
STARTCHAR F271
ENCODING 62065
SWIDTH 660 0
DWIDTH 11 0
BBX 11 12 0 0
BITMAP
3100
7FC0
FFE0
FFE0
8060
8460
8460
9F60
8460
8460
8060
FFC0
ENDCHAR
STARTCHAR F272
ENCODING 62066
SWIDTH 660 0
DWIDTH 11 0
BBX 11 12 0 0
BITMAP
3100
7FC0
FFE0
FFE0
8060
8060
8060
9F60
8060
8060
8060
FFC0
ENDCHAR
STARTCHAR F273
ENCODING 62067
SWIDTH 660 0
DWIDTH 11 0
BBX 11 12 0 0
BITMAP
3100
7FC0
FFE0
FFE0
8060
8060
9A60
8C60
8E60
9260
8060
FFC0
ENDCHAR
STARTCHAR F274
ENCODING 62068
SWIDTH 660 0
DWIDTH 11 0
BBX 11 12 0 0
BITMAP
3100
7FC0
FFE0
FFE0
8060
8060
8160
9260
9C60
8860
8060
FFC0
ENDCHAR
STARTCHAR F275
ENCODING 62069
SWIDTH 660 0
DWIDTH 11 0
BBX 11 10 0 1
BITMAP
E000
E000
E220
EEE0
FFE0
FFE0
FFE0
FFE0
FFE0
7FC0
ENDCHAR
STARTCHAR F276
ENCODING 62070
SWIDTH 660 0
DWIDTH 11 0
BBX 9 16 1 -2
BITMAP
1800
7E00
4700
DF00
BF80
FF00
FF00
7E00
1C00
0000
1800
1800
1800
1800
1800
0800
ENDCHAR
STARTCHAR F277
ENCODING 62071
SWIDTH 660 0
DWIDTH 11 0
BBX 11 10 0 2
BITMAP
7FC0
7FE0
7FC0
0000
7FC0
FFC0
7FC0
0000
0400
0400
ENDCHAR
STARTCHAR F278
ENCODING 62072
SWIDTH 660 0
DWIDTH 11 0
BBX 11 8 0 2
BITMAP
3CE0
D320
9120
9120
9120
9120
B960
C780
ENDCHAR
STARTCHAR F279
ENCODING 62073
SWIDTH 660 0
DWIDTH 11 0
BBX 11 8 0 2
BITMAP
6C60
EEE0
EEE0
EEE0
EEE0
EEE0
EEE0
C680
ENDCHAR
STARTCHAR F27A
ENCODING 62074
SWIDTH 660 0
DWIDTH 11 0
BBX 11 10 0 1
BITMAP
FFE0
FFE0
FFE0
FFE0
FFE0
FFE0
FFE0
FFC0
1C00
1800
ENDCHAR
STARTCHAR F27B
ENCODING 62075
SWIDTH 660 0
DWIDTH 11 0
BBX 11 10 0 1
BITMAP
0E00
3180
4040
8040
B520
8040
4040
4180
FF00
8000
ENDCHAR
STARTCHAR F27C
ENCODING 62076
SWIDTH 660 0
DWIDTH 11 0
BBX 11 12 0 0
BITMAP
E000
E000
E000
F800
FF80
FFE0
FFE0
FFE0
F1E0
F1E0
F1E0
F1E0
ENDCHAR
STARTCHAR F27D
ENCODING 62077
SWIDTH 660 0
DWIDTH 11 0
BBX 11 9 0 1
BITMAP
10C0
71E0
FBE0
38C0
39C0
1980
1F80
1F00
1E00
ENDCHAR
STARTCHAR F27E
ENCODING 62078
SWIDTH 660 0
DWIDTH 11 0
BBX 11 10 0 1
BITMAP
FFE0
F1E0
F3E0
F3E0
F1E0
F1E0
E1E0
E1E0
F3E0
FFE0
ENDCHAR
STARTCHAR F27F
ENCODING 62079
SWIDTH 660 0
DWIDTH 11 0
BBX 11 10 0 1
BITMAP
3F00
7980
79C0
DBC0
C0E0
C2E0
8040
8C40
4C80
3F00
ENDCHAR
STARTCHAR F280
ENCODING 62080
SWIDTH 660 0
DWIDTH 11 0
BBX 11 10 0 1
BITMAP
FFE0
FEE0
E2E0
EFE0
C4E0
EEE0
EEE0
EEE0
C460
FFE0
ENDCHAR
STARTCHAR F281
ENCODING 62081
SWIDTH 660 0
DWIDTH 11 0
BBX 11 10 0 1
BITMAP
0100
0380
0400
5FC0
FFE0
EEC0
6EC0
7180
3F80
0C00
ENDCHAR
STARTCHAR F282
ENCODING 62082
SWIDTH 660 0
DWIDTH 11 0
BBX 11 10 0 1
BITMAP
3F00
7FC0
07C0
7BE0
F1E0
E1C0
E980
6C00
6F80
3700
ENDCHAR
STARTCHAR F283
ENCODING 62083
SWIDTH 660 0
DWIDTH 11 0
BBX 11 8 0 2
BITMAP
FFC0
FFE0
0000
FFE0
FFE0
FFE0
FFE0
FFC0
ENDCHAR
STARTCHAR F284
ENCODING 62084
SWIDTH 660 0
DWIDTH 11 0
BBX 10 12 0 0
BITMAP
0E00
3180
4040
9F40
9F80
BE40
BE00
9F80
9F40
4040
3180
0E00
ENDCHAR
STARTCHAR F285
ENCODING 62085
SWIDTH 660 0
DWIDTH 11 0
BBX 11 10 0 2
BITMAP
67E0
77C0
7D80
7F80
7C00
0F80
3F80
7D80
7F80
8080
ENDCHAR
STARTCHAR F286
ENCODING 62086
SWIDTH 660 0
DWIDTH 11 0
BBX 11 12 0 0
BITMAP
0400
0600
0600
1480
3F80
2F80
2F80
FFE0
FBE0
F1E0
F1E0
F1E0
ENDCHAR
STARTCHAR F287
ENCODING 62087
SWIDTH 660 0
DWIDTH 11 0
BBX 10 6 0 3
BITMAP
0E00
1000
D040
EFC0
0500
0300
ENDCHAR
STARTCHAR F288
ENCODING 62088
SWIDTH 660 0
DWIDTH 11 0
BBX 11 10 0 1
BITMAP
3F00
7F80
61C0
ECC0
EEE0
E1E0
EFC0
6FC0
7F80
1F00
ENDCHAR
STARTCHAR F289
ENCODING 62089
SWIDTH 660 0
DWIDTH 11 0
BBX 10 3 0 5
BITMAP
B000
B0C0
D6C0
ENDCHAR
STARTCHAR F28A
ENCODING 62090
SWIDTH 660 0
DWIDTH 11 0
BBX 11 13 0 0
BITMAP
0C00
3F80
60C0
4080
F000
7800
7980
33C0
03E0
41E0
4040
E0C0
3F80
ENDCHAR
STARTCHAR F28B
ENCODING 62091
SWIDTH 660 0
DWIDTH 11 0
BBX 11 10 0 1
BITMAP
3F00
7F80
7FC0
E5C0
E5E0
E5E0
E5C0
7FC0
7F80
1F00
ENDCHAR
STARTCHAR F28C
ENCODING 62092
SWIDTH 660 0
DWIDTH 11 0
BBX 11 10 0 1
BITMAP
3F00
6080
4040
8A40
8A20
8A20
8A40
4040
6080
1F00
ENDCHAR
STARTCHAR F28D
ENCODING 62093
SWIDTH 660 0
DWIDTH 11 0
BBX 11 10 0 1
BITMAP
3F00
7F80
7FC0
E1C0
E1E0
E1E0
E1C0
7FC0
7F80
1F00
ENDCHAR
STARTCHAR F28E
ENCODING 62094
SWIDTH 660 0
DWIDTH 11 0
BBX 11 10 0 1
BITMAP
3F00
6080
4040
9E40
9E20
9E20
9E40
4040
6080
1F00
ENDCHAR
STARTCHAR F28F
ENCODING 62095
SWIDTH 660 0
DWIDTH 11 0
BBX 11 10 0 2
BITMAP
FFE0
BFC0
7EC0
7FC0
FFC0
FFE0
7FC0
7FC0
3F80
1F00
ENDCHAR
STARTCHAR F290
ENCODING 62096
SWIDTH 660 0
DWIDTH 11 0
BBX 11 12 0 0
BITMAP
0E00
1300
1100
1100
FFE0
EEE0
FFE0
FFE0
FFE0
FFE0
FFC0
7FC0
ENDCHAR
STARTCHAR F291
ENCODING 62097
SWIDTH 660 0
DWIDTH 11 0
BBX 11 10 0 1
BITMAP
0A00
1200
1100
2100
FFE0
7FC0
6AC0
6A80
7F80
3F80
ENDCHAR
STARTCHAR F292
ENCODING 62098
SWIDTH 660 0
DWIDTH 11 0
BBX 11 10 0 1
BITMAP
1980
1980
7FE0
1100
1300
1300
FF80
FFC0
3200
2200
ENDCHAR
STARTCHAR F293
ENCODING 62099
SWIDTH 660 0
DWIDTH 11 0
BBX 11 14 0 -1
BITMAP
1F00
7B80
7BC0
F9C0
CAC0
E0E0
F1E0
F1E0
E0E0
CA40
F8C0
79C0
7B80
1F00
ENDCHAR
STARTCHAR F294
ENCODING 62100
SWIDTH 660 0
DWIDTH 11 0
BBX 7 14 2 -1
BITMAP
10
18
1C
96
D6
7C
38
38
7C
D6
96
1C
18
10
ENDCHAR
STARTCHAR F295
ENCODING 62101
SWIDTH 660 0
DWIDTH 11 0
BBX 11 10 0 1
BITMAP
E060
F0C0
E180
0300
0600
0C00
1800
31C0
61E0
C1C0
ENDCHAR
STARTCHAR F296
ENCODING 62102
SWIDTH 660 0
DWIDTH 11 0
BBX 11 10 0 1
BITMAP
6080
60C0
61C0
FFC0
FFE0
FFE0
7FC0
3F80
1F00
0C00
ENDCHAR
STARTCHAR F297
ENCODING 62103
SWIDTH 660 0
DWIDTH 11 0
BBX 11 10 0 1
BITMAP
3F00
7F80
FFC0
D0C0
D0E0
FFC0
71C0
FFE0
FFC0
73C0
ENDCHAR
STARTCHAR F298
ENCODING 62104
SWIDTH 660 0
DWIDTH 11 0
BBX 11 10 0 1
BITMAP
FFE0
9B20
8020
BFA0
8020
BFA0
8020
83A0
8020
FFE0
ENDCHAR
STARTCHAR F299
ENCODING 62105
SWIDTH 660 0
DWIDTH 11 0
BBX 10 10 0 1
BITMAP
F800
DE00
6F00
7780
7780
3B80
3D80
1F80
0780
0040
ENDCHAR
STARTCHAR F29A
ENCODING 62106
SWIDTH 660 0
DWIDTH 11 0
BBX 11 10 0 1
BITMAP
3F00
7B80
7BC0
ECC0
F3E0
F3E0
F5C0
75C0
7F80
1F00
ENDCHAR
STARTCHAR F29B
ENCODING 62107
SWIDTH 660 0
DWIDTH 11 0
BBX 11 14 0 -2
BITMAP
00C0
1CC0
3EC0
2780
0F00
1F00
7FE0
23E0
C140
8140
C140
C340
7C00
1C00
ENDCHAR
STARTCHAR F29C
ENCODING 62108
SWIDTH 660 0
DWIDTH 11 0
BBX 11 10 0 1
BITMAP
3F00
6080
4E40
8240
8620
8420
8440
4440
6080
1F00
ENDCHAR
STARTCHAR F29D
ENCODING 62109
SWIDTH 660 0
DWIDTH 11 0
BBX 11 12 0 0
BITMAP
3000
3000
0000
3800
7C00
7E00
FB00
1800
2C80
3480
2440
2420
ENDCHAR
STARTCHAR F29E
ENCODING 62110
SWIDTH 660 0
DWIDTH 11 0
BBX 11 8 0 2
BITMAP
FFC0
FFE0
ECE0
EF60
C760
D4E0
FFE0
FFC0
ENDCHAR
STARTCHAR F29F
ENCODING 62111
SWIDTH 660 0
DWIDTH 11 0
BBX 10 10 0 1
BITMAP
0E00
1F00
3F80
7F80
FFC0
FFC0
7F80
3F00
1E00
0C00
ENDCHAR
STARTCHAR F2A0
ENCODING 62112
SWIDTH 660 0
DWIDTH 11 0
BBX 11 10 0 1
BITMAP
F780
F0C0
F740
F160
66A0
7000
3980
1FE0
0FC0
03C0
ENDCHAR
STARTCHAR F2A1
ENCODING 62113
SWIDTH 660 0
DWIDTH 11 0
BBX 11 8 0 2
BITMAP
D340
DBA0
0040
DB40
DB40
0000
FBE0
5240
ENDCHAR
STARTCHAR F2A2
ENCODING 62114
SWIDTH 660 0
DWIDTH 11 0
BBX 11 10 0 1
BITMAP
0180
1EC0
3340
2D60
7380
0100
1300
5200
6200
AE00
ENDCHAR
STARTCHAR F2A3
ENCODING 62115
SWIDTH 660 0
DWIDTH 11 0
BBX 11 8 0 2
BITMAP
7800
7800
FBC0
F8E0
EBE0
7BC0
05C0
0280
ENDCHAR
STARTCHAR F2A4
ENCODING 62116
SWIDTH 660 0
DWIDTH 11 0
BBX 11 10 0 1
BITMAP
0060
1E40
3300
2D00
7380
0180
1300
3200
6200
CE00
ENDCHAR
STARTCHAR F2A5
ENCODING 62117
SWIDTH 660 0
DWIDTH 11 0
BBX 11 10 0 1
BITMAP
FFE0
F1E0
E5E0
EDE0
E460
F1E0
EBE0
EBE0
E7E0
FFE0
ENDCHAR
STARTCHAR F2A6
ENCODING 62118
SWIDTH 660 0
DWIDTH 11 0
BBX 11 13 0 0
BITMAP
0C00
3E00
7600
6600
E600
E600
EFC0
7F20
3C00
4C00
CC00
D800
F000
ENDCHAR
STARTCHAR F2A7
ENCODING 62119
SWIDTH 660 0
DWIDTH 11 0
BBX 11 10 0 1
BITMAP
0E00
1500
0B40
14E0
0360
7F40
FFC0
0F80
7F00
7E00
ENDCHAR
STARTCHAR F2A8
ENCODING 62120
SWIDTH 660 0
DWIDTH 11 0
BBX 10 8 0 2
BITMAP
CE00
3F00
5580
6EC0
96C0
6980
3680
0840
ENDCHAR
STARTCHAR F2A9
ENCODING 62121
SWIDTH 660 0
DWIDTH 11 0
BBX 11 12 0 -1
BITMAP
0400
04E0
01A0
1D40
61C0
4200
8380
8280
8280
C500
4B00
3E00
ENDCHAR
STARTCHAR F2AA
ENCODING 62122
SWIDTH 660 0
DWIDTH 11 0
BBX 11 10 0 1
BITMAP
FFC0
FFE0
FC60
F6E0
DFE0
DFE0
DFE0
DDE0
F3E0
FFC0
ENDCHAR
STARTCHAR F2AB
ENCODING 62123
SWIDTH 660 0
DWIDTH 11 0
BBX 11 10 0 1
BITMAP
1E00
2100
2100
6080
4040
2080
4080
8060
4040
3F80
ENDCHAR
STARTCHAR F2AC
ENCODING 62124
SWIDTH 660 0
DWIDTH 11 0
BBX 11 10 0 1
BITMAP
0500
6E80
DE80
9F60
8E60
9E40
CEC0
7B40
2A80
1900
ENDCHAR
STARTCHAR F2AD
ENCODING 62125
SWIDTH 660 0
DWIDTH 11 0
BBX 11 10 0 1
BITMAP
FFC0
F1E0
EFE0
FEE0
DFE0
FEE0
FF60
DFE0
F3E0
FFC0
ENDCHAR
STARTCHAR F2AE
ENCODING 62126
SWIDTH 660 0
DWIDTH 11 0
BBX 11 12 0 0
BITMAP
0020
0CC0
3300
4380
8640
8640
8E40
9C40
9840
7080
3100
0E00
ENDCHAR
STARTCHAR F2AF
ENCODING 62127
SWIDTH 660 0
DWIDTH 11 0
BBX 11 12 0 0
BITMAP
1F00
3FC0
7980
6000
E000
C7C0
C7E0
E020
60C0
7FC0
3FC0
0F00
ENDCHAR
STARTCHAR F2B0
ENCODING 62128
SWIDTH 660 0
DWIDTH 11 0
BBX 11 12 0 0
BITMAP
0E00
3F00
F7C0
FFE0
FEE0
BFE0
9F60
FFE0
EFE0
6740
3F80
1C00
ENDCHAR
STARTCHAR F2B1
ENCODING 62129
SWIDTH 660 0
DWIDTH 11 0
BBX 11 11 0 0
BITMAP
0080
0180
FD40
9320
9320
9A20
8E20
8C20
8C20
8C20
5BE0
ENDCHAR
STARTCHAR F2B2
ENCODING 62130
SWIDTH 660 0
DWIDTH 11 0
BBX 11 10 0 1
BITMAP
0F00
1C80
7880
F840
F860
FFE0
DF40
4EC0
7F00
7E00
ENDCHAR
STARTCHAR F2B3
ENCODING 62131
SWIDTH 660 0
DWIDTH 11 0
BBX 11 10 0 1
BITMAP
3F00
7F80
67C0
DFC0
BF60
BB60
D3C0
6FC0
7F80
1F00
ENDCHAR
STARTCHAR F2B4
ENCODING 62132
SWIDTH 660 0
DWIDTH 11 0
BBX 11 10 0 1
BITMAP
FC60
FFE0
C060
C060
C060
C060
C860
DFE0
C180
C000
ENDCHAR
STARTCHAR F2B5
ENCODING 62133
SWIDTH 660 0
DWIDTH 11 0
BBX 11 6 0 3
BITMAP
3F00
D8E0
D660
CB60
E1E0
1E00
ENDCHAR
STARTCHAR F2B6
ENCODING 62134
SWIDTH 660 0
DWIDTH 11 0
BBX 11 10 0 1
BITMAP
0E00
3B00
61C0
C060
8060
C0E0
E1E0
FBE0
FFE0
FFC0
ENDCHAR
STARTCHAR F2B7
ENCODING 62135
SWIDTH 660 0
DWIDTH 11 0
BBX 11 10 0 1
BITMAP
0E00
3100
60C0
8060
C060
E0A0
B120
8E20
8020
FFE0
ENDCHAR
STARTCHAR F2B8
ENCODING 62136
SWIDTH 660 0
DWIDTH 11 0
BBX 10 12 0 0
BITMAP
F800
E000
C000
4000
6080
79C0
6380
6280
2E00
3A00
2000
1000
ENDCHAR
STARTCHAR F2B9
ENCODING 62137
SWIDTH 660 0
DWIDTH 11 0
BBX 11 12 0 0
BITMAP
7F80
FF80
FFA0
F3A0
E380
F3A0
FFA0
C1A0
C1A0
FF80
FF80
7F00
ENDCHAR
STARTCHAR F2BA
ENCODING 62138
SWIDTH 660 0
DWIDTH 11 0
BBX 11 12 0 0
BITMAP
7F80
8080
80A0
8CA0
9C80
8CA0
80A0
BEA0
BEA0
8080
8080
7F00
ENDCHAR
STARTCHAR F2BB
ENCODING 62139
SWIDTH 660 0
DWIDTH 11 0
BBX 11 8 0 2
BITMAP
FFC0
FFE0
CE60
CFE0
FFE0
87E0
FFE0
FFC0
ENDCHAR
STARTCHAR F2BC
ENCODING 62140
SWIDTH 660 0
DWIDTH 11 0
BBX 11 8 0 2
BITMAP
FFC0
8020
99A0
9820
81A0
BC20
8020
FFC0
ENDCHAR
STARTCHAR F2BD
ENCODING 62141
SWIDTH 660 0
DWIDTH 11 0
BBX 11 10 0 1
BITMAP
3F00
7F80
7BC0
F1C0
F1E0
FFE0
F1C0
40C0
7180
1F00
ENDCHAR
STARTCHAR F2BE
ENCODING 62142
SWIDTH 660 0
DWIDTH 11 0
BBX 11 10 0 1
BITMAP
3F00
6080
4E40
8A40
8A20
8420
8E40
7140
6080
1F00
ENDCHAR
STARTCHAR F2BF
ENCODING 62143
SWIDTH 660 0
DWIDTH 11 0
BBX 11 10 0 1
BITMAP
FFE0
F0E0
EEE0
FEE0
EEE0
EEE0
F2E0
EEE0
F1E0
FFC0
ENDCHAR
STARTCHAR F2C0
ENCODING 62144
SWIDTH 660 0
DWIDTH 11 0
BBX 11 12 0 0
BITMAP
1E00
1100
2100
3100
1300
0E00
0000
3F00
60C0
C040
8060
FFE0
ENDCHAR
STARTCHAR F2C1
ENCODING 62145
SWIDTH 660 0
DWIDTH 11 0
BBX 11 14 0 -1
BITMAP
FFC0
8E60
8C60
8060
8C60
8E60
8E60
8C60
8060
9F60
BF60
8060
8060
7FC0
ENDCHAR
STARTCHAR F2C2
ENCODING 62146
SWIDTH 660 0
DWIDTH 11 0
BBX 11 8 0 2
BITMAP
FFC0
0000
FFE0
CFE0
CE60
FFE0
87E0
FFC0
ENDCHAR
STARTCHAR F2C3
ENCODING 62147
SWIDTH 660 0
DWIDTH 11 0
BBX 11 8 0 2
BITMAP
FFC0
FFE0
8020
99A0
9820
81A0
BC20
FFC0
ENDCHAR
STARTCHAR F2C4
ENCODING 62148
SWIDTH 660 0
DWIDTH 11 0
BBX 11 11 0 1
BITMAP
0800
3700
6180
C180
C1C0
C1C0
C9C0
7F80
6700
1F20
03C0
ENDCHAR
STARTCHAR F2C5
ENCODING 62149
SWIDTH 660 0
DWIDTH 11 0
BBX 11 7 0 3
BITMAP
8440
8440
8C20
9A20
9240
8040
4000
ENDCHAR
STARTCHAR F2C6
ENCODING 62150
SWIDTH 660 0
DWIDTH 11 0
BBX 11 10 0 1
BITMAP
3F00
7F80
7FC0
FCC0
E4E0
E9E0
F9C0
7DC0
7F80
1F00
ENDCHAR
STARTCHAR F2C7
ENCODING 62151
SWIDTH 660 0
DWIDTH 11 0
BBX 9 16 1 -2
BITMAP
1800
3E00
6600
6B00
6B00
6B00
6B00
6B00
6B00
EB00
D900
DD80
CB00
7700
3E00
0800
ENDCHAR
STARTCHAR F2C8
ENCODING 62152
SWIDTH 660 0
DWIDTH 11 0
BBX 9 16 1 -2
BITMAP
1800
3E00
6600
6300
6B00
6B00
6B00
6B00
6B00
EB00
D900
DD80
CB00
7700
3E00
0800
ENDCHAR
STARTCHAR F2C9
ENCODING 62153
SWIDTH 660 0
DWIDTH 11 0
BBX 9 16 1 -2
BITMAP
1800
3E00
6600
6300
6300
6300
6B00
6B00
6B00
EB00
D900
DD80
CB00
7700
3E00
0800
ENDCHAR
STARTCHAR F2CA
ENCODING 62154
SWIDTH 660 0
DWIDTH 11 0
BBX 9 16 1 -2
BITMAP
1800
3E00
6600
6300
6300
6300
6300
6300
6B00
EB00
D900
DD80
CB00
7700
3E00
0800
ENDCHAR
STARTCHAR F2CB
ENCODING 62155
SWIDTH 660 0
DWIDTH 11 0
BBX 9 16 1 -2
BITMAP
1800
3E00
6600
6300
6300
6300
6300
6300
6300
E300
D900
DD80
CB00
7700
3E00
0800
ENDCHAR
STARTCHAR F2CC
ENCODING 62156
SWIDTH 660 0
DWIDTH 11 0
BBX 11 10 0 1
BITMAP
6000
FE00
9E00
9D80
9A60
9280
8500
8100
8600
8000
ENDCHAR
STARTCHAR F2CD
ENCODING 62157
SWIDTH 660 0
DWIDTH 11 0
BBX 11 10 0 1
BITMAP
7800
5C00
5800
5000
4000
FFE0
0000
7FC0
7F80
6080
ENDCHAR
STARTCHAR F2CE
ENCODING 62158
SWIDTH 660 0
DWIDTH 11 0
BBX 11 12 0 0
BITMAP
1F00
6180
5E40
F140
ADE0
AEE0
A540
4D40
6E80
2F00
0E00
0C00
ENDCHAR
STARTCHAR F2CF
ENCODING 62159
SWIDTH 660 0
DWIDTH 11 0
BBX 10 16 0 -2
BITMAP
0C00
3B40
60C0
40C0
4040
C040
4040
4040
40C0
2140
1F40
0040
40C0
6080
3F80
0400
ENDCHAR
STARTCHAR F2D0
ENCODING 62160
SWIDTH 660 0
DWIDTH 11 0
BBX 11 10 0 1
BITMAP
7FC0
FFE0
FFE0
FFE0
8020
8020
8020
8020
8060
7FC0
ENDCHAR
STARTCHAR F2D1
ENCODING 62161
SWIDTH 660 0
DWIDTH 11 0
BBX 10 1 0 6
BITMAP
FFC0
ENDCHAR
STARTCHAR F2D2
ENCODING 62162
SWIDTH 660 0
DWIDTH 11 0
BBX 11 10 0 1
BITMAP
1FC0
1020
7E20
FF20
FF20
8120
8140
8100
8100
FF00
ENDCHAR
STARTCHAR F2D3
ENCODING 62163
SWIDTH 660 0
DWIDTH 11 0
BBX 11 10 0 1
BITMAP
FFC0
FFE0
FFE0
E5E0
F1E0
F1E0
E5E0
FFE0
FFE0
FFC0
ENDCHAR
STARTCHAR F2D4
ENCODING 62164
SWIDTH 660 0
DWIDTH 11 0
BBX 11 10 0 1
BITMAP
7FC0
8020
8020
8A20
8C20
8E20
8220
8020
8060
7FC0
ENDCHAR
STARTCHAR F2D5
ENCODING 62165
SWIDTH 660 0
DWIDTH 11 0
BBX 11 10 0 1
BITMAP
3F00
7F80
7FC0
F0C0
F1E0
E1E0
E3C0
7FC0
7F80
1F00
ENDCHAR
STARTCHAR F2D6
ENCODING 62166
SWIDTH 660 0
DWIDTH 11 0
BBX 11 10 0 1
BITMAP
3F00
7C80
7BC0
F7C0
E0E0
CB60
D7C0
77C0
6F80
1F00
ENDCHAR
STARTCHAR F2D7
ENCODING 62167
SWIDTH 660 0
DWIDTH 11 0
BBX 11 12 0 0
BITMAP
FFC0
3040
3040
3000
3100
3700
3900
3100
3020
3040
3040
FFC0
ENDCHAR
STARTCHAR F2D8
ENCODING 62168
SWIDTH 660 0
DWIDTH 11 0
BBX 11 10 0 1
BITMAP
FFE0
8020
8020
FE20
FEA0
FFA0
FE20
8020
8020
FFE0
ENDCHAR
STARTCHAR F2D9
ENCODING 62169
SWIDTH 660 0
DWIDTH 11 0
BBX 11 10 0 1
BITMAP
1F00
3F80
7FC0
F1C0
F3E0
F3E0
F3C0
7FC0
7F80
1F00
ENDCHAR
STARTCHAR F2DA
ENCODING 62170
SWIDTH 660 0
DWIDTH 11 0
BBX 11 10 0 1
BITMAP
FFC0
FEE0
F1E0
EFE0
E9E0
F5E0
FDE0
E1E0
FFE0
7FC0
ENDCHAR
STARTCHAR F2DB
ENCODING 62171
SWIDTH 660 0
DWIDTH 11 0
BBX 11 10 0 1
BITMAP
1500
3F80
E0E0
7E80
FEC0
7E80
7E80
E0C0
3F80
1500
ENDCHAR
STARTCHAR F2DC
ENCODING 62172
SWIDTH 660 0
DWIDTH 11 0
BBX 11 12 0 0
BITMAP
0400
1E00
2C80
E4C0
F5C0
9E00
9E40
75C0
E4E0
2E80
1E00
0400
ENDCHAR
STARTCHAR F2DD
ENCODING 62173
SWIDTH 660 0
DWIDTH 11 0
BBX 9 10 1 1
BITMAP
1F80
7F00
C100
8180
8080
8080
8180
C100
7E00
F800
ENDCHAR
STARTCHAR F2DE
ENCODING 62174
SWIDTH 660 0
DWIDTH 11 0
BBX 11 10 0 1
BITMAP
3F00
4080
9040
9C40
8720
8520
8C40
8240
4080
3F00
ENDCHAR
STARTCHAR F2DF
ENCODING 62175
SWIDTH 660 0
DWIDTH 11 0
BBX 10 10 0 1
BITMAP
0E00
0F00
3700
3F80
7B80
71C0
E000
EFC0
5FC0
1F80
ENDCHAR
STARTCHAR F2E0
ENCODING 62176
SWIDTH 660 0
DWIDTH 11 0
BBX 9 9 0 1
BITMAP
0400
1E00
1F00
6180
E180
6D80
4D80
3F80
1E00
ENDCHAR
STARTCHAR F2E1
ENCODING 62177
SWIDTH 660 0
DWIDTH 11 0
BBX 10 12 0 0
BITMAP
8000
D000
EC00
F600
FB00
FCC0
FCC0
FB00
F600
E800
D000
8000
ENDCHAR
STARTCHAR F2E2
ENCODING 62178
SWIDTH 660 0
DWIDTH 11 0
BBX 9 15 1 -2
BITMAP
0800
0800
0C00
1C00
3800
7A00
7700
E700
ED80
C980
E300
6700
3200
0800
0800
ENDCHAR
STARTCHAR F2E3
ENCODING 62179
SWIDTH 660 0
DWIDTH 11 0
BBX 10 14 0 -1
BITMAP
4EC0
7F80
60C0
9140
8040
F3C0
A340
4080
4080
D240
A1C0
BF40
6180
1E00
ENDCHAR
STARTCHAR F2E4
ENCODING 62180
SWIDTH 660 0
DWIDTH 11 0
BBX 7 16 2 -2
BITMAP
02
04
08
08
FE
FE
FC
F4
DC
B4
7C
7C
78
78
78
10
ENDCHAR
STARTCHAR F2E5
ENCODING 62181
SWIDTH 660 0
DWIDTH 11 0
BBX 11 10 0 1
BITMAP
FFC0
FFE0
EDE0
F5E0
F3E0
FBE0
FBE0
FBE0
FFE0
FFC0
ENDCHAR
STARTCHAR F2E6
ENCODING 62182
SWIDTH 660 0
DWIDTH 11 0
BBX 11 10 0 1
BITMAP
7FC0
FFE0
EEE0
EEE0
EEE0
EEE0
EEE0
EEE0
FFE0
7F80
ENDCHAR
STARTCHAR F2E7
ENCODING 62183
SWIDTH 660 0
DWIDTH 11 0
BBX 11 12 0 0
BITMAP
0700
0600
0E00
3C00
78E0
E0C0
C1C0
C780
0F00
1E00
1C00
1800
ENDCHAR
STARTCHAR F2E8
ENCODING 62184
SWIDTH 660 0
DWIDTH 11 0
BBX 11 12 0 0
BITMAP
C000
C180
3100
0900
0780
06C0
0460
0460
06C0
0780
1800
1000
ENDCHAR
STARTCHAR F2E9
ENCODING 62185
SWIDTH 660 0
DWIDTH 11 0
BBX 11 10 0 1
BITMAP
7FC0
DFE0
BDE0
F1A0
FFA0
FFA0
ADA0
EF60
FEC0
7FC0
ENDCHAR
STARTCHAR F2EA
ENCODING 62186
SWIDTH 660 0
DWIDTH 11 0
BBX 11 10 0 1
BITMAP
9F00
F180
E0C0
F040
0060
0060
0040
20C0
3B80
1F00
ENDCHAR
STARTCHAR F2EB
ENCODING 62187
SWIDTH 660 0
DWIDTH 11 0
BBX 11 12 0 0
BITMAP
03E0
1FE0
1FE0
1C20
1020
1020
1020
1020
11E0
71E0
F1C0
E000
ENDCHAR
STARTCHAR F2EC
ENCODING 62188
SWIDTH 660 0
DWIDTH 11 0
BBX 10 12 0 0
BITMAP
0F00
3080
64C0
6040
6240
80C0
80C0
61C0
2080
57C0
8BC0
FFC0
ENDCHAR
STARTCHAR F2ED
ENCODING 62189
SWIDTH 660 0
DWIDTH 11 0
BBX 11 11 0 0
BITMAP
3F00
4080
8040
B840
F2A0
F920
FFC0
7040
7080
1B00
0400
ENDCHAR
STARTCHAR F2EE
ENCODING 62190
SWIDTH 660 0
DWIDTH 11 0
BBX 11 10 0 1
BITMAP
FFE0
FFE0
FFE0
FFE0
FF60
FAE0
FA60
FB20
E420
FFE0
ENDCHAR
STARTCHAR F2EF
ENCODING 62191
SWIDTH 660 0
DWIDTH 11 0
BBX 11 10 0 1
BITMAP
FFC0
FFE0
FFE0
FFE0
FF60
FAE0
FA60
FB20
E420
FFC0
ENDCHAR
STARTCHAR F2F0
ENCODING 62192
SWIDTH 660 0
DWIDTH 11 0
BBX 11 10 0 1
BITMAP
0060
5EC0
2F80
5B80
7180
7B80
5B80
2F00
DE80
C000
ENDCHAR
STARTCHAR F2F1
ENCODING 62193
SWIDTH 660 0
DWIDTH 11 0
BBX 11 10 0 1
BITMAP
1E00
33E0
60E0
41E0
0000
0000
F0C0
E0C0
FF80
9E00
ENDCHAR
STARTCHAR F2F2
ENCODING 62194
SWIDTH 660 0
DWIDTH 11 0
BBX 11 13 0 0
BITMAP
0E00
1E00
0C00
1F40
7FC0
7BC0
FBC0
FBE0
FBE0
FFC0
7FC0
7F80
3F00
ENDCHAR
STARTCHAR F2F3
ENCODING 62195
SWIDTH 660 0
DWIDTH 11 0
BBX 11 10 0 1
BITMAP
FFE0
FFE0
E5E0
E1E0
E1E0
E1E0
E8E0
E4E0
FFE0
FFE0
ENDCHAR
STARTCHAR F2F4
ENCODING 62196
SWIDTH 660 0
DWIDTH 11 0
BBX 11 12 0 1
BITMAP
F3C0
F3C0
F7C0
FF80
FF80
FF00
FF00
FF80
F7C0
F3C0
F3E0
71C0
ENDCHAR
STARTCHAR F2F5
ENCODING 62197
SWIDTH 660 0
DWIDTH 11 0
BBX 10 10 0 1
BITMAP
7000
F000
8100
8180
9FC0
9FC0
8180
8100
F000
7000
ENDCHAR
STARTCHAR F2F6
ENCODING 62198
SWIDTH 660 0
DWIDTH 11 0
BBX 11 10 0 1
BITMAP
0180
01C0
1860
1C60
FE60
FE60
1C60
1860
01C0
0180
ENDCHAR
STARTCHAR F2F7
ENCODING 62199
SWIDTH 660 0
DWIDTH 11 0
BBX 11 10 0 2
BITMAP
F000
D1C0
F360
D2A0
D2A0
CDC0
B380
9C80
5100
3E00
ENDCHAR
STARTCHAR F2F8
ENCODING 62200
SWIDTH 660 0
DWIDTH 11 0
BBX 11 15 0 -2
BITMAP
7000
FC00
FE00
0E00
0E00
0E00
0E00
0E00
0E00
0E00
7FE0
3FC0
1F80
0F00
0600
ENDCHAR
STARTCHAR F2F9
ENCODING 62201
SWIDTH 660 0
DWIDTH 11 0
BBX 11 10 0 1
BITMAP
1F60
73E0
40E0
C1E0
C000
C000
C000
6080
7380
1E00
ENDCHAR
STARTCHAR F2FA
ENCODING 62202
SWIDTH 660 0
DWIDTH 11 0
BBX 10 16 0 -2
BITMAP
0400
0E00
1F00
3F80
3FC0
7FC0
0E00
0E00
0E00
0E00
0E00
0E00
0E00
FE00
FC00
7000
ENDCHAR
STARTCHAR F2FB
ENCODING 62203
SWIDTH 660 0
DWIDTH 11 0
BBX 11 10 0 1
BITMAP
FFC0
F1E0
C0E0
C060
8D60
C060
C0E0
F1E0
FBE0
FFC0
ENDCHAR
STARTCHAR F2FC
ENCODING 62204
SWIDTH 660 0
DWIDTH 11 0
BBX 11 10 0 1
BITMAP
0180
0240
0660
0660
FF00
FF00
FF00
FF00
FF00
7F00
ENDCHAR
STARTCHAR F2FD
ENCODING 62205
SWIDTH 660 0
DWIDTH 11 0
BBX 11 8 0 2
BITMAP
C180
C3C0
EEE0
EFC0
FE60
FE60
3800
3000
ENDCHAR
STARTCHAR F2FE
ENCODING 62206
SWIDTH 660 0
DWIDTH 11 0
BBX 11 10 0 1
BITMAP
0600
0600
1F00
3F80
3F00
65C0
7FC0
7FC0
F1E0
FFC0
ENDCHAR
STARTCHAR F2FF
ENCODING 62207
SWIDTH 660 0
DWIDTH 11 0
BBX 11 12 0 0
BITMAP
0C00
3F00
71C0
C060
DA60
DB60
DB60
DB60
DB60
5B40
1F00
0C00
ENDCHAR
STARTCHAR F300
ENCODING 62208
SWIDTH 660 0
DWIDTH 11 0
BBX 10 10 0 1
BITMAP
1F00
3F80
7F80
75C0
EAC0
FE40
7FC0
7F80
3F80
1F00
ENDCHAR
STARTCHAR F301
ENCODING 62209
SWIDTH 660 0
DWIDTH 11 0
BBX 11 10 0 1
BITMAP
3F00
7980
78C0
DE40
9E60
9E60
CF40
43C0
7380
1F00
ENDCHAR
STARTCHAR F302
ENCODING 62210
SWIDTH 660 0
DWIDTH 11 0
BBX 10 12 0 0
BITMAP
0300
0600
0400
7FC0
FFC0
FF80
FF80
FF80
FFC0
7FC0
7FC0
3F80
ENDCHAR
STARTCHAR F303
ENCODING 62211
SWIDTH 660 0
DWIDTH 11 0
BBX 10 9 0 2
BITMAP
0C00
0C00
1600
1E00
3F00
3300
7380
6180
8040
ENDCHAR
STARTCHAR F304
ENCODING 62212
SWIDTH 660 0
DWIDTH 11 0
BBX 10 10 0 1
BITMAP
0C00
7E80
6F00
7780
8040
F1C0
2F80
5F80
6E80
0400
ENDCHAR
STARTCHAR F305
ENCODING 62213
SWIDTH 660 0
DWIDTH 11 0
BBX 11 10 0 1
BITMAP
3F00
7080
7040
E640
E720
E620
FFC0
7FC0
7F80
1F00
ENDCHAR
STARTCHAR F306
ENCODING 62214
SWIDTH 660 0
DWIDTH 11 0
BBX 10 13 0 0
BITMAP
1F80
60C0
4040
8E40
8840
9040
8880
8500
4200
4000
2000
1000
0800
ENDCHAR
STARTCHAR F307
ENCODING 62215
SWIDTH 660 0
DWIDTH 11 0
BBX 11 10 0 1
BITMAP
7000
0E00
0180
00C0
0060
00C0
0380
1F00
FC00
E000
ENDCHAR
STARTCHAR F308
ENCODING 62216
SWIDTH 660 0
DWIDTH 11 0
BBX 10 6 0 3
BITMAP
0800
3880
7EC0
FF80
FF00
FE00
ENDCHAR
STARTCHAR F309
ENCODING 62217
SWIDTH 660 0
DWIDTH 11 0
BBX 11 10 0 1
BITMAP
3F00
5E80
A240
A240
C260
A4A0
A940
7A40
4480
3F00
ENDCHAR
STARTCHAR F30A
ENCODING 62218
SWIDTH 660 0
DWIDTH 11 0
BBX 11 10 0 1
BITMAP
3F00
7F80
78C0
FAC0
FBE0
C9E0
DBC0
D7C0
E780
FF00
ENDCHAR
STARTCHAR F30B
ENCODING 62219
SWIDTH 660 0
DWIDTH 11 0
BBX 11 10 0 1
BITMAP
3F00
4080
8740
8540
8420
B620
A440
A840
9880
FF00
ENDCHAR
STARTCHAR F30C
ENCODING 62220
SWIDTH 660 0
DWIDTH 11 0
BBX 11 10 0 1
BITMAP
DEE0
FFC0
7EC0
FF40
FFC0
FFC0
FFC0
7FC0
3F80
1F00
ENDCHAR
STARTCHAR F30D
ENCODING 62221
SWIDTH 660 0
DWIDTH 11 0
BBX 11 12 0 0
BITMAP
1800
3E00
7780
FDC0
BBC0
6FE0
5FC0
7E80
FD00
F200
9C00
6000
ENDCHAR
STARTCHAR F30E
ENCODING 62222
SWIDTH 660 0
DWIDTH 11 0
BBX 11 10 0 1
BITMAP
FF00
80C0
D040
57A0
5AA0
52A0
50A0
5FA0
2020
1FE0
ENDCHAR
STARTCHAR F30F
ENCODING 62223
SWIDTH 660 0
DWIDTH 11 0
BBX 11 10 0 1
BITMAP
FF00
FFC0
EFC0
A860
AD60
AD60
AF60
50E0
4FA0
3FE0
ENDCHAR
STARTCHAR F310
ENCODING 62224
SWIDTH 660 0
DWIDTH 11 0
BBX 10 15 0 -1
BITMAP
0200
0200
0C00
0200
1A00
0000
7380
4C40
4040
8040
4040
4040
6080
3F00
0400
ENDCHAR
STARTCHAR F311
ENCODING 62225
SWIDTH 660 0
DWIDTH 11 0
BBX 11 7 0 3
BITMAP
0600
BE00
9FC0
8F20
9E00
8200
7800
ENDCHAR
STARTCHAR F312
ENCODING 62226
SWIDTH 660 0
DWIDTH 11 0
BBX 11 10 0 1
BITMAP
FFE0
FFE0
FFE0
EFE0
EFE0
EFE0
EFE0
EFE0
EFE0
EFE0
ENDCHAR
STARTCHAR F313
ENCODING 62227
SWIDTH 660 0
DWIDTH 11 0
BBX 10 10 0 1
BITMAP
0500
1700
7E00
1180
E1C0
3100
5100
5F80
1900
0500
ENDCHAR
STARTCHAR F314
ENCODING 62228
SWIDTH 660 0
DWIDTH 11 0
BBX 11 6 0 3
BITMAP
0E00
7FC0
FFE0
FA00
E000
6000
ENDCHAR
STARTCHAR F315
ENCODING 62229
SWIDTH 660 0
DWIDTH 11 0
BBX 11 14 0 -1
BITMAP
7380
8C40
9740
4C80
7380
9B40
64C0
C4A0
CCA0
B340
9240
5E80
3100
0E00
ENDCHAR
STARTCHAR F316
ENCODING 62230
SWIDTH 660 0
DWIDTH 11 0
BBX 11 9 0 1
BITMAP
0E00
3180
79C0
E0C0
9840
C020
F060
2FC0
0120
ENDCHAR
STARTCHAR F317
ENCODING 62231
SWIDTH 660 0
DWIDTH 11 0
BBX 11 10 0 1
BITMAP
3F00
7F80
7FC0
FBC0
FBE0
FBA0
DAC0
61C0
7380
1F00
ENDCHAR
STARTCHAR F318
ENCODING 62232
SWIDTH 660 0
DWIDTH 11 0
BBX 11 10 0 1
BITMAP
3F00
7F80
6DC0
EFC0
F1E0
EDE0
E1C0
5E40
7F80
1F00
ENDCHAR
STARTCHAR F319
ENCODING 62233
SWIDTH 660 0
DWIDTH 11 0
BBX 11 10 0 1
BITMAP
3F00
4080
9E40
9040
8E20
9220
9E40
BFC0
4080
3F00
ENDCHAR
STARTCHAR F31A
ENCODING 62234
SWIDTH 660 0
DWIDTH 11 0
BBX 10 12 0 0
BITMAP
0E00
0E00
0E00
1600
1900
2180
6080
2080
E3C0
9240
9240
7F80
ENDCHAR
STARTCHAR F31B
ENCODING 62235
SWIDTH 660 0
DWIDTH 11 0
BBX 11 10 0 1
BITMAP
0D80
3380
2180
4040
E060
E060
0040
63C0
3B80
0F80
ENDCHAR
STARTCHAR F31C
ENCODING 62236
SWIDTH 660 0
DWIDTH 11 0
BBX 11 10 0 1
BITMAP
3F00
7480
4CC0
FF40
9F60
9F60
FF40
48C0
7480
1F00
ENDCHAR
STARTCHAR F31D
ENCODING 62237
SWIDTH 660 0
DWIDTH 11 0
BBX 11 10 0 1
BITMAP
3A80
3780
2580
2400
71C0
C080
7AE0
0A00
0600
0C00
ENDCHAR
STARTCHAR F31E
ENCODING 62238
SWIDTH 660 0
DWIDTH 11 0
BBX 10 10 0 1
BITMAP
0400
0400
0E00
0A00
1700
1D00
3B80
3B80
75C0
8040
ENDCHAR
STARTCHAR F31F
ENCODING 62239
SWIDTH 660 0
DWIDTH 11 0
BBX 10 10 0 2
BITMAP
0400
0C00
0E00
0E00
0300
3900
3F00
7E00
79C0
C0C0
ENDCHAR
STARTCHAR F320
ENCODING 62240
SWIDTH 660 0
DWIDTH 11 0
BBX 11 10 0 1
BITMAP
3F00
7F80
7DC0
F840
F060
C860
C0C0
61C0
7F80
1F00
ENDCHAR
STARTCHAR F321
ENCODING 62241
SWIDTH 660 0
DWIDTH 11 0
BBX 11 10 0 1
BITMAP
3F00
5880
9BC0
9E40
9720
8B20
C540
7E40
7C80
1F00
ENDCHAR
STARTCHAR F322
ENCODING 62242
SWIDTH 660 0
DWIDTH 11 0
BBX 11 8 0 2
BITMAP
0200
0F00
0F80
1F80
3FC0
7FC0
FFE0
7FC0
ENDCHAR
STARTCHAR F323
ENCODING 62243
SWIDTH 660 0
DWIDTH 11 0
BBX 10 6 0 4
BITMAP
3E00
3F80
7F80
75C0
FFC0
1B40
ENDCHAR
STARTCHAR F324
ENCODING 62244
SWIDTH 660 0
DWIDTH 11 0
BBX 11 8 0 2
BITMAP
0C00
3300
5280
8C60
DAE0
B9E0
9CC0
7380
ENDCHAR
STARTCHAR F325
ENCODING 62245
SWIDTH 660 0
DWIDTH 11 0
BBX 10 6 0 3
BITMAP
8040
7180
1200
0A00
0E00
0C00
ENDCHAR
STARTCHAR F326
ENCODING 62246
SWIDTH 660 0
DWIDTH 11 0
BBX 10 13 0 -1
BITMAP
8000
C000
6000
2000
3800
1CC0
0F00
0F80
0300
0300
0600
0C00
1800
ENDCHAR
STARTCHAR F327
ENCODING 62247
SWIDTH 660 0
DWIDTH 11 0
BBX 11 8 0 2
BITMAP
3C00
CD00
7780
0440
0700
00C0
0060
0040
ENDCHAR
STARTCHAR F328
ENCODING 62248
SWIDTH 660 0
DWIDTH 11 0
BBX 10 9 0 2
BITMAP
1F00
2180
4380
A180
C1C0
58C0
2880
1D00
0200
ENDCHAR
STARTCHAR F329
ENCODING 62249
SWIDTH 660 0
DWIDTH 11 0
BBX 10 15 0 -2
BITMAP
4000
F800
BC00
1E00
1E00
0F00
0700
0380
03C0
0300
0300
0300
0300
0200
0400
ENDCHAR
STARTCHAR F32A
ENCODING 62250
SWIDTH 660 0
DWIDTH 11 0
BBX 11 10 0 1
BITMAP
3F00
6380
4BC0
EAC0
E6E0
F7E0
F7C0
7FC0
6080
1F00
ENDCHAR
STARTCHAR F32B
ENCODING 62251
SWIDTH 660 0
DWIDTH 11 0
BBX 11 10 0 1
BITMAP
3F00
7F80
7FC0
FFC0
FCE0
F860
F200
6700
4F80
1F00
ENDCHAR
STARTCHAR F32C
ENCODING 62252
SWIDTH 660 0
DWIDTH 11 0
BBX 11 10 0 1
BITMAP
3F00
7F80
7AC0
E540
DF60
FAE0
DEC0
7BC0
7F80
1F00
ENDCHAR
STARTCHAR F32D
ENCODING 62253
SWIDTH 660 0
DWIDTH 11 0
BBX 11 10 0 1
BITMAP
3E00
6F80
67C0
C7C0
C5C0
84A0
84C0
7F40
7F80
3F00
ENDCHAR
STARTCHAR F32E
ENCODING 62254
SWIDTH 660 0
DWIDTH 11 0
BBX 11 10 0 1
BITMAP
3F00
1380
40C0
CC40
CE60
CE60
C440
6040
7B00
1F00
ENDCHAR
STARTCHAR F32F
ENCODING 62255
SWIDTH 660 0
DWIDTH 11 0
BBX 10 10 0 1
BITMAP
1F00
3F80
0000
7C40
F1C0
E3C0
0FC0
0000
3F80
1F00
ENDCHAR
STARTCHAR F330
ENCODING 62256
SWIDTH 660 0
DWIDTH 11 0
BBX 11 9 0 1
BITMAP
1F00
3F80
7FC0
F3C0
F1E0
E3E0
C040
81C0
0180
ENDCHAR
STARTCHAR F331
ENCODING 62257
SWIDTH 660 0
DWIDTH 11 0
BBX 10 10 0 1
BITMAP
3F00
4C80
B340
C0C0
CEC0
CCC0
C0C0
A140
5E80
3F00
ENDCHAR
STARTCHAR F332
ENCODING 62258
SWIDTH 660 0
DWIDTH 11 0
BBX 10 10 0 1
BITMAP
2300
0180
00C0
01C0
C380
0100
0000
0000
1800
1800
ENDCHAR
STARTCHAR F333
ENCODING 62259
SWIDTH 660 0
DWIDTH 11 0
BBX 10 10 0 1
BITMAP
0900
4F00
6100
20C0
C000
C000
20C0
6100
4F00
0900
ENDCHAR
STARTCHAR F334
ENCODING 62260
SWIDTH 660 0
DWIDTH 11 0
BBX 11 10 0 1
BITMAP
3F00
7680
54C0
FE40
9FE0
DFE0
DE40
54C0
7680
1F00
ENDCHAR
STARTCHAR F335
ENCODING 62261
SWIDTH 660 0
DWIDTH 11 0
BBX 10 16 0 -2
BITMAP
0080
0740
1F40
31C0
2000
6180
6F40
7F40
7180
6000
6000
6000
7000
D000
7000
2000
ENDCHAR
STARTCHAR F336
ENCODING 62262
SWIDTH 660 0
DWIDTH 11 0
BBX 11 12 0 0
BITMAP
7FE0
FFE0
C0E0
C0E0
CFC0
C380
C3C0
CFC0
CF00
CF00
FB00
F800
ENDCHAR
STARTCHAR F337
ENCODING 62263
SWIDTH 660 0
DWIDTH 11 0
BBX 11 8 0 2
BITMAP
0F00
1DC0
3FC0
7E20
FE00
7E00
7E00
0C00
ENDCHAR
STARTCHAR F338
ENCODING 62264
SWIDTH 660 0
DWIDTH 11 0
BBX 11 7 0 3
BITMAP
2180
1F80
C700
DF00
3D00
00C0
0020
ENDCHAR
STARTCHAR F339
ENCODING 62265
SWIDTH 660 0
DWIDTH 11 0
BBX 11 6 0 3
BITMAP
FDE0
B9E0
B8C0
76C0
1AC0
0F80
ENDCHAR
STARTCHAR F33A
ENCODING 62266
SWIDTH 660 0
DWIDTH 11 0
BBX 10 8 0 2
BITMAP
0440
0480
0300
0400
1E00
3B00
6100
8100
ENDCHAR
STARTCHAR F33B
ENCODING 62267
SWIDTH 660 0
DWIDTH 11 0
BBX 10 10 0 1
BITMAP
1E00
2100
2980
7F80
FFC0
7FC0
3700
1F40
2E80
0E00
ENDCHAR
STARTCHAR F33C
ENCODING 62268
SWIDTH 660 0
DWIDTH 11 0
BBX 9 8 1 2
BITMAP
0800
1C00
0E00
FF80
0F80
7F00
7E00
0800
ENDCHAR
STARTCHAR F33D
ENCODING 62269
SWIDTH 660 0
DWIDTH 11 0
BBX 11 10 0 1
BITMAP
8F00
5F80
0FC0
63C0
73E0
7FE0
7E40
41C0
2180
1F00
ENDCHAR
STARTCHAR F33E
ENCODING 62270
SWIDTH 660 0
DWIDTH 11 0
BBX 11 10 0 1
BITMAP
9860
8EC0
8380
9CE0
9860
8FC0
98C0
9180
9200
9FE0
ENDCHAR
STARTCHAR F33F
ENCODING 62271
SWIDTH 660 0
DWIDTH 11 0
BBX 10 8 0 2
BITMAP
1F00
6080
40C0
8940
9740
BA40
7DC0
FFC0
ENDCHAR
STARTCHAR F340
ENCODING 62272
SWIDTH 660 0
DWIDTH 11 0
BBX 11 7 0 3
BITMAP
0760
1AC0
E1C0
00C0
0080
0100
0100
ENDCHAR
STARTCHAR F341
ENCODING 62273
SWIDTH 660 0
DWIDTH 11 0
BBX 11 10 0 1
BITMAP
FFC0
90C0
9040
B1C0
F020
F720
B240
8B40
4480
3F00
ENDCHAR
STARTCHAR F342
ENCODING 62274
SWIDTH 660 0
DWIDTH 11 0
BBX 10 12 0 0
BITMAP
0C00
3F00
7FC0
E1C0
C0C0
C0C0
C0C0
E0C0
F3C0
7F80
1FC0
04C0
ENDCHAR
STARTCHAR F343
ENCODING 62275
SWIDTH 660 0
DWIDTH 11 0
BBX 11 13 0 -1
BITMAP
2000
E100
E700
A300
FB00
E3C0
E3E0
9B60
4720
2F00
1FC0
1FC0
0F00
ENDCHAR
STARTCHAR F344
ENCODING 62276
SWIDTH 660 0
DWIDTH 11 0
BBX 11 10 0 1
BITMAP
01C0
7AE0
8EE0
FD40
9F80
6C00
0B00
0C80
0A80
0700
ENDCHAR
STARTCHAR F345
ENCODING 62277
SWIDTH 660 0
DWIDTH 11 0
BBX 10 10 0 1
BITMAP
0400
0400
0E00
0E00
1F00
1B00
3180
2500
71C0
C040
ENDCHAR
STARTCHAR F346
ENCODING 62278
SWIDTH 660 0
DWIDTH 11 0
BBX 10 10 0 1
BITMAP
0400
0C00
0E00
1E00
1B00
3B00
3180
6180
67C0
C0C0
ENDCHAR
STARTCHAR F347
ENCODING 62279
SWIDTH 660 0
DWIDTH 11 0
BBX 11 7 0 2
BITMAP
0080
09C0
8A00
BEE0
D5A0
1000
7000
ENDCHAR
STARTCHAR F348
ENCODING 62280
SWIDTH 660 0
DWIDTH 11 0
BBX 10 16 0 -2
BITMAP
00C0
0180
0300
0600
0C00
1B00
3180
60C0
61C0
3380
1700
0E00
1C00
3800
7000
E000
ENDCHAR
STARTCHAR F349
ENCODING 62281
SWIDTH 660 0
DWIDTH 11 0
BBX 11 10 0 1
BITMAP
1F00
3F80
5F80
7180
7F80
7F80
40C0
4040
C040
8060
ENDCHAR
STARTCHAR F34A
ENCODING 62282
SWIDTH 660 0
DWIDTH 11 0
BBX 10 10 0 1
BITMAP
0400
0C00
7D80
1E00
1D00
1F00
3380
2180
71C0
C040
ENDCHAR
STARTCHAR F34B
ENCODING 62283
SWIDTH 660 0
DWIDTH 11 0
BBX 11 5 0 4
BITMAP
2180
DA40
8420
8C20
7BC0
ENDCHAR
STARTCHAR F34C
ENCODING 62284
SWIDTH 660 0
DWIDTH 11 0
BBX 11 12 0 0
BITMAP
0040
00E0
0040
CE00
CC00
D8C0
F0C0
F0C0
D8C0
DCC0
CEC0
E6E0
ENDCHAR
STARTCHAR F34D
ENCODING 62285
SWIDTH 660 0
DWIDTH 11 0
BBX 11 10 0 1
BITMAP
0F00
3F80
7FC0
F820
F000
F000
F800
FC00
FC00
7E00
ENDCHAR
STARTCHAR F34E
ENCODING 62286
SWIDTH 660 0
DWIDTH 11 0
BBX 11 8 0 2
BITMAP
1F80
31C0
3FA0
7FC0
CE40
AE80
AE80
7F00
ENDCHAR
STARTCHAR F34F
ENCODING 62287
SWIDTH 660 0
DWIDTH 11 0
BBX 11 10 0 1
BITMAP
0400
2C80
7F80
3F80
7380
F1E0
7380
3B80
7180
0080
ENDCHAR
STARTCHAR F350
ENCODING 62288
SWIDTH 660 0
DWIDTH 11 0
BBX 11 12 0 0
BITMAP
1E40
23A0
32C0
CE80
8980
8800
8F80
7040
1040
1040
1040
0F80
ENDCHAR
STARTCHAR F351
ENCODING 62289
SWIDTH 660 0
DWIDTH 11 0
BBX 11 14 0 -1
BITMAP
1F80
3FC0
7F80
FF00
FEC0
FDC0
FBC0
F7E0
6FE0
5FC0
3FC0
7F80
7F80
3E00
ENDCHAR
STARTCHAR F352
ENCODING 62290
SWIDTH 660 0
DWIDTH 11 0
BBX 11 12 0 0
BITMAP
0C00
1E00
3F00
7F80
7FC0
FFC0
FFE0
FFE0
FFC0
7FC0
7F80
3F00
ENDCHAR
STARTCHAR F353
ENCODING 62291
SWIDTH 660 0
DWIDTH 11 0
BBX 11 10 0 1
BITMAP
0FE0
F3E0
F3C0
F3C0
F380
8720
9F20
CE60
E4E0
F1E0
ENDCHAR
STARTCHAR F354
ENCODING 62292
SWIDTH 660 0
DWIDTH 11 0
BBX 11 10 0 1
BITMAP
FFE0
FFE0
FFE0
FFE0
FFE0
FFE0
FFE0
FFE0
FFE0
FFE0
ENDCHAR
STARTCHAR F355
ENCODING 62293
SWIDTH 660 0
DWIDTH 11 0
BBX 11 10 0 1
BITMAP
3F00
7D80
7DC0
DEC0
FDE0
FFE0
EDC0
7FC0
7F80
1F00
ENDCHAR
STARTCHAR F356
ENCODING 62294
SWIDTH 660 0
DWIDTH 11 0
BBX 11 4 0 4
BITMAP
1000
FBE0
9AA0
FEA0
ENDCHAR
STARTCHAR F357
ENCODING 62295
SWIDTH 660 0
DWIDTH 11 0
BBX 10 12 0 0
BITMAP
6F00
DE80
31C0
5EC0
5F40
DF40
C740
43C0
40C0
3240
5E80
2F00
ENDCHAR
STARTCHAR F358
ENCODING 62296
SWIDTH 660 0
DWIDTH 11 0
BBX 9 6 1 3
BITMAP
1F80
6F80
F000
C000
C800
F800
ENDCHAR
STARTCHAR F359
ENCODING 62297
SWIDTH 660 0
DWIDTH 11 0
BBX 11 14 0 -1
BITMAP
0800
0A00
1300
3180
6080
40C0
C040
8040
8020
8020
8040
40C0
2180
1F00
ENDCHAR
STARTCHAR F35A
ENCODING 62298
SWIDTH 660 0
DWIDTH 11 0
BBX 11 10 0 1
BITMAP
0400
0200
3100
0880
8C40
8660
6340
3140
1980
0F00
ENDCHAR
STARTCHAR F35B
ENCODING 62299
SWIDTH 660 0
DWIDTH 11 0
BBX 11 6 0 3
BITMAP
3680
36C0
3FC0
3F40
FB40
6B60
ENDCHAR
STARTCHAR F35C
ENCODING 62300
SWIDTH 660 0
DWIDTH 11 0
BBX 11 10 0 1
BITMAP
3F00
7380
60C0
C040
C460
C660
C300
6180
7880
1E00
ENDCHAR
STARTCHAR F35D
ENCODING 62301
SWIDTH 660 0
DWIDTH 11 0
BBX 11 10 0 1
BITMAP
0DC0
1780
0D80
0B00
1D80
6000
7F80
FFE0
3F80
0C00
ENDCHAR
STARTCHAR F35E
ENCODING 62302
SWIDTH 660 0
DWIDTH 11 0
BBX 10 10 0 1
BITMAP
71C0
3180
3900
1C00
0C00
1E00
1F00
3B80
7180
E1C0
ENDCHAR
STARTCHAR F35F
ENCODING 62303
SWIDTH 660 0
DWIDTH 11 0
BBX 11 10 0 1
BITMAP
3F00
6080
4040
8440
8D20
9BA0
BFC0
7FC0
7F80
1F00
ENDCHAR
STARTCHAR F360
ENCODING 62304
SWIDTH 660 0
DWIDTH 11 0
BBX 11 8 0 3
BITMAP
0F80
FFC0
EEC0
CEC0
FDE0
7BE0
BF40
7C80
ENDCHAR
STARTCHAR F361
ENCODING 62305
SWIDTH 660 0
DWIDTH 11 0
BBX 11 13 0 0
BITMAP
0040
0DE0
2DC0
2180
8000
1F00
3F80
7F00
7E00
7800
7980
3B80
1F00
ENDCHAR
STARTCHAR F362
ENCODING 62306
SWIDTH 660 0
DWIDTH 11 0
BBX 11 12 0 0
BITMAP
0600
7F00
FFC0
FF60
EBC0
FFC0
FBC0
FFC0
7FC0
3F80
1E00
0800
ENDCHAR
STARTCHAR F363
ENCODING 62307
SWIDTH 660 0
DWIDTH 11 0
BBX 11 10 0 1
BITMAP
0100
0700
1F80
3C80
D8C0
2840
5040
6040
4040
4020
ENDCHAR
STARTCHAR F364
ENCODING 62308
SWIDTH 660 0
DWIDTH 11 0
BBX 10 10 0 1
BITMAP
0600
C9C0
A800
9200
E200
5100
0100
0200
1C00
1000
ENDCHAR
STARTCHAR F365
ENCODING 62309
SWIDTH 660 0
DWIDTH 11 0
BBX 11 10 0 1
BITMAP
1F00
2080
9E40
E140
F8A0
F0A0
E140
8E40
2080
1F00
ENDCHAR
STARTCHAR F366
ENCODING 62310
SWIDTH 660 0
DWIDTH 11 0
BBX 10 10 0 1
BITMAP
0400
0C00
0E00
FFC0
FFC0
7D80
3F00
7F80
7B80
71C0
ENDCHAR
STARTCHAR F367
ENCODING 62311
SWIDTH 660 0
DWIDTH 11 0
BBX 11 10 0 1
BITMAP
3F00
5F80
5F40
DB40
D360
C660
CC40
4CC0
6C80
1F00
ENDCHAR
STARTCHAR F368
ENCODING 62312
SWIDTH 660 0
DWIDTH 11 0
BBX 11 6 0 3
BITMAP
8000
6180
1F60
1F80
1F80
0080
ENDCHAR
STARTCHAR F369
ENCODING 62313
SWIDTH 660 0
DWIDTH 11 0
BBX 11 9 0 2
BITMAP
6040
3080
3D00
5A00
8C40
8E20
9740
6340
3F80
ENDCHAR
STARTCHAR F36A
ENCODING 62314
SWIDTH 660 0
DWIDTH 11 0
BBX 10 10 0 1
BITMAP
8040
7FC0
4EC0
7FC0
7FC0
6DC0
76C0
7EC0
6BC0
7FC0
ENDCHAR
STARTCHAR F36B
ENCODING 62315
SWIDTH 660 0
DWIDTH 11 0
BBX 10 10 0 1
BITMAP
2A00
3F00
7180
60C0
4AC0
CAC0
60C0
7180
3F00
0A00
ENDCHAR
STARTCHAR F36C
ENCODING 62316
SWIDTH 660 0
DWIDTH 11 0
BBX 11 10 0 1
BITMAP
1F00
7F80
7FC0
FBC0
F1E0
F1E0
F1C0
73C0
7180
3100
ENDCHAR
STARTCHAR F36D
ENCODING 62317
SWIDTH 660 0
DWIDTH 11 0
BBX 11 10 0 1
BITMAP
0E00
4E80
4EC0
F340
BBE0
BBE0
FB40
5AC0
6180
3F00
ENDCHAR
STARTCHAR F36E
ENCODING 62318
SWIDTH 660 0
DWIDTH 11 0
BBX 11 10 0 1
BITMAP
3F00
5F80
BFC0
A1C0
A4E0
A8A0
A1C0
9F40
4080
3F00
ENDCHAR
STARTCHAR F36F
ENCODING 62319
SWIDTH 660 0
DWIDTH 11 0
BBX 11 12 0 1
BITMAP
2080
70C0
F8E0
F8E0
DCE0
FEE0
EEE0
E7E0
E7E0
E3A0
61C0
2180
ENDCHAR
STARTCHAR F370
ENCODING 62320
SWIDTH 660 0
DWIDTH 11 0
BBX 11 10 0 1
BITMAP
07C0
2BC0
6FC0
E1C0
E0E0
ECE0
E1C0
7BC0
3F80
1F00
ENDCHAR
STARTCHAR F371
ENCODING 62321
SWIDTH 660 0
DWIDTH 11 0
BBX 11 10 0 1
BITMAP
3F00
7E80
7940
FEC0
FAA0
FAA0
FEC0
7B40
7C80
1F00
ENDCHAR
STARTCHAR F372
ENCODING 62322
SWIDTH 660 0
DWIDTH 11 0
BBX 11 10 0 1
BITMAP
0480
6780
3200
1240
BE40
B2C0
E7E0
7F00
1C00
0C00
ENDCHAR
STARTCHAR F373
ENCODING 62323
SWIDTH 660 0
DWIDTH 11 0
BBX 10 12 0 0
BITMAP
0C00
0CC0
0D80
7F80
2F00
4D80
CDC0
4CC0
2100
7F80
0C00
0400
ENDCHAR
STARTCHAR F374
ENCODING 62324
SWIDTH 660 0
DWIDTH 11 0
BBX 11 9 0 2
BITMAP
0400
0E00
0E00
0300
3300
3000
6080
77C0
EFE0
ENDCHAR
STARTCHAR F375
ENCODING 62325
SWIDTH 660 0
DWIDTH 11 0
BBX 11 8 0 2
BITMAP
7FE0
E7E0
DBE0
DBE0
DBE0
E2E0
FBE0
FFC0
ENDCHAR
STARTCHAR F376
ENCODING 62326
SWIDTH 660 0
DWIDTH 11 0
BBX 11 13 0 0
BITMAP
7DE0
FEE0
8360
81A0
80C0
8060
8060
8060
8060
8060
8060
8060
FFC0
ENDCHAR
STARTCHAR F377
ENCODING 62327
SWIDTH 660 0
DWIDTH 11 0
BBX 11 13 0 0
BITMAP
7DE0
FEE0
FF60
FFA0
FFC0
CFE0
87E0
FFA0
8420
FFA0
FFA0
87A0
FFC0
ENDCHAR
STARTCHAR F378
ENCODING 62328
SWIDTH 660 0
DWIDTH 11 0
BBX 11 13 0 0
BITMAP
7DE0
FEE0
FF60
FFA0
FFC0
80E0
EBE0
EBE0
E820
EE20
86A0
FE20
FFC0
ENDCHAR
STARTCHAR F379
ENCODING 62329
SWIDTH 660 0
DWIDTH 11 0
BBX 11 13 0 0
BITMAP
7DE0
FEE0
FF60
FFA0
FFC0
FFE0
87E0
8FA0
97A0
97A0
E220
C1E0
FFC0
ENDCHAR
STARTCHAR F37A
ENCODING 62330
SWIDTH 660 0
DWIDTH 11 0
BBX 11 13 0 0
BITMAP
7DE0
FEE0
FF60
FFA0
FFC0
8020
FFE0
FFE0
FFE0
F820
C9A0
FA20
FFC0
ENDCHAR
STARTCHAR F37B
ENCODING 62331
SWIDTH 660 0
DWIDTH 11 0
BBX 11 13 0 0
BITMAP
7DE0
FEE0
FF60
FFA0
FFC0
F820
F7E0
FD60
EC60
DC60
FFE0
FFE0
FFC0
ENDCHAR
STARTCHAR F37C
ENCODING 62332
SWIDTH 660 0
DWIDTH 11 0
BBX 11 13 0 0
BITMAP
7DE0
FEE0
FF60
FFA0
FFC0
8460
FC20
FD20
FFE0
8020
FFE0
FFE0
FFC0
ENDCHAR
STARTCHAR F37D
ENCODING 62333
SWIDTH 660 0
DWIDTH 11 0
BBX 11 5 0 4
BITMAP
0080
F340
8420
8820
F3C0
ENDCHAR
STARTCHAR F37E
ENCODING 62334
SWIDTH 660 0
DWIDTH 11 0
BBX 11 14 0 -1
BITMAP
0400
0A00
1100
2080
4040
8060
40C0
2180
9320
4E40
2480
1100
0A00
0400
ENDCHAR
STARTCHAR F37F
ENCODING 62335
SWIDTH 660 0
DWIDTH 11 0
BBX 9 16 1 -2
BITMAP
0800
3800
7800
7F00
FF00
7800
7800
7800
7800
7800
7800
7800
7800
3F80
3E00
0800
ENDCHAR
STARTCHAR F380
ENCODING 62336
SWIDTH 660 0
DWIDTH 11 0
BBX 11 10 0 1
BITMAP
FF00
FF80
FFC0
F1C0
ECE0
EDE0
E1E0
F9E0
FDE0
E0C0
ENDCHAR
STARTCHAR F381
ENCODING 62337
SWIDTH 660 0
DWIDTH 11 0
BBX 11 10 0 1
BITMAP
83E0
F9E0
FCE0
F9E0
F1E0
E7E0
E7E0
E3E0
F1E0
F0E0
ENDCHAR
STARTCHAR F382
ENCODING 62338
SWIDTH 660 0
DWIDTH 11 0
BBX 10 12 0 0
BITMAP
3F80
E0C0
1F40
3180
4E40
CA40
8440
8440
C040
40C0
6180
3F00
ENDCHAR
STARTCHAR F383
ENCODING 62339
SWIDTH 660 0
DWIDTH 11 0
BBX 11 10 0 1
BITMAP
3F00
73C0
7DC0
E2C0
EEE0
EDE0
F7C0
E6C0
76C0
3F00
ENDCHAR
STARTCHAR F384
ENCODING 62340
SWIDTH 660 0
DWIDTH 11 0
BBX 11 10 0 1
BITMAP
37C0
EF80
5B40
76C0
6DC0
5BC0
B6C0
2CC0
79C0
83E0
ENDCHAR
STARTCHAR F385
ENCODING 62341
SWIDTH 660 0
DWIDTH 11 0
BBX 11 8 0 2
BITMAP
3E00
7C80
6000
E100
E040
6060
3F80
3F00
ENDCHAR
STARTCHAR F400
ENCODING 62464
SWIDTH 660 0
DWIDTH 11 0
BBX 10 16 0 -2
BITMAP
0E00
3F80
60C0
C040
C040
C040
C040
40C0
6180
3100
1100
0000
3F00
0000
1E00
0E00
ENDCHAR
STARTCHAR F401
ENCODING 62465
SWIDTH 660 0
DWIDTH 11 0
BBX 11 14 0 -1
BITMAP
7FE0
C060
8060
8060
8060
8060
8060
8060
FFE0
C060
8060
DDE0
1C00
0400
ENDCHAR
STARTCHAR F402
ENCODING 62466
SWIDTH 660 0
DWIDTH 11 0
BBX 11 12 0 0
BITMAP
F1C0
9160
F1C0
60C0
6080
3F80
0400
0400
0C00
1E00
1A00
0E00
ENDCHAR
STARTCHAR F403
ENCODING 62467
SWIDTH 660 0
DWIDTH 11 0
BBX 11 12 0 0
BITMAP
7F80
8080
8080
8080
8000
8180
83C0
FAA0
8080
FE80
0080
0080
ENDCHAR
STARTCHAR F404
ENCODING 62468
SWIDTH 660 0
DWIDTH 11 0
BBX 10 10 0 1
BITMAP
FF00
A180
A7C0
87C0
8100
A100
FF00
8100
FF00
3000
ENDCHAR
STARTCHAR F405
ENCODING 62469
SWIDTH 660 0
DWIDTH 11 0
BBX 11 9 0 2
BITMAP
F1C0
8E20
8420
8420
8420
8420
8420
F5E0
0E00
ENDCHAR
STARTCHAR F406
ENCODING 62470
SWIDTH 660 0
DWIDTH 11 0
BBX 11 12 0 0
BITMAP
0E00
1300
1300
1E00
FBE0
1200
1300
1300
1100
1F00
1100
3100
ENDCHAR
STARTCHAR F407
ENCODING 62471
SWIDTH 660 0
DWIDTH 11 0
BBX 11 12 0 0
BITMAP
0200
E600
BF80
E680
4080
4080
4080
4080
60C0
A160
E1C0
4080
ENDCHAR
STARTCHAR F408
ENCODING 62472
SWIDTH 660 0
DWIDTH 11 0
BBX 11 10 0 1
BITMAP
1F00
7F80
40C0
C0C0
C060
C060
C0C0
73C0
4180
3100
ENDCHAR
STARTCHAR F409
ENCODING 62473
SWIDTH 660 0
DWIDTH 11 0
BBX 11 10 0 1
BITMAP
0400
0400
0400
2500
1700
0E00
8460
8060
8060
7FC0
ENDCHAR
STARTCHAR F40A
ENCODING 62474
SWIDTH 660 0
DWIDTH 11 0
BBX 11 10 0 1
BITMAP
0400
0E00
1700
2500
0400
0400
8460
8060
8060
7FC0
ENDCHAR
STARTCHAR F40B
ENCODING 62475
SWIDTH 660 0
DWIDTH 11 0
BBX 11 10 0 1
BITMAP
3F00
7380
71C0
FBC0
C0E0
F1E0
F1C0
75C0
7580
1F00
ENDCHAR
STARTCHAR F40C
ENCODING 62476
SWIDTH 660 0
DWIDTH 11 0
BBX 11 10 0 1
BITMAP
0C00
0E00
1E00
1B00
3B00
3B80
7FC0
7BC0
FFE0
FFC0
ENDCHAR
STARTCHAR F40D
ENCODING 62477
SWIDTH 660 0
DWIDTH 11 0
BBX 11 10 0 1
BITMAP
1F80
11C0
1140
01E0
4820
CC20
CC20
4820
0020
1FC0
ENDCHAR
STARTCHAR F40E
ENCODING 62478
SWIDTH 660 0
DWIDTH 11 0
BBX 11 10 0 1
BITMAP
FBC0
8A60
8A60
FBE0
7180
73C0
FBE0
8A60
8A60
FBC0
ENDCHAR
STARTCHAR F40F
ENCODING 62479
SWIDTH 660 0
DWIDTH 11 0
BBX 11 8 0 2
BITMAP
FFE0
B020
C820
B220
8520
88A0
9060
FFE0
ENDCHAR
STARTCHAR F410
ENCODING 62480
SWIDTH 660 0
DWIDTH 11 0
BBX 11 14 0 -1
BITMAP
FF00
8980
88C0
8660
8860
8660
8860
8860
8660
8C60
9E60
9660
D6C0
1E00
ENDCHAR
STARTCHAR F411
ENCODING 62481
SWIDTH 660 0
DWIDTH 11 0
BBX 11 10 0 1
BITMAP
7FC0
8020
8020
7FC0
4040
4E40
4040
4040
4040
7F80
ENDCHAR
STARTCHAR F412
ENCODING 62482
SWIDTH 660 0
DWIDTH 11 0
BBX 11 10 0 1
BITMAP
FC00
8200
8100
9080
8040
C020
6040
3080
1900
0E00
ENDCHAR
STARTCHAR F413
ENCODING 62483
SWIDTH 660 0
DWIDTH 11 0
BBX 11 10 0 1
BITMAP
7000
8800
8FE0
8020
8020
8020
8020
8020
8020
7FC0
ENDCHAR
STARTCHAR F414
ENCODING 62484
SWIDTH 660 0
DWIDTH 11 0
BBX 11 10 0 1
BITMAP
7000
F800
FFE0
FFE0
FDE0
E0E0
FCE0
FFE0
FFE0
7FC0
ENDCHAR
STARTCHAR F415
ENCODING 62485
SWIDTH 660 0
DWIDTH 11 0
BBX 11 12 0 0
BITMAP
0E00
1B00
2180
2180
2180
3100
1F00
3180
40C0
C040
8060
8040
ENDCHAR
STARTCHAR F416
ENCODING 62486
SWIDTH 660 0
DWIDTH 11 0
BBX 10 6 0 3
BITMAP
2180
40C0
FFC0
4040
2080
0100
ENDCHAR
STARTCHAR F417
ENCODING 62487
SWIDTH 660 0
DWIDTH 11 0
BBX 10 6 0 3
BITMAP
0C00
1B00
F1C0
1100
1A00
0400
ENDCHAR
STARTCHAR F418
ENCODING 62488
SWIDTH 660 0
DWIDTH 11 0
BBX 11 12 0 0
BITMAP
F1C0
9160
F1C0
60C0
6080
7F80
6000
6000
6000
F000
9000
6000
ENDCHAR
STARTCHAR F419
ENCODING 62489
SWIDTH 660 0
DWIDTH 11 0
BBX 11 12 0 0
BITMAP
6000
F000
B000
6000
60C0
5DC0
4F60
40C0
6000
B000
F000
6000
ENDCHAR
STARTCHAR F41A
ENCODING 62490
SWIDTH 660 0
DWIDTH 11 0
BBX 11 10 0 1
BITMAP
0400
0400
C460
E4A0
B520
B520
E4A0
8460
0400
0400
ENDCHAR
STARTCHAR F41B
ENCODING 62491
SWIDTH 660 0
DWIDTH 11 0
BBX 11 10 0 1
BITMAP
3F00
6080
4040
8040
8C20
8C20
8040
4040
6080
1F00
ENDCHAR
STARTCHAR F41C
ENCODING 62492
SWIDTH 660 0
DWIDTH 11 0
BBX 11 10 0 1
BITMAP
3F00
E080
C040
E040
0C20
8C00
80E0
4060
60A0
1F00
ENDCHAR
STARTCHAR F41D
ENCODING 62493
SWIDTH 660 0
DWIDTH 11 0
BBX 11 10 0 1
BITMAP
3F00
6080
4040
8140
9220
8C20
8040
4040
6080
1F00
ENDCHAR
STARTCHAR F41E
ENCODING 62494
SWIDTH 660 0
DWIDTH 11 0
BBX 10 10 0 1
BITMAP
0400
0C00
0A00
F3C0
C040
6080
2100
2500
3F80
2180
ENDCHAR
STARTCHAR F41F
ENCODING 62495
SWIDTH 660 0
DWIDTH 11 0
BBX 11 10 0 1
BITMAP
FFE0
8060
8060
8060
8060
8060
8060
E7C0
2C00
3800
ENDCHAR
STARTCHAR F420
ENCODING 62496
SWIDTH 660 0
DWIDTH 11 0
BBX 11 10 0 1
BITMAP
3F00
6080
4C40
8A40
8620
8420
8440
4440
6080
1F00
ENDCHAR
STARTCHAR F421
ENCODING 62497
SWIDTH 660 0
DWIDTH 11 0
BBX 11 10 0 1
BITMAP
0C00
0A00
1200
1500
2500
2480
40C0
4440
8060
FFC0
ENDCHAR
STARTCHAR F422
ENCODING 62498
SWIDTH 660 0
DWIDTH 11 0
BBX 11 10 0 1
BITMAP
3E00
4100
C080
8080
8080
8080
4100
7780
1CC0
0060
ENDCHAR
STARTCHAR F423
ENCODING 62499
SWIDTH 660 0
DWIDTH 11 0
BBX 11 12 0 0
BITMAP
0C00
0A00
73C0
8040
CE40
5240
5240
8E60
A140
7BC0
0A00
0C00
ENDCHAR
STARTCHAR F424
ENCODING 62500
SWIDTH 660 0
DWIDTH 11 0
BBX 5 6 3 3
BITMAP
08
90
A0
C0
80
F0
ENDCHAR
STARTCHAR F425
ENCODING 62501
SWIDTH 660 0
DWIDTH 11 0
BBX 11 13 0 0
BITMAP
0100
7380
53C0
D340
9260
8E60
C040
40C0
6180
3100
1100
1100
1100
ENDCHAR
STARTCHAR F426
ENCODING 62502
SWIDTH 660 0
DWIDTH 11 0
BBX 10 12 0 0
BITMAP
7000
8000
8000
8100
8080
9FC0
8FC0
8080
8100
8000
F000
7000
ENDCHAR
STARTCHAR F427
ENCODING 62503
SWIDTH 660 0
DWIDTH 11 0
BBX 11 10 0 1
BITMAP
03E0
0620
3940
5940
9080
6100
1700
0D00
6B00
C600
ENDCHAR
STARTCHAR F428
ENCODING 62504
SWIDTH 660 0
DWIDTH 11 0
BBX 11 10 0 1
BITMAP
F000
1C00
0600
0300
C180
7080
1840
0C40
0440
C460
ENDCHAR
STARTCHAR F429
ENCODING 62505
SWIDTH 660 0
DWIDTH 11 0
BBX 11 12 0 0
BITMAP
1F00
D140
9F60
9F60
8060
8060
8060
8060
8060
8060
8060
FFC0
ENDCHAR
STARTCHAR F42A
ENCODING 62506
SWIDTH 660 0
DWIDTH 11 0
BBX 10 12 0 0
BITMAP
7000
8000
8000
8600
8C00
9FC0
8FC0
8400
8200
8000
F000
7000
ENDCHAR
STARTCHAR F42B
ENCODING 62507
SWIDTH 660 0
DWIDTH 11 0
BBX 11 10 0 1
BITMAP
FF00
8100
A500
8100
A540
8120
A520
8120
9920
FFE0
ENDCHAR
STARTCHAR F42C
ENCODING 62508
SWIDTH 660 0
DWIDTH 11 0
BBX 11 14 0 -1
BITMAP
FFC0
8060
8060
8060
8060
8060
8060
8060
8060
8060
8C60
8060
8060
FFC0
ENDCHAR
STARTCHAR F42D
ENCODING 62509
SWIDTH 660 0
DWIDTH 11 0
BBX 10 11 0 0
BITMAP
0400
0E00
1F00
0400
0000
B540
0500
0400
0400
1E00
0C00
ENDCHAR
STARTCHAR F42E
ENCODING 62510
SWIDTH 660 0
DWIDTH 11 0
BBX 11 8 0 2
BITMAP
0060
00C0
0180
0300
C600
6C00
3800
1000
ENDCHAR
STARTCHAR F42F
ENCODING 62511
SWIDTH 660 0
DWIDTH 11 0
BBX 11 8 0 2
BITMAP
FFC0
8060
E0E0
9B20
8C20
8020
8020
FFC0
ENDCHAR
STARTCHAR F430
ENCODING 62512
SWIDTH 660 0
DWIDTH 11 0
BBX 11 9 0 2
BITMAP
0400
1E00
6180
C040
E0E0
9F20
9320
A1A0
FFE0
ENDCHAR
STARTCHAR F431
ENCODING 62513
SWIDTH 660 0
DWIDTH 11 0
BBX 7 7 2 3
BITMAP
10
38
54
92
10
10
10
ENDCHAR
STARTCHAR F432
ENCODING 62514
SWIDTH 660 0
DWIDTH 11 0
BBX 7 6 2 4
BITMAP
08
04
FE
06
0C
18
ENDCHAR
STARTCHAR F433
ENCODING 62515
SWIDTH 660 0
DWIDTH 11 0
BBX 7 7 2 2
BITMAP
10
10
10
92
54
38
10
ENDCHAR
STARTCHAR F434
ENCODING 62516
SWIDTH 660 0
DWIDTH 11 0
BBX 7 6 2 4
BITMAP
20
40
FE
80
40
20
ENDCHAR
STARTCHAR F435
ENCODING 62517
SWIDTH 660 0
DWIDTH 11 0
BBX 11 10 0 1
BITMAP
1800
2C00
4600
83C0
E0C0
3180
1300
1780
1CC0
0060
ENDCHAR
STARTCHAR F436
ENCODING 62518
SWIDTH 660 0
DWIDTH 11 0
BBX 11 10 0 1
BITMAP
3B80
4C80
7FC0
8420
8420
FFC0
4440
4440
4440
7FC0
ENDCHAR
STARTCHAR F437
ENCODING 62519
SWIDTH 660 0
DWIDTH 11 0
BBX 10 10 0 1
BITMAP
8000
8000
8040
8880
9500
A200
8000
8000
8000
FFC0
ENDCHAR
STARTCHAR F438
ENCODING 62520
SWIDTH 660 0
DWIDTH 11 0
BBX 3 4 4 4
BITMAP
60
E0
60
20
ENDCHAR
STARTCHAR F439
ENCODING 62521
SWIDTH 660 0
DWIDTH 11 0
BBX 11 8 0 2
BITMAP
FFC0
8020
FFE0
8020
8020
8120
8020
FFC0
ENDCHAR
STARTCHAR F43A
ENCODING 62522
SWIDTH 660 0
DWIDTH 11 0
BBX 11 10 0 1
BITMAP
3F00
6080
4440
8440
8420
8620
8040
4040
6080
1F00
ENDCHAR
STARTCHAR F43B
ENCODING 62523
SWIDTH 660 0
DWIDTH 11 0
BBX 10 8 0 2
BITMAP
3F80
4080
C040
C040
6080
3100
1A00
0C00
ENDCHAR
STARTCHAR F43C
ENCODING 62524
SWIDTH 660 0
DWIDTH 11 0
BBX 11 9 0 1
BITMAP
4080
4040
B140
ACA0
ACA0
A540
4540
4480
0400
ENDCHAR
STARTCHAR F43D
ENCODING 62525
SWIDTH 660 0
DWIDTH 11 0
BBX 11 10 0 1
BITMAP
0780
0840
1160
1120
1040
20C0
4780
8800
B000
E000
ENDCHAR
STARTCHAR F43E
ENCODING 62526
SWIDTH 660 0
DWIDTH 11 0
BBX 5 6 3 3
BITMAP
80
C8
68
38
18
F8
ENDCHAR
STARTCHAR F43F
ENCODING 62527
SWIDTH 660 0
DWIDTH 11 0
BBX 11 10 0 1
BITMAP
FBE0
A220
A220
83E0
83E0
A100
FF00
8100
FF00
3000
ENDCHAR
STARTCHAR F440
ENCODING 62528
SWIDTH 660 0
DWIDTH 11 0
BBX 11 16 0 -2
BITMAP
0400
0C00
0C00
0C00
0C00
FFE0
7FC0
0C00
0C00
0C00
0400
0000
0000
0000
FFE0
7FC0
ENDCHAR
STARTCHAR F441
ENCODING 62529
SWIDTH 660 0
DWIDTH 11 0
BBX 10 8 0 2
BITMAP
1F00
2180
40C0
8E40
8C40
40C0
3180
1E00
ENDCHAR
STARTCHAR F442
ENCODING 62530
SWIDTH 660 0
DWIDTH 11 0
BBX 11 10 0 1
BITMAP
7E00
8100
8160
8120
8120
CF20
5020
62C0
0180
0080
ENDCHAR
STARTCHAR F443
ENCODING 62531
SWIDTH 660 0
DWIDTH 11 0
BBX 8 9 1 1
BITMAP
04
02
FF
03
06
20
40
7F
20
ENDCHAR
STARTCHAR F444
ENCODING 62532
SWIDTH 660 0
DWIDTH 11 0
BBX 5 6 3 3
BITMAP
60
F8
F8
F8
F0
20
ENDCHAR
STARTCHAR F445
ENCODING 62533
SWIDTH 660 0
DWIDTH 11 0
BBX 5 6 3 3
BITMAP
F0
F8
F8
F8
F8
F0
ENDCHAR
STARTCHAR F446
ENCODING 62534
SWIDTH 660 0
DWIDTH 11 0
BBX 11 8 0 2
BITMAP
7800
8FE0
F8E0
FB60
FFE0
FB60
FCE0
FFE0
ENDCHAR
STARTCHAR F447
ENCODING 62535
SWIDTH 660 0
DWIDTH 11 0
BBX 11 6 0 3
BITMAP
FE60
83A0
8220
8220
83A0
FE60
ENDCHAR
STARTCHAR F448
ENCODING 62536
SWIDTH 660 0
DWIDTH 11 0
BBX 11 10 0 1
BITMAP
01C0
0360
0740
0C80
1900
3200
6400
4800
D000
E000
ENDCHAR
STARTCHAR F449
ENCODING 62537
SWIDTH 660 0
DWIDTH 11 0
BBX 11 10 0 1
BITMAP
3F00
6080
4440
8440
8C20
8420
8440
4440
6080
1F00
ENDCHAR
STARTCHAR F44A
ENCODING 62538
SWIDTH 660 0
DWIDTH 11 0
BBX 2 4 4 4
BITMAP
80
C0
C0
80
ENDCHAR
STARTCHAR F44B
ENCODING 62539
SWIDTH 660 0
DWIDTH 11 0
BBX 5 3 3 4
BITMAP
F8
70
20
ENDCHAR
STARTCHAR F44C
ENCODING 62540
SWIDTH 660 0
DWIDTH 11 0
BBX 11 10 0 1
BITMAP
03C0
0640
0060
1C40
3480
6900
C600
8000
8C00
7000
ENDCHAR
STARTCHAR F44D
ENCODING 62541
SWIDTH 660 0
DWIDTH 11 0
BBX 10 10 0 1
BITMAP
0400
0400
0400
0400
FFC0
FFC0
0400
0400
0400
0400
ENDCHAR
STARTCHAR F44E
ENCODING 62542
SWIDTH 660 0
DWIDTH 11 0
BBX 11 8 0 2
BITMAP
FFC0
0000
0000
FFC0
FFC0
0000
0000
FFE0
ENDCHAR
STARTCHAR F44F
ENCODING 62543
SWIDTH 660 0
DWIDTH 11 0
BBX 10 6 0 4
BITMAP
3100
6080
C040
C040
6080
3100
ENDCHAR
STARTCHAR F450
ENCODING 62544
SWIDTH 660 0
DWIDTH 11 0
BBX 11 12 0 0
BITMAP
1F00
6180
40C0
C440
8E60
8E60
8C40
4040
6080
3100
1A00
0C00
ENDCHAR
STARTCHAR F451
ENCODING 62545
SWIDTH 660 0
DWIDTH 11 0
BBX 11 9 0 2
BITMAP
8000
9FE0
0000
0000
8000
9FC0
0000
0000
9FC0
ENDCHAR
STARTCHAR F452
ENCODING 62546
SWIDTH 660 0
DWIDTH 11 0
BBX 11 8 0 2
BITMAP
8FE0
8000
8000
4000
0FC0
C000
4000
CFE0
ENDCHAR
STARTCHAR F453
ENCODING 62547
SWIDTH 660 0
DWIDTH 11 0
BBX 11 9 0 2
BITMAP
FF80
FF80
0000
0000
9FE0
8000
8000
8000
9FE0
ENDCHAR
STARTCHAR F454
ENCODING 62548
SWIDTH 660 0
DWIDTH 11 0
BBX 11 8 0 2
BITMAP
0FC0
2820
A820
A820
A820
A820
2820
0FC0
ENDCHAR
STARTCHAR F455
ENCODING 62549
SWIDTH 660 0
DWIDTH 11 0
BBX 11 12 0 0
BITMAP
2100
7FC0
FFE0
8060
FFE0
FFE0
8060
8060
8060
8060
8060
FFC0
ENDCHAR
STARTCHAR F456
ENCODING 62550
SWIDTH 660 0
DWIDTH 11 0
BBX 11 14 0 -1
BITMAP
0E00
1F00
3180
2180
2180
2180
FFC0
8060
8060
8060
8060
8060
FFE0
7FC0
ENDCHAR
STARTCHAR F457
ENCODING 62551
SWIDTH 660 0
DWIDTH 11 0
BBX 11 10 0 1
BITMAP
FFE0
8060
8460
8460
BF60
9F60
8460
8460
8060
FFC0
ENDCHAR
STARTCHAR F458
ENCODING 62552
SWIDTH 660 0
DWIDTH 11 0
BBX 11 10 0 1
BITMAP
FFE0
8060
8060
8060
BF60
9F60
8060
8060
8060
FFC0
ENDCHAR
STARTCHAR F459
ENCODING 62553
SWIDTH 660 0
DWIDTH 11 0
BBX 11 10 0 1
BITMAP
FFE0
8060
8060
8460
8E60
8E60
8060
8060
8060
FFC0
ENDCHAR
STARTCHAR F45A
ENCODING 62554
SWIDTH 660 0
DWIDTH 11 0
BBX 11 10 0 1
BITMAP
FFE0
8060
8460
8660
BF60
9F60
8660
8460
8060
FFC0
ENDCHAR
STARTCHAR F45B
ENCODING 62555
SWIDTH 660 0
DWIDTH 11 0
BBX 10 1 0 6
BITMAP
FFC0
ENDCHAR
STARTCHAR F45C
ENCODING 62556
SWIDTH 660 0
DWIDTH 11 0
BBX 5 6 3 3
BITMAP
F0
C0
E0
B0
98
08
ENDCHAR
STARTCHAR F45D
ENCODING 62557
SWIDTH 660 0
DWIDTH 11 0
BBX 11 12 0 0
BITMAP
0800
0800
7F00
80C0
8060
8040
FF80
0800
0800
0800
0800
0800
ENDCHAR
STARTCHAR F45E
ENCODING 62558
SWIDTH 660 0
DWIDTH 11 0
BBX 10 11 0 0
BITMAP
7F00
8100
8180
BD80
8180
B180
8180
8000
8040
8480
F300
ENDCHAR
STARTCHAR F45F
ENCODING 62559
SWIDTH 660 0
DWIDTH 11 0
BBX 11 10 0 1
BITMAP
00E0
7F20
8820
8820
8820
7E20
29E0
2800
2800
3800
ENDCHAR
STARTCHAR F460
ENCODING 62560
SWIDTH 660 0
DWIDTH 11 0
BBX 4 6 4 3
BITMAP
C0
60
30
20
40
80
ENDCHAR
STARTCHAR F461
ENCODING 62561
SWIDTH 660 0
DWIDTH 11 0
BBX 7 10 2 1
BITMAP
7C
82
82
82
82
82
92
BA
C6
80
ENDCHAR
STARTCHAR F462
ENCODING 62562
SWIDTH 660 0
DWIDTH 11 0
BBX 10 12 0 0
BITMAP
0800
F9C0
F9C0
0800
0100
F9C0
F9C0
0100
1000
F7C0
1000
1000
ENDCHAR
STARTCHAR F463
ENCODING 62563
SWIDTH 660 0
DWIDTH 11 0
BBX 11 10 0 1
BITMAP
3F00
6080
4100
8E40
8A20
8A20
8440
4040
6080
1F00
ENDCHAR
STARTCHAR F464
ENCODING 62564
SWIDTH 660 0
DWIDTH 11 0
BBX 11 10 0 1
BITMAP
3F00
E080
C440
E440
0420
8620
8040
4040
6080
1F00
ENDCHAR
STARTCHAR F465
ENCODING 62565
SWIDTH 660 0
DWIDTH 11 0
BBX 11 10 0 1
BITMAP
71E0
F8E0
81E0
8300
8600
8040
8040
8040
8040
FFC0
ENDCHAR
STARTCHAR F466
ENCODING 62566
SWIDTH 660 0
DWIDTH 11 0
BBX 11 8 0 2
BITMAP
0800
1800
E960
89C0
89C0
E960
1800
0800
ENDCHAR
STARTCHAR F467
ENCODING 62567
SWIDTH 660 0
DWIDTH 11 0
BBX 6 6 2 3
BITMAP
C4
68
30
38
4C
84
ENDCHAR
STARTCHAR F468
ENCODING 62568
SWIDTH 660 0
DWIDTH 11 0
BBX 11 10 0 1
BITMAP
3F00
6080
4140
8240
8420
8820
9040
6040
6080
1F00
ENDCHAR
STARTCHAR F469
ENCODING 62569
SWIDTH 660 0
DWIDTH 11 0
BBX 10 7 0 3
BITMAP
1800
1800
E4C0
0500
0500
0200
0200
ENDCHAR
STARTCHAR F46A
ENCODING 62570
SWIDTH 660 0
DWIDTH 11 0
BBX 11 10 0 1
BITMAP
BF00
E080
C040
2040
0060
8000
81E0
40E0
61E0
1F20
ENDCHAR
STARTCHAR F46B
ENCODING 62571
SWIDTH 660 0
DWIDTH 11 0
BBX 11 10 0 1
BITMAP
01C0
0640
0F20
31C0
6300
BC00
F400
4E00
1F00
1500
ENDCHAR
STARTCHAR F46C
ENCODING 62572
SWIDTH 660 0
DWIDTH 11 0
BBX 5 5 3 3
BITMAP
F8
18
28
48
88
ENDCHAR
STARTCHAR F46D
ENCODING 62573
SWIDTH 660 0
DWIDTH 11 0
BBX 11 12 0 0
BITMAP
0400
1E00
3100
60C0
C060
8060
9E60
9A60
9A60
9A60
FBE0
7180
ENDCHAR
STARTCHAR F46E
ENCODING 62574
SWIDTH 660 0
DWIDTH 11 0
BBX 11 10 0 1
BITMAP
3F00
6080
C440
8420
8420
8420
8420
C440
6080
3F00
ENDCHAR
STARTCHAR F46F
ENCODING 62575
SWIDTH 660 0
DWIDTH 11 0
BBX 10 10 0 1
BITMAP
1E00
1A00
1100
FFC0
2080
2080
E0C0
2080
F1C0
1E00
ENDCHAR
STARTCHAR F470
ENCODING 62576
SWIDTH 660 0
DWIDTH 11 0
BBX 10 3 0 8
BITMAP
E200
F6C0
F3C0
ENDCHAR
STARTCHAR F471
ENCODING 62577
SWIDTH 660 0
DWIDTH 11 0
BBX 11 10 0 1
BITMAP
1F80
11C0
1140
01E0
EC20
A420
A420
EE20
0020
1FC0
ENDCHAR
STARTCHAR F472
ENCODING 62578
SWIDTH 660 0
DWIDTH 11 0
BBX 11 12 0 0
BITMAP
3F80
C0C0
8060
C0E0
BFE0
8060
C060
FFE0
8E60
8060
E0C0
3F00
ENDCHAR
STARTCHAR F473
ENCODING 62579
SWIDTH 660 0
DWIDTH 11 0
BBX 11 9 0 2
BITMAP
7FC0
8020
A720
8020
FFE0
8020
A720
8020
FFE0
ENDCHAR
STARTCHAR F474
ENCODING 62580
SWIDTH 660 0
DWIDTH 11 0
BBX 11 10 0 1
BITMAP
FFE0
8060
8160
8360
8660
8C60
9860
9060
8060
FFC0
ENDCHAR
STARTCHAR F475
ENCODING 62581
SWIDTH 660 0
DWIDTH 11 0
BBX 11 6 0 3
BITMAP
FFC0
FFE0
DAE0
DBE0
FFE0
7FC0
ENDCHAR
STARTCHAR F476
ENCODING 62582
SWIDTH 660 0
DWIDTH 11 0
BBX 9 10 1 1
BITMAP
3E00
7E00
7F00
7F00
7F00
7F00
FF80
FF80
0000
1800
ENDCHAR
STARTCHAR F477
ENCODING 62583
SWIDTH 660 0
DWIDTH 11 0
BBX 11 10 0 1
BITMAP
0E00
3180
40C0
C040
BFC0
A1A0
BF20
8020
8E20
8000
ENDCHAR
STARTCHAR F478
ENCODING 62584
SWIDTH 660 0
DWIDTH 11 0
BBX 11 10 0 1
BITMAP
1F00
8100
6080
3080
2C80
2600
4100
7FC0
0060
0C00
ENDCHAR
STARTCHAR F479
ENCODING 62585
SWIDTH 660 0
DWIDTH 11 0
BBX 11 10 0 1
BITMAP
3F00
6080
C040
8020
9F20
8020
8020
C040
6080
3F00
ENDCHAR
STARTCHAR F47A
ENCODING 62586
SWIDTH 660 0
DWIDTH 11 0
BBX 6 8 2 2
BITMAP
FC
FC
FC
FC
FC
FC
EC
C4
ENDCHAR
STARTCHAR F47B
ENCODING 62587
SWIDTH 660 0
DWIDTH 11 0
BBX 7 4 2 4
BITMAP
10
28
44
82
ENDCHAR
STARTCHAR F47C
ENCODING 62588
SWIDTH 660 0
DWIDTH 11 0
BBX 7 4 2 4
BITMAP
86
4C
38
10
ENDCHAR
STARTCHAR F47D
ENCODING 62589
SWIDTH 660 0
DWIDTH 11 0
BBX 4 6 3 3
BITMAP
20
40
80
C0
60
30
ENDCHAR
STARTCHAR F47E
ENCODING 62590
SWIDTH 660 0
DWIDTH 11 0
BBX 4 2 3 5
BITMAP
60
F0
ENDCHAR
STARTCHAR F47F
ENCODING 62591
SWIDTH 660 0
DWIDTH 11 0
BBX 11 11 0 0
BITMAP
0200
E600
A780
E280
4080
4080
4080
4080
48C0
3D60
09C0
ENDCHAR
STARTCHAR F480
ENCODING 62592
SWIDTH 660 0
DWIDTH 11 0
BBX 10 6 0 3
BITMAP
6000
8040
8F40
9A40
9940
6200
ENDCHAR
STARTCHAR F481
ENCODING 62593
SWIDTH 660 0
DWIDTH 11 0
BBX 11 12 0 0
BITMAP
3F00
2380
22C0
2260
01E0
1060
1860
7860
D060
8060
8FE0
0FC0
ENDCHAR
STARTCHAR F482
ENCODING 62594
SWIDTH 660 0
DWIDTH 11 0
BBX 11 10 0 1
BITMAP
7000
8800
8FE0
0020
1020
7820
D020
8020
8020
1FC0
ENDCHAR
STARTCHAR F483
ENCODING 62595
SWIDTH 660 0
DWIDTH 11 0
BBX 11 10 0 1
BITMAP
23C0
6440
9420
AD40
4480
1280
E080
2080
2080
7F00
ENDCHAR
STARTCHAR F484
ENCODING 62596
SWIDTH 660 0
DWIDTH 11 0
BBX 11 10 0 1
BITMAP
3F00
6A80
5240
9140
FFE0
9120
9140
5240
6A80
1F00
ENDCHAR
STARTCHAR F485
ENCODING 62597
SWIDTH 660 0
DWIDTH 11 0
BBX 11 8 0 2
BITMAP
0880
1840
E940
88A0
88A0
E940
1840
0880
ENDCHAR
STARTCHAR F486
ENCODING 62598
SWIDTH 660 0
DWIDTH 11 0
BBX 11 10 0 1
BITMAP
3F00
6080
4C40
9340
9120
9120
9B40
4480
6000
1F00
ENDCHAR
STARTCHAR F487
ENCODING 62599
SWIDTH 660 0
DWIDTH 11 0
BBX 11 12 0 0
BITMAP
0C00
3B00
60C0
C0E0
B1E0
9E60
8460
8460
8460
65C0
1F00
0C00
ENDCHAR
STARTCHAR F488
ENCODING 62600
SWIDTH 660 0
DWIDTH 11 0
BBX 11 10 0 1
BITMAP
7FC0
A420
A420
FFE0
8020
8020
8020
8020
8020
7FC0
ENDCHAR
STARTCHAR F489
ENCODING 62601
SWIDTH 660 0
DWIDTH 11 0
BBX 11 10 0 1
BITMAP
7FC0
8020
8020
B020
9820
9020
A720
8020
8020
7FC0
ENDCHAR
STARTCHAR F48A
ENCODING 62602
SWIDTH 660 0
DWIDTH 11 0
BBX 11 6 0 3
BITMAP
FFE0
9260
8260
8A60
9AE0
FFE0
ENDCHAR
STARTCHAR F48B
ENCODING 62603
SWIDTH 660 0
DWIDTH 11 0
BBX 8 1 1 6
BITMAP
FF
ENDCHAR
STARTCHAR F48C
ENCODING 62604
SWIDTH 660 0
DWIDTH 11 0
BBX 10 12 0 0
BITMAP
0400
1F00
0E00
0400
0000
B540
8500
0000
0400
0E00
1400
0400
ENDCHAR
STARTCHAR F48D
ENCODING 62605
SWIDTH 660 0
DWIDTH 11 0
BBX 11 10 0 1
BITMAP
3F00
2080
4080
4040
8040
F1E0
9E20
8020
8020
7FC0
ENDCHAR
STARTCHAR F48E
ENCODING 62606
SWIDTH 660 0
DWIDTH 11 0
BBX 11 14 0 -1
BITMAP
1E00
1F00
1100
FFE0
0000
0000
40C0
40C0
4080
6080
6080
6080
3F80
3F00
ENDCHAR
STARTCHAR F48F
ENCODING 62607
SWIDTH 660 0
DWIDTH 11 0
BBX 11 10 0 1
BITMAP
00E0
0340
0640
0C80
1D00
7200
CC00
8800
8800
F000
ENDCHAR
STARTCHAR F490
ENCODING 62608
SWIDTH 660 0
DWIDTH 11 0
BBX 11 12 0 1
BITMAP
0E00
0A00
1A00
1100
0880
4840
F840
8060
8040
C040
60C0
3F00
ENDCHAR
STARTCHAR F491
ENCODING 62609
SWIDTH 660 0
DWIDTH 11 0
BBX 11 10 0 1
BITMAP
1E00
1200
FFC0
8020
8060
FFE0
8020
8020
8020
FFC0
ENDCHAR
STARTCHAR F492
ENCODING 62610
SWIDTH 660 0
DWIDTH 11 0
BBX 11 9 0 2
BITMAP
0100
0280
1CE0
1080
F080
9080
9CE0
8380
8000
ENDCHAR
STARTCHAR F493
ENCODING 62611
SWIDTH 660 0
DWIDTH 11 0
BBX 9 8 1 2
BITMAP
BE00
6E00
7600
7A00
7C00
7E00
7780
6200
ENDCHAR
STARTCHAR F494
ENCODING 62612
SWIDTH 660 0
DWIDTH 11 0
BBX 10 10 0 1
BITMAP
0400
1B00
E0C0
60C0
3F80
2480
7180
5E00
5000
6000
ENDCHAR
STARTCHAR F495
ENCODING 62613
SWIDTH 660 0
DWIDTH 11 0
BBX 11 10 0 1
BITMAP
0400
0E00
75C0
6480
65C0
9540
F5E0
0400
0400
1F00
ENDCHAR
STARTCHAR F496
ENCODING 62614
SWIDTH 660 0
DWIDTH 11 0
BBX 11 10 0 1
BITMAP
0E00
0900
0900
F9C0
A060
A020
A020
A040
A040
FFC0
ENDCHAR
STARTCHAR F497
ENCODING 62615
SWIDTH 660 0
DWIDTH 11 0
BBX 11 10 0 1
BITMAP
7FE0
80A0
80A0
80A0
80A0
81A0
73C0
1400
1400
1C00
ENDCHAR
STARTCHAR F498
ENCODING 62616
SWIDTH 660 0
DWIDTH 11 0
BBX 11 10 0 1
BITMAP
75C0
8420
8420
8E20
8420
8020
8020
7FC0
1200
1F00
ENDCHAR
STARTCHAR F499
ENCODING 62617
SWIDTH 660 0
DWIDTH 11 0
BBX 11 10 0 1
BITMAP
3F00
1300
1300
1300
3100
2080
7FC0
C040
8060
FFC0
ENDCHAR
STARTCHAR F49A
ENCODING 62618
SWIDTH 660 0
DWIDTH 11 0
BBX 9 10 1 1
BITMAP
3E00
6200
4100
4100
4100
4100
8180
FF80
0000
1800
ENDCHAR
STARTCHAR F49B
ENCODING 62619
SWIDTH 660 0
DWIDTH 11 0
BBX 11 12 0 0
BITMAP
1E00
6180
8040
C0C0
FF80
8040
8080
F880
81E0
80C0
7080
1C00
ENDCHAR
STARTCHAR F49C
ENCODING 62620
SWIDTH 660 0
DWIDTH 11 0
BBX 11 12 0 0
BITMAP
0E00
73C0
8060
8460
8460
8460
8040
C440
44C0
2180
1B00
0C00
ENDCHAR
STARTCHAR F49D
ENCODING 62621
SWIDTH 660 0
DWIDTH 11 0
BBX 11 12 0 0
BITMAP
FF00
FF80
C180
C180
C180
FF80
FFC0
C0C0
C0E0
C0C0
FFC0
FF80
ENDCHAR
STARTCHAR F49E
ENCODING 62622
SWIDTH 660 0
DWIDTH 11 0
BBX 11 10 0 1
BITMAP
3F00
6080
4040
8140
8220
9420
8840
4040
6080
1F00
ENDCHAR
STARTCHAR F49F
ENCODING 62623
SWIDTH 660 0
DWIDTH 11 0
BBX 11 10 0 1
BITMAP
0FE0
0200
0200
0600
0400
0C00
0800
1800
1800
FE00
ENDCHAR
STARTCHAR F4A0
ENCODING 62624
SWIDTH 660 0
DWIDTH 11 0
BBX 11 8 0 2
BITMAP
F3E0
9000
9000
F3C0
0000
1000
B000
63E0
ENDCHAR
STARTCHAR F4A1
ENCODING 62625
SWIDTH 660 0
DWIDTH 11 0
BBX 11 10 0 1
BITMAP
0E00
7180
4040
4140
8260
9C60
4840
4040
7180
0E00
ENDCHAR
STARTCHAR F4A2
ENCODING 62626
SWIDTH 660 0
DWIDTH 11 0
BBX 11 10 0 1
BITMAP
3F00
6080
4040
8040
9120
8020
9A40
4440
6080
1F00
ENDCHAR
STARTCHAR F4A3
ENCODING 62627
SWIDTH 660 0
DWIDTH 11 0
BBX 11 10 0 1
BITMAP
0E00
7180
4C40
4A40
8660
8460
4440
4440
7180
0E00
ENDCHAR
STARTCHAR F4A4
ENCODING 62628
SWIDTH 660 0
DWIDTH 11 0
BBX 11 10 0 1
BITMAP
3F00
7F80
7FC0
FEC0
FDE0
EBE0
F7C0
7FC0
7F80
1F00
ENDCHAR
STARTCHAR F4A5
ENCODING 62629
SWIDTH 660 0
DWIDTH 11 0
BBX 11 13 0 0
BITMAP
7E00
FF00
8280
8240
83E0
8060
8060
8060
8060
8060
8060
8060
FFE0
ENDCHAR
STARTCHAR F4A6
ENCODING 62630
SWIDTH 660 0
DWIDTH 11 0
BBX 9 16 1 -2
BITMAP
4100
E380
E380
0000
0000
0000
4100
E380
E380
0000
0000
0000
0100
E380
E380
4100
ENDCHAR
STARTCHAR F4A7
ENCODING 62631
SWIDTH 660 0
DWIDTH 11 0
BBX 11 10 0 1
BITMAP
FFE0
8060
8060
8160
8260
B460
9860
8060
8060
FFC0
ENDCHAR
STARTCHAR F4A8
ENCODING 62632
SWIDTH 660 0
DWIDTH 11 0
BBX 11 9 0 1
BITMAP
1000
3000
6000
FE00
FF80
6040
3060
1060
0060
ENDCHAR
STARTCHAR F4A9
ENCODING 62633
SWIDTH 660 0
DWIDTH 11 0
BBX 11 10 0 1
BITMAP
FFC0
8020
8020
8020
8020
8020
FFE0
0A00
1200
1F00
ENDCHAR
STARTCHAR F4AA
ENCODING 62634
SWIDTH 660 0
DWIDTH 11 0
BBX 11 10 0 1
BITMAP
3F00
6080
4040
8040
8020
8020
8040
4040
6080
1F00
ENDCHAR
STARTCHAR F4AB
ENCODING 62635
SWIDTH 660 0
DWIDTH 11 0
BBX 11 10 0 1
BITMAP
3F00
7F80
7BC0
FBC0
FBE0
F9E0
FFC0
7FC0
7F80
1F00
ENDCHAR
STARTCHAR F4AC
ENCODING 62636
SWIDTH 660 0
DWIDTH 11 0
BBX 11 8 0 2
BITMAP
1E00
2300
4180
4040
C020
8020
8040
7F80
ENDCHAR
STARTCHAR F4AD
ENCODING 62637
SWIDTH 660 0
DWIDTH 11 0
BBX 11 10 0 1
BITMAP
8800
5600
2100
50C0
4840
8420
8240
FF00
0080
0040
ENDCHAR
STARTCHAR F4AE
ENCODING 62638
SWIDTH 660 0
DWIDTH 11 0
BBX 11 10 0 1
BITMAP
3B80
4C40
8860
9320
9CC0
4340
6580
3700
1A00
0400
ENDCHAR
STARTCHAR F4AF
ENCODING 62639
SWIDTH 660 0
DWIDTH 11 0
BBX 11 10 0 1
BITMAP
FFC0
8020
8A20
9120
9120
8A20
8020
EFC0
3800
3000
ENDCHAR
STARTCHAR F4B0
ENCODING 62640
SWIDTH 660 0
DWIDTH 11 0
BBX 11 10 0 1
BITMAP
FFE0
8020
8020
8A20
9120
9120
8A20
8020
8020
FFE0
ENDCHAR
STARTCHAR F4B1
ENCODING 62641
SWIDTH 660 0
DWIDTH 11 0
BBX 11 10 0 1
BITMAP
3F00
6180
C080
9240
A140
9240
C0C0
4080
33C0
0C60
ENDCHAR
STARTCHAR F4B2
ENCODING 62642
SWIDTH 660 0
DWIDTH 11 0
BBX 11 10 0 1
BITMAP
3F00
6180
C080
8240
9440
9840
C0C0
4080
33C0
0C60
ENDCHAR
STARTCHAR F4B3
ENCODING 62643
SWIDTH 660 0
DWIDTH 11 0
BBX 11 10 0 1
BITMAP
7F80
4080
4080
4080
7F80
0000
FFC0
8020
A720
FFE0
ENDCHAR
STARTCHAR F4B4
ENCODING 62644
SWIDTH 660 0
DWIDTH 11 0
BBX 11 12 0 0
BITMAP
F3C0
9A60
9A60
9A60
9A60
9A60
9A60
9A60
9A60
9A60
9A60
F3C0
ENDCHAR
STARTCHAR F4B5
ENCODING 62645
SWIDTH 660 0
DWIDTH 11 0
BBX 10 10 0 1
BITMAP
8000
C000
6000
3000
1800
1800
3000
6000
C7C0
8000
ENDCHAR
STARTCHAR F4B6
ENCODING 62646
SWIDTH 660 0
DWIDTH 11 0
BBX 10 6 0 3
BITMAP
0C00
1300
2100
E1C0
1200
0C00
ENDCHAR
STARTCHAR F4B7
ENCODING 62647
SWIDTH 660 0
DWIDTH 11 0
BBX 11 10 0 1
BITMAP
0700
18C0
6060
C1A0
E6A0
9EA0
8AC0
8B80
6A00
1C00
ENDCHAR
STARTCHAR F4B8
ENCODING 62648
SWIDTH 660 0
DWIDTH 11 0
BBX 11 10 0 1
BITMAP
3B00
6C80
4440
4C40
7BC0
C040
CA60
C240
7380
0C00
ENDCHAR
STARTCHAR F4B9
ENCODING 62649
SWIDTH 660 0
DWIDTH 11 0
BBX 11 10 0 1
BITMAP
3B00
AC80
C440
6440
7BC0
CC40
C260
C180
73C0
0C00
ENDCHAR
STARTCHAR F4BA
ENCODING 62650
SWIDTH 660 0
DWIDTH 11 0
BBX 11 10 0 1
BITMAP
3F80
4440
4440
4800
7380
C6C0
C6E0
C7E0
36C0
0380
ENDCHAR
STARTCHAR F4BB
ENCODING 62651
SWIDTH 660 0
DWIDTH 11 0
BBX 11 10 0 1
BITMAP
1FE0
1020
1020
F020
9020
9020
8FC0
8000
8200
FE00
ENDCHAR
STARTCHAR F4BC
ENCODING 62652
SWIDTH 660 0
DWIDTH 11 0
BBX 11 10 0 1
BITMAP
1200
3F80
4080
DEE0
5280
5280
DEE0
4080
3F80
1200
ENDCHAR
STARTCHAR F4BD
ENCODING 62653
SWIDTH 660 0
DWIDTH 11 0
BBX 11 10 0 1
BITMAP
78E0
80E0
8120
8200
8000
8040
8040
E7C0
2800
3000
ENDCHAR
STARTCHAR F4BE
ENCODING 62654
SWIDTH 660 0
DWIDTH 11 0
BBX 10 10 0 1
BITMAP
0C00
0400
3F80
40C0
4040
D240
5240
4040
4040
3F80
ENDCHAR
STARTCHAR F4BF
ENCODING 62655
SWIDTH 660 0
DWIDTH 11 0
BBX 11 10 0 1
BITMAP
0E00
1300
2180
40C0
8060
8040
40C0
2180
1300
0E00
ENDCHAR
STARTCHAR F4C0
ENCODING 62656
SWIDTH 660 0
DWIDTH 11 0
BBX 11 10 0 1
BITMAP
7E00
8100
8560
A920
9120
CF20
5020
62C0
0180
0080
ENDCHAR
STARTCHAR F4C1
ENCODING 62657
SWIDTH 660 0
DWIDTH 11 0
BBX 11 10 0 1
BITMAP
7E00
8100
8960
9120
8120
CF20
5020
62C0
0180
0080
ENDCHAR
STARTCHAR F4C2
ENCODING 62658
SWIDTH 660 0
DWIDTH 11 0
BBX 11 10 0 1
BITMAP
7E00
8100
9160
9920
8120
CF20
5020
62C0
0180
0080
ENDCHAR
STARTCHAR F4C3
ENCODING 62659
SWIDTH 660 0
DWIDTH 11 0
BBX 5 6 3 3
BITMAP
60
98
88
88
D0
20
ENDCHAR
STARTCHAR F4C4
ENCODING 62660
SWIDTH 660 0
DWIDTH 11 0
BBX 11 10 0 1
BITMAP
1FE0
1020
1220
F7A0
9220
9020
8FC0
8000
8200
FE00
ENDCHAR
STARTCHAR F4C5
ENCODING 62661
SWIDTH 660 0
DWIDTH 11 0
BBX 11 8 0 2
BITMAP
8E00
6180
70C0
8C40
CE40
4100
31C0
1E60
ENDCHAR
STARTCHAR F4C6
ENCODING 62662
SWIDTH 660 0
DWIDTH 11 0
BBX 11 10 0 1
BITMAP
3F00
7F80
60C0
E0C0
E0E0
E0E0
E0C0
77C0
7F80
1F00
ENDCHAR
STARTCHAR F4C7
ENCODING 62663
SWIDTH 660 0
DWIDTH 11 0
BBX 11 10 0 1
BITMAP
3F00
7F80
64C0
E4C0
EFE0
F1E0
FBC0
73C0
7B80
1F00
ENDCHAR
STARTCHAR F4C8
ENCODING 62664
SWIDTH 660 0
DWIDTH 11 0
BBX 11 10 0 1
BITMAP
3F00
7F80
7FC0
C0C0
C0E0
E0E0
F1C0
7BC0
7F80
1F00
ENDCHAR
STARTCHAR F4C9
ENCODING 62665
SWIDTH 660 0
DWIDTH 11 0
BBX 11 10 0 1
BITMAP
3F00
7F80
67C0
E7C0
F6E0
F060
E7C0
67C0
7F80
1F00
ENDCHAR
STARTCHAR F4CA
ENCODING 62666
SWIDTH 660 0
DWIDTH 11 0
BBX 11 10 0 1
BITMAP
3F00
7F80
71C0
F1C0
F3E0
E1E0
E0C0
60C0
7F80
1F00
ENDCHAR
STARTCHAR F4CB
ENCODING 62667
SWIDTH 660 0
DWIDTH 11 0
BBX 11 10 0 1
BITMAP
3F00
7F80
60C0
E0C0
E0E0
E0E0
FEC0
72C0
7380
1F00
ENDCHAR
STARTCHAR F4CC
ENCODING 62668
SWIDTH 660 0
DWIDTH 11 0
BBX 11 10 0 1
BITMAP
3F00
7F80
7CC0
F8C0
E1E0
F1E0
E9C0
7BC0
7F80
1F00
ENDCHAR
STARTCHAR F4CD
ENCODING 62669
SWIDTH 660 0
DWIDTH 11 0
BBX 11 10 0 1
BITMAP
3F00
7F80
7BC0
F1C0
E0E0
F1E0
E1C0
6FC0
7F80
1F00
ENDCHAR
STARTCHAR F4CE
ENCODING 62670
SWIDTH 660 0
DWIDTH 11 0
BBX 11 10 0 1
BITMAP
3F00
7F80
63C0
E1C0
E0E0
E060
F0C0
79C0
7F80
1F00
ENDCHAR
STARTCHAR F4CF
ENCODING 62671
SWIDTH 660 0
DWIDTH 11 0
BBX 11 10 0 1
BITMAP
3F00
7F80
40C0
E140
C0E0
F1E0
FBC0
73C0
7F80
1F00
ENDCHAR
STARTCHAR F4D0
ENCODING 62672
SWIDTH 660 0
DWIDTH 11 0
BBX 11 13 0 0
BITMAP
7E00
FF00
8080
8040
8060
8C60
8C60
9E60
8C60
8060
8060
8060
FFE0
ENDCHAR
STARTCHAR F4D1
ENCODING 62673
SWIDTH 660 0
DWIDTH 11 0
BBX 11 12 0 0
BITMAP
7F00
8100
8180
82C0
8460
8420
8640
83C0
8240
8240
F7C0
0040
ENDCHAR
STARTCHAR F4D2
ENCODING 62674
SWIDTH 660 0
DWIDTH 11 0
BBX 11 12 0 0
BITMAP
FF00
8080
8440
8460
9F60
8460
8460
8060
9F60
8060
8060
FFC0
ENDCHAR
STARTCHAR F4D3
ENCODING 62675
SWIDTH 660 0
DWIDTH 11 0
BBX 11 10 0 1
BITMAP
7000
F800
FFE0
FFE0
FFE0
FFE0
FFE0
FFE0
FFE0
7FC0
ENDCHAR
STARTCHAR F4D4
ENCODING 62676
SWIDTH 660 0
DWIDTH 11 0
BBX 11 10 0 1
BITMAP
F000
F800
FF80
C000
FFE0
FFC0
FFC0
FFC0
FFC0
7FC0
ENDCHAR
STARTCHAR F4D5
ENCODING 62677
SWIDTH 660 0
DWIDTH 11 0
BBX 11 12 0 0
BITMAP
3F00
4080
4040
4020
4020
4020
0020
0820
FC20
0C20
0860
01C0
ENDCHAR
STARTCHAR F4D6
ENCODING 62678
SWIDTH 660 0
DWIDTH 11 0
BBX 11 13 0 0
BITMAP
7E00
FF00
8080
8040
8060
8060
8060
9E60
8060
8060
8060
8060
FFE0
ENDCHAR
STARTCHAR F4D7
ENCODING 62679
SWIDTH 660 0
DWIDTH 11 0
BBX 11 6 0 3
BITMAP
FFE0
0000
3F00
0000
0000
0E00
ENDCHAR
STARTCHAR F4D8
ENCODING 62680
SWIDTH 660 0
DWIDTH 11 0
BBX 11 10 0 1
BITMAP
FFC0
8020
9FA0
B0A0
92A0
B0A0
90A0
9FA0
FFE0
4080
ENDCHAR
STARTCHAR F4D9
ENCODING 62681
SWIDTH 660 0
DWIDTH 11 0
BBX 11 8 0 2
BITMAP
F560
0000
0000
0400
0400
1F00
0E00
0400
ENDCHAR
STARTCHAR F4DA
ENCODING 62682
SWIDTH 660 0
DWIDTH 11 0
BBX 11 8 0 2
BITMAP
0400
0E00
1400
0400
0400
0000
0000
F560
ENDCHAR
STARTCHAR F4DB
ENCODING 62683
SWIDTH 660 0
DWIDTH 11 0
BBX 11 10 0 1
BITMAP
6000
4000
0C00
0DC0
4160
41C0
4080
E000
B000
E000
ENDCHAR
STARTCHAR F4DC
ENCODING 62684
SWIDTH 660 0
DWIDTH 11 0
BBX 11 10 0 1
BITMAP
E1E0
A0C0
E1E0
4000
4080
4080
4080
E0C0
A160
E1C0
ENDCHAR
STARTCHAR F4DD
ENCODING 62685
SWIDTH 660 0
DWIDTH 11 0
BBX 11 10 0 1
BITMAP
E080
A0C0
E000
4000
40C0
4000
4000
E0C0
A160
E1C0
ENDCHAR
STARTCHAR F4DE
ENCODING 62686
SWIDTH 660 0
DWIDTH 11 0
BBX 11 10 0 1
BITMAP
3E80
60E0
5DC0
B240
AD60
AD60
9140
5E40
6080
1F00
ENDCHAR
STARTCHAR F4DF
ENCODING 62687
SWIDTH 660 0
DWIDTH 11 0
BBX 10 10 0 1
BITMAP
1880
1100
7FC0
1100
1100
1100
FFC0
FFC0
2200
2200
ENDCHAR
STARTCHAR F4E0
ENCODING 62688
SWIDTH 660 0
DWIDTH 11 0
BBX 11 12 0 0
BITMAP
C060
C060
C060
C060
C060
FFE0
C060
C060
C060
C060
C060
C060
ENDCHAR
STARTCHAR F4E1
ENCODING 62689
SWIDTH 660 0
DWIDTH 11 0
BBX 11 10 0 1
BITMAP
3180
7FC0
FFE0
FFE0
FFC0
7FC0
7F80
3F00
1E00
0400
ENDCHAR
STARTCHAR F4E2
ENCODING 62690
SWIDTH 660 0
DWIDTH 11 0
BBX 11 11 0 1
BITMAP
0400
0E00
3F00
7F80
FFC0
FFE0
FFE0
F3E0
F3E0
F3E0
F3E0
ENDCHAR
STARTCHAR F4E3
ENCODING 62691
SWIDTH 660 0
DWIDTH 11 0
BBX 11 12 0 0
BITMAP
FFE0
6080
6080
2080
3180
1B00
1B00
3180
6080
6080
6080
FFE0
ENDCHAR
STARTCHAR F4E4
ENCODING 62692
SWIDTH 660 0
DWIDTH 11 0
BBX 11 10 0 1
BITMAP
0E00
0A00
FBC0
8E20
8020
B720
B620
8020
8020
FFC0
ENDCHAR
STARTCHAR F4E5
ENCODING 62693
SWIDTH 660 0
DWIDTH 11 0
BBX 11 10 0 1
BITMAP
7FC0
8020
9020
A820
B220
85A0
88E0
9060
A020
7FC0
ENDCHAR
STARTCHAR F4E6
ENCODING 62694
SWIDTH 660 0
DWIDTH 11 0
BBX 11 4 0 4
BITMAP
73C0
8E20
8E60
73C0
ENDCHAR
STARTCHAR F4E7
ENCODING 62695
SWIDTH 660 0
DWIDTH 11 0
BBX 11 10 0 1
BITMAP
0C00
6080
4000
0000
8020
8020
0000
4040
6080
0E00
ENDCHAR
STARTCHAR F4E8
ENCODING 62696
SWIDTH 660 0
DWIDTH 11 0
BBX 11 10 0 1
BITMAP
3F00
6080
4040
8040
8C20
8C00
8100
43E0
6300
1D00
ENDCHAR
STARTCHAR F4E9
ENCODING 62697
SWIDTH 660 0
DWIDTH 11 0
BBX 11 10 0 1
BITMAP
3F00
6080
4040
8040
8C20
8C00
8000
41C0
6000
1CC0
ENDCHAR
STARTCHAR F4EA
ENCODING 62698
SWIDTH 660 0
DWIDTH 11 0
BBX 10 11 0 0
BITMAP
0800
3F00
4100
8080
8080
8080
8000
4080
30C0
1FC0
0080
ENDCHAR
STARTCHAR F4EB
ENCODING 62699
SWIDTH 660 0
DWIDTH 11 0
BBX 10 2 0 5
BITMAP
CC40
CC40
ENDCHAR
STARTCHAR F4EC
ENCODING 62700
SWIDTH 660 0
DWIDTH 11 0
BBX 11 10 0 1
BITMAP
FFC0
8020
8420
9520
8E20
9E20
9420
8420
8020
FFC0
ENDCHAR
STARTCHAR F4ED
ENCODING 62701
SWIDTH 660 0
DWIDTH 11 0
BBX 11 10 0 1
BITMAP
FFC0
8120
FF40
2040
2080
4E80
C100
BD40
8120
FFC0
ENDCHAR
STARTCHAR F4EE
ENCODING 62702
SWIDTH 660 0
DWIDTH 11 0
BBX 11 10 0 1
BITMAP
0380
0180
0340
0240
0260
0460
F840
C0C0
6180
3F00
ENDCHAR
STARTCHAR F4EF
ENCODING 62703
SWIDTH 660 0
DWIDTH 11 0
BBX 7 10 2 1
BITMAP
10
10
10
90
D4
78
30
00
00
FE
ENDCHAR
STARTCHAR F4F0
ENCODING 62704
SWIDTH 660 0
DWIDTH 11 0
BBX 10 8 0 2
BITMAP
0040
0840
0440
0240
FE40
0440
0840
0040
ENDCHAR
STARTCHAR F4F1
ENCODING 62705
SWIDTH 660 0
DWIDTH 11 0
BBX 10 7 0 3
BITMAP
C600
CC00
D800
DFC0
CC00
C600
8200
ENDCHAR
STARTCHAR F4F2
ENCODING 62706
SWIDTH 660 0
DWIDTH 11 0
BBX 7 10 2 1
BITMAP
30
78
D4
92
10
10
10
00
00
FE
ENDCHAR
STARTCHAR F4F3
ENCODING 62707
SWIDTH 660 0
DWIDTH 11 0
BBX 10 8 0 2
BITMAP
FCC0
0080
0000
8000
9F80
0000
0000
9F80
ENDCHAR
STARTCHAR F4F4
ENCODING 62708
SWIDTH 660 0
DWIDTH 11 0
BBX 11 10 0 1
BITMAP
3F00
6080
4040
8040
9F20
8020
8040
4040
6080
1F00
ENDCHAR
STARTCHAR F4F5
ENCODING 62709
SWIDTH 660 0
DWIDTH 11 0
BBX 10 10 0 1
BITMAP
0400
0400
3500
1E00
FFC0
0E00
1700
2500
0400
0400
ENDCHAR
STARTCHAR F4F6
ENCODING 62710
SWIDTH 660 0
DWIDTH 11 0
BBX 11 8 0 2
BITMAP
FFC0
8020
BF20
8020
BC20
8020
8020
FFC0
ENDCHAR
STARTCHAR F4F7
ENCODING 62711
SWIDTH 660 0
DWIDTH 11 0
BBX 11 14 0 -1
BITMAP
6000
E000
6000
63C0
63C0
F180
0180
00C0
7060
D3C0
1180
7000
C000
F000
ENDCHAR
STARTCHAR F4F8
ENCODING 62712
SWIDTH 660 0
DWIDTH 11 0
BBX 10 10 0 1
BITMAP
1C00
6300
C080
E380
9C80
8800
8880
C900
39C0
1880
ENDCHAR
STARTCHAR F4F9
ENCODING 62713
SWIDTH 660 0
DWIDTH 11 0
BBX 10 10 0 1
BITMAP
1C00
6300
C080
E380
9C80
8800
8880
C840
39C0
1880
ENDCHAR
STARTCHAR F4FA
ENCODING 62714
SWIDTH 660 0
DWIDTH 11 0
BBX 10 9 0 1
BITMAP
8000
F000
8C00
8300
78C0
40C0
8300
9C00
E000
ENDCHAR
STARTCHAR F4FB
ENCODING 62715
SWIDTH 660 0
DWIDTH 11 0
BBX 10 12 0 0
BITMAP
0380
06C0
0C40
1B40
3680
6D00
DA40
B480
A900
D200
7C00
3800
ENDCHAR
STARTCHAR F4FC
ENCODING 62716
SWIDTH 660 0
DWIDTH 11 0
BBX 11 9 0 2
BITMAP
0800
3C00
3E00
3FC0
3D60
3DC0
7EC0
FEC0
FEC0
ENDCHAR
STARTCHAR F4FD
ENCODING 62717
SWIDTH 660 0
DWIDTH 11 0
BBX 10 8 0 2
BITMAP
1800
2C00
4580
6480
3C80
46C0
8240
8200
ENDCHAR
STARTCHAR F4FE
ENCODING 62718
SWIDTH 660 0
DWIDTH 11 0
BBX 10 10 0 1
BITMAP
0080
0080
39C0
6480
4400
2C00
7C00
C200
8200
8000
ENDCHAR
STARTCHAR F4FF
ENCODING 62719
SWIDTH 660 0
DWIDTH 11 0
BBX 11 12 0 0
BITMAP
0E00
1F00
3F00
3F80
3F00
1F00
1F00
3F80
7FC0
FFC0
FFE0
FFC0
ENDCHAR
STARTCHAR F500
ENCODING 62720
SWIDTH 660 0
DWIDTH 11 0
BBX 11 10 0 1
BITMAP
3F00
6080
4040
8840
8E20
8C20
8840
4040
6080
1F00
ENDCHAR
STARTCHAR F501
ENCODING 62721
SWIDTH 660 0
DWIDTH 11 0
BBX 11 10 0 1
BITMAP
3F00
6080
4440
8440
9F20
8420
8440
4440
6080
1F00
ENDCHAR
STARTCHAR F502
ENCODING 62722
SWIDTH 660 0
DWIDTH 11 0
BBX 11 10 0 1
BITMAP
FFE0
8020
A520
A520
A520
A120
8120
8120
8020
FFE0
ENDCHAR
STARTCHAR F503
ENCODING 62723
SWIDTH 660 0
DWIDTH 11 0
BBX 11 10 0 1
BITMAP
FFE0
8020
9F20
8020
9E20
8020
8F20
8020
8020
FFE0
ENDCHAR
STARTCHAR F504
ENCODING 62724
SWIDTH 660 0
DWIDTH 11 0
BBX 11 10 0 1
BITMAP
FFE0
9020
9020
FFE0
8020
9020
7820
D020
8020
9FE0
ENDCHAR
STARTCHAR F505
ENCODING 62725
SWIDTH 660 0
DWIDTH 11 0
BBX 11 10 0 1
BITMAP
EEE0
9020
1000
AD80
9020
9020
1000
1000
9020
EEE0
ENDCHAR
STARTCHAR F506
ENCODING 62726
SWIDTH 660 0
DWIDTH 11 0
BBX 11 10 0 1
BITMAP
0060
0040
00C0
0080
0180
0100
0100
E300
E200
0600
ENDCHAR
STARTCHAR F507
ENCODING 62727
SWIDTH 660 0
DWIDTH 11 0
BBX 10 11 0 0
BITMAP
7F00
8100
8100
8100
8100
8100
8000
FE00
8140
FC80
0140
ENDCHAR
STARTCHAR F508
ENCODING 62728
SWIDTH 660 0
DWIDTH 11 0
BBX 11 12 0 0
BITMAP
7F00
8180
8180
8100
8000
83C0
8240
F3C0
87E0
F7E0
07E0
03C0
ENDCHAR
STARTCHAR F509
ENCODING 62729
SWIDTH 660 0
DWIDTH 11 0
BBX 11 14 0 -1
BITMAP
6EE0
C060
8000
0000
8060
8060
0000
8060
EEE0
8060
8060
DDE0
1C00
0400
ENDCHAR
STARTCHAR F50A
ENCODING 62730
SWIDTH 660 0
DWIDTH 11 0
BBX 11 10 0 1
BITMAP
FFE0
8020
8420
8420
8020
8420
8020
E7E0
2800
3000
ENDCHAR
STARTCHAR F50B
ENCODING 62731
SWIDTH 660 0
DWIDTH 11 0
BBX 11 10 0 1
BITMAP
7FC0
8020
8020
FFE0
0000
0000
FFE0
8020
8020
7FC0
ENDCHAR
STARTCHAR F50C
ENCODING 62732
SWIDTH 660 0
DWIDTH 11 0
BBX 11 10 0 1
BITMAP
F1E0
8060
8060
0000
0000
0000
8000
8060
8060
F1C0
ENDCHAR
STARTCHAR F50D
ENCODING 62733
SWIDTH 660 0
DWIDTH 11 0
BBX 10 10 0 1
BITMAP
1100
1100
F1C0
0000
0000
0000
E0C0
F1C0
1100
1100
ENDCHAR
STARTCHAR F50E
ENCODING 62734
SWIDTH 660 0
DWIDTH 11 0
BBX 11 14 0 -1
BITMAP
0400
0E00
1F00
0400
0400
E4C0
8460
8460
8460
8060
8060
8060
FFE0
7F80
ENDCHAR
STARTCHAR F50F
ENCODING 62735
SWIDTH 660 0
DWIDTH 11 0
BBX 11 12 0 0
BITMAP
0080
0140
0220
07C0
7C00
9000
9000
7C80
0340
0220
0140
0080
ENDCHAR
STARTCHAR F510
ENCODING 62736
SWIDTH 660 0
DWIDTH 11 0
BBX 11 12 0 0
BITMAP
0E00
73C0
8060
8060
8360
9660
9C40
C840
40C0
2180
1B00
0C00
ENDCHAR
STARTCHAR F511
ENCODING 62737
SWIDTH 660 0
DWIDTH 11 0
BBX 11 12 0 0
BITMAP
0E00
73C0
8060
8060
8C60
8C60
8440
C440
40C0
2180
1B00
0C00
ENDCHAR
STARTCHAR F512
ENCODING 62738
SWIDTH 660 0
DWIDTH 11 0
BBX 10 10 0 1
BITMAP
9F00
40C0
7040
5840
4440
4300
4180
20C0
3100
0E00
ENDCHAR
STARTCHAR F513
ENCODING 62739
SWIDTH 660 0
DWIDTH 11 0
BBX 11 12 0 0
BITMAP
0E00
73C0
8060
8060
9A60
8C60
8E40
C240
40C0
2180
1B00
0C00
ENDCHAR
STARTCHAR F514
ENCODING 62740
SWIDTH 660 0
DWIDTH 11 0
BBX 11 10 0 1
BITMAP
FFE0
8220
8220
8220
9220
9220
8220
8220
8220
FFE0
ENDCHAR
STARTCHAR F515
ENCODING 62741
SWIDTH 660 0
DWIDTH 11 0
BBX 11 10 0 1
BITMAP
FFE0
8220
8220
8A20
9A20
9A20
8A20
8220
8220
FFE0
ENDCHAR
STARTCHAR F516
ENCODING 62742
SWIDTH 660 0
DWIDTH 11 0
BBX 11 10 0 1
BITMAP
FFE0
8060
8060
8060
9E60
8C60
8460
8060
8060
FFC0
ENDCHAR
STARTCHAR F517
ENCODING 62743
SWIDTH 660 0
DWIDTH 11 0
BBX 11 10 0 1
BITMAP
3F00
6080
4040
8240
8420
8820
9040
4040
6080
1F00
ENDCHAR
STARTCHAR F518
ENCODING 62744
SWIDTH 660 0
DWIDTH 11 0
BBX 11 10 0 1
BITMAP
3F00
7F80
7FC0
FCC0
F9E0
F3E0
E7C0
7FC0
7F80
1F00
ENDCHAR
STARTCHAR F519
ENCODING 62745
SWIDTH 660 0
DWIDTH 11 0
BBX 11 8 0 2
BITMAP
0080
E1C0
03E0
0080
F080
0080
FC80
0080
ENDCHAR
STARTCHAR F51A
ENCODING 62746
SWIDTH 660 0
DWIDTH 11 0
BBX 10 7 0 3
BITMAP
0080
FC80
0080
F080
0080
03C0
E180
ENDCHAR
STARTCHAR F51B
ENCODING 62747
SWIDTH 660 0
DWIDTH 11 0
BBX 10 10 0 1
BITMAP
0400
0C00
0E00
1F00
FFC0
7FC0
1F00
0E00
0C00
0400
ENDCHAR
STARTCHAR F51C
ENCODING 62748
SWIDTH 660 0
DWIDTH 11 0
BBX 11 14 0 -1
BITMAP
7BC0
CE40
C460
C060
C040
60C0
3180
1B00
1F00
1300
1100
3100
3F00
3B80
ENDCHAR
STARTCHAR F51D
ENCODING 62749
SWIDTH 660 0
DWIDTH 11 0
BBX 5 6 3 3
BITMAP
F0
88
88
88
88
F0
ENDCHAR
STARTCHAR F51E
ENCODING 62750
SWIDTH 660 0
DWIDTH 11 0
BBX 10 12 0 0
BITMAP
1E00
3380
C0C0
C0C0
7180
1E00
C0C0
3380
9E00
E0C0
3380
0E00
ENDCHAR
STARTCHAR F51F
ENCODING 62751
SWIDTH 660 0
DWIDTH 11 0
BBX 10 10 0 1
BITMAP
0400
0C00
0E00
FFC0
FFC0
7F80
3F00
3F00
3F80
2180
ENDCHAR
STARTCHAR F520
ENCODING 62752
SWIDTH 660 0
DWIDTH 11 0
BBX 11 12 0 0
BITMAP
0E00
0400
FF40
60C0
4040
8340
8E60
8C60
8040
4040
6180
1F00
ENDCHAR
STARTCHAR F521
ENCODING 62753
SWIDTH 660 0
DWIDTH 11 0
BBX 10 10 0 1
BITMAP
0C00
3300
2000
0000
FFC0
0700
0100
0100
3F00
0C00
ENDCHAR
STARTCHAR F522
ENCODING 62754
SWIDTH 660 0
DWIDTH 11 0
BBX 10 10 0 1
BITMAP
0400
6480
2C00
1300
D140
1100
1A00
2480
4480
0400
ENDCHAR
STARTCHAR F523
ENCODING 62755
SWIDTH 660 0
DWIDTH 11 0
BBX 11 8 0 2
BITMAP
0420
0220
0120
00A0
FFA0
0320
0620
0020
ENDCHAR
STARTCHAR F524
ENCODING 62756
SWIDTH 660 0
DWIDTH 11 0
BBX 11 8 0 2
BITMAP
7F80
4040
4E40
4640
4640
4840
4040
C060
ENDCHAR
STARTCHAR F525
ENCODING 62757
SWIDTH 660 0
DWIDTH 11 0
BBX 11 10 0 1
BITMAP
FFE0
9020
9020
FFE0
9020
9020
9020
9020
9020
FFE0
ENDCHAR
STARTCHAR F526
ENCODING 62758
SWIDTH 660 0
DWIDTH 11 0
BBX 11 10 0 1
BITMAP
01C0
07C0
0EE0
1EC0
7F00
CC00
F400
0E00
1F00
1500
ENDCHAR
STARTCHAR F527
ENCODING 62759
SWIDTH 660 0
DWIDTH 11 0
BBX 11 10 0 1
BITMAP
7FC0
A0A0
A0C0
60C0
2100
1B00
0E00
0A00
1100
7F80
ENDCHAR
STARTCHAR F528
ENCODING 62760
SWIDTH 660 0
DWIDTH 11 0
BBX 11 8 0 2
BITMAP
3000
3000
31C0
4820
49E0
7A20
8760
85E0
ENDCHAR
STARTCHAR F529
ENCODING 62761
SWIDTH 660 0
DWIDTH 11 0
BBX 11 10 0 1
BITMAP
0380
64C0
3040
1CC0
2600
4300
8CC0
8060
D800
7000
ENDCHAR
STARTCHAR F52A
ENCODING 62762
SWIDTH 660 0
DWIDTH 11 0
BBX 11 14 0 -1
BITMAP
0C00
1F00
3100
2000
2000
2000
FFE0
8060
8060
8060
8060
8060
FFE0
7FC0
ENDCHAR
STARTCHAR F52B
ENCODING 62763
SWIDTH 660 0
DWIDTH 11 0
BBX 11 8 0 2
BITMAP
FEC0
80E0
E040
9B20
8C20
8020
8020
FFC0
ENDCHAR
STARTCHAR F52C
ENCODING 62764
SWIDTH 660 0
DWIDTH 11 0
BBX 11 8 0 2
BITMAP
FFC0
8020
8820
8E20
8C20
8820
8020
FFC0
ENDCHAR
STARTCHAR F52D
ENCODING 62765
SWIDTH 660 0
DWIDTH 11 0
BBX 11 10 0 1
BITMAP
0E00
1200
1500
1400
0A00
53C0
B040
AFA0
8840
7180
ENDCHAR
STARTCHAR F52E
ENCODING 62766
SWIDTH 660 0
DWIDTH 11 0
BBX 11 10 0 1
BITMAP
F800
8800
8800
F800
2000
2000
23E0
2220
1E20
03E0
ENDCHAR
STARTCHAR F52F
ENCODING 62767
SWIDTH 660 0
DWIDTH 11 0
BBX 11 10 0 1
BITMAP
3F00
6080
4040
9A40
8C20
8E20
9240
4040
6080
1F00
ENDCHAR
STARTCHAR F530
ENCODING 62768
SWIDTH 660 0
DWIDTH 11 0
BBX 11 10 0 1
BITMAP
3F00
7F80
7FC0
E5C0
F3E0
F1E0
EDC0
7FC0
7F80
1F00
ENDCHAR
STARTCHAR F531
ENCODING 62769
SWIDTH 660 0
DWIDTH 11 0
BBX 11 10 0 1
BITMAP
3F00
6180
C880
8840
9E40
8840
88C0
4080
33C0
0C60
ENDCHAR
STARTCHAR F532
ENCODING 62770
SWIDTH 660 0
DWIDTH 11 0
BBX 11 10 0 1
BITMAP
3F00
6180
C080
8040
9E40
8040
80C0
4080
33C0
0C60
ENDCHAR
STARTCHAR F533
ENCODING 62771
SWIDTH 660 0
DWIDTH 11 0
BBX 11 10 0 1
BITMAP
8F00
4080
3080
3880
2400
2300
2480
2EE0
3180
2000
ENDCHAR
ENDFONT
